source_id,species,country,collection_date,patient_id,duplicate_group,host,ndm,oxa48,mechanism_evidence,isolate_id,y,target_sir,label_standard,label_version,cefepime__log2_bound,cefepime__left_censored,cefepime__right_censored,cefepime__strict_bound,cefepime__missing,ceftazidime__log2_bound,ceftazidime__left_censored,ceftazidime__right_censored,ceftazidime__strict_bound,ceftazidime__missing,ciprofloxacin__log2_bound,ciprofloxacin__left_censored,ciprofloxacin__right_censored,ciprofloxacin__strict_bound,ciprofloxacin__missing,gentamicin__log2_bound,gentamicin__left_censored,gentamicin__right_censored,gentamicin__strict_bound,gentamicin__missing,amikacin__log2_bound,amikacin__left_censored,amikacin__right_censored,amikacin__strict_bound,amikacin__missing,observed_features,mechanism,group_id
DEMO_A,Escherichia coli,FICTIONAL_A,2024-01-01,P0,,Homo sapiens,positive,positive,synthetic_fixture,SYNTH_00000,0,S,EUCAST,SYNTHETIC_ONLY,1.0,0.0,0.0,0.0,0.0,,0.0,0.0,0.0,1.0,1.0,0.0,0.0,0.0,0.0,2.0,0.0,0.0,0.0,0.0,3.0,0.0,0.0,0.0,0.0,4,co_producer,G0
DEMO_A,Klebsiella pneumoniae,FICTIONAL_A,2024-02-01,P0,,Homo sapiens,unknown,unknown,synthetic_fixture,SYNTH_00001,1,R,EUCAST,SYNTHETIC_ONLY,1.0,0.0,0.0,0.0,0.0,2.0,0.0,0.0,0.0,0.0,,0.0,0.0,0.0,1.0,2.0,0.0,0.0,0.0,0.0,2.0,0.0,0.0,0.0,0.0,4,unknown,G0
DEMO_A,Escherichia coli,FICTIONAL_A,2024-03-01,P1,,Homo sapiens,unknown,unknown,synthetic_fixture,SYNTH_00002,1,R,EUCAST,SYNTHETIC_ONLY,1.0,0.0,0.0,0.0,0.0,2.0,0.0,0.0,0.0,0.0,2.0,0.0,0.0,0.0,0.0,2.0,0.0,0.0,0.0,0.0,2.0,0.0,0.0,0.0,0.0,5,unknown,G2
DEMO_A,Klebsiella pneumoniae,FICTIONAL_A,2024-04-01,P1,,Homo sapiens,positive,unknown,synthetic_fixture,SYNTH_00003,1,R,EUCAST,SYNTHETIC_ONLY,0.0,0.0,0.0,0.0,0.0,2.0,0.0,0.0,0.0,0.0,2.0,0.0,0.0,0.0,0.0,2.0,0.0,0.0,0.0,0.0,3.0,0.0,0.0,0.0,0.0,5,NDM_positive_other_unknown,G2
DEMO_A,Escherichia coli,FICTIONAL_A,2024-05-01,P2,,Homo sapiens,unknown,unknown,synthetic_fixture,SYNTH_00004,1,R,EUCAST,SYNTHETIC_ONLY,1.0,0.0,0.0,0.0,0.0,2.0,0.0,0.0,0.0,0.0,1.0,0.0,0.0,0.0,0.0,1.0,0.0,0.0,0.0,0.0,4.0,0.0,0.0,0.0,0.0,5,unknown,G4
DEMO_A,Klebsiella pneumoniae,FICTIONAL_A,2024-06-01,P2,,Homo sapiens,unknown,positive,synthetic_fixture,SYNTH_00005,0,S,EUCAST,SYNTHETIC_ONLY,-1.0,0.0,0.0,0.0,0.0,0.0,0.0,0.0,0.0,0.0,1.0,0.0,0.0,0.0,0.0,,0.0,0.0,0.0,1.0,2.0,0.0,0.0,0.0,0.0,4,OXA48_positive_other_unknown,G4
DEMO_A,Escherichia coli,FICTIONAL_A,2024-07-01,P3,,Homo sapiens,positive,unknown,synthetic_fixture,SYNTH_00006,0,S,EUCAST,SYNTHETIC_ONLY,-1.0,0.0,0.0,0.0,0.0,0.0,0.0,0.0,0.0,0.0,0.0,0.0,0.0,0.0,0.0,2.0,0.0,0.0,0.0,0.0,2.0,0.0,0.0,0.0,0.0,5,NDM_positive_other_unknown,G6
DEMO_A,Klebsiella pneumoniae,FICTIONAL_A,2024-08-01,P3,,Homo sapiens,unknown,unknown,synthetic_fixture,SYNTH_00007,0,S,EUCAST,SYNTHETIC_ONLY,,0.0,0.0,0.0,1.0,0.0,0.0,0.0,0.0,0.0,0.0,0.0,0.0,0.0,0.0,1.0,0.0,0.0,0.0,0.0,2.0,0.0,0.0,0.0,0.0,4,unknown,G6
DEMO_A,Escherichia coli,FICTIONAL_A,2024-09-01,P4,,Homo sapiens,unknown,unknown,synthetic_fixture,SYNTH_00008,0,S,EUCAST,SYNTHETIC_ONLY,-2.0,0.0,0.0,0.0,0.0,-1.0,0.0,0.0,0.0,0.0,0.0,0.0,0.0,0.0,0.0,3.0,0.0,0.0,0.0,0.0,2.0,0.0,0.0,0.0,0.0,5,unknown,G8
DEMO_A,Klebsiella pneumoniae,FICTIONAL_A,2024-10-01,P4,,Homo sapiens,positive,unknown,synthetic_fixture,SYNTH_00009,0,S,EUCAST,SYNTHETIC_ONLY,,0.0,0.0,0.0,1.0,1.0,0.0,0.0,0.0,0.0,1.0,0.0,0.0,0.0,0.0,0.0,0.0,0.0,0.0,0.0,2.0,0.0,0.0,0.0,0.0,4,NDM_positive_other_unknown,G8
DEMO_A,Escherichia coli,FICTIONAL_A,2024-11-01,P5,,Homo sapiens,unknown,positive,synthetic_fixture,SYNTH_00010,0,S,EUCAST,SYNTHETIC_ONLY,1.0,0.0,0.0,0.0,0.0,-1.0,0.0,0.0,0.0,0.0,1.0,0.0,0.0,0.0,0.0,2.0,0.0,0.0,0.0,0.0,3.0,0.0,0.0,0.0,0.0,5,OXA48_positive_other_unknown,G10
DEMO_A,Klebsiella pneumoniae,FICTIONAL_A,2024-12-01,P5,,Homo sapiens,unknown,unknown,synthetic_fixture,SYNTH_00011,0,S,EUCAST,SYNTHETIC_ONLY,-2.0,0.0,0.0,0.0,0.0,0.0,0.0,0.0,0.0,0.0,,0.0,0.0,0.0,1.0,0.0,0.0,0.0,0.0,0.0,2.0,0.0,0.0,0.0,0.0,4,unknown,G10
DEMO_A,Escherichia coli,FICTIONAL_A,2024-01-01,P6,,Homo sapiens,positive,unknown,synthetic_fixture,SYNTH_00012,1,R,EUCAST,SYNTHETIC_ONLY,1.0,0.0,0.0,0.0,0.0,3.0,0.0,0.0,0.0,0.0,2.0,0.0,0.0,0.0,0.0,3.0,0.0,0.0,0.0,0.0,3.0,0.0,0.0,0.0,0.0,5,NDM_positive_other_unknown,G12
DEMO_A,Klebsiella pneumoniae,FICTIONAL_A,2024-02-01,P6,,Homo sapiens,unknown,unknown,synthetic_fixture,SYNTH_00013,0,S,EUCAST,SYNTHETIC_ONLY,-1.0,0.0,0.0,0.0,0.0,1.0,0.0,0.0,0.0,0.0,1.0,0.0,0.0,0.0,0.0,1.0,0.0,0.0,0.0,0.0,1.0,0.0,0.0,0.0,0.0,5,unknown,G12
DEMO_A,Escherichia coli,FICTIONAL_A,2024-03-01,P7,,Homo sapiens,unknown,unknown,synthetic_fixture,SYNTH_00014,1,R,EUCAST,SYNTHETIC_ONLY,0.0,0.0,0.0,0.0,0.0,1.0,0.0,0.0,0.0,0.0,0.0,0.0,0.0,0.0,0.0,0.0,0.0,0.0,0.0,0.0,1.0,0.0,0.0,0.0,0.0,5,unknown,G14
DEMO_A,Klebsiella pneumoniae,FICTIONAL_A,2024-04-01,P7,,Homo sapiens,positive,positive,synthetic_fixture,SYNTH_00015,0,S,EUCAST,SYNTHETIC_ONLY,0.0,0.0,0.0,0.0,0.0,-1.0,0.0,0.0,0.0,0.0,1.0,0.0,0.0,0.0,0.0,0.0,0.0,0.0,0.0,0.0,2.0,0.0,0.0,0.0,0.0,5,co_producer,G14
DEMO_A,Escherichia coli,FICTIONAL_A,2024-05-01,P8,,Homo sapiens,unknown,unknown,synthetic_fixture,SYNTH_00016,1,R,EUCAST,SYNTHETIC_ONLY,0.0,0.0,0.0,0.0,0.0,4.0,0.0,0.0,0.0,0.0,2.0,0.0,0.0,0.0,0.0,1.0,0.0,0.0,0.0,0.0,4.0,0.0,0.0,0.0,0.0,5,unknown,G16
DEMO_A,Klebsiella pneumoniae,FICTIONAL_A,2024-06-01,P8,,Homo sapiens,unknown,unknown,synthetic_fixture,SYNTH_00017,0,S,EUCAST,SYNTHETIC_ONLY,0.0,0.0,0.0,0.0,0.0,0.0,0.0,0.0,0.0,0.0,-1.0,0.0,0.0,0.0,0.0,0.0,0.0,0.0,0.0,0.0,1.0,0.0,0.0,0.0,0.0,5,unknown,G16
DEMO_A,Escherichia coli,FICTIONAL_A,2024-07-01,P9,,Homo sapiens,positive,unknown,synthetic_fixture,SYNTH_00018,1,R,EUCAST,SYNTHETIC_ONLY,0.0,0.0,0.0,0.0,0.0,1.0,0.0,0.0,0.0,0.0,0.0,0.0,0.0,0.0,0.0,2.0,0.0,0.0,0.0,0.0,2.0,0.0,0.0,0.0,0.0,5,NDM_positive_other_unknown,G18
DEMO_A,Klebsiella pneumoniae,FICTIONAL_A,2024-08-01,P9,,Homo sapiens,unknown,unknown,synthetic_fixture,SYNTH_00019,0,S,EUCAST,SYNTHETIC_ONLY,-1.0,0.0,0.0,0.0,0.0,0.0,0.0,0.0,0.0,0.0,3.0,0.0,0.0,0.0,0.0,0.0,0.0,0.0,0.0,0.0,0.0,0.0,0.0,0.0,0.0,5,unknown,G18
DEMO_A,Escherichia coli,FICTIONAL_A,2024-09-01,P10,,Homo sapiens,unknown,positive,synthetic_fixture,SYNTH_00020,0,S,EUCAST,SYNTHETIC_ONLY,-1.0,0.0,0.0,0.0,0.0,-2.0,0.0,0.0,0.0,0.0,-1.0,0.0,0.0,0.0,0.0,3.0,0.0,0.0,0.0,0.0,1.0,0.0,0.0,0.0,0.0,5,OXA48_positive_other_unknown,G20
DEMO_A,Klebsiella pneumoniae,FICTIONAL_A,2024-10-01,P10,,Homo sapiens,positive,unknown,synthetic_fixture,SYNTH_00021,0,S,EUCAST,SYNTHETIC_ONLY,2.0,0.0,0.0,0.0,0.0,-1.0,0.0,0.0,0.0,0.0,4.0,0.0,0.0,0.0,0.0,,0.0,0.0,0.0,1.0,2.0,0.0,0.0,0.0,0.0,4,NDM_positive_other_unknown,G20
DEMO_A,Escherichia coli,FICTIONAL_A,2024-11-01,P11,,Homo sapiens,unknown,unknown,synthetic_fixture,SYNTH_00022,1,R,EUCAST,SYNTHETIC_ONLY,3.0,0.0,0.0,0.0,0.0,2.0,0.0,0.0,0.0,0.0,1.0,0.0,0.0,0.0,0.0,,0.0,0.0,0.0,1.0,,0.0,0.0,0.0,1.0,3,unknown,G22
DEMO_A,Klebsiella pneumoniae,FICTIONAL_A,2024-12-01,P11,,Homo sapiens,unknown,unknown,synthetic_fixture,SYNTH_00023,0,S,EUCAST,SYNTHETIC_ONLY,1.0,0.0,0.0,0.0,0.0,1.0,0.0,0.0,0.0,0.0,1.0,0.0,0.0,0.0,0.0,2.0,0.0,0.0,0.0,0.0,5.0,0.0,0.0,0.0,0.0,5,unknown,G22
DEMO_A,Escherichia coli,FICTIONAL_A,2024-01-01,P12,,Homo sapiens,positive,unknown,synthetic_fixture,SYNTH_00024,1,R,EUCAST,SYNTHETIC_ONLY,1.0,0.0,0.0,0.0,0.0,3.0,0.0,0.0,0.0,0.0,4.0,0.0,0.0,0.0,0.0,,0.0,0.0,0.0,1.0,2.0,0.0,0.0,0.0,0.0,4,NDM_positive_other_unknown,G24
DEMO_A,Klebsiella pneumoniae,FICTIONAL_A,2024-02-01,P12,,Homo sapiens,unknown,positive,synthetic_fixture,SYNTH_00025,1,R,EUCAST,SYNTHETIC_ONLY,0.0,0.0,0.0,0.0,0.0,1.0,0.0,0.0,0.0,0.0,2.0,0.0,0.0,0.0,0.0,2.0,0.0,0.0,0.0,0.0,0.0,0.0,0.0,0.0,0.0,5,OXA48_positive_other_unknown,G24
DEMO_A,Escherichia coli,FICTIONAL_A,2024-03-01,P13,,Homo sapiens,unknown,unknown,synthetic_fixture,SYNTH_00026,0,S,EUCAST,SYNTHETIC_ONLY,-1.0,0.0,0.0,0.0,0.0,1.0,0.0,0.0,0.0,0.0,-1.0,0.0,0.0,0.0,0.0,1.0,0.0,0.0,0.0,0.0,1.0,0.0,0.0,0.0,0.0,5,unknown,G26
DEMO_A,Klebsiella pneumoniae,FICTIONAL_A,2024-04-01,P13,,Homo sapiens,positive,unknown,synthetic_fixture,SYNTH_00027,1,R,EUCAST,SYNTHETIC_ONLY,1.0,0.0,0.0,0.0,0.0,1.0,0.0,0.0,0.0,0.0,1.0,0.0,0.0,0.0,0.0,1.0,0.0,0.0,0.0,0.0,1.0,0.0,0.0,0.0,0.0,5,NDM_positive_other_unknown,G26
DEMO_A,Escherichia coli,FICTIONAL_A,2024-05-01,P14,,Homo sapiens,unknown,unknown,synthetic_fixture,SYNTH_00028,1,R,EUCAST,SYNTHETIC_ONLY,1.0,0.0,0.0,0.0,0.0,2.0,0.0,0.0,0.0,0.0,3.0,0.0,0.0,0.0,0.0,2.0,0.0,0.0,0.0,0.0,2.0,0.0,0.0,0.0,0.0,5,unknown,G28
DEMO_A,Klebsiella pneumoniae,FICTIONAL_A,2024-06-01,P14,,Homo sapiens,unknown,unknown,synthetic_fixture,SYNTH_00029,1,R,EUCAST,SYNTHETIC_ONLY,0.0,0.0,0.0,0.0,0.0,1.0,0.0,0.0,0.0,0.0,,0.0,0.0,0.0,1.0,2.0,0.0,0.0,0.0,0.0,4.0,0.0,0.0,0.0,0.0,4,unknown,G28
DEMO_A,Escherichia coli,FICTIONAL_A,2024-07-01,P15,,Homo sapiens,positive,positive,synthetic_fixture,SYNTH_00030,0,S,EUCAST,SYNTHETIC_ONLY,-2.0,0.0,0.0,0.0,0.0,-4.0,0.0,0.0,0.0,0.0,0.0,0.0,0.0,0.0,0.0,1.0,0.0,0.0,0.0,0.0,1.0,0.0,0.0,0.0,0.0,5,co_producer,G30
DEMO_A,Klebsiella pneumoniae,FICTIONAL_A,2024-08-01,P15,,Homo sapiens,unknown,unknown,synthetic_fixture,SYNTH_00031,0,S,EUCAST,SYNTHETIC_ONLY,0.0,0.0,0.0,0.0,0.0,0.0,0.0,0.0,0.0,0.0,0.0,0.0,0.0,0.0,0.0,1.0,0.0,0.0,0.0,0.0,1.0,0.0,0.0,0.0,0.0,5,unknown,G30
DEMO_A,Escherichia coli,FICTIONAL_A,2024-09-01,P16,,Homo sapiens,unknown,unknown,synthetic_fixture,SYNTH_00032,1,R,EUCAST,SYNTHETIC_ONLY,-1.0,0.0,0.0,0.0,0.0,1.0,0.0,0.0,0.0,0.0,2.0,0.0,0.0,0.0,0.0,2.0,0.0,0.0,0.0,0.0,4.0,0.0,0.0,0.0,0.0,5,unknown,G32
DEMO_A,Klebsiella pneumoniae,FICTIONAL_A,2024-10-01,P16,,Homo sapiens,positive,unknown,synthetic_fixture,SYNTH_00033,0,S,EUCAST,SYNTHETIC_ONLY,-1.0,0.0,0.0,0.0,0.0,,0.0,0.0,0.0,1.0,-1.0,0.0,0.0,0.0,0.0,0.0,0.0,0.0,0.0,0.0,2.0,0.0,0.0,0.0,0.0,4,NDM_positive_other_unknown,G32
DEMO_A,Escherichia coli,FICTIONAL_A,2024-11-01,P17,,Homo sapiens,unknown,unknown,synthetic_fixture,SYNTH_00034,1,R,EUCAST,SYNTHETIC_ONLY,-2.0,0.0,0.0,0.0,0.0,0.0,0.0,0.0,0.0,0.0,2.0,0.0,0.0,0.0,0.0,1.0,0.0,0.0,0.0,0.0,3.0,0.0,0.0,0.0,0.0,5,unknown,G34
DEMO_A,Klebsiella pneumoniae,FICTIONAL_A,2024-12-01,P17,,Homo sapiens,unknown,positive,synthetic_fixture,SYNTH_00035,1,R,EUCAST,SYNTHETIC_ONLY,0.0,0.0,0.0,0.0,0.0,2.0,0.0,0.0,0.0,0.0,2.0,0.0,0.0,0.0,0.0,,0.0,0.0,0.0,1.0,,0.0,0.0,0.0,1.0,3,OXA48_positive_other_unknown,G34
DEMO_A,Escherichia coli,FICTIONAL_A,2024-01-01,P18,,Homo sapiens,positive,unknown,synthetic_fixture,SYNTH_00036,0,S,EUCAST,SYNTHETIC_ONLY,-1.0,0.0,0.0,0.0,0.0,1.0,0.0,0.0,0.0,0.0,1.0,0.0,0.0,0.0,0.0,3.0,0.0,0.0,0.0,0.0,2.0,0.0,0.0,0.0,0.0,5,NDM_positive_other_unknown,G36
DEMO_A,Klebsiella pneumoniae,FICTIONAL_A,2024-02-01,P18,,Homo sapiens,unknown,unknown,synthetic_fixture,SYNTH_00037,1,R,EUCAST,SYNTHETIC_ONLY,1.0,0.0,0.0,0.0,0.0,1.0,0.0,0.0,0.0,0.0,3.0,0.0,0.0,0.0,0.0,1.0,0.0,0.0,0.0,0.0,,0.0,0.0,0.0,1.0,4,unknown,G36
DEMO_A,Escherichia coli,FICTIONAL_A,2024-03-01,P19,,Homo sapiens,unknown,unknown,synthetic_fixture,SYNTH_00038,0,S,EUCAST,SYNTHETIC_ONLY,-3.0,0.0,0.0,0.0,0.0,-1.0,0.0,0.0,0.0,0.0,-1.0,0.0,0.0,0.0,0.0,1.0,0.0,0.0,0.0,0.0,2.0,0.0,0.0,0.0,0.0,5,unknown,G38
DEMO_A,Klebsiella pneumoniae,FICTIONAL_A,2024-04-01,P19,,Homo sapiens,positive,unknown,synthetic_fixture,SYNTH_00039,1,R,EUCAST,SYNTHETIC_ONLY,-1.0,0.0,0.0,0.0,0.0,0.0,0.0,0.0,0.0,0.0,2.0,0.0,0.0,0.0,0.0,2.0,0.0,0.0,0.0,0.0,4.0,0.0,0.0,0.0,0.0,5,NDM_positive_other_unknown,G38
DEMO_A,Escherichia coli,FICTIONAL_A,2024-05-01,P20,,Homo sapiens,unknown,positive,synthetic_fixture,SYNTH_00040,1,R,EUCAST,SYNTHETIC_ONLY,-1.0,0.0,0.0,0.0,0.0,1.0,0.0,0.0,0.0,0.0,0.0,0.0,0.0,0.0,0.0,-1.0,0.0,0.0,0.0,0.0,2.0,0.0,0.0,0.0,0.0,5,OXA48_positive_other_unknown,G40
DEMO_A,Klebsiella pneumoniae,FICTIONAL_A,2024-06-01,P20,,Homo sapiens,unknown,unknown,synthetic_fixture,SYNTH_00041,1,R,EUCAST,SYNTHETIC_ONLY,-1.0,0.0,0.0,0.0,0.0,0.0,0.0,0.0,0.0,0.0,1.0,0.0,0.0,0.0,0.0,1.0,0.0,0.0,0.0,0.0,1.0,0.0,0.0,0.0,0.0,5,unknown,G40
DEMO_A,Escherichia coli,FICTIONAL_A,2024-07-01,P21,,Homo sapiens,positive,unknown,synthetic_fixture,SYNTH_00042,1,R,EUCAST,SYNTHETIC_ONLY,1.0,0.0,0.0,0.0,0.0,1.0,0.0,0.0,0.0,0.0,1.0,0.0,0.0,0.0,0.0,2.0,0.0,0.0,0.0,0.0,3.0,0.0,0.0,0.0,0.0,5,NDM_positive_other_unknown,G42
DEMO_A,Klebsiella pneumoniae,FICTIONAL_A,2024-08-01,P21,,Homo sapiens,unknown,unknown,synthetic_fixture,SYNTH_00043,1,R,EUCAST,SYNTHETIC_ONLY,2.0,0.0,0.0,0.0,0.0,2.0,0.0,0.0,0.0,0.0,2.0,0.0,0.0,0.0,0.0,1.0,0.0,0.0,0.0,0.0,4.0,0.0,0.0,0.0,0.0,5,unknown,G42
DEMO_A,Escherichia coli,FICTIONAL_A,2024-09-01,P22,,Homo sapiens,unknown,unknown,synthetic_fixture,SYNTH_00044,0,S,EUCAST,SYNTHETIC_ONLY,-1.0,0.0,0.0,0.0,0.0,0.0,0.0,0.0,0.0,0.0,1.0,0.0,0.0,0.0,0.0,1.0,0.0,0.0,0.0,0.0,1.0,0.0,0.0,0.0,0.0,5,unknown,G44
DEMO_A,Klebsiella pneumoniae,FICTIONAL_A,2024-10-01,P22,,Homo sapiens,positive,positive,synthetic_fixture,SYNTH_00045,1,R,EUCAST,SYNTHETIC_ONLY,0.0,0.0,0.0,0.0,0.0,3.0,0.0,0.0,0.0,0.0,1.0,0.0,0.0,0.0,0.0,2.0,0.0,0.0,0.0,0.0,2.0,0.0,0.0,0.0,0.0,5,co_producer,G44
DEMO_A,Escherichia coli,FICTIONAL_A,2024-11-01,P23,,Homo sapiens,unknown,unknown,synthetic_fixture,SYNTH_00046,1,R,EUCAST,SYNTHETIC_ONLY,3.0,0.0,0.0,0.0,0.0,1.0,0.0,0.0,0.0,0.0,3.0,0.0,0.0,0.0,0.0,3.0,0.0,0.0,0.0,0.0,4.0,0.0,0.0,0.0,0.0,5,unknown,G46
DEMO_A,Klebsiella pneumoniae,FICTIONAL_A,2024-12-01,P23,,Homo sapiens,unknown,unknown,synthetic_fixture,SYNTH_00047,0,S,EUCAST,SYNTHETIC_ONLY,-3.0,0.0,0.0,0.0,0.0,-2.0,0.0,0.0,0.0,0.0,-1.0,0.0,0.0,0.0,0.0,,0.0,0.0,0.0,1.0,1.0,0.0,0.0,0.0,0.0,4,unknown,G46
DEMO_A,Escherichia coli,FICTIONAL_A,2024-01-01,P24,,Homo sapiens,positive,unknown,synthetic_fixture,SYNTH_00048,1,R,EUCAST,SYNTHETIC_ONLY,1.0,0.0,0.0,0.0,0.0,1.0,0.0,0.0,0.0,0.0,1.0,0.0,0.0,0.0,0.0,1.0,0.0,0.0,0.0,0.0,2.0,0.0,0.0,0.0,0.0,5,NDM_positive_other_unknown,G48
DEMO_A,Klebsiella pneumoniae,FICTIONAL_A,2024-02-01,P24,,Homo sapiens,unknown,unknown,synthetic_fixture,SYNTH_00049,0,S,EUCAST,SYNTHETIC_ONLY,-1.0,0.0,0.0,0.0,0.0,1.0,0.0,0.0,0.0,0.0,0.0,0.0,0.0,0.0,0.0,1.0,0.0,0.0,0.0,0.0,0.0,0.0,0.0,0.0,0.0,5,unknown,G48
DEMO_A,Escherichia coli,FICTIONAL_A,2024-03-01,P25,,Homo sapiens,unknown,positive,synthetic_fixture,SYNTH_00050,0,S,EUCAST,SYNTHETIC_ONLY,0.0,0.0,0.0,0.0,0.0,2.0,0.0,0.0,0.0,0.0,1.0,0.0,0.0,0.0,0.0,-1.0,0.0,0.0,0.0,0.0,2.0,0.0,0.0,0.0,0.0,5,OXA48_positive_other_unknown,G50
DEMO_A,Klebsiella pneumoniae,FICTIONAL_A,2024-04-01,P25,,Homo sapiens,positive,unknown,synthetic_fixture,SYNTH_00051,0,S,EUCAST,SYNTHETIC_ONLY,-2.0,0.0,0.0,0.0,0.0,0.0,0.0,0.0,0.0,0.0,-1.0,0.0,0.0,0.0,0.0,3.0,0.0,0.0,0.0,0.0,1.0,0.0,0.0,0.0,0.0,5,NDM_positive_other_unknown,G50
DEMO_A,Escherichia coli,FICTIONAL_A,2024-05-01,P26,,Homo sapiens,unknown,unknown,synthetic_fixture,SYNTH_00052,0,S,EUCAST,SYNTHETIC_ONLY,-2.0,0.0,0.0,0.0,0.0,-1.0,0.0,0.0,0.0,0.0,0.0,0.0,0.0,0.0,0.0,2.0,0.0,0.0,0.0,0.0,0.0,0.0,0.0,0.0,0.0,5,unknown,G52
DEMO_A,Klebsiella pneumoniae,FICTIONAL_A,2024-06-01,P26,,Homo sapiens,unknown,unknown,synthetic_fixture,SYNTH_00053,1,R,EUCAST,SYNTHETIC_ONLY,,0.0,0.0,0.0,1.0,2.0,0.0,0.0,0.0,0.0,2.0,0.0,0.0,0.0,0.0,2.0,0.0,0.0,0.0,0.0,1.0,0.0,0.0,0.0,0.0,4,unknown,G52
DEMO_A,Escherichia coli,FICTIONAL_A,2024-07-01,P27,,Homo sapiens,positive,unknown,synthetic_fixture,SYNTH_00054,1,R,EUCAST,SYNTHETIC_ONLY,2.0,0.0,0.0,0.0,0.0,1.0,0.0,0.0,0.0,0.0,1.0,0.0,0.0,0.0,0.0,,0.0,0.0,0.0,1.0,2.0,0.0,0.0,0.0,0.0,4,NDM_positive_other_unknown,G54
DEMO_A,Klebsiella pneumoniae,FICTIONAL_A,2024-08-01,P27,,Homo sapiens,unknown,positive,synthetic_fixture,SYNTH_00055,1,R,EUCAST,SYNTHETIC_ONLY,3.0,0.0,0.0,0.0,0.0,1.0,0.0,0.0,0.0,0.0,2.0,0.0,0.0,0.0,0.0,2.0,0.0,0.0,0.0,0.0,3.0,0.0,0.0,0.0,0.0,5,OXA48_positive_other_unknown,G54
DEMO_A,Escherichia coli,FICTIONAL_A,2024-09-01,P28,,Homo sapiens,unknown,unknown,synthetic_fixture,SYNTH_00056,0,S,EUCAST,SYNTHETIC_ONLY,3.0,0.0,0.0,0.0,0.0,1.0,0.0,0.0,0.0,0.0,2.0,0.0,0.0,0.0,0.0,1.0,0.0,0.0,0.0,0.0,2.0,0.0,0.0,0.0,0.0,5,unknown,G56
DEMO_A,Klebsiella pneumoniae,FICTIONAL_A,2024-10-01,P28,,Homo sapiens,positive,unknown,synthetic_fixture,SYNTH_00057,1,R,EUCAST,SYNTHETIC_ONLY,1.0,0.0,0.0,0.0,0.0,,0.0,0.0,0.0,1.0,1.0,0.0,0.0,0.0,0.0,1.0,0.0,0.0,0.0,0.0,1.0,0.0,0.0,0.0,0.0,4,NDM_positive_other_unknown,G56
DEMO_A,Escherichia coli,FICTIONAL_A,2024-11-01,P29,,Homo sapiens,unknown,unknown,synthetic_fixture,SYNTH_00058,0,S,EUCAST,SYNTHETIC_ONLY,-2.0,0.0,0.0,0.0,0.0,-3.0,0.0,0.0,0.0,0.0,0.0,0.0,0.0,0.0,0.0,-2.0,0.0,0.0,0.0,0.0,1.0,0.0,0.0,0.0,0.0,5,unknown,G58
DEMO_A,Klebsiella pneumoniae,FICTIONAL_A,2024-12-01,P29,,Homo sapiens,unknown,unknown,synthetic_fixture,SYNTH_00059,0,S,EUCAST,SYNTHETIC_ONLY,0.0,0.0,0.0,0.0,0.0,0.0,0.0,0.0,0.0,0.0,1.0,0.0,0.0,0.0,0.0,2.0,0.0,0.0,0.0,0.0,3.0,0.0,0.0,0.0,0.0,5,unknown,G58
DEMO_A,Escherichia coli,FICTIONAL_A,2024-01-01,P30,,Homo sapiens,positive,positive,synthetic_fixture,SYNTH_00060,0,S,EUCAST,SYNTHETIC_ONLY,0.0,0.0,0.0,0.0,0.0,0.0,0.0,0.0,0.0,0.0,1.0,0.0,0.0,0.0,0.0,2.0,0.0,0.0,0.0,0.0,1.0,0.0,0.0,0.0,0.0,5,co_producer,G60
DEMO_A,Klebsiella pneumoniae,FICTIONAL_A,2024-02-01,P30,,Homo sapiens,unknown,unknown,synthetic_fixture,SYNTH_00061,0,S,EUCAST,SYNTHETIC_ONLY,,0.0,0.0,0.0,1.0,0.0,0.0,0.0,0.0,0.0,0.0,0.0,0.0,0.0,0.0,1.0,0.0,0.0,0.0,0.0,,0.0,0.0,0.0,1.0,3,unknown,G60
DEMO_A,Escherichia coli,FICTIONAL_A,2024-03-01,P31,,Homo sapiens,unknown,unknown,synthetic_fixture,SYNTH_00062,0,S,EUCAST,SYNTHETIC_ONLY,-1.0,0.0,0.0,0.0,0.0,0.0,0.0,0.0,0.0,0.0,-1.0,0.0,0.0,0.0,0.0,,0.0,0.0,0.0,1.0,0.0,0.0,0.0,0.0,0.0,4,unknown,G62
DEMO_A,Klebsiella pneumoniae,FICTIONAL_A,2024-04-01,P31,,Homo sapiens,positive,unknown,synthetic_fixture,SYNTH_00063,0,S,EUCAST,SYNTHETIC_ONLY,-3.0,0.0,0.0,0.0,0.0,0.0,0.0,0.0,0.0,0.0,-2.0,0.0,0.0,0.0,0.0,2.0,0.0,0.0,0.0,0.0,2.0,0.0,0.0,0.0,0.0,5,NDM_positive_other_unknown,G62
DEMO_A,Escherichia coli,FICTIONAL_A,2024-05-01,P32,,Homo sapiens,unknown,unknown,synthetic_fixture,SYNTH_00064,0,S,EUCAST,SYNTHETIC_ONLY,-1.0,0.0,0.0,0.0,0.0,,0.0,0.0,0.0,1.0,0.0,0.0,0.0,0.0,0.0,,0.0,0.0,0.0,1.0,2.0,0.0,0.0,0.0,0.0,3,unknown,G64
DEMO_A,Klebsiella pneumoniae,FICTIONAL_A,2024-06-01,P32,,Homo sapiens,unknown,positive,synthetic_fixture,SYNTH_00065,0,S,EUCAST,SYNTHETIC_ONLY,0.0,0.0,0.0,0.0,0.0,-3.0,0.0,0.0,0.0,0.0,,0.0,0.0,0.0,1.0,2.0,0.0,0.0,0.0,0.0,1.0,0.0,0.0,0.0,0.0,4,OXA48_positive_other_unknown,G64
DEMO_A,Escherichia coli,FICTIONAL_A,2024-07-01,P33,,Homo sapiens,positive,unknown,synthetic_fixture,SYNTH_00066,0,S,EUCAST,SYNTHETIC_ONLY,-2.0,0.0,0.0,0.0,0.0,1.0,0.0,0.0,0.0,0.0,-1.0,0.0,0.0,0.0,0.0,2.0,0.0,0.0,0.0,0.0,3.0,0.0,0.0,0.0,0.0,5,NDM_positive_other_unknown,G66
DEMO_A,Klebsiella pneumoniae,FICTIONAL_A,2024-08-01,P33,,Homo sapiens,unknown,unknown,synthetic_fixture,SYNTH_00067,1,R,EUCAST,SYNTHETIC_ONLY,,0.0,0.0,0.0,1.0,,0.0,0.0,0.0,1.0,2.0,0.0,0.0,0.0,0.0,1.0,0.0,0.0,0.0,0.0,4.0,0.0,0.0,0.0,0.0,3,unknown,G66
DEMO_A,Escherichia coli,FICTIONAL_A,2024-09-01,P34,,Homo sapiens,unknown,unknown,synthetic_fixture,SYNTH_00068,1,R,EUCAST,SYNTHETIC_ONLY,1.0,0.0,0.0,0.0,0.0,1.0,0.0,0.0,0.0,0.0,2.0,0.0,0.0,0.0,0.0,2.0,0.0,0.0,0.0,0.0,,0.0,0.0,0.0,1.0,4,unknown,G68
DEMO_A,Klebsiella pneumoniae,FICTIONAL_A,2024-10-01,P34,,Homo sapiens,positive,unknown,synthetic_fixture,SYNTH_00069,1,R,EUCAST,SYNTHETIC_ONLY,2.0,0.0,0.0,0.0,0.0,2.0,0.0,0.0,0.0,0.0,2.0,0.0,0.0,0.0,0.0,,0.0,0.0,0.0,1.0,4.0,0.0,0.0,0.0,0.0,4,NDM_positive_other_unknown,G68
DEMO_A,Escherichia coli,FICTIONAL_A,2024-11-01,P35,,Homo sapiens,unknown,positive,synthetic_fixture,SYNTH_00070,0,S,EUCAST,SYNTHETIC_ONLY,,0.0,0.0,0.0,1.0,2.0,0.0,0.0,0.0,0.0,1.0,0.0,0.0,0.0,0.0,1.0,0.0,0.0,0.0,0.0,3.0,0.0,0.0,0.0,0.0,4,OXA48_positive_other_unknown,G70
DEMO_A,Klebsiella pneumoniae,FICTIONAL_A,2024-12-01,P35,,Homo sapiens,unknown,unknown,synthetic_fixture,SYNTH_00071,1,R,EUCAST,SYNTHETIC_ONLY,0.0,0.0,0.0,0.0,0.0,2.0,0.0,0.0,0.0,0.0,,0.0,0.0,0.0,1.0,3.0,0.0,0.0,0.0,0.0,2.0,0.0,0.0,0.0,0.0,4,unknown,G70
DEMO_A,Escherichia coli,FICTIONAL_A,2024-01-01,P36,,Homo sapiens,positive,unknown,synthetic_fixture,SYNTH_00072,0,S,EUCAST,SYNTHETIC_ONLY,1.0,0.0,0.0,0.0,0.0,0.0,0.0,0.0,0.0,0.0,0.0,0.0,0.0,0.0,0.0,0.0,0.0,0.0,0.0,0.0,2.0,0.0,0.0,0.0,0.0,5,NDM_positive_other_unknown,G72
DEMO_A,Klebsiella pneumoniae,FICTIONAL_A,2024-02-01,P36,,Homo sapiens,unknown,unknown,synthetic_fixture,SYNTH_00073,1,R,EUCAST,SYNTHETIC_ONLY,0.0,0.0,0.0,0.0,0.0,-1.0,0.0,0.0,0.0,0.0,0.0,0.0,0.0,0.0,0.0,1.0,0.0,0.0,0.0,0.0,4.0,0.0,0.0,0.0,0.0,5,unknown,G72
DEMO_A,Escherichia coli,FICTIONAL_A,2024-03-01,P37,,Homo sapiens,unknown,unknown,synthetic_fixture,SYNTH_00074,1,R,EUCAST,SYNTHETIC_ONLY,1.0,0.0,0.0,0.0,0.0,0.0,0.0,0.0,0.0,0.0,4.0,0.0,0.0,0.0,0.0,1.0,0.0,0.0,0.0,0.0,1.0,0.0,0.0,0.0,0.0,5,unknown,G74
DEMO_A,Klebsiella pneumoniae,FICTIONAL_A,2024-04-01,P37,,Homo sapiens,positive,positive,synthetic_fixture,SYNTH_00075,0,S,EUCAST,SYNTHETIC_ONLY,0.0,0.0,0.0,0.0,0.0,0.0,0.0,0.0,0.0,0.0,-1.0,0.0,0.0,0.0,0.0,0.0,0.0,0.0,0.0,0.0,,0.0,0.0,0.0,1.0,4,co_producer,G74
DEMO_A,Escherichia coli,FICTIONAL_A,2024-05-01,P38,,Homo sapiens,unknown,unknown,synthetic_fixture,SYNTH_00076,0,S,EUCAST,SYNTHETIC_ONLY,1.0,0.0,0.0,0.0,0.0,0.0,0.0,0.0,0.0,0.0,1.0,0.0,0.0,0.0,0.0,,0.0,0.0,0.0,1.0,3.0,0.0,0.0,0.0,0.0,4,unknown,G76
DEMO_A,Klebsiella pneumoniae,FICTIONAL_A,2024-06-01,P38,,Homo sapiens,unknown,unknown,synthetic_fixture,SYNTH_00077,0,S,EUCAST,SYNTHETIC_ONLY,0.0,0.0,0.0,0.0,0.0,0.0,0.0,0.0,0.0,0.0,1.0,0.0,0.0,0.0,0.0,0.0,0.0,0.0,0.0,0.0,1.0,0.0,0.0,0.0,0.0,5,unknown,G76
DEMO_A,Escherichia coli,FICTIONAL_A,2024-07-01,P39,,Homo sapiens,positive,unknown,synthetic_fixture,SYNTH_00078,1,R,EUCAST,SYNTHETIC_ONLY,-2.0,0.0,0.0,0.0,0.0,0.0,0.0,0.0,0.0,0.0,1.0,0.0,0.0,0.0,0.0,1.0,0.0,0.0,0.0,0.0,1.0,0.0,0.0,0.0,0.0,5,NDM_positive_other_unknown,G78
DEMO_A,Klebsiella pneumoniae,FICTIONAL_A,2024-08-01,P39,,Homo sapiens,unknown,unknown,synthetic_fixture,SYNTH_00079,0,S,EUCAST,SYNTHETIC_ONLY,0.0,0.0,0.0,0.0,0.0,0.0,0.0,0.0,0.0,0.0,0.0,0.0,0.0,0.0,0.0,1.0,0.0,0.0,0.0,0.0,2.0,0.0,0.0,0.0,0.0,5,unknown,G78
DEMO_A,Escherichia coli,FICTIONAL_A,2024-09-01,P40,,Homo sapiens,unknown,positive,synthetic_fixture,SYNTH_00080,0,S,EUCAST,SYNTHETIC_ONLY,-1.0,0.0,0.0,0.0,0.0,1.0,0.0,0.0,0.0,0.0,2.0,0.0,0.0,0.0,0.0,2.0,0.0,0.0,0.0,0.0,1.0,0.0,0.0,0.0,0.0,5,OXA48_positive_other_unknown,G80
DEMO_A,Klebsiella pneumoniae,FICTIONAL_A,2024-10-01,P40,,Homo sapiens,positive,unknown,synthetic_fixture,SYNTH_00081,0,S,EUCAST,SYNTHETIC_ONLY,-1.0,0.0,0.0,0.0,0.0,0.0,0.0,0.0,0.0,0.0,0.0,0.0,0.0,0.0,0.0,1.0,0.0,0.0,0.0,0.0,3.0,0.0,0.0,0.0,0.0,5,NDM_positive_other_unknown,G80
DEMO_A,Escherichia coli,FICTIONAL_A,2024-11-01,P41,,Homo sapiens,unknown,unknown,synthetic_fixture,SYNTH_00082,1,R,EUCAST,SYNTHETIC_ONLY,0.0,0.0,0.0,0.0,0.0,3.0,0.0,0.0,0.0,0.0,3.0,0.0,0.0,0.0,0.0,3.0,0.0,0.0,0.0,0.0,3.0,0.0,0.0,0.0,0.0,5,unknown,G82
DEMO_A,Klebsiella pneumoniae,FICTIONAL_A,2024-12-01,P41,,Homo sapiens,unknown,unknown,synthetic_fixture,SYNTH_00083,0,S,EUCAST,SYNTHETIC_ONLY,0.0,0.0,0.0,0.0,0.0,-2.0,0.0,0.0,0.0,0.0,1.0,0.0,0.0,0.0,0.0,1.0,0.0,0.0,0.0,0.0,1.0,0.0,0.0,0.0,0.0,5,unknown,G82
DEMO_A,Escherichia coli,FICTIONAL_A,2024-01-01,P42,,Homo sapiens,positive,unknown,synthetic_fixture,SYNTH_00084,1,R,EUCAST,SYNTHETIC_ONLY,4.0,0.0,0.0,0.0,0.0,2.0,0.0,0.0,0.0,0.0,3.0,0.0,0.0,0.0,0.0,3.0,0.0,0.0,0.0,0.0,,0.0,0.0,0.0,1.0,4,NDM_positive_other_unknown,G84
DEMO_A,Klebsiella pneumoniae,FICTIONAL_A,2024-02-01,P42,,Homo sapiens,unknown,positive,synthetic_fixture,SYNTH_00085,1,R,EUCAST,SYNTHETIC_ONLY,1.0,0.0,0.0,0.0,0.0,2.0,0.0,0.0,0.0,0.0,1.0,0.0,0.0,0.0,0.0,2.0,0.0,0.0,0.0,0.0,3.0,0.0,0.0,0.0,0.0,5,OXA48_positive_other_unknown,G84
DEMO_A,Escherichia coli,FICTIONAL_A,2024-03-01,P43,,Homo sapiens,unknown,unknown,synthetic_fixture,SYNTH_00086,0,S,EUCAST,SYNTHETIC_ONLY,1.0,0.0,0.0,0.0,0.0,2.0,0.0,0.0,0.0,0.0,2.0,0.0,0.0,0.0,0.0,2.0,0.0,0.0,0.0,0.0,2.0,0.0,0.0,0.0,0.0,5,unknown,G86
DEMO_A,Klebsiella pneumoniae,FICTIONAL_A,2024-04-01,P43,,Homo sapiens,positive,unknown,synthetic_fixture,SYNTH_00087,1,R,EUCAST,SYNTHETIC_ONLY,2.0,0.0,0.0,0.0,0.0,2.0,0.0,0.0,0.0,0.0,2.0,0.0,0.0,0.0,0.0,3.0,0.0,0.0,0.0,0.0,2.0,0.0,0.0,0.0,0.0,5,NDM_positive_other_unknown,G86
DEMO_A,Escherichia coli,FICTIONAL_A,2024-05-01,P44,,Homo sapiens,unknown,unknown,synthetic_fixture,SYNTH_00088,0,S,EUCAST,SYNTHETIC_ONLY,0.0,0.0,0.0,0.0,0.0,0.0,0.0,0.0,0.0,0.0,1.0,0.0,0.0,0.0,0.0,3.0,0.0,0.0,0.0,0.0,0.0,0.0,0.0,0.0,0.0,5,unknown,G88
DEMO_A,Klebsiella pneumoniae,FICTIONAL_A,2024-06-01,P44,,Homo sapiens,unknown,unknown,synthetic_fixture,SYNTH_00089,0,S,EUCAST,SYNTHETIC_ONLY,-1.0,0.0,0.0,0.0,0.0,0.0,0.0,0.0,0.0,0.0,0.0,0.0,0.0,0.0,0.0,1.0,0.0,0.0,0.0,0.0,1.0,0.0,0.0,0.0,0.0,5,unknown,G88
DEMO_A,Escherichia coli,FICTIONAL_A,2024-07-01,P45,,Homo sapiens,positive,positive,synthetic_fixture,SYNTH_00090,0,S,EUCAST,SYNTHETIC_ONLY,-1.0,0.0,0.0,0.0,0.0,-1.0,0.0,0.0,0.0,0.0,0.0,0.0,0.0,0.0,0.0,0.0,0.0,0.0,0.0,0.0,0.0,0.0,0.0,0.0,0.0,5,co_producer,G90
DEMO_A,Klebsiella pneumoniae,FICTIONAL_A,2024-08-01,P45,,Homo sapiens,unknown,unknown,synthetic_fixture,SYNTH_00091,1,R,EUCAST,SYNTHETIC_ONLY,2.0,0.0,0.0,0.0,0.0,1.0,0.0,0.0,0.0,0.0,1.0,0.0,0.0,0.0,0.0,3.0,0.0,0.0,0.0,0.0,3.0,0.0,0.0,0.0,0.0,5,unknown,G90
DEMO_A,Escherichia coli,FICTIONAL_A,2024-09-01,P46,,Homo sapiens,unknown,unknown,synthetic_fixture,SYNTH_00092,0,S,EUCAST,SYNTHETIC_ONLY,1.0,0.0,0.0,0.0,0.0,1.0,0.0,0.0,0.0,0.0,0.0,0.0,0.0,0.0,0.0,1.0,0.0,0.0,0.0,0.0,3.0,0.0,0.0,0.0,0.0,5,unknown,G92
DEMO_A,Klebsiella pneumoniae,FICTIONAL_A,2024-10-01,P46,,Homo sapiens,positive,unknown,synthetic_fixture,SYNTH_00093,1,R,EUCAST,SYNTHETIC_ONLY,-1.0,0.0,0.0,0.0,0.0,1.0,0.0,0.0,0.0,0.0,1.0,0.0,0.0,0.0,0.0,0.0,0.0,0.0,0.0,0.0,0.0,0.0,0.0,0.0,0.0,5,NDM_positive_other_unknown,G92
DEMO_A,Escherichia coli,FICTIONAL_A,2024-11-01,P47,,Homo sapiens,unknown,unknown,synthetic_fixture,SYNTH_00094,0,S,EUCAST,SYNTHETIC_ONLY,2.0,0.0,0.0,0.0,0.0,1.0,0.0,0.0,0.0,0.0,,0.0,0.0,0.0,1.0,1.0,0.0,0.0,0.0,0.0,2.0,0.0,0.0,0.0,0.0,4,unknown,G94
DEMO_A,Klebsiella pneumoniae,FICTIONAL_A,2024-12-01,P47,,Homo sapiens,unknown,positive,synthetic_fixture,SYNTH_00095,0,S,EUCAST,SYNTHETIC_ONLY,0.0,0.0,0.0,0.0,0.0,0.0,0.0,0.0,0.0,0.0,1.0,0.0,0.0,0.0,0.0,1.0,0.0,0.0,0.0,0.0,2.0,0.0,0.0,0.0,0.0,5,OXA48_positive_other_unknown,G94
DEMO_A,Escherichia coli,FICTIONAL_A,2024-01-01,P48,,Homo sapiens,positive,unknown,synthetic_fixture,SYNTH_00096,1,R,EUCAST,SYNTHETIC_ONLY,3.0,0.0,0.0,0.0,0.0,3.0,0.0,0.0,0.0,0.0,,0.0,0.0,0.0,1.0,2.0,0.0,0.0,0.0,0.0,2.0,0.0,0.0,0.0,0.0,4,NDM_positive_other_unknown,G96
DEMO_A,Klebsiella pneumoniae,FICTIONAL_A,2024-02-01,P48,,Homo sapiens,unknown,unknown,synthetic_fixture,SYNTH_00097,0,S,EUCAST,SYNTHETIC_ONLY,1.0,0.0,0.0,0.0,0.0,-1.0,0.0,0.0,0.0,0.0,0.0,0.0,0.0,0.0,0.0,2.0,0.0,0.0,0.0,0.0,2.0,0.0,0.0,0.0,0.0,5,unknown,G96
DEMO_A,Escherichia coli,FICTIONAL_A,2024-03-01,P49,,Homo sapiens,unknown,unknown,synthetic_fixture,SYNTH_00098,0,S,EUCAST,SYNTHETIC_ONLY,,0.0,0.0,0.0,1.0,-1.0,0.0,0.0,0.0,0.0,,0.0,0.0,0.0,1.0,3.0,0.0,0.0,0.0,0.0,1.0,0.0,0.0,0.0,0.0,3,unknown,G98
DEMO_A,Klebsiella pneumoniae,FICTIONAL_A,2024-04-01,P49,,Homo sapiens,positive,unknown,synthetic_fixture,SYNTH_00099,0,S,EUCAST,SYNTHETIC_ONLY,-3.0,0.0,0.0,0.0,0.0,,0.0,0.0,0.0,1.0,1.0,0.0,0.0,0.0,0.0,0.0,0.0,0.0,0.0,0.0,1.0,0.0,0.0,0.0,0.0,4,NDM_positive_other_unknown,G98
DEMO_A,Escherichia coli,FICTIONAL_A,2024-05-01,P50,,Homo sapiens,unknown,positive,synthetic_fixture,SYNTH_00100,0,S,EUCAST,SYNTHETIC_ONLY,1.0,0.0,0.0,0.0,0.0,3.0,0.0,0.0,0.0,0.0,,0.0,0.0,0.0,1.0,4.0,0.0,0.0,0.0,0.0,3.0,0.0,0.0,0.0,0.0,4,OXA48_positive_other_unknown,G100
DEMO_A,Klebsiella pneumoniae,FICTIONAL_A,2024-06-01,P50,,Homo sapiens,unknown,unknown,synthetic_fixture,SYNTH_00101,1,R,EUCAST,SYNTHETIC_ONLY,2.0,0.0,0.0,0.0,0.0,1.0,0.0,0.0,0.0,0.0,-1.0,0.0,0.0,0.0,0.0,1.0,0.0,0.0,0.0,0.0,2.0,0.0,0.0,0.0,0.0,5,unknown,G100
DEMO_A,Escherichia coli,FICTIONAL_A,2024-07-01,P51,,Homo sapiens,positive,unknown,synthetic_fixture,SYNTH_00102,0,S,EUCAST,SYNTHETIC_ONLY,1.0,0.0,0.0,0.0,0.0,-1.0,0.0,0.0,0.0,0.0,,0.0,0.0,0.0,1.0,-1.0,0.0,0.0,0.0,0.0,0.0,0.0,0.0,0.0,0.0,4,NDM_positive_other_unknown,G102
DEMO_A,Klebsiella pneumoniae,FICTIONAL_A,2024-08-01,P51,,Homo sapiens,unknown,unknown,synthetic_fixture,SYNTH_00103,0,S,EUCAST,SYNTHETIC_ONLY,0.0,0.0,0.0,0.0,0.0,1.0,0.0,0.0,0.0,0.0,2.0,0.0,0.0,0.0,0.0,2.0,0.0,0.0,0.0,0.0,,0.0,0.0,0.0,1.0,4,unknown,G102
DEMO_A,Escherichia coli,FICTIONAL_A,2024-09-01,P52,,Homo sapiens,unknown,unknown,synthetic_fixture,SYNTH_00104,0,S,EUCAST,SYNTHETIC_ONLY,-1.0,0.0,0.0,0.0,0.0,1.0,0.0,0.0,0.0,0.0,0.0,0.0,0.0,0.0,0.0,,0.0,0.0,0.0,1.0,3.0,0.0,0.0,0.0,0.0,4,unknown,G104
DEMO_A,Klebsiella pneumoniae,FICTIONAL_A,2024-10-01,P52,,Homo sapiens,positive,positive,synthetic_fixture,SYNTH_00105,0,S,EUCAST,SYNTHETIC_ONLY,-2.0,0.0,0.0,0.0,0.0,-1.0,0.0,0.0,0.0,0.0,0.0,0.0,0.0,0.0,0.0,0.0,0.0,0.0,0.0,0.0,0.0,0.0,0.0,0.0,0.0,5,co_producer,G104
DEMO_A,Escherichia coli,FICTIONAL_A,2024-11-01,P53,,Homo sapiens,unknown,unknown,synthetic_fixture,SYNTH_00106,1,R,EUCAST,SYNTHETIC_ONLY,2.0,0.0,0.0,0.0,0.0,2.0,0.0,0.0,0.0,0.0,,0.0,0.0,0.0,1.0,1.0,0.0,0.0,0.0,0.0,2.0,0.0,0.0,0.0,0.0,4,unknown,G106
DEMO_A,Klebsiella pneumoniae,FICTIONAL_A,2024-12-01,P53,,Homo sapiens,unknown,unknown,synthetic_fixture,SYNTH_00107,1,R,EUCAST,SYNTHETIC_ONLY,2.0,0.0,0.0,0.0,0.0,1.0,0.0,0.0,0.0,0.0,3.0,0.0,0.0,0.0,0.0,3.0,0.0,0.0,0.0,0.0,2.0,0.0,0.0,0.0,0.0,5,unknown,G106
DEMO_A,Escherichia coli,FICTIONAL_A,2024-01-01,P54,,Homo sapiens,positive,unknown,synthetic_fixture,SYNTH_00108,0,S,EUCAST,SYNTHETIC_ONLY,-3.0,0.0,0.0,0.0,0.0,0.0,0.0,0.0,0.0,0.0,0.0,0.0,0.0,0.0,0.0,1.0,0.0,0.0,0.0,0.0,3.0,0.0,0.0,0.0,0.0,5,NDM_positive_other_unknown,G108
DEMO_A,Klebsiella pneumoniae,FICTIONAL_A,2024-02-01,P54,,Homo sapiens,unknown,unknown,synthetic_fixture,SYNTH_00109,1,R,EUCAST,SYNTHETIC_ONLY,0.0,0.0,0.0,0.0,0.0,-1.0,0.0,0.0,0.0,0.0,0.0,0.0,0.0,0.0,0.0,2.0,0.0,0.0,0.0,0.0,1.0,0.0,0.0,0.0,0.0,5,unknown,G108
DEMO_A,Escherichia coli,FICTIONAL_A,2024-03-01,P55,,Homo sapiens,unknown,positive,synthetic_fixture,SYNTH_00110,0,S,EUCAST,SYNTHETIC_ONLY,1.0,0.0,0.0,0.0,0.0,3.0,0.0,0.0,0.0,0.0,2.0,0.0,0.0,0.0,0.0,3.0,0.0,0.0,0.0,0.0,2.0,0.0,0.0,0.0,0.0,5,OXA48_positive_other_unknown,G110
DEMO_A,Klebsiella pneumoniae,FICTIONAL_A,2024-04-01,P55,,Homo sapiens,positive,unknown,synthetic_fixture,SYNTH_00111,0,S,EUCAST,SYNTHETIC_ONLY,1.0,0.0,0.0,0.0,0.0,2.0,0.0,0.0,0.0,0.0,1.0,0.0,0.0,0.0,0.0,1.0,0.0,0.0,0.0,0.0,,0.0,0.0,0.0,1.0,4,NDM_positive_other_unknown,G110
DEMO_A,Escherichia coli,FICTIONAL_A,2024-05-01,P56,,Homo sapiens,unknown,unknown,synthetic_fixture,SYNTH_00112,1,R,EUCAST,SYNTHETIC_ONLY,-1.0,0.0,0.0,0.0,0.0,-2.0,0.0,0.0,0.0,0.0,1.0,0.0,0.0,0.0,0.0,,0.0,0.0,0.0,1.0,0.0,0.0,0.0,0.0,0.0,4,unknown,G112
DEMO_A,Klebsiella pneumoniae,FICTIONAL_A,2024-06-01,P56,,Homo sapiens,unknown,unknown,synthetic_fixture,SYNTH_00113,1,R,EUCAST,SYNTHETIC_ONLY,0.0,0.0,0.0,0.0,0.0,0.0,0.0,0.0,0.0,0.0,1.0,0.0,0.0,0.0,0.0,0.0,0.0,0.0,0.0,0.0,1.0,0.0,0.0,0.0,0.0,5,unknown,G112
DEMO_A,Escherichia coli,FICTIONAL_A,2024-07-01,P57,,Homo sapiens,positive,unknown,synthetic_fixture,SYNTH_00114,0,S,EUCAST,SYNTHETIC_ONLY,-4.0,0.0,0.0,0.0,0.0,0.0,0.0,0.0,0.0,0.0,-2.0,0.0,0.0,0.0,0.0,2.0,0.0,0.0,0.0,0.0,1.0,0.0,0.0,0.0,0.0,5,NDM_positive_other_unknown,G114
DEMO_A,Klebsiella pneumoniae,FICTIONAL_A,2024-08-01,P57,,Homo sapiens,unknown,positive,synthetic_fixture,SYNTH_00115,0,S,EUCAST,SYNTHETIC_ONLY,-1.0,0.0,0.0,0.0,0.0,1.0,0.0,0.0,0.0,0.0,,0.0,0.0,0.0,1.0,-1.0,0.0,0.0,0.0,0.0,1.0,0.0,0.0,0.0,0.0,4,OXA48_positive_other_unknown,G114
DEMO_A,Escherichia coli,FICTIONAL_A,2024-09-01,P58,,Homo sapiens,unknown,unknown,synthetic_fixture,SYNTH_00116,0,S,EUCAST,SYNTHETIC_ONLY,0.0,0.0,0.0,0.0,0.0,0.0,0.0,0.0,0.0,0.0,0.0,0.0,0.0,0.0,0.0,-1.0,0.0,0.0,0.0,0.0,,0.0,0.0,0.0,1.0,4,unknown,G116
DEMO_A,Klebsiella pneumoniae,FICTIONAL_A,2024-10-01,P58,,Homo sapiens,positive,unknown,synthetic_fixture,SYNTH_00117,1,R,EUCAST,SYNTHETIC_ONLY,3.0,0.0,0.0,0.0,0.0,,0.0,0.0,0.0,1.0,4.0,0.0,0.0,0.0,0.0,1.0,0.0,0.0,0.0,0.0,3.0,0.0,0.0,0.0,0.0,4,NDM_positive_other_unknown,G116
DEMO_A,Escherichia coli,FICTIONAL_A,2024-11-01,P59,,Homo sapiens,unknown,unknown,synthetic_fixture,SYNTH_00118,0,S,EUCAST,SYNTHETIC_ONLY,0.0,0.0,0.0,0.0,0.0,1.0,0.0,0.0,0.0,0.0,0.0,0.0,0.0,0.0,0.0,0.0,0.0,0.0,0.0,0.0,2.0,0.0,0.0,0.0,0.0,5,unknown,G118
DEMO_A,Klebsiella pneumoniae,FICTIONAL_A,2024-12-01,P59,,Homo sapiens,unknown,unknown,synthetic_fixture,SYNTH_00119,1,R,EUCAST,SYNTHETIC_ONLY,1.0,0.0,0.0,0.0,0.0,2.0,0.0,0.0,0.0,0.0,3.0,0.0,0.0,0.0,0.0,4.0,0.0,0.0,0.0,0.0,4.0,0.0,0.0,0.0,0.0,5,unknown,G118
DEMO_A,Escherichia coli,FICTIONAL_A,2024-01-01,P60,,Homo sapiens,positive,positive,synthetic_fixture,SYNTH_00120,0,S,EUCAST,SYNTHETIC_ONLY,0.0,0.0,0.0,0.0,0.0,0.0,0.0,0.0,0.0,0.0,-2.0,0.0,0.0,0.0,0.0,1.0,0.0,0.0,0.0,0.0,2.0,0.0,0.0,0.0,0.0,5,co_producer,G120
DEMO_A,Klebsiella pneumoniae,FICTIONAL_A,2024-02-01,P60,,Homo sapiens,unknown,unknown,synthetic_fixture,SYNTH_00121,1,R,EUCAST,SYNTHETIC_ONLY,-3.0,0.0,0.0,0.0,0.0,1.0,0.0,0.0,0.0,0.0,1.0,0.0,0.0,0.0,0.0,,0.0,0.0,0.0,1.0,,0.0,0.0,0.0,1.0,3,unknown,G120
DEMO_A,Escherichia coli,FICTIONAL_A,2024-03-01,P61,,Homo sapiens,unknown,unknown,synthetic_fixture,SYNTH_00122,0,S,EUCAST,SYNTHETIC_ONLY,2.0,0.0,0.0,0.0,0.0,,0.0,0.0,0.0,1.0,-1.0,0.0,0.0,0.0,0.0,2.0,0.0,0.0,0.0,0.0,3.0,0.0,0.0,0.0,0.0,4,unknown,G122
DEMO_A,Klebsiella pneumoniae,FICTIONAL_A,2024-04-01,P61,,Homo sapiens,positive,unknown,synthetic_fixture,SYNTH_00123,0,S,EUCAST,SYNTHETIC_ONLY,,0.0,0.0,0.0,1.0,-1.0,0.0,0.0,0.0,0.0,1.0,0.0,0.0,0.0,0.0,1.0,0.0,0.0,0.0,0.0,2.0,0.0,0.0,0.0,0.0,4,NDM_positive_other_unknown,G122
DEMO_A,Escherichia coli,FICTIONAL_A,2024-05-01,P62,,Homo sapiens,unknown,unknown,synthetic_fixture,SYNTH_00124,1,R,EUCAST,SYNTHETIC_ONLY,1.0,0.0,0.0,0.0,0.0,-1.0,0.0,0.0,0.0,0.0,2.0,0.0,0.0,0.0,0.0,1.0,0.0,0.0,0.0,0.0,2.0,0.0,0.0,0.0,0.0,5,unknown,G124
DEMO_A,Klebsiella pneumoniae,FICTIONAL_A,2024-06-01,P62,,Homo sapiens,unknown,positive,synthetic_fixture,SYNTH_00125,1,R,EUCAST,SYNTHETIC_ONLY,-1.0,0.0,0.0,0.0,0.0,2.0,0.0,0.0,0.0,0.0,2.0,0.0,0.0,0.0,0.0,1.0,0.0,0.0,0.0,0.0,1.0,0.0,0.0,0.0,0.0,5,OXA48_positive_other_unknown,G124
DEMO_A,Escherichia coli,FICTIONAL_A,2024-07-01,P63,,Homo sapiens,positive,unknown,synthetic_fixture,SYNTH_00126,1,R,EUCAST,SYNTHETIC_ONLY,-3.0,0.0,0.0,0.0,0.0,2.0,0.0,0.0,0.0,0.0,2.0,0.0,0.0,0.0,0.0,3.0,0.0,0.0,0.0,0.0,2.0,0.0,0.0,0.0,0.0,5,NDM_positive_other_unknown,G126
DEMO_A,Klebsiella pneumoniae,FICTIONAL_A,2024-08-01,P63,,Homo sapiens,unknown,unknown,synthetic_fixture,SYNTH_00127,1,R,EUCAST,SYNTHETIC_ONLY,2.0,0.0,0.0,0.0,0.0,,0.0,0.0,0.0,1.0,3.0,0.0,0.0,0.0,0.0,5.0,0.0,0.0,0.0,0.0,6.0,0.0,0.0,0.0,0.0,4,unknown,G126
DEMO_A,Escherichia coli,FICTIONAL_A,2024-09-01,P64,,Homo sapiens,unknown,unknown,synthetic_fixture,SYNTH_00128,1,R,EUCAST,SYNTHETIC_ONLY,1.0,0.0,0.0,0.0,0.0,0.0,0.0,0.0,0.0,0.0,2.0,0.0,0.0,0.0,0.0,0.0,0.0,0.0,0.0,0.0,1.0,0.0,0.0,0.0,0.0,5,unknown,G128
DEMO_A,Klebsiella pneumoniae,FICTIONAL_A,2024-10-01,P64,,Homo sapiens,positive,unknown,synthetic_fixture,SYNTH_00129,0,S,EUCAST,SYNTHETIC_ONLY,-2.0,0.0,0.0,0.0,0.0,-1.0,0.0,0.0,0.0,0.0,2.0,0.0,0.0,0.0,0.0,0.0,0.0,0.0,0.0,0.0,1.0,0.0,0.0,0.0,0.0,5,NDM_positive_other_unknown,G128
DEMO_A,Escherichia coli,FICTIONAL_A,2024-11-01,P65,,Homo sapiens,unknown,positive,synthetic_fixture,SYNTH_00130,1,R,EUCAST,SYNTHETIC_ONLY,1.0,0.0,0.0,0.0,0.0,2.0,0.0,0.0,0.0,0.0,2.0,0.0,0.0,0.0,0.0,1.0,0.0,0.0,0.0,0.0,2.0,0.0,0.0,0.0,0.0,5,OXA48_positive_other_unknown,G130
DEMO_A,Klebsiella pneumoniae,FICTIONAL_A,2024-12-01,P65,,Homo sapiens,unknown,unknown,synthetic_fixture,SYNTH_00131,0,S,EUCAST,SYNTHETIC_ONLY,-1.0,0.0,0.0,0.0,0.0,0.0,0.0,0.0,0.0,0.0,0.0,0.0,0.0,0.0,0.0,2.0,0.0,0.0,0.0,0.0,1.0,0.0,0.0,0.0,0.0,5,unknown,G130
DEMO_A,Escherichia coli,FICTIONAL_A,2024-01-01,P66,,Homo sapiens,positive,unknown,synthetic_fixture,SYNTH_00132,0,S,EUCAST,SYNTHETIC_ONLY,2.0,0.0,0.0,0.0,0.0,1.0,0.0,0.0,0.0,0.0,2.0,0.0,0.0,0.0,0.0,0.0,0.0,0.0,0.0,0.0,2.0,0.0,0.0,0.0,0.0,5,NDM_positive_other_unknown,G132
DEMO_A,Klebsiella pneumoniae,FICTIONAL_A,2024-02-01,P66,,Homo sapiens,unknown,unknown,synthetic_fixture,SYNTH_00133,1,R,EUCAST,SYNTHETIC_ONLY,0.0,0.0,0.0,0.0,0.0,1.0,0.0,0.0,0.0,0.0,2.0,0.0,0.0,0.0,0.0,4.0,0.0,0.0,0.0,0.0,,0.0,0.0,0.0,1.0,4,unknown,G132
DEMO_A,Escherichia coli,FICTIONAL_A,2024-03-01,P67,,Homo sapiens,unknown,unknown,synthetic_fixture,SYNTH_00134,0,S,EUCAST,SYNTHETIC_ONLY,-2.0,0.0,0.0,0.0,0.0,-3.0,0.0,0.0,0.0,0.0,-2.0,0.0,0.0,0.0,0.0,-2.0,0.0,0.0,0.0,0.0,2.0,0.0,0.0,0.0,0.0,5,unknown,G134
DEMO_A,Klebsiella pneumoniae,FICTIONAL_A,2024-04-01,P67,,Homo sapiens,positive,positive,synthetic_fixture,SYNTH_00135,1,R,EUCAST,SYNTHETIC_ONLY,0.0,0.0,0.0,0.0,0.0,0.0,0.0,0.0,0.0,0.0,0.0,0.0,0.0,0.0,0.0,2.0,0.0,0.0,0.0,0.0,1.0,0.0,0.0,0.0,0.0,5,co_producer,G134
DEMO_A,Escherichia coli,FICTIONAL_A,2024-05-01,P68,,Homo sapiens,unknown,unknown,synthetic_fixture,SYNTH_00136,0,S,EUCAST,SYNTHETIC_ONLY,-1.0,0.0,0.0,0.0,0.0,1.0,0.0,0.0,0.0,0.0,0.0,0.0,0.0,0.0,0.0,1.0,0.0,0.0,0.0,0.0,1.0,0.0,0.0,0.0,0.0,5,unknown,G136
DEMO_A,Klebsiella pneumoniae,FICTIONAL_A,2024-06-01,P68,,Homo sapiens,unknown,unknown,synthetic_fixture,SYNTH_00137,0,S,EUCAST,SYNTHETIC_ONLY,-1.0,0.0,0.0,0.0,0.0,-2.0,0.0,0.0,0.0,0.0,0.0,0.0,0.0,0.0,0.0,1.0,0.0,0.0,0.0,0.0,0.0,0.0,0.0,0.0,0.0,5,unknown,G136
DEMO_A,Escherichia coli,FICTIONAL_A,2024-07-01,P69,,Homo sapiens,positive,unknown,synthetic_fixture,SYNTH_00138,1,R,EUCAST,SYNTHETIC_ONLY,0.0,0.0,0.0,0.0,0.0,0.0,0.0,0.0,0.0,0.0,0.0,0.0,0.0,0.0,0.0,0.0,0.0,0.0,0.0,0.0,3.0,0.0,0.0,0.0,0.0,5,NDM_positive_other_unknown,G138
DEMO_A,Klebsiella pneumoniae,FICTIONAL_A,2024-08-01,P69,,Homo sapiens,unknown,unknown,synthetic_fixture,SYNTH_00139,0,S,EUCAST,SYNTHETIC_ONLY,-2.0,0.0,0.0,0.0,0.0,-1.0,0.0,0.0,0.0,0.0,1.0,0.0,0.0,0.0,0.0,1.0,0.0,0.0,0.0,0.0,0.0,0.0,0.0,0.0,0.0,5,unknown,G138
DEMO_A,Escherichia coli,FICTIONAL_A,2024-09-01,P70,,Homo sapiens,unknown,positive,synthetic_fixture,SYNTH_00140,1,R,EUCAST,SYNTHETIC_ONLY,-1.0,0.0,0.0,0.0,0.0,2.0,0.0,0.0,0.0,0.0,1.0,0.0,0.0,0.0,0.0,1.0,0.0,0.0,0.0,0.0,2.0,0.0,0.0,0.0,0.0,5,OXA48_positive_other_unknown,G140
DEMO_A,Klebsiella pneumoniae,FICTIONAL_A,2024-10-01,P70,,Homo sapiens,positive,unknown,synthetic_fixture,SYNTH_00141,0,S,EUCAST,SYNTHETIC_ONLY,0.0,0.0,0.0,0.0,0.0,-1.0,0.0,0.0,0.0,0.0,0.0,0.0,0.0,0.0,0.0,2.0,0.0,0.0,0.0,0.0,3.0,0.0,0.0,0.0,0.0,5,NDM_positive_other_unknown,G140
DEMO_A,Escherichia coli,FICTIONAL_A,2024-11-01,P71,,Homo sapiens,unknown,unknown,synthetic_fixture,SYNTH_00142,1,R,EUCAST,SYNTHETIC_ONLY,2.0,0.0,0.0,0.0,0.0,,0.0,0.0,0.0,1.0,0.0,0.0,0.0,0.0,0.0,2.0,0.0,0.0,0.0,0.0,2.0,0.0,0.0,0.0,0.0,4,unknown,G142
DEMO_A,Klebsiella pneumoniae,FICTIONAL_A,2024-12-01,P71,,Homo sapiens,unknown,unknown,synthetic_fixture,SYNTH_00143,0,S,EUCAST,SYNTHETIC_ONLY,1.0,0.0,0.0,0.0,0.0,0.0,0.0,0.0,0.0,0.0,-1.0,0.0,0.0,0.0,0.0,1.0,0.0,0.0,0.0,0.0,3.0,0.0,0.0,0.0,0.0,5,unknown,G142
DEMO_A,Escherichia coli,FICTIONAL_A,2024-01-01,P72,,Homo sapiens,positive,unknown,synthetic_fixture,SYNTH_00144,1,R,EUCAST,SYNTHETIC_ONLY,1.0,0.0,0.0,0.0,0.0,2.0,0.0,0.0,0.0,0.0,2.0,0.0,0.0,0.0,0.0,3.0,0.0,0.0,0.0,0.0,3.0,0.0,0.0,0.0,0.0,5,NDM_positive_other_unknown,G144
DEMO_A,Klebsiella pneumoniae,FICTIONAL_A,2024-02-01,P72,,Homo sapiens,unknown,positive,synthetic_fixture,SYNTH_00145,1,R,EUCAST,SYNTHETIC_ONLY,0.0,0.0,0.0,0.0,0.0,2.0,0.0,0.0,0.0,0.0,,0.0,0.0,0.0,1.0,2.0,0.0,0.0,0.0,0.0,1.0,0.0,0.0,0.0,0.0,4,OXA48_positive_other_unknown,G144
DEMO_A,Escherichia coli,FICTIONAL_A,2024-03-01,P73,,Homo sapiens,unknown,unknown,synthetic_fixture,SYNTH_00146,0,S,EUCAST,SYNTHETIC_ONLY,0.0,0.0,0.0,0.0,0.0,-1.0,0.0,0.0,0.0,0.0,1.0,0.0,0.0,0.0,0.0,1.0,0.0,0.0,0.0,0.0,1.0,0.0,0.0,0.0,0.0,5,unknown,G146
DEMO_A,Escherichia coli,FICTIONAL_A,2024-05-01,P74,,Homo sapiens,unknown,unknown,synthetic_fixture,SYNTH_00148,0,S,EUCAST,SYNTHETIC_ONLY,-1.0,0.0,0.0,0.0,0.0,-1.0,0.0,0.0,0.0,0.0,2.0,0.0,0.0,0.0,0.0,1.0,0.0,0.0,0.0,0.0,1.0,0.0,0.0,0.0,0.0,5,unknown,G147
DEMO_A,Klebsiella pneumoniae,FICTIONAL_A,2024-06-01,P74,,Homo sapiens,unknown,unknown,synthetic_fixture,SYNTH_00149,0,S,EUCAST,SYNTHETIC_ONLY,2.0,0.0,0.0,0.0,0.0,1.0,0.0,0.0,0.0,0.0,1.0,0.0,0.0,0.0,0.0,-1.0,0.0,0.0,0.0,0.0,2.0,0.0,0.0,0.0,0.0,5,unknown,G147
DEMO_A,Escherichia coli,FICTIONAL_A,2024-07-01,P75,,Homo sapiens,positive,positive,synthetic_fixture,SYNTH_00150,0,S,EUCAST,SYNTHETIC_ONLY,-2.0,0.0,0.0,0.0,0.0,-2.0,0.0,0.0,0.0,0.0,,0.0,0.0,0.0,1.0,0.0,0.0,0.0,0.0,0.0,3.0,0.0,0.0,0.0,0.0,4,co_producer,G149
DEMO_A,Klebsiella pneumoniae,FICTIONAL_A,2024-08-01,P75,,Homo sapiens,unknown,unknown,synthetic_fixture,SYNTH_00151,0,S,EUCAST,SYNTHETIC_ONLY,0.0,0.0,0.0,0.0,0.0,0.0,0.0,0.0,0.0,0.0,1.0,0.0,0.0,0.0,0.0,1.0,0.0,0.0,0.0,0.0,1.0,0.0,0.0,0.0,0.0,5,unknown,G149
DEMO_A,Escherichia coli,FICTIONAL_A,2024-09-01,P76,,Homo sapiens,unknown,unknown,synthetic_fixture,SYNTH_00152,0,S,EUCAST,SYNTHETIC_ONLY,-1.0,0.0,0.0,0.0,0.0,1.0,0.0,0.0,0.0,0.0,2.0,0.0,0.0,0.0,0.0,1.0,0.0,0.0,0.0,0.0,1.0,0.0,0.0,0.0,0.0,5,unknown,G151
DEMO_A,Klebsiella pneumoniae,FICTIONAL_A,2024-10-01,P76,,Homo sapiens,positive,unknown,synthetic_fixture,SYNTH_00153,1,R,EUCAST,SYNTHETIC_ONLY,0.0,0.0,0.0,0.0,0.0,2.0,0.0,0.0,0.0,0.0,3.0,0.0,0.0,0.0,0.0,1.0,0.0,0.0,0.0,0.0,1.0,0.0,0.0,0.0,0.0,5,NDM_positive_other_unknown,G151
DEMO_A,Escherichia coli,FICTIONAL_A,2024-11-01,P77,,Homo sapiens,unknown,unknown,synthetic_fixture,SYNTH_00154,0,S,EUCAST,SYNTHETIC_ONLY,,0.0,0.0,0.0,1.0,0.0,0.0,0.0,0.0,0.0,,0.0,0.0,0.0,1.0,0.0,0.0,0.0,0.0,0.0,1.0,0.0,0.0,0.0,0.0,3,unknown,G153
DEMO_A,Klebsiella pneumoniae,FICTIONAL_A,2024-12-01,P77,,Homo sapiens,unknown,positive,synthetic_fixture,SYNTH_00155,0,S,EUCAST,SYNTHETIC_ONLY,1.0,0.0,0.0,0.0,0.0,-1.0,0.0,0.0,0.0,0.0,0.0,0.0,0.0,0.0,0.0,2.0,0.0,0.0,0.0,0.0,0.0,0.0,0.0,0.0,0.0,5,OXA48_positive_other_unknown,G153
DEMO_A,Escherichia coli,FICTIONAL_A,2024-01-01,P78,,Homo sapiens,positive,unknown,synthetic_fixture,SYNTH_00156,0,S,EUCAST,SYNTHETIC_ONLY,0.0,0.0,0.0,0.0,0.0,0.0,0.0,0.0,0.0,0.0,-1.0,0.0,0.0,0.0,0.0,,0.0,0.0,0.0,1.0,1.0,0.0,0.0,0.0,0.0,4,NDM_positive_other_unknown,G155
DEMO_A,Klebsiella pneumoniae,FICTIONAL_A,2024-02-01,P78,,Homo sapiens,unknown,unknown,synthetic_fixture,SYNTH_00157,0,S,EUCAST,SYNTHETIC_ONLY,-2.0,0.0,0.0,0.0,0.0,-2.0,0.0,0.0,0.0,0.0,0.0,0.0,0.0,0.0,0.0,0.0,0.0,0.0,0.0,0.0,-1.0,0.0,0.0,0.0,0.0,5,unknown,G155
DEMO_A,Escherichia coli,FICTIONAL_A,2024-03-01,P79,,Homo sapiens,unknown,unknown,synthetic_fixture,SYNTH_00158,1,R,EUCAST,SYNTHETIC_ONLY,1.0,0.0,0.0,0.0,0.0,-1.0,0.0,0.0,0.0,0.0,1.0,0.0,0.0,0.0,0.0,1.0,0.0,0.0,0.0,0.0,3.0,0.0,0.0,0.0,0.0,5,unknown,G157
DEMO_A,Klebsiella pneumoniae,FICTIONAL_A,2024-04-01,P79,,Homo sapiens,positive,unknown,synthetic_fixture,SYNTH_00159,1,R,EUCAST,SYNTHETIC_ONLY,1.0,0.0,0.0,0.0,0.0,2.0,0.0,0.0,0.0,0.0,2.0,0.0,0.0,0.0,0.0,3.0,0.0,0.0,0.0,0.0,2.0,0.0,0.0,0.0,0.0,5,NDM_positive_other_unknown,G157
DEMO_A,Escherichia coli,FICTIONAL_A,2024-05-01,P80,,Homo sapiens,unknown,positive,synthetic_fixture,SYNTH_00160,1,R,EUCAST,SYNTHETIC_ONLY,1.0,0.0,0.0,0.0,0.0,1.0,0.0,0.0,0.0,0.0,1.0,0.0,0.0,0.0,0.0,1.0,0.0,0.0,0.0,0.0,2.0,0.0,0.0,0.0,0.0,5,OXA48_positive_other_unknown,G159
DEMO_A,Klebsiella pneumoniae,FICTIONAL_A,2024-06-01,P80,,Homo sapiens,unknown,unknown,synthetic_fixture,SYNTH_00161,0,S,EUCAST,SYNTHETIC_ONLY,-1.0,0.0,0.0,0.0,0.0,0.0,0.0,0.0,0.0,0.0,,0.0,0.0,0.0,1.0,1.0,0.0,0.0,0.0,0.0,2.0,0.0,0.0,0.0,0.0,4,unknown,G159
DEMO_A,Escherichia coli,FICTIONAL_A,2024-07-01,P81,,Homo sapiens,positive,unknown,synthetic_fixture,SYNTH_00162,1,R,EUCAST,SYNTHETIC_ONLY,1.0,0.0,0.0,0.0,0.0,1.0,0.0,0.0,0.0,0.0,2.0,0.0,0.0,0.0,0.0,3.0,0.0,0.0,0.0,0.0,3.0,0.0,0.0,0.0,0.0,5,NDM_positive_other_unknown,G161
DEMO_A,Klebsiella pneumoniae,FICTIONAL_A,2024-08-01,P81,,Homo sapiens,unknown,unknown,synthetic_fixture,SYNTH_00163,0,S,EUCAST,SYNTHETIC_ONLY,0.0,0.0,0.0,0.0,0.0,2.0,0.0,0.0,0.0,0.0,1.0,0.0,0.0,0.0,0.0,1.0,0.0,0.0,0.0,0.0,3.0,0.0,0.0,0.0,0.0,5,unknown,G161
DEMO_A,Escherichia coli,FICTIONAL_A,2024-09-01,P82,,Homo sapiens,unknown,unknown,synthetic_fixture,SYNTH_00164,1,R,EUCAST,SYNTHETIC_ONLY,3.0,0.0,0.0,0.0,0.0,2.0,0.0,0.0,0.0,0.0,,0.0,0.0,0.0,1.0,3.0,0.0,0.0,0.0,0.0,3.0,0.0,0.0,0.0,0.0,4,unknown,G163
DEMO_A,Klebsiella pneumoniae,FICTIONAL_A,2024-10-01,P82,,Homo sapiens,positive,positive,synthetic_fixture,SYNTH_00165,0,S,EUCAST,SYNTHETIC_ONLY,-2.0,0.0,0.0,0.0,0.0,-3.0,0.0,0.0,0.0,0.0,,0.0,0.0,0.0,1.0,-1.0,0.0,0.0,0.0,0.0,1.0,0.0,0.0,0.0,0.0,4,co_producer,G163
DEMO_A,Escherichia coli,FICTIONAL_A,2024-11-01,P83,,Homo sapiens,unknown,unknown,synthetic_fixture,SYNTH_00166,0,S,EUCAST,SYNTHETIC_ONLY,0.0,0.0,0.0,0.0,0.0,,0.0,0.0,0.0,1.0,-1.0,0.0,0.0,0.0,0.0,,0.0,0.0,0.0,1.0,1.0,0.0,0.0,0.0,0.0,3,unknown,G165
DEMO_A,Klebsiella pneumoniae,FICTIONAL_A,2024-12-01,P83,,Homo sapiens,unknown,unknown,synthetic_fixture,SYNTH_00167,0,S,EUCAST,SYNTHETIC_ONLY,1.0,0.0,0.0,0.0,0.0,2.0,0.0,0.0,0.0,0.0,1.0,0.0,0.0,0.0,0.0,1.0,0.0,0.0,0.0,0.0,1.0,0.0,0.0,0.0,0.0,5,unknown,G165
DEMO_A,Escherichia coli,FICTIONAL_A,2024-01-01,P84,,Homo sapiens,positive,unknown,synthetic_fixture,SYNTH_00168,0,S,EUCAST,SYNTHETIC_ONLY,1.0,0.0,0.0,0.0,0.0,1.0,0.0,0.0,0.0,0.0,3.0,0.0,0.0,0.0,0.0,0.0,0.0,0.0,0.0,0.0,2.0,0.0,0.0,0.0,0.0,5,NDM_positive_other_unknown,G167
DEMO_A,Klebsiella pneumoniae,FICTIONAL_A,2024-02-01,P84,,Homo sapiens,unknown,unknown,synthetic_fixture,SYNTH_00169,1,R,EUCAST,SYNTHETIC_ONLY,1.0,0.0,0.0,0.0,0.0,1.0,0.0,0.0,0.0,0.0,1.0,0.0,0.0,0.0,0.0,1.0,0.0,0.0,0.0,0.0,2.0,0.0,0.0,0.0,0.0,5,unknown,G167
DEMO_A,Escherichia coli,FICTIONAL_A,2024-03-01,P85,,Homo sapiens,unknown,positive,synthetic_fixture,SYNTH_00170,0,S,EUCAST,SYNTHETIC_ONLY,-3.0,0.0,0.0,0.0,0.0,-1.0,0.0,0.0,0.0,0.0,-2.0,0.0,0.0,0.0,0.0,0.0,0.0,0.0,0.0,0.0,2.0,0.0,0.0,0.0,0.0,5,OXA48_positive_other_unknown,G169
DEMO_A,Klebsiella pneumoniae,FICTIONAL_A,2024-04-01,P85,,Homo sapiens,positive,unknown,synthetic_fixture,SYNTH_00171,0,S,EUCAST,SYNTHETIC_ONLY,-1.0,0.0,0.0,0.0,0.0,-1.0,0.0,0.0,0.0,0.0,-1.0,0.0,0.0,0.0,0.0,,0.0,0.0,0.0,1.0,1.0,0.0,0.0,0.0,0.0,4,NDM_positive_other_unknown,G169
DEMO_A,Escherichia coli,FICTIONAL_A,2024-05-01,P86,,Homo sapiens,unknown,unknown,synthetic_fixture,SYNTH_00172,0,S,EUCAST,SYNTHETIC_ONLY,-1.0,0.0,0.0,0.0,0.0,,0.0,0.0,0.0,1.0,-1.0,0.0,0.0,0.0,0.0,-1.0,0.0,0.0,0.0,0.0,,0.0,0.0,0.0,1.0,3,unknown,G171
DEMO_A,Klebsiella pneumoniae,FICTIONAL_A,2024-06-01,P86,,Homo sapiens,unknown,unknown,synthetic_fixture,SYNTH_00173,1,R,EUCAST,SYNTHETIC_ONLY,1.0,0.0,0.0,0.0,0.0,2.0,0.0,0.0,0.0,0.0,2.0,0.0,0.0,0.0,0.0,2.0,0.0,0.0,0.0,0.0,2.0,0.0,0.0,0.0,0.0,5,unknown,G171
DEMO_A,Escherichia coli,FICTIONAL_A,2024-07-01,P87,,Homo sapiens,positive,unknown,synthetic_fixture,SYNTH_00174,1,R,EUCAST,SYNTHETIC_ONLY,,0.0,0.0,0.0,1.0,1.0,0.0,0.0,0.0,0.0,2.0,0.0,0.0,0.0,0.0,1.0,0.0,0.0,0.0,0.0,2.0,0.0,0.0,0.0,0.0,4,NDM_positive_other_unknown,G173
DEMO_A,Klebsiella pneumoniae,FICTIONAL_A,2024-08-01,P87,,Homo sapiens,unknown,positive,synthetic_fixture,SYNTH_00175,0,S,EUCAST,SYNTHETIC_ONLY,-2.0,0.0,0.0,0.0,0.0,0.0,0.0,0.0,0.0,0.0,2.0,0.0,0.0,0.0,0.0,0.0,0.0,0.0,0.0,0.0,2.0,0.0,0.0,0.0,0.0,5,OXA48_positive_other_unknown,G173
DEMO_A,Escherichia coli,FICTIONAL_A,2024-09-01,P88,,Homo sapiens,unknown,unknown,synthetic_fixture,SYNTH_00176,1,R,EUCAST,SYNTHETIC_ONLY,0.0,0.0,0.0,0.0,0.0,,0.0,0.0,0.0,1.0,1.0,0.0,0.0,0.0,0.0,1.0,0.0,0.0,0.0,0.0,2.0,0.0,0.0,0.0,0.0,4,unknown,G175
DEMO_A,Klebsiella pneumoniae,FICTIONAL_A,2024-10-01,P88,,Homo sapiens,positive,unknown,synthetic_fixture,SYNTH_00177,0,S,EUCAST,SYNTHETIC_ONLY,-4.0,0.0,0.0,0.0,0.0,-1.0,0.0,0.0,0.0,0.0,-1.0,0.0,0.0,0.0,0.0,0.0,0.0,0.0,0.0,0.0,2.0,0.0,0.0,0.0,0.0,5,NDM_positive_other_unknown,G175
DEMO_A,Escherichia coli,FICTIONAL_A,2024-11-01,P89,,Homo sapiens,unknown,unknown,synthetic_fixture,SYNTH_00178,1,R,EUCAST,SYNTHETIC_ONLY,0.0,0.0,0.0,0.0,0.0,1.0,0.0,0.0,0.0,0.0,0.0,0.0,0.0,0.0,0.0,0.0,0.0,0.0,0.0,0.0,2.0,0.0,0.0,0.0,0.0,5,unknown,G177
DEMO_A,Klebsiella pneumoniae,FICTIONAL_A,2024-12-01,P89,,Homo sapiens,unknown,unknown,synthetic_fixture,SYNTH_00179,0,S,EUCAST,SYNTHETIC_ONLY,,0.0,0.0,0.0,1.0,2.0,0.0,0.0,0.0,0.0,1.0,0.0,0.0,0.0,0.0,1.0,0.0,0.0,0.0,0.0,1.0,0.0,0.0,0.0,0.0,4,unknown,G177
DEMO_A,Escherichia coli,FICTIONAL_A,2024-01-01,P90,,Homo sapiens,positive,positive,synthetic_fixture,SYNTH_00180,0,S,EUCAST,SYNTHETIC_ONLY,-1.0,0.0,0.0,0.0,0.0,-1.0,0.0,0.0,0.0,0.0,1.0,0.0,0.0,0.0,0.0,,0.0,0.0,0.0,1.0,1.0,0.0,0.0,0.0,0.0,4,co_producer,G179
DEMO_A,Klebsiella pneumoniae,FICTIONAL_A,2024-02-01,P90,,Homo sapiens,unknown,unknown,synthetic_fixture,SYNTH_00181,0,S,EUCAST,SYNTHETIC_ONLY,-1.0,0.0,0.0,0.0,0.0,,0.0,0.0,0.0,1.0,-1.0,0.0,0.0,0.0,0.0,1.0,0.0,0.0,0.0,0.0,1.0,0.0,0.0,0.0,0.0,4,unknown,G179
DEMO_A,Escherichia coli,FICTIONAL_A,2024-03-01,P91,,Homo sapiens,unknown,unknown,synthetic_fixture,SYNTH_00182,1,R,EUCAST,SYNTHETIC_ONLY,1.0,0.0,0.0,0.0,0.0,2.0,0.0,0.0,0.0,0.0,1.0,0.0,0.0,0.0,0.0,2.0,0.0,0.0,0.0,0.0,3.0,0.0,0.0,0.0,0.0,5,unknown,G181
DEMO_A,Klebsiella pneumoniae,FICTIONAL_A,2024-04-01,P91,,Homo sapiens,positive,unknown,synthetic_fixture,SYNTH_00183,1,R,EUCAST,SYNTHETIC_ONLY,1.0,0.0,0.0,0.0,0.0,0.0,0.0,0.0,0.0,0.0,,0.0,0.0,0.0,1.0,2.0,0.0,0.0,0.0,0.0,,0.0,0.0,0.0,1.0,3,NDM_positive_other_unknown,G181
DEMO_A,Escherichia coli,FICTIONAL_A,2024-05-01,P92,,Homo sapiens,unknown,unknown,synthetic_fixture,SYNTH_00184,0,S,EUCAST,SYNTHETIC_ONLY,-1.0,0.0,0.0,0.0,0.0,-1.0,0.0,0.0,0.0,0.0,,0.0,0.0,0.0,1.0,1.0,0.0,0.0,0.0,0.0,,0.0,0.0,0.0,1.0,3,unknown,G183
DEMO_A,Klebsiella pneumoniae,FICTIONAL_A,2024-06-01,P92,,Homo sapiens,unknown,positive,synthetic_fixture,SYNTH_00185,1,R,EUCAST,SYNTHETIC_ONLY,1.0,0.0,0.0,0.0,0.0,1.0,0.0,0.0,0.0,0.0,3.0,0.0,0.0,0.0,0.0,2.0,0.0,0.0,0.0,0.0,3.0,0.0,0.0,0.0,0.0,5,OXA48_positive_other_unknown,G183
DEMO_A,Escherichia coli,FICTIONAL_A,2024-07-01,P93,,Homo sapiens,positive,unknown,synthetic_fixture,SYNTH_00186,0,S,EUCAST,SYNTHETIC_ONLY,-1.0,0.0,0.0,0.0,0.0,2.0,0.0,0.0,0.0,0.0,3.0,0.0,0.0,0.0,0.0,2.0,0.0,0.0,0.0,0.0,2.0,0.0,0.0,0.0,0.0,5,NDM_positive_other_unknown,G185
DEMO_A,Klebsiella pneumoniae,FICTIONAL_A,2024-08-01,P93,,Homo sapiens,unknown,unknown,synthetic_fixture,SYNTH_00187,1,R,EUCAST,SYNTHETIC_ONLY,2.0,0.0,0.0,0.0,0.0,0.0,0.0,0.0,0.0,0.0,2.0,0.0,0.0,0.0,0.0,1.0,0.0,0.0,0.0,0.0,3.0,0.0,0.0,0.0,0.0,5,unknown,G185
DEMO_A,Escherichia coli,FICTIONAL_A,2024-09-01,P94,,Homo sapiens,unknown,unknown,synthetic_fixture,SYNTH_00188,0,S,EUCAST,SYNTHETIC_ONLY,0.0,0.0,0.0,0.0,0.0,-1.0,0.0,0.0,0.0,0.0,1.0,0.0,0.0,0.0,0.0,0.0,0.0,0.0,0.0,0.0,1.0,0.0,0.0,0.0,0.0,5,unknown,G187
DEMO_A,Klebsiella pneumoniae,FICTIONAL_A,2024-10-01,P94,,Homo sapiens,positive,unknown,synthetic_fixture,SYNTH_00189,0,S,EUCAST,SYNTHETIC_ONLY,0.0,0.0,0.0,0.0,0.0,1.0,0.0,0.0,0.0,0.0,2.0,0.0,0.0,0.0,0.0,-1.0,0.0,0.0,0.0,0.0,1.0,0.0,0.0,0.0,0.0,5,NDM_positive_other_unknown,G187
DEMO_A,Escherichia coli,FICTIONAL_A,2024-11-01,P95,,Homo sapiens,unknown,positive,synthetic_fixture,SYNTH_00190,0,S,EUCAST,SYNTHETIC_ONLY,-2.0,0.0,0.0,0.0,0.0,0.0,0.0,0.0,0.0,0.0,1.0,0.0,0.0,0.0,0.0,,0.0,0.0,0.0,1.0,4.0,0.0,0.0,0.0,0.0,4,OXA48_positive_other_unknown,G189
DEMO_A,Klebsiella pneumoniae,FICTIONAL_A,2024-12-01,P95,,Homo sapiens,unknown,unknown,synthetic_fixture,SYNTH_00191,0,S,EUCAST,SYNTHETIC_ONLY,-2.0,0.0,0.0,0.0,0.0,1.0,0.0,0.0,0.0,0.0,3.0,0.0,0.0,0.0,0.0,2.0,0.0,0.0,0.0,0.0,,0.0,0.0,0.0,1.0,4,unknown,G189
DEMO_A,Escherichia coli,FICTIONAL_A,2024-01-01,P96,,Homo sapiens,positive,unknown,synthetic_fixture,SYNTH_00192,0,S,EUCAST,SYNTHETIC_ONLY,-3.0,0.0,0.0,0.0,0.0,0.0,0.0,0.0,0.0,0.0,-1.0,0.0,0.0,0.0,0.0,1.0,0.0,0.0,0.0,0.0,2.0,0.0,0.0,0.0,0.0,5,NDM_positive_other_unknown,G191
DEMO_A,Klebsiella pneumoniae,FICTIONAL_A,2024-02-01,P96,,Homo sapiens,unknown,unknown,synthetic_fixture,SYNTH_00193,1,R,EUCAST,SYNTHETIC_ONLY,2.0,0.0,0.0,0.0,0.0,,0.0,0.0,0.0,1.0,3.0,0.0,0.0,0.0,0.0,4.0,0.0,0.0,0.0,0.0,,0.0,0.0,0.0,1.0,3,unknown,G191
DEMO_A,Escherichia coli,FICTIONAL_A,2024-03-01,P97,,Homo sapiens,unknown,unknown,synthetic_fixture,SYNTH_00194,0,S,EUCAST,SYNTHETIC_ONLY,-1.0,0.0,0.0,0.0,0.0,-2.0,0.0,0.0,0.0,0.0,0.0,0.0,0.0,0.0,0.0,0.0,0.0,0.0,0.0,0.0,2.0,0.0,0.0,0.0,0.0,5,unknown,G193
DEMO_A,Klebsiella pneumoniae,FICTIONAL_A,2024-04-01,P97,,Homo sapiens,positive,positive,synthetic_fixture,SYNTH_00195,1,R,EUCAST,SYNTHETIC_ONLY,0.0,0.0,0.0,0.0,0.0,0.0,0.0,0.0,0.0,0.0,3.0,0.0,0.0,0.0,0.0,1.0,0.0,0.0,0.0,0.0,2.0,0.0,0.0,0.0,0.0,5,co_producer,G193
DEMO_A,Escherichia coli,FICTIONAL_A,2024-05-01,P98,,Homo sapiens,unknown,unknown,synthetic_fixture,SYNTH_00196,0,S,EUCAST,SYNTHETIC_ONLY,-2.0,0.0,0.0,0.0,0.0,1.0,0.0,0.0,0.0,0.0,0.0,0.0,0.0,0.0,0.0,0.0,0.0,0.0,0.0,0.0,,0.0,0.0,0.0,1.0,4,unknown,G195
DEMO_A,Klebsiella pneumoniae,FICTIONAL_A,2024-06-01,P98,,Homo sapiens,unknown,unknown,synthetic_fixture,SYNTH_00197,1,R,EUCAST,SYNTHETIC_ONLY,2.0,0.0,0.0,0.0,0.0,3.0,0.0,0.0,0.0,0.0,2.0,0.0,0.0,0.0,0.0,3.0,0.0,0.0,0.0,0.0,0.0,0.0,0.0,0.0,0.0,5,unknown,G195
DEMO_A,Escherichia coli,FICTIONAL_A,2024-07-01,P99,,Homo sapiens,positive,unknown,synthetic_fixture,SYNTH_00198,0,S,EUCAST,SYNTHETIC_ONLY,0.0,0.0,0.0,0.0,0.0,0.0,0.0,0.0,0.0,0.0,-1.0,0.0,0.0,0.0,0.0,1.0,0.0,0.0,0.0,0.0,,0.0,0.0,0.0,1.0,4,NDM_positive_other_unknown,G197
DEMO_A,Klebsiella pneumoniae,FICTIONAL_A,2024-08-01,P99,,Homo sapiens,unknown,unknown,synthetic_fixture,SYNTH_00199,1,R,EUCAST,SYNTHETIC_ONLY,-2.0,0.0,0.0,0.0,0.0,3.0,0.0,0.0,0.0,0.0,0.0,0.0,0.0,0.0,0.0,2.0,0.0,0.0,0.0,0.0,3.0,0.0,0.0,0.0,0.0,5,unknown,G197
DEMO_A,Escherichia coli,FICTIONAL_A,2024-09-01,P100,,Homo sapiens,unknown,positive,synthetic_fixture,SYNTH_00200,1,R,EUCAST,SYNTHETIC_ONLY,3.0,0.0,0.0,0.0,0.0,-1.0,0.0,0.0,0.0,0.0,3.0,0.0,0.0,0.0,0.0,1.0,0.0,0.0,0.0,0.0,3.0,0.0,0.0,0.0,0.0,5,OXA48_positive_other_unknown,G199
DEMO_A,Escherichia coli,FICTIONAL_A,2024-11-01,P101,,Homo sapiens,unknown,unknown,synthetic_fixture,SYNTH_00202,1,R,EUCAST,SYNTHETIC_ONLY,1.0,0.0,0.0,0.0,0.0,1.0,0.0,0.0,0.0,0.0,,0.0,0.0,0.0,1.0,1.0,0.0,0.0,0.0,0.0,2.0,0.0,0.0,0.0,0.0,4,unknown,G200
DEMO_A,Klebsiella pneumoniae,FICTIONAL_A,2024-12-01,P101,,Homo sapiens,unknown,unknown,synthetic_fixture,SYNTH_00203,0,S,EUCAST,SYNTHETIC_ONLY,-1.0,0.0,0.0,0.0,0.0,1.0,0.0,0.0,0.0,0.0,1.0,0.0,0.0,0.0,0.0,2.0,0.0,0.0,0.0,0.0,3.0,0.0,0.0,0.0,0.0,5,unknown,G200
DEMO_A,Escherichia coli,FICTIONAL_A,2024-01-01,P102,,Homo sapiens,positive,unknown,synthetic_fixture,SYNTH_00204,1,R,EUCAST,SYNTHETIC_ONLY,-1.0,0.0,0.0,0.0,0.0,1.0,0.0,0.0,0.0,0.0,,0.0,0.0,0.0,1.0,4.0,0.0,0.0,0.0,0.0,,0.0,0.0,0.0,1.0,3,NDM_positive_other_unknown,G202
DEMO_A,Klebsiella pneumoniae,FICTIONAL_A,2024-02-01,P102,,Homo sapiens,unknown,positive,synthetic_fixture,SYNTH_00205,1,R,EUCAST,SYNTHETIC_ONLY,1.0,0.0,0.0,0.0,0.0,1.0,0.0,0.0,0.0,0.0,1.0,0.0,0.0,0.0,0.0,2.0,0.0,0.0,0.0,0.0,3.0,0.0,0.0,0.0,0.0,5,OXA48_positive_other_unknown,G202
DEMO_A,Escherichia coli,FICTIONAL_A,2024-03-01,P103,,Homo sapiens,unknown,unknown,synthetic_fixture,SYNTH_00206,1,R,EUCAST,SYNTHETIC_ONLY,1.0,0.0,0.0,0.0,0.0,-1.0,0.0,0.0,0.0,0.0,2.0,0.0,0.0,0.0,0.0,4.0,0.0,0.0,0.0,0.0,1.0,0.0,0.0,0.0,0.0,5,unknown,G204
DEMO_A,Klebsiella pneumoniae,FICTIONAL_A,2024-04-01,P103,,Homo sapiens,positive,unknown,synthetic_fixture,SYNTH_00207,0,S,EUCAST,SYNTHETIC_ONLY,1.0,0.0,0.0,0.0,0.0,0.0,0.0,0.0,0.0,0.0,,0.0,0.0,0.0,1.0,0.0,0.0,0.0,0.0,0.0,2.0,0.0,0.0,0.0,0.0,4,NDM_positive_other_unknown,G204
DEMO_A,Escherichia coli,FICTIONAL_A,2024-05-01,P104,,Homo sapiens,unknown,unknown,synthetic_fixture,SYNTH_00208,1,R,EUCAST,SYNTHETIC_ONLY,2.0,0.0,0.0,0.0,0.0,2.0,0.0,0.0,0.0,0.0,2.0,0.0,0.0,0.0,0.0,1.0,0.0,0.0,0.0,0.0,4.0,0.0,0.0,0.0,0.0,5,unknown,G206
DEMO_A,Klebsiella pneumoniae,FICTIONAL_A,2024-06-01,P104,,Homo sapiens,unknown,unknown,synthetic_fixture,SYNTH_00209,0,S,EUCAST,SYNTHETIC_ONLY,1.0,0.0,0.0,0.0,0.0,-2.0,0.0,0.0,0.0,0.0,-1.0,0.0,0.0,0.0,0.0,0.0,0.0,0.0,0.0,0.0,1.0,0.0,0.0,0.0,0.0,5,unknown,G206
DEMO_A,Escherichia coli,FICTIONAL_A,2024-07-01,P105,,Homo sapiens,positive,positive,synthetic_fixture,SYNTH_00210,0,S,EUCAST,SYNTHETIC_ONLY,-1.0,0.0,0.0,0.0,0.0,1.0,0.0,0.0,0.0,0.0,0.0,0.0,0.0,0.0,0.0,2.0,0.0,0.0,0.0,0.0,0.0,0.0,0.0,0.0,0.0,5,co_producer,G208
DEMO_A,Klebsiella pneumoniae,FICTIONAL_A,2024-08-01,P105,,Homo sapiens,unknown,unknown,synthetic_fixture,SYNTH_00211,0,S,EUCAST,SYNTHETIC_ONLY,-2.0,0.0,0.0,0.0,0.0,1.0,0.0,0.0,0.0,0.0,0.0,0.0,0.0,0.0,0.0,2.0,0.0,0.0,0.0,0.0,0.0,0.0,0.0,0.0,0.0,5,unknown,G208
DEMO_A,Escherichia coli,FICTIONAL_A,2024-09-01,P106,,Homo sapiens,unknown,unknown,synthetic_fixture,SYNTH_00212,1,R,EUCAST,SYNTHETIC_ONLY,,0.0,0.0,0.0,1.0,1.0,0.0,0.0,0.0,0.0,0.0,0.0,0.0,0.0,0.0,3.0,0.0,0.0,0.0,0.0,3.0,0.0,0.0,0.0,0.0,4,unknown,G210
DEMO_A,Klebsiella pneumoniae,FICTIONAL_A,2024-10-01,P106,,Homo sapiens,positive,unknown,synthetic_fixture,SYNTH_00213,0,S,EUCAST,SYNTHETIC_ONLY,-2.0,0.0,0.0,0.0,0.0,-2.0,0.0,0.0,0.0,0.0,0.0,0.0,0.0,0.0,0.0,,0.0,0.0,0.0,1.0,1.0,0.0,0.0,0.0,0.0,4,NDM_positive_other_unknown,G210
DEMO_A,Escherichia coli,FICTIONAL_A,2024-11-01,P107,,Homo sapiens,unknown,unknown,synthetic_fixture,SYNTH_00214,0,S,EUCAST,SYNTHETIC_ONLY,1.0,0.0,0.0,0.0,0.0,1.0,0.0,0.0,0.0,0.0,2.0,0.0,0.0,0.0,0.0,1.0,0.0,0.0,0.0,0.0,,0.0,0.0,0.0,1.0,4,unknown,G212
DEMO_A,Klebsiella pneumoniae,FICTIONAL_A,2024-12-01,P107,,Homo sapiens,unknown,positive,synthetic_fixture,SYNTH_00215,0,S,EUCAST,SYNTHETIC_ONLY,1.0,0.0,0.0,0.0,0.0,0.0,0.0,0.0,0.0,0.0,0.0,0.0,0.0,0.0,0.0,1.0,0.0,0.0,0.0,0.0,1.0,0.0,0.0,0.0,0.0,5,OXA48_positive_other_unknown,G212
DEMO_A,Escherichia coli,FICTIONAL_A,2024-01-01,P108,,Homo sapiens,positive,unknown,synthetic_fixture,SYNTH_00216,0,S,EUCAST,SYNTHETIC_ONLY,1.0,0.0,0.0,0.0,0.0,0.0,0.0,0.0,0.0,0.0,0.0,0.0,0.0,0.0,0.0,2.0,0.0,0.0,0.0,0.0,2.0,0.0,0.0,0.0,0.0,5,NDM_positive_other_unknown,G214
DEMO_A,Klebsiella pneumoniae,FICTIONAL_A,2024-02-01,P108,,Homo sapiens,unknown,unknown,synthetic_fixture,SYNTH_00217,0,S,EUCAST,SYNTHETIC_ONLY,-2.0,0.0,0.0,0.0,0.0,-2.0,0.0,0.0,0.0,0.0,-1.0,0.0,0.0,0.0,0.0,,0.0,0.0,0.0,1.0,1.0,0.0,0.0,0.0,0.0,4,unknown,G214
DEMO_A,Escherichia coli,FICTIONAL_A,2024-03-01,P109,,Homo sapiens,unknown,unknown,synthetic_fixture,SYNTH_00218,1,R,EUCAST,SYNTHETIC_ONLY,1.0,0.0,0.0,0.0,0.0,2.0,0.0,0.0,0.0,0.0,2.0,0.0,0.0,0.0,0.0,3.0,0.0,0.0,0.0,0.0,2.0,0.0,0.0,0.0,0.0,5,unknown,G216
DEMO_A,Klebsiella pneumoniae,FICTIONAL_A,2024-04-01,P109,,Homo sapiens,positive,unknown,synthetic_fixture,SYNTH_00219,0,S,EUCAST,SYNTHETIC_ONLY,-2.0,0.0,0.0,0.0,0.0,0.0,0.0,0.0,0.0,0.0,,0.0,0.0,0.0,1.0,1.0,0.0,0.0,0.0,0.0,1.0,0.0,0.0,0.0,0.0,4,NDM_positive_other_unknown,G216
DEMO_A,Klebsiella pneumoniae,FICTIONAL_A,2024-06-01,P110,,Homo sapiens,unknown,unknown,synthetic_fixture,SYNTH_00221,1,R,EUCAST,SYNTHETIC_ONLY,1.0,0.0,0.0,0.0,0.0,2.0,0.0,0.0,0.0,0.0,4.0,0.0,0.0,0.0,0.0,2.0,0.0,0.0,0.0,0.0,4.0,0.0,0.0,0.0,0.0,5,unknown,G218
DEMO_A,Escherichia coli,FICTIONAL_A,2024-07-01,P111,,Homo sapiens,positive,unknown,synthetic_fixture,SYNTH_00222,1,R,EUCAST,SYNTHETIC_ONLY,0.0,0.0,0.0,0.0,0.0,0.0,0.0,0.0,0.0,0.0,0.0,0.0,0.0,0.0,0.0,-1.0,0.0,0.0,0.0,0.0,2.0,0.0,0.0,0.0,0.0,5,NDM_positive_other_unknown,G219
DEMO_A,Klebsiella pneumoniae,FICTIONAL_A,2024-08-01,P111,,Homo sapiens,unknown,unknown,synthetic_fixture,SYNTH_00223,1,R,EUCAST,SYNTHETIC_ONLY,1.0,0.0,0.0,0.0,0.0,0.0,0.0,0.0,0.0,0.0,3.0,0.0,0.0,0.0,0.0,2.0,0.0,0.0,0.0,0.0,2.0,0.0,0.0,0.0,0.0,5,unknown,G219
DEMO_A,Escherichia coli,FICTIONAL_A,2024-09-01,P112,,Homo sapiens,unknown,unknown,synthetic_fixture,SYNTH_00224,0,S,EUCAST,SYNTHETIC_ONLY,-1.0,0.0,0.0,0.0,0.0,1.0,0.0,0.0,0.0,0.0,2.0,0.0,0.0,0.0,0.0,1.0,0.0,0.0,0.0,0.0,3.0,0.0,0.0,0.0,0.0,5,unknown,G221
DEMO_A,Klebsiella pneumoniae,FICTIONAL_A,2024-10-01,P112,,Homo sapiens,positive,positive,synthetic_fixture,SYNTH_00225,1,R,EUCAST,SYNTHETIC_ONLY,2.0,0.0,0.0,0.0,0.0,2.0,0.0,0.0,0.0,0.0,3.0,0.0,0.0,0.0,0.0,2.0,0.0,0.0,0.0,0.0,3.0,0.0,0.0,0.0,0.0,5,co_producer,G221
DEMO_A,Escherichia coli,FICTIONAL_A,2024-11-01,P113,,Homo sapiens,unknown,unknown,synthetic_fixture,SYNTH_00226,0,S,EUCAST,SYNTHETIC_ONLY,1.0,0.0,0.0,0.0,0.0,1.0,0.0,0.0,0.0,0.0,1.0,0.0,0.0,0.0,0.0,2.0,0.0,0.0,0.0,0.0,3.0,0.0,0.0,0.0,0.0,5,unknown,G223
DEMO_A,Klebsiella pneumoniae,FICTIONAL_A,2024-12-01,P113,,Homo sapiens,unknown,unknown,synthetic_fixture,SYNTH_00227,1,R,EUCAST,SYNTHETIC_ONLY,2.0,0.0,0.0,0.0,0.0,1.0,0.0,0.0,0.0,0.0,0.0,0.0,0.0,0.0,0.0,2.0,0.0,0.0,0.0,0.0,3.0,0.0,0.0,0.0,0.0,5,unknown,G223
DEMO_A,Escherichia coli,FICTIONAL_A,2024-01-01,P114,,Homo sapiens,positive,unknown,synthetic_fixture,SYNTH_00228,1,R,EUCAST,SYNTHETIC_ONLY,0.0,0.0,0.0,0.0,0.0,-1.0,0.0,0.0,0.0,0.0,0.0,0.0,0.0,0.0,0.0,,0.0,0.0,0.0,1.0,0.0,0.0,0.0,0.0,0.0,4,NDM_positive_other_unknown,G225
DEMO_A,Klebsiella pneumoniae,FICTIONAL_A,2024-02-01,P114,,Homo sapiens,unknown,unknown,synthetic_fixture,SYNTH_00229,1,R,EUCAST,SYNTHETIC_ONLY,-1.0,0.0,0.0,0.0,0.0,1.0,0.0,0.0,0.0,0.0,1.0,0.0,0.0,0.0,0.0,1.0,0.0,0.0,0.0,0.0,4.0,0.0,0.0,0.0,0.0,5,unknown,G225
DEMO_A,Escherichia coli,FICTIONAL_A,2024-03-01,P115,,Homo sapiens,unknown,positive,synthetic_fixture,SYNTH_00230,0,S,EUCAST,SYNTHETIC_ONLY,2.0,0.0,0.0,0.0,0.0,0.0,0.0,0.0,0.0,0.0,1.0,0.0,0.0,0.0,0.0,2.0,0.0,0.0,0.0,0.0,3.0,0.0,0.0,0.0,0.0,5,OXA48_positive_other_unknown,G227
DEMO_A,Klebsiella pneumoniae,FICTIONAL_A,2024-04-01,P115,,Homo sapiens,positive,unknown,synthetic_fixture,SYNTH_00231,1,R,EUCAST,SYNTHETIC_ONLY,2.0,0.0,0.0,0.0,0.0,2.0,0.0,0.0,0.0,0.0,1.0,0.0,0.0,0.0,0.0,4.0,0.0,0.0,0.0,0.0,4.0,0.0,0.0,0.0,0.0,5,NDM_positive_other_unknown,G227
DEMO_A,Escherichia coli,FICTIONAL_A,2024-05-01,P116,,Homo sapiens,unknown,unknown,synthetic_fixture,SYNTH_00232,0,S,EUCAST,SYNTHETIC_ONLY,-2.0,0.0,0.0,0.0,0.0,0.0,0.0,0.0,0.0,0.0,0.0,0.0,0.0,0.0,0.0,1.0,0.0,0.0,0.0,0.0,,0.0,0.0,0.0,1.0,4,unknown,G229
DEMO_A,Klebsiella pneumoniae,FICTIONAL_A,2024-06-01,P116,,Homo sapiens,unknown,unknown,synthetic_fixture,SYNTH_00233,0,S,EUCAST,SYNTHETIC_ONLY,-2.0,0.0,0.0,0.0,0.0,-1.0,0.0,0.0,0.0,0.0,0.0,0.0,0.0,0.0,0.0,0.0,0.0,0.0,0.0,0.0,1.0,0.0,0.0,0.0,0.0,5,unknown,G229
DEMO_A,Escherichia coli,FICTIONAL_A,2024-07-01,P117,,Homo sapiens,positive,unknown,synthetic_fixture,SYNTH_00234,0,S,EUCAST,SYNTHETIC_ONLY,-1.0,0.0,0.0,0.0,0.0,0.0,0.0,0.0,0.0,0.0,2.0,0.0,0.0,0.0,0.0,-1.0,0.0,0.0,0.0,0.0,3.0,0.0,0.0,0.0,0.0,5,NDM_positive_other_unknown,G231
DEMO_A,Klebsiella pneumoniae,FICTIONAL_A,2024-08-01,P117,,Homo sapiens,unknown,positive,synthetic_fixture,SYNTH_00235,1,R,EUCAST,SYNTHETIC_ONLY,-2.0,0.0,0.0,0.0,0.0,-1.0,0.0,0.0,0.0,0.0,,0.0,0.0,0.0,1.0,-1.0,0.0,0.0,0.0,0.0,1.0,0.0,0.0,0.0,0.0,4,OXA48_positive_other_unknown,G231
DEMO_A,Escherichia coli,FICTIONAL_A,2024-09-01,P118,,Homo sapiens,unknown,unknown,synthetic_fixture,SYNTH_00236,0,S,EUCAST,SYNTHETIC_ONLY,1.0,0.0,0.0,0.0,0.0,1.0,0.0,0.0,0.0,0.0,0.0,0.0,0.0,0.0,0.0,0.0,0.0,0.0,0.0,0.0,,0.0,0.0,0.0,1.0,4,unknown,G233
DEMO_A,Klebsiella pneumoniae,FICTIONAL_A,2024-10-01,P118,,Homo sapiens,positive,unknown,synthetic_fixture,SYNTH_00237,1,R,EUCAST,SYNTHETIC_ONLY,2.0,0.0,0.0,0.0,0.0,2.0,0.0,0.0,0.0,0.0,2.0,0.0,0.0,0.0,0.0,,0.0,0.0,0.0,1.0,2.0,0.0,0.0,0.0,0.0,4,NDM_positive_other_unknown,G233
DEMO_A,Escherichia coli,FICTIONAL_A,2024-11-01,P119,,Homo sapiens,unknown,unknown,synthetic_fixture,SYNTH_00238,0,S,EUCAST,SYNTHETIC_ONLY,0.0,0.0,0.0,0.0,0.0,-1.0,0.0,0.0,0.0,0.0,2.0,0.0,0.0,0.0,0.0,2.0,0.0,0.0,0.0,0.0,2.0,0.0,0.0,0.0,0.0,5,unknown,G235
DEMO_A,Klebsiella pneumoniae,FICTIONAL_A,2024-12-01,P119,,Homo sapiens,unknown,unknown,synthetic_fixture,SYNTH_00239,0,S,EUCAST,SYNTHETIC_ONLY,-2.0,0.0,0.0,0.0,0.0,-2.0,0.0,0.0,0.0,0.0,0.0,0.0,0.0,0.0,0.0,0.0,0.0,0.0,0.0,0.0,1.0,0.0,0.0,0.0,0.0,5,unknown,G235
DEMO_A,Escherichia coli,FICTIONAL_A,2024-01-01,P120,,Homo sapiens,positive,positive,synthetic_fixture,SYNTH_00240,1,R,EUCAST,SYNTHETIC_ONLY,,0.0,0.0,0.0,1.0,2.0,0.0,0.0,0.0,0.0,4.0,0.0,0.0,0.0,0.0,4.0,0.0,0.0,0.0,0.0,3.0,0.0,0.0,0.0,0.0,4,co_producer,G237
DEMO_A,Klebsiella pneumoniae,FICTIONAL_A,2024-02-01,P120,,Homo sapiens,unknown,unknown,synthetic_fixture,SYNTH_00241,1,R,EUCAST,SYNTHETIC_ONLY,,0.0,0.0,0.0,1.0,1.0,0.0,0.0,0.0,0.0,0.0,0.0,0.0,0.0,0.0,2.0,0.0,0.0,0.0,0.0,3.0,0.0,0.0,0.0,0.0,4,unknown,G237
DEMO_A,Escherichia coli,FICTIONAL_A,2024-03-01,P121,,Homo sapiens,unknown,unknown,synthetic_fixture,SYNTH_00242,0,S,EUCAST,SYNTHETIC_ONLY,0.0,0.0,0.0,0.0,0.0,-1.0,0.0,0.0,0.0,0.0,2.0,0.0,0.0,0.0,0.0,2.0,0.0,0.0,0.0,0.0,2.0,0.0,0.0,0.0,0.0,5,unknown,G239
DEMO_A,Klebsiella pneumoniae,FICTIONAL_A,2024-04-01,P121,,Homo sapiens,positive,unknown,synthetic_fixture,SYNTH_00243,0,S,EUCAST,SYNTHETIC_ONLY,2.0,0.0,0.0,0.0,0.0,,0.0,0.0,0.0,1.0,1.0,0.0,0.0,0.0,0.0,3.0,0.0,0.0,0.0,0.0,2.0,0.0,0.0,0.0,0.0,4,NDM_positive_other_unknown,G239
DEMO_A,Escherichia coli,FICTIONAL_A,2024-05-01,P122,,Homo sapiens,unknown,unknown,synthetic_fixture,SYNTH_00244,1,R,EUCAST,SYNTHETIC_ONLY,1.0,0.0,0.0,0.0,0.0,1.0,0.0,0.0,0.0,0.0,3.0,0.0,0.0,0.0,0.0,1.0,0.0,0.0,0.0,0.0,4.0,0.0,0.0,0.0,0.0,5,unknown,G241
DEMO_A,Klebsiella pneumoniae,FICTIONAL_A,2024-06-01,P122,,Homo sapiens,unknown,positive,synthetic_fixture,SYNTH_00245,1,R,EUCAST,SYNTHETIC_ONLY,1.0,0.0,0.0,0.0,0.0,1.0,0.0,0.0,0.0,0.0,2.0,0.0,0.0,0.0,0.0,1.0,0.0,0.0,0.0,0.0,,0.0,0.0,0.0,1.0,4,OXA48_positive_other_unknown,G241
DEMO_A,Escherichia coli,FICTIONAL_A,2024-07-01,P123,,Homo sapiens,positive,unknown,synthetic_fixture,SYNTH_00246,1,R,EUCAST,SYNTHETIC_ONLY,,0.0,0.0,0.0,1.0,1.0,0.0,0.0,0.0,0.0,2.0,0.0,0.0,0.0,0.0,2.0,0.0,0.0,0.0,0.0,,0.0,0.0,0.0,1.0,3,NDM_positive_other_unknown,G243
DEMO_A,Klebsiella pneumoniae,FICTIONAL_A,2024-08-01,P123,,Homo sapiens,unknown,unknown,synthetic_fixture,SYNTH_00247,0,S,EUCAST,SYNTHETIC_ONLY,0.0,0.0,0.0,0.0,0.0,-2.0,0.0,0.0,0.0,0.0,,0.0,0.0,0.0,1.0,0.0,0.0,0.0,0.0,0.0,2.0,0.0,0.0,0.0,0.0,4,unknown,G243
DEMO_A,Escherichia coli,FICTIONAL_A,2024-09-01,P124,,Homo sapiens,unknown,unknown,synthetic_fixture,SYNTH_00248,1,R,EUCAST,SYNTHETIC_ONLY,4.0,0.0,0.0,0.0,0.0,,0.0,0.0,0.0,1.0,3.0,0.0,0.0,0.0,0.0,3.0,0.0,0.0,0.0,0.0,4.0,0.0,0.0,0.0,0.0,4,unknown,G245
DEMO_A,Klebsiella pneumoniae,FICTIONAL_A,2024-10-01,P124,,Homo sapiens,positive,unknown,synthetic_fixture,SYNTH_00249,1,R,EUCAST,SYNTHETIC_ONLY,0.0,0.0,0.0,0.0,0.0,1.0,0.0,0.0,0.0,0.0,1.0,0.0,0.0,0.0,0.0,1.0,0.0,0.0,0.0,0.0,3.0,0.0,0.0,0.0,0.0,5,NDM_positive_other_unknown,G245
DEMO_A,Escherichia coli,FICTIONAL_A,2024-11-01,P125,,Homo sapiens,unknown,positive,synthetic_fixture,SYNTH_00250,1,R,EUCAST,SYNTHETIC_ONLY,2.0,0.0,0.0,0.0,0.0,,0.0,0.0,0.0,1.0,3.0,0.0,0.0,0.0,0.0,,0.0,0.0,0.0,1.0,2.0,0.0,0.0,0.0,0.0,3,OXA48_positive_other_unknown,G247
DEMO_A,Klebsiella pneumoniae,FICTIONAL_A,2024-12-01,P125,,Homo sapiens,unknown,unknown,synthetic_fixture,SYNTH_00251,0,S,EUCAST,SYNTHETIC_ONLY,-2.0,0.0,0.0,0.0,0.0,-1.0,0.0,0.0,0.0,0.0,1.0,0.0,0.0,0.0,0.0,1.0,0.0,0.0,0.0,0.0,0.0,0.0,0.0,0.0,0.0,5,unknown,G247
DEMO_A,Escherichia coli,FICTIONAL_A,2024-01-01,P126,,Homo sapiens,positive,unknown,synthetic_fixture,SYNTH_00252,0,S,EUCAST,SYNTHETIC_ONLY,-1.0,0.0,0.0,0.0,0.0,-1.0,0.0,0.0,0.0,0.0,0.0,0.0,0.0,0.0,0.0,1.0,0.0,0.0,0.0,0.0,2.0,0.0,0.0,0.0,0.0,5,NDM_positive_other_unknown,G249
DEMO_A,Klebsiella pneumoniae,FICTIONAL_A,2024-02-01,P126,,Homo sapiens,unknown,unknown,synthetic_fixture,SYNTH_00253,1,R,EUCAST,SYNTHETIC_ONLY,2.0,0.0,0.0,0.0,0.0,1.0,0.0,0.0,0.0,0.0,1.0,0.0,0.0,0.0,0.0,2.0,0.0,0.0,0.0,0.0,2.0,0.0,0.0,0.0,0.0,5,unknown,G249
DEMO_A,Escherichia coli,FICTIONAL_A,2024-03-01,P127,,Homo sapiens,unknown,unknown,synthetic_fixture,SYNTH_00254,0,S,EUCAST,SYNTHETIC_ONLY,0.0,0.0,0.0,0.0,0.0,-1.0,0.0,0.0,0.0,0.0,0.0,0.0,0.0,0.0,0.0,2.0,0.0,0.0,0.0,0.0,1.0,0.0,0.0,0.0,0.0,5,unknown,G251
DEMO_A,Klebsiella pneumoniae,FICTIONAL_A,2024-04-01,P127,,Homo sapiens,positive,positive,synthetic_fixture,SYNTH_00255,1,R,EUCAST,SYNTHETIC_ONLY,-1.0,0.0,0.0,0.0,0.0,0.0,0.0,0.0,0.0,0.0,1.0,0.0,0.0,0.0,0.0,2.0,0.0,0.0,0.0,0.0,,0.0,0.0,0.0,1.0,4,co_producer,G251
DEMO_A,Escherichia coli,FICTIONAL_A,2024-05-01,P128,,Homo sapiens,unknown,unknown,synthetic_fixture,SYNTH_00256,1,R,EUCAST,SYNTHETIC_ONLY,2.0,0.0,0.0,0.0,0.0,2.0,0.0,0.0,0.0,0.0,2.0,0.0,0.0,0.0,0.0,4.0,0.0,0.0,0.0,0.0,3.0,0.0,0.0,0.0,0.0,5,unknown,G253
DEMO_A,Klebsiella pneumoniae,FICTIONAL_A,2024-06-01,P128,,Homo sapiens,unknown,unknown,synthetic_fixture,SYNTH_00257,0,S,EUCAST,SYNTHETIC_ONLY,0.0,0.0,0.0,0.0,0.0,,0.0,0.0,0.0,1.0,-1.0,0.0,0.0,0.0,0.0,-1.0,0.0,0.0,0.0,0.0,,0.0,0.0,0.0,1.0,3,unknown,G253
DEMO_A,Escherichia coli,FICTIONAL_A,2024-07-01,P129,,Homo sapiens,positive,unknown,synthetic_fixture,SYNTH_00258,0,S,EUCAST,SYNTHETIC_ONLY,1.0,0.0,0.0,0.0,0.0,0.0,0.0,0.0,0.0,0.0,1.0,0.0,0.0,0.0,0.0,2.0,0.0,0.0,0.0,0.0,3.0,0.0,0.0,0.0,0.0,5,NDM_positive_other_unknown,G255
DEMO_A,Klebsiella pneumoniae,FICTIONAL_A,2024-08-01,P129,,Homo sapiens,unknown,unknown,synthetic_fixture,SYNTH_00259,0,S,EUCAST,SYNTHETIC_ONLY,-1.0,0.0,0.0,0.0,0.0,-3.0,0.0,0.0,0.0,0.0,1.0,0.0,0.0,0.0,0.0,1.0,0.0,0.0,0.0,0.0,0.0,0.0,0.0,0.0,0.0,5,unknown,G255
DEMO_A,Escherichia coli,FICTIONAL_A,2024-09-01,P130,,Homo sapiens,unknown,positive,synthetic_fixture,SYNTH_00260,1,R,EUCAST,SYNTHETIC_ONLY,,0.0,0.0,0.0,1.0,-1.0,0.0,0.0,0.0,0.0,0.0,0.0,0.0,0.0,0.0,1.0,0.0,0.0,0.0,0.0,2.0,0.0,0.0,0.0,0.0,4,OXA48_positive_other_unknown,G257
DEMO_A,Klebsiella pneumoniae,FICTIONAL_A,2024-10-01,P130,,Homo sapiens,positive,unknown,synthetic_fixture,SYNTH_00261,0,S,EUCAST,SYNTHETIC_ONLY,0.0,0.0,0.0,0.0,0.0,-1.0,0.0,0.0,0.0,0.0,1.0,0.0,0.0,0.0,0.0,4.0,0.0,0.0,0.0,0.0,4.0,0.0,0.0,0.0,0.0,5,NDM_positive_other_unknown,G257
DEMO_A,Escherichia coli,FICTIONAL_A,2024-11-01,P131,,Homo sapiens,unknown,unknown,synthetic_fixture,SYNTH_00262,0,S,EUCAST,SYNTHETIC_ONLY,-1.0,0.0,0.0,0.0,0.0,2.0,0.0,0.0,0.0,0.0,2.0,0.0,0.0,0.0,0.0,3.0,0.0,0.0,0.0,0.0,4.0,0.0,0.0,0.0,0.0,5,unknown,G259
DEMO_A,Klebsiella pneumoniae,FICTIONAL_A,2024-12-01,P131,,Homo sapiens,unknown,unknown,synthetic_fixture,SYNTH_00263,0,S,EUCAST,SYNTHETIC_ONLY,2.0,0.0,0.0,0.0,0.0,0.0,0.0,0.0,0.0,0.0,1.0,0.0,0.0,0.0,0.0,0.0,0.0,0.0,0.0,0.0,1.0,0.0,0.0,0.0,0.0,5,unknown,G259
DEMO_A,Escherichia coli,FICTIONAL_A,2024-01-01,P132,,Homo sapiens,positive,unknown,synthetic_fixture,SYNTH_00264,0,S,EUCAST,SYNTHETIC_ONLY,-1.0,0.0,0.0,0.0,0.0,-2.0,0.0,0.0,0.0,0.0,0.0,0.0,0.0,0.0,0.0,0.0,0.0,0.0,0.0,0.0,2.0,0.0,0.0,0.0,0.0,5,NDM_positive_other_unknown,G261
DEMO_A,Klebsiella pneumoniae,FICTIONAL_A,2024-02-01,P132,,Homo sapiens,unknown,positive,synthetic_fixture,SYNTH_00265,0,S,EUCAST,SYNTHETIC_ONLY,2.0,0.0,0.0,0.0,0.0,,0.0,0.0,0.0,1.0,,0.0,0.0,0.0,1.0,2.0,0.0,0.0,0.0,0.0,1.0,0.0,0.0,0.0,0.0,3,OXA48_positive_other_unknown,G261
DEMO_A,Escherichia coli,FICTIONAL_A,2024-03-01,P133,,Homo sapiens,unknown,unknown,synthetic_fixture,SYNTH_00266,0,S,EUCAST,SYNTHETIC_ONLY,0.0,0.0,0.0,0.0,0.0,0.0,0.0,0.0,0.0,0.0,1.0,0.0,0.0,0.0,0.0,1.0,0.0,0.0,0.0,0.0,1.0,0.0,0.0,0.0,0.0,5,unknown,G263
DEMO_A,Klebsiella pneumoniae,FICTIONAL_A,2024-04-01,P133,,Homo sapiens,positive,unknown,synthetic_fixture,SYNTH_00267,1,R,EUCAST,SYNTHETIC_ONLY,1.0,0.0,0.0,0.0,0.0,1.0,0.0,0.0,0.0,0.0,3.0,0.0,0.0,0.0,0.0,4.0,0.0,0.0,0.0,0.0,2.0,0.0,0.0,0.0,0.0,5,NDM_positive_other_unknown,G263
DEMO_A,Escherichia coli,FICTIONAL_A,2024-05-01,P134,,Homo sapiens,unknown,unknown,synthetic_fixture,SYNTH_00268,0,S,EUCAST,SYNTHETIC_ONLY,-2.0,0.0,0.0,0.0,0.0,-1.0,0.0,0.0,0.0,0.0,,0.0,0.0,0.0,1.0,,0.0,0.0,0.0,1.0,2.0,0.0,0.0,0.0,0.0,3,unknown,G265
DEMO_A,Klebsiella pneumoniae,FICTIONAL_A,2024-06-01,P134,,Homo sapiens,unknown,unknown,synthetic_fixture,SYNTH_00269,1,R,EUCAST,SYNTHETIC_ONLY,2.0,0.0,0.0,0.0,0.0,3.0,0.0,0.0,0.0,0.0,2.0,0.0,0.0,0.0,0.0,3.0,0.0,0.0,0.0,0.0,4.0,0.0,0.0,0.0,0.0,5,unknown,G265
DEMO_A,Escherichia coli,FICTIONAL_A,2024-07-01,P135,,Homo sapiens,positive,positive,synthetic_fixture,SYNTH_00270,1,R,EUCAST,SYNTHETIC_ONLY,,0.0,0.0,0.0,1.0,0.0,0.0,0.0,0.0,0.0,2.0,0.0,0.0,0.0,0.0,3.0,0.0,0.0,0.0,0.0,,0.0,0.0,0.0,1.0,3,co_producer,G267
DEMO_A,Klebsiella pneumoniae,FICTIONAL_A,2024-08-01,P135,,Homo sapiens,unknown,unknown,synthetic_fixture,SYNTH_00271,0,S,EUCAST,SYNTHETIC_ONLY,-1.0,0.0,0.0,0.0,0.0,1.0,0.0,0.0,0.0,0.0,0.0,0.0,0.0,0.0,0.0,,0.0,0.0,0.0,1.0,4.0,0.0,0.0,0.0,0.0,4,unknown,G267
DEMO_A,Escherichia coli,FICTIONAL_A,2024-09-01,P136,,Homo sapiens,unknown,unknown,synthetic_fixture,SYNTH_00272,0,S,EUCAST,SYNTHETIC_ONLY,1.0,0.0,0.0,0.0,0.0,-2.0,0.0,0.0,0.0,0.0,,0.0,0.0,0.0,1.0,2.0,0.0,0.0,0.0,0.0,,0.0,0.0,0.0,1.0,3,unknown,G269
DEMO_A,Klebsiella pneumoniae,FICTIONAL_A,2024-10-01,P136,,Homo sapiens,positive,unknown,synthetic_fixture,SYNTH_00273,1,R,EUCAST,SYNTHETIC_ONLY,-1.0,0.0,0.0,0.0,0.0,1.0,0.0,0.0,0.0,0.0,,0.0,0.0,0.0,1.0,2.0,0.0,0.0,0.0,0.0,3.0,0.0,0.0,0.0,0.0,4,NDM_positive_other_unknown,G269
DEMO_A,Escherichia coli,FICTIONAL_A,2024-11-01,P137,,Homo sapiens,unknown,unknown,synthetic_fixture,SYNTH_00274,0,S,EUCAST,SYNTHETIC_ONLY,-2.0,0.0,0.0,0.0,0.0,0.0,0.0,0.0,0.0,0.0,1.0,0.0,0.0,0.0,0.0,2.0,0.0,0.0,0.0,0.0,2.0,0.0,0.0,0.0,0.0,5,unknown,G271
DEMO_A,Klebsiella pneumoniae,FICTIONAL_A,2024-12-01,P137,,Homo sapiens,unknown,positive,synthetic_fixture,SYNTH_00275,0,S,EUCAST,SYNTHETIC_ONLY,-1.0,0.0,0.0,0.0,0.0,,0.0,0.0,0.0,1.0,,0.0,0.0,0.0,1.0,0.0,0.0,0.0,0.0,0.0,3.0,0.0,0.0,0.0,0.0,3,OXA48_positive_other_unknown,G271
DEMO_A,Escherichia coli,FICTIONAL_A,2024-01-01,P138,,Homo sapiens,positive,unknown,synthetic_fixture,SYNTH_00276,1,R,EUCAST,SYNTHETIC_ONLY,4.0,0.0,0.0,0.0,0.0,,0.0,0.0,0.0,1.0,1.0,0.0,0.0,0.0,0.0,3.0,0.0,0.0,0.0,0.0,4.0,0.0,0.0,0.0,0.0,4,NDM_positive_other_unknown,G273
DEMO_A,Klebsiella pneumoniae,FICTIONAL_A,2024-02-01,P138,,Homo sapiens,unknown,unknown,synthetic_fixture,SYNTH_00277,1,R,EUCAST,SYNTHETIC_ONLY,1.0,0.0,0.0,0.0,0.0,0.0,0.0,0.0,0.0,0.0,4.0,0.0,0.0,0.0,0.0,0.0,0.0,0.0,0.0,0.0,2.0,0.0,0.0,0.0,0.0,5,unknown,G273
DEMO_A,Escherichia coli,FICTIONAL_A,2024-03-01,P139,,Homo sapiens,unknown,unknown,synthetic_fixture,SYNTH_00278,1,R,EUCAST,SYNTHETIC_ONLY,0.0,0.0,0.0,0.0,0.0,0.0,0.0,0.0,0.0,0.0,1.0,0.0,0.0,0.0,0.0,3.0,0.0,0.0,0.0,0.0,3.0,0.0,0.0,0.0,0.0,5,unknown,G275
DEMO_A,Klebsiella pneumoniae,FICTIONAL_A,2024-04-01,P139,,Homo sapiens,positive,unknown,synthetic_fixture,SYNTH_00279,1,R,EUCAST,SYNTHETIC_ONLY,1.0,0.0,0.0,0.0,0.0,1.0,0.0,0.0,0.0,0.0,,0.0,0.0,0.0,1.0,0.0,0.0,0.0,0.0,0.0,3.0,0.0,0.0,0.0,0.0,4,NDM_positive_other_unknown,G275
DEMO_A,Escherichia coli,FICTIONAL_A,2024-05-01,P140,,Homo sapiens,unknown,positive,synthetic_fixture,SYNTH_00280,0,S,EUCAST,SYNTHETIC_ONLY,0.0,0.0,0.0,0.0,0.0,0.0,0.0,0.0,0.0,0.0,1.0,0.0,0.0,0.0,0.0,1.0,0.0,0.0,0.0,0.0,3.0,0.0,0.0,0.0,0.0,5,OXA48_positive_other_unknown,G277
DEMO_A,Klebsiella pneumoniae,FICTIONAL_A,2024-06-01,P140,,Homo sapiens,unknown,unknown,synthetic_fixture,SYNTH_00281,0,S,EUCAST,SYNTHETIC_ONLY,-2.0,0.0,0.0,0.0,0.0,0.0,0.0,0.0,0.0,0.0,1.0,0.0,0.0,0.0,0.0,0.0,0.0,0.0,0.0,0.0,,0.0,0.0,0.0,1.0,4,unknown,G277
DEMO_A,Escherichia coli,FICTIONAL_A,2024-07-01,P141,,Homo sapiens,positive,unknown,synthetic_fixture,SYNTH_00282,1,R,EUCAST,SYNTHETIC_ONLY,0.0,0.0,0.0,0.0,0.0,1.0,0.0,0.0,0.0,0.0,,0.0,0.0,0.0,1.0,2.0,0.0,0.0,0.0,0.0,3.0,0.0,0.0,0.0,0.0,4,NDM_positive_other_unknown,G279
DEMO_A,Klebsiella pneumoniae,FICTIONAL_A,2024-08-01,P141,,Homo sapiens,unknown,unknown,synthetic_fixture,SYNTH_00283,1,R,EUCAST,SYNTHETIC_ONLY,2.0,0.0,0.0,0.0,0.0,1.0,0.0,0.0,0.0,0.0,,0.0,0.0,0.0,1.0,2.0,0.0,0.0,0.0,0.0,4.0,0.0,0.0,0.0,0.0,4,unknown,G279
DEMO_A,Escherichia coli,FICTIONAL_A,2024-09-01,P142,,Homo sapiens,unknown,unknown,synthetic_fixture,SYNTH_00284,0,S,EUCAST,SYNTHETIC_ONLY,-3.0,0.0,0.0,0.0,0.0,-1.0,0.0,0.0,0.0,0.0,1.0,0.0,0.0,0.0,0.0,1.0,0.0,0.0,0.0,0.0,2.0,0.0,0.0,0.0,0.0,5,unknown,G281
DEMO_A,Klebsiella pneumoniae,FICTIONAL_A,2024-10-01,P142,,Homo sapiens,positive,positive,synthetic_fixture,SYNTH_00285,0,S,EUCAST,SYNTHETIC_ONLY,,0.0,0.0,0.0,1.0,0.0,0.0,0.0,0.0,0.0,-1.0,0.0,0.0,0.0,0.0,1.0,0.0,0.0,0.0,0.0,1.0,0.0,0.0,0.0,0.0,4,co_producer,G281
DEMO_A,Escherichia coli,FICTIONAL_A,2024-11-01,P143,,Homo sapiens,unknown,unknown,synthetic_fixture,SYNTH_00286,0,S,EUCAST,SYNTHETIC_ONLY,-1.0,0.0,0.0,0.0,0.0,1.0,0.0,0.0,0.0,0.0,0.0,0.0,0.0,0.0,0.0,-1.0,0.0,0.0,0.0,0.0,3.0,0.0,0.0,0.0,0.0,5,unknown,G283
DEMO_A,Klebsiella pneumoniae,FICTIONAL_A,2024-12-01,P143,,Homo sapiens,unknown,unknown,synthetic_fixture,SYNTH_00287,0,S,EUCAST,SYNTHETIC_ONLY,-1.0,0.0,0.0,0.0,0.0,-1.0,0.0,0.0,0.0,0.0,0.0,0.0,0.0,0.0,0.0,1.0,0.0,0.0,0.0,0.0,1.0,0.0,0.0,0.0,0.0,5,unknown,G283
DEMO_A,Escherichia coli,FICTIONAL_A,2024-01-01,P144,,Homo sapiens,positive,unknown,synthetic_fixture,SYNTH_00288,0,S,EUCAST,SYNTHETIC_ONLY,1.0,0.0,0.0,0.0,0.0,2.0,0.0,0.0,0.0,0.0,3.0,0.0,0.0,0.0,0.0,3.0,0.0,0.0,0.0,0.0,4.0,0.0,0.0,0.0,0.0,5,NDM_positive_other_unknown,G285
DEMO_A,Klebsiella pneumoniae,FICTIONAL_A,2024-02-01,P144,,Homo sapiens,unknown,unknown,synthetic_fixture,SYNTH_00289,0,S,EUCAST,SYNTHETIC_ONLY,0.0,0.0,0.0,0.0,0.0,1.0,0.0,0.0,0.0,0.0,,0.0,0.0,0.0,1.0,2.0,0.0,0.0,0.0,0.0,1.0,0.0,0.0,0.0,0.0,4,unknown,G285
DEMO_A,Escherichia coli,FICTIONAL_A,2024-03-01,P145,,Homo sapiens,unknown,positive,synthetic_fixture,SYNTH_00290,1,R,EUCAST,SYNTHETIC_ONLY,1.0,0.0,0.0,0.0,0.0,4.0,0.0,0.0,0.0,0.0,2.0,0.0,0.0,0.0,0.0,1.0,0.0,0.0,0.0,0.0,2.0,0.0,0.0,0.0,0.0,5,OXA48_positive_other_unknown,G287
DEMO_A,Klebsiella pneumoniae,FICTIONAL_A,2024-04-01,P145,,Homo sapiens,positive,unknown,synthetic_fixture,SYNTH_00291,1,R,EUCAST,SYNTHETIC_ONLY,2.0,0.0,0.0,0.0,0.0,1.0,0.0,0.0,0.0,0.0,3.0,0.0,0.0,0.0,0.0,,0.0,0.0,0.0,1.0,2.0,0.0,0.0,0.0,0.0,4,NDM_positive_other_unknown,G287
DEMO_A,Escherichia coli,FICTIONAL_A,2024-05-01,P146,,Homo sapiens,unknown,unknown,synthetic_fixture,SYNTH_00292,1,R,EUCAST,SYNTHETIC_ONLY,0.0,0.0,0.0,0.0,0.0,1.0,0.0,0.0,0.0,0.0,1.0,0.0,0.0,0.0,0.0,2.0,0.0,0.0,0.0,0.0,2.0,0.0,0.0,0.0,0.0,5,unknown,G289
DEMO_A,Klebsiella pneumoniae,FICTIONAL_A,2024-06-01,P146,,Homo sapiens,unknown,unknown,synthetic_fixture,SYNTH_00293,0,S,EUCAST,SYNTHETIC_ONLY,,0.0,0.0,0.0,1.0,-1.0,0.0,0.0,0.0,0.0,1.0,0.0,0.0,0.0,0.0,,0.0,0.0,0.0,1.0,3.0,0.0,0.0,0.0,0.0,3,unknown,G289
DEMO_A,Escherichia coli,FICTIONAL_A,2024-07-01,P147,,Homo sapiens,positive,unknown,synthetic_fixture,SYNTH_00294,0,S,EUCAST,SYNTHETIC_ONLY,-1.0,0.0,0.0,0.0,0.0,-2.0,0.0,0.0,0.0,0.0,0.0,0.0,0.0,0.0,0.0,0.0,0.0,0.0,0.0,0.0,-2.0,0.0,0.0,0.0,0.0,5,NDM_positive_other_unknown,G291
DEMO_A,Klebsiella pneumoniae,FICTIONAL_A,2024-08-01,P147,,Homo sapiens,unknown,positive,synthetic_fixture,SYNTH_00295,0,S,EUCAST,SYNTHETIC_ONLY,0.0,0.0,0.0,0.0,0.0,,0.0,0.0,0.0,1.0,1.0,0.0,0.0,0.0,0.0,2.0,0.0,0.0,0.0,0.0,2.0,0.0,0.0,0.0,0.0,4,OXA48_positive_other_unknown,G291
DEMO_A,Escherichia coli,FICTIONAL_A,2024-09-01,P148,,Homo sapiens,unknown,unknown,synthetic_fixture,SYNTH_00296,0,S,EUCAST,SYNTHETIC_ONLY,-1.0,0.0,0.0,0.0,0.0,-1.0,0.0,0.0,0.0,0.0,1.0,0.0,0.0,0.0,0.0,,0.0,0.0,0.0,1.0,2.0,0.0,0.0,0.0,0.0,4,unknown,G293
DEMO_A,Klebsiella pneumoniae,FICTIONAL_A,2024-10-01,P148,,Homo sapiens,positive,unknown,synthetic_fixture,SYNTH_00297,0,S,EUCAST,SYNTHETIC_ONLY,,0.0,0.0,0.0,1.0,2.0,0.0,0.0,0.0,0.0,0.0,0.0,0.0,0.0,0.0,1.0,0.0,0.0,0.0,0.0,0.0,0.0,0.0,0.0,0.0,4,NDM_positive_other_unknown,G293
DEMO_A,Escherichia coli,FICTIONAL_A,2024-11-01,P149,,Homo sapiens,unknown,unknown,synthetic_fixture,SYNTH_00298,0,S,EUCAST,SYNTHETIC_ONLY,-1.0,0.0,0.0,0.0,0.0,1.0,0.0,0.0,0.0,0.0,0.0,0.0,0.0,0.0,0.0,-1.0,0.0,0.0,0.0,0.0,2.0,0.0,0.0,0.0,0.0,5,unknown,G295
DEMO_A,Klebsiella pneumoniae,FICTIONAL_A,2024-12-01,P149,,Homo sapiens,unknown,unknown,synthetic_fixture,SYNTH_00299,1,R,EUCAST,SYNTHETIC_ONLY,-1.0,0.0,0.0,0.0,0.0,2.0,0.0,0.0,0.0,0.0,1.0,0.0,0.0,0.0,0.0,3.0,0.0,0.0,0.0,0.0,1.0,0.0,0.0,0.0,0.0,5,unknown,G295
DEMO_A,Escherichia coli,FICTIONAL_A,2024-01-01,P150,,Homo sapiens,positive,positive,synthetic_fixture,SYNTH_00300,0,S,EUCAST,SYNTHETIC_ONLY,0.0,0.0,0.0,0.0,0.0,-1.0,0.0,0.0,0.0,0.0,1.0,0.0,0.0,0.0,0.0,2.0,0.0,0.0,0.0,0.0,2.0,0.0,0.0,0.0,0.0,5,co_producer,G297
DEMO_A,Klebsiella pneumoniae,FICTIONAL_A,2024-02-01,P150,,Homo sapiens,unknown,unknown,synthetic_fixture,SYNTH_00301,1,R,EUCAST,SYNTHETIC_ONLY,3.0,0.0,0.0,0.0,0.0,1.0,0.0,0.0,0.0,0.0,3.0,0.0,0.0,0.0,0.0,0.0,0.0,0.0,0.0,0.0,2.0,0.0,0.0,0.0,0.0,5,unknown,G297
DEMO_A,Escherichia coli,FICTIONAL_A,2024-03-01,P151,,Homo sapiens,unknown,unknown,synthetic_fixture,SYNTH_00302,0,S,EUCAST,SYNTHETIC_ONLY,-1.0,0.0,0.0,0.0,0.0,0.0,0.0,0.0,0.0,0.0,3.0,0.0,0.0,0.0,0.0,2.0,0.0,0.0,0.0,0.0,3.0,0.0,0.0,0.0,0.0,5,unknown,G299
DEMO_A,Klebsiella pneumoniae,FICTIONAL_A,2024-04-01,P151,,Homo sapiens,positive,unknown,synthetic_fixture,SYNTH_00303,0,S,EUCAST,SYNTHETIC_ONLY,-1.0,0.0,0.0,0.0,0.0,,0.0,0.0,0.0,1.0,1.0,0.0,0.0,0.0,0.0,2.0,0.0,0.0,0.0,0.0,1.0,0.0,0.0,0.0,0.0,4,NDM_positive_other_unknown,G299
DEMO_A,Escherichia coli,FICTIONAL_A,2024-05-01,P152,,Homo sapiens,unknown,unknown,synthetic_fixture,SYNTH_00304,0,S,EUCAST,SYNTHETIC_ONLY,1.0,0.0,0.0,0.0,0.0,-1.0,0.0,0.0,0.0,0.0,0.0,0.0,0.0,0.0,0.0,4.0,0.0,0.0,0.0,0.0,0.0,0.0,0.0,0.0,0.0,5,unknown,G301
DEMO_A,Klebsiella pneumoniae,FICTIONAL_A,2024-06-01,P152,,Homo sapiens,unknown,positive,synthetic_fixture,SYNTH_00305,1,R,EUCAST,SYNTHETIC_ONLY,1.0,0.0,0.0,0.0,0.0,2.0,0.0,0.0,0.0,0.0,3.0,0.0,0.0,0.0,0.0,2.0,0.0,0.0,0.0,0.0,3.0,0.0,0.0,0.0,0.0,5,OXA48_positive_other_unknown,G301
DEMO_A,Escherichia coli,FICTIONAL_A,2024-07-01,P153,,Homo sapiens,positive,unknown,synthetic_fixture,SYNTH_00306,0,S,EUCAST,SYNTHETIC_ONLY,1.0,0.0,0.0,0.0,0.0,1.0,0.0,0.0,0.0,0.0,1.0,0.0,0.0,0.0,0.0,1.0,0.0,0.0,0.0,0.0,1.0,0.0,0.0,0.0,0.0,5,NDM_positive_other_unknown,G303
DEMO_A,Klebsiella pneumoniae,FICTIONAL_A,2024-08-01,P153,,Homo sapiens,unknown,unknown,synthetic_fixture,SYNTH_00307,0,S,EUCAST,SYNTHETIC_ONLY,0.0,0.0,0.0,0.0,0.0,1.0,0.0,0.0,0.0,0.0,1.0,0.0,0.0,0.0,0.0,3.0,0.0,0.0,0.0,0.0,1.0,0.0,0.0,0.0,0.0,5,unknown,G303
DEMO_A,Escherichia coli,FICTIONAL_A,2024-09-01,P154,,Homo sapiens,unknown,unknown,synthetic_fixture,SYNTH_00308,1,R,EUCAST,SYNTHETIC_ONLY,1.0,0.0,0.0,0.0,0.0,0.0,0.0,0.0,0.0,0.0,0.0,0.0,0.0,0.0,0.0,,0.0,0.0,0.0,1.0,2.0,0.0,0.0,0.0,0.0,4,unknown,G305
DEMO_A,Klebsiella pneumoniae,FICTIONAL_A,2024-10-01,P154,,Homo sapiens,positive,unknown,synthetic_fixture,SYNTH_00309,0,S,EUCAST,SYNTHETIC_ONLY,0.0,0.0,0.0,0.0,0.0,-1.0,0.0,0.0,0.0,0.0,,0.0,0.0,0.0,1.0,0.0,0.0,0.0,0.0,0.0,3.0,0.0,0.0,0.0,0.0,4,NDM_positive_other_unknown,G305
DEMO_A,Escherichia coli,FICTIONAL_A,2024-11-01,P155,,Homo sapiens,unknown,positive,synthetic_fixture,SYNTH_00310,0,S,EUCAST,SYNTHETIC_ONLY,0.0,0.0,0.0,0.0,0.0,1.0,0.0,0.0,0.0,0.0,2.0,0.0,0.0,0.0,0.0,0.0,0.0,0.0,0.0,0.0,2.0,0.0,0.0,0.0,0.0,5,OXA48_positive_other_unknown,G307
DEMO_A,Klebsiella pneumoniae,FICTIONAL_A,2024-12-01,P155,,Homo sapiens,unknown,unknown,synthetic_fixture,SYNTH_00311,1,R,EUCAST,SYNTHETIC_ONLY,1.0,0.0,0.0,0.0,0.0,2.0,0.0,0.0,0.0,0.0,1.0,0.0,0.0,0.0,0.0,3.0,0.0,0.0,0.0,0.0,3.0,0.0,0.0,0.0,0.0,5,unknown,G307
DEMO_A,Escherichia coli,FICTIONAL_A,2024-01-01,P156,,Homo sapiens,positive,unknown,synthetic_fixture,SYNTH_00312,0,S,EUCAST,SYNTHETIC_ONLY,-2.0,0.0,0.0,0.0,0.0,0.0,0.0,0.0,0.0,0.0,1.0,0.0,0.0,0.0,0.0,0.0,0.0,0.0,0.0,0.0,,0.0,0.0,0.0,1.0,4,NDM_positive_other_unknown,G309
DEMO_A,Klebsiella pneumoniae,FICTIONAL_A,2024-02-01,P156,,Homo sapiens,unknown,unknown,synthetic_fixture,SYNTH_00313,0,S,EUCAST,SYNTHETIC_ONLY,1.0,0.0,0.0,0.0,0.0,1.0,0.0,0.0,0.0,0.0,2.0,0.0,0.0,0.0,0.0,2.0,0.0,0.0,0.0,0.0,,0.0,0.0,0.0,1.0,4,unknown,G309
DEMO_A,Escherichia coli,FICTIONAL_A,2024-03-01,P157,,Homo sapiens,unknown,unknown,synthetic_fixture,SYNTH_00314,1,R,EUCAST,SYNTHETIC_ONLY,,0.0,0.0,0.0,1.0,1.0,0.0,0.0,0.0,0.0,2.0,0.0,0.0,0.0,0.0,2.0,0.0,0.0,0.0,0.0,2.0,0.0,0.0,0.0,0.0,4,unknown,G311
DEMO_A,Klebsiella pneumoniae,FICTIONAL_A,2024-04-01,P157,,Homo sapiens,positive,positive,synthetic_fixture,SYNTH_00315,1,R,EUCAST,SYNTHETIC_ONLY,-1.0,0.0,0.0,0.0,0.0,0.0,0.0,0.0,0.0,0.0,1.0,0.0,0.0,0.0,0.0,3.0,0.0,0.0,0.0,0.0,2.0,0.0,0.0,0.0,0.0,5,co_producer,G311
DEMO_A,Escherichia coli,FICTIONAL_A,2024-05-01,P158,,Homo sapiens,unknown,unknown,synthetic_fixture,SYNTH_00316,1,R,EUCAST,SYNTHETIC_ONLY,1.0,0.0,0.0,0.0,0.0,4.0,0.0,0.0,0.0,0.0,2.0,0.0,0.0,0.0,0.0,3.0,0.0,0.0,0.0,0.0,,0.0,0.0,0.0,1.0,4,unknown,G313
DEMO_A,Klebsiella pneumoniae,FICTIONAL_A,2024-06-01,P158,,Homo sapiens,unknown,unknown,synthetic_fixture,SYNTH_00317,0,S,EUCAST,SYNTHETIC_ONLY,-2.0,0.0,0.0,0.0,0.0,-2.0,0.0,0.0,0.0,0.0,,0.0,0.0,0.0,1.0,,0.0,0.0,0.0,1.0,1.0,0.0,0.0,0.0,0.0,3,unknown,G313
DEMO_A,Escherichia coli,FICTIONAL_A,2024-07-01,P159,,Homo sapiens,positive,unknown,synthetic_fixture,SYNTH_00318,0,S,EUCAST,SYNTHETIC_ONLY,-3.0,0.0,0.0,0.0,0.0,-1.0,0.0,0.0,0.0,0.0,-1.0,0.0,0.0,0.0,0.0,1.0,0.0,0.0,0.0,0.0,3.0,0.0,0.0,0.0,0.0,5,NDM_positive_other_unknown,G315
DEMO_A,Klebsiella pneumoniae,FICTIONAL_A,2024-08-01,P159,,Homo sapiens,unknown,unknown,synthetic_fixture,SYNTH_00319,0,S,EUCAST,SYNTHETIC_ONLY,1.0,0.0,0.0,0.0,0.0,2.0,0.0,0.0,0.0,0.0,1.0,0.0,0.0,0.0,0.0,0.0,0.0,0.0,0.0,0.0,3.0,0.0,0.0,0.0,0.0,5,unknown,G315
DEMO_A,Escherichia coli,FICTIONAL_A,2024-09-01,P160,,Homo sapiens,unknown,positive,synthetic_fixture,SYNTH_00320,0,S,EUCAST,SYNTHETIC_ONLY,2.0,0.0,0.0,0.0,0.0,0.0,0.0,0.0,0.0,0.0,0.0,0.0,0.0,0.0,0.0,1.0,0.0,0.0,0.0,0.0,2.0,0.0,0.0,0.0,0.0,5,OXA48_positive_other_unknown,G317
DEMO_A,Klebsiella pneumoniae,FICTIONAL_A,2024-10-01,P160,,Homo sapiens,positive,unknown,synthetic_fixture,SYNTH_00321,1,R,EUCAST,SYNTHETIC_ONLY,2.0,0.0,0.0,0.0,0.0,2.0,0.0,0.0,0.0,0.0,4.0,0.0,0.0,0.0,0.0,3.0,0.0,0.0,0.0,0.0,3.0,0.0,0.0,0.0,0.0,5,NDM_positive_other_unknown,G317
DEMO_A,Escherichia coli,FICTIONAL_A,2024-11-01,P161,,Homo sapiens,unknown,unknown,synthetic_fixture,SYNTH_00322,0,S,EUCAST,SYNTHETIC_ONLY,-2.0,0.0,0.0,0.0,0.0,-1.0,0.0,0.0,0.0,0.0,1.0,0.0,0.0,0.0,0.0,2.0,0.0,0.0,0.0,0.0,0.0,0.0,0.0,0.0,0.0,5,unknown,G319
DEMO_A,Klebsiella pneumoniae,FICTIONAL_A,2024-12-01,P161,,Homo sapiens,unknown,unknown,synthetic_fixture,SYNTH_00323,0,S,EUCAST,SYNTHETIC_ONLY,-1.0,0.0,0.0,0.0,0.0,-1.0,0.0,0.0,0.0,0.0,0.0,0.0,0.0,0.0,0.0,0.0,0.0,0.0,0.0,0.0,1.0,0.0,0.0,0.0,0.0,5,unknown,G319
DEMO_A,Escherichia coli,FICTIONAL_A,2024-01-01,P162,,Homo sapiens,positive,unknown,synthetic_fixture,SYNTH_00324,0,S,EUCAST,SYNTHETIC_ONLY,0.0,0.0,0.0,0.0,0.0,,0.0,0.0,0.0,1.0,-2.0,0.0,0.0,0.0,0.0,,0.0,0.0,0.0,1.0,0.0,0.0,0.0,0.0,0.0,3,NDM_positive_other_unknown,G321
DEMO_A,Klebsiella pneumoniae,FICTIONAL_A,2024-02-01,P162,,Homo sapiens,unknown,positive,synthetic_fixture,SYNTH_00325,0,S,EUCAST,SYNTHETIC_ONLY,-2.0,0.0,0.0,0.0,0.0,-1.0,0.0,0.0,0.0,0.0,0.0,0.0,0.0,0.0,0.0,1.0,0.0,0.0,0.0,0.0,2.0,0.0,0.0,0.0,0.0,5,OXA48_positive_other_unknown,G321
DEMO_A,Escherichia coli,FICTIONAL_A,2024-03-01,P163,,Homo sapiens,unknown,unknown,synthetic_fixture,SYNTH_00326,0,S,EUCAST,SYNTHETIC_ONLY,1.0,0.0,0.0,0.0,0.0,0.0,0.0,0.0,0.0,0.0,0.0,0.0,0.0,0.0,0.0,2.0,0.0,0.0,0.0,0.0,2.0,0.0,0.0,0.0,0.0,5,unknown,G323
DEMO_A,Klebsiella pneumoniae,FICTIONAL_A,2024-04-01,P163,,Homo sapiens,positive,unknown,synthetic_fixture,SYNTH_00327,1,R,EUCAST,SYNTHETIC_ONLY,1.0,0.0,0.0,0.0,0.0,2.0,0.0,0.0,0.0,0.0,,0.0,0.0,0.0,1.0,2.0,0.0,0.0,0.0,0.0,1.0,0.0,0.0,0.0,0.0,4,NDM_positive_other_unknown,G323
DEMO_A,Escherichia coli,FICTIONAL_A,2024-05-01,P164,,Homo sapiens,unknown,unknown,synthetic_fixture,SYNTH_00328,1,R,EUCAST,SYNTHETIC_ONLY,1.0,0.0,0.0,0.0,0.0,1.0,0.0,0.0,0.0,0.0,1.0,0.0,0.0,0.0,0.0,0.0,0.0,0.0,0.0,0.0,1.0,0.0,0.0,0.0,0.0,5,unknown,G325
DEMO_A,Klebsiella pneumoniae,FICTIONAL_A,2024-06-01,P164,,Homo sapiens,unknown,unknown,synthetic_fixture,SYNTH_00329,1,R,EUCAST,SYNTHETIC_ONLY,-1.0,0.0,0.0,0.0,0.0,0.0,0.0,0.0,0.0,0.0,1.0,0.0,0.0,0.0,0.0,2.0,0.0,0.0,0.0,0.0,2.0,0.0,0.0,0.0,0.0,5,unknown,G325
DEMO_A,Escherichia coli,FICTIONAL_A,2024-07-01,P165,,Homo sapiens,positive,positive,synthetic_fixture,SYNTH_00330,0,S,EUCAST,SYNTHETIC_ONLY,0.0,0.0,0.0,0.0,0.0,0.0,0.0,0.0,0.0,0.0,1.0,0.0,0.0,0.0,0.0,1.0,0.0,0.0,0.0,0.0,3.0,0.0,0.0,0.0,0.0,5,co_producer,G327
DEMO_A,Klebsiella pneumoniae,FICTIONAL_A,2024-08-01,P165,,Homo sapiens,unknown,unknown,synthetic_fixture,SYNTH_00331,1,R,EUCAST,SYNTHETIC_ONLY,0.0,0.0,0.0,0.0,0.0,1.0,0.0,0.0,0.0,0.0,2.0,0.0,0.0,0.0,0.0,1.0,0.0,0.0,0.0,0.0,2.0,0.0,0.0,0.0,0.0,5,unknown,G327
DEMO_A,Escherichia coli,FICTIONAL_A,2024-09-01,P166,,Homo sapiens,unknown,unknown,synthetic_fixture,SYNTH_00332,0,S,EUCAST,SYNTHETIC_ONLY,-3.0,0.0,0.0,0.0,0.0,1.0,0.0,0.0,0.0,0.0,-1.0,0.0,0.0,0.0,0.0,,0.0,0.0,0.0,1.0,0.0,0.0,0.0,0.0,0.0,4,unknown,G329
DEMO_A,Klebsiella pneumoniae,FICTIONAL_A,2024-10-01,P166,,Homo sapiens,positive,unknown,synthetic_fixture,SYNTH_00333,1,R,EUCAST,SYNTHETIC_ONLY,0.0,0.0,0.0,0.0,0.0,0.0,0.0,0.0,0.0,0.0,0.0,0.0,0.0,0.0,0.0,1.0,0.0,0.0,0.0,0.0,1.0,0.0,0.0,0.0,0.0,5,NDM_positive_other_unknown,G329
DEMO_A,Escherichia coli,FICTIONAL_A,2024-11-01,P167,,Homo sapiens,unknown,unknown,synthetic_fixture,SYNTH_00334,0,S,EUCAST,SYNTHETIC_ONLY,-3.0,0.0,0.0,0.0,0.0,0.0,0.0,0.0,0.0,0.0,1.0,0.0,0.0,0.0,0.0,1.0,0.0,0.0,0.0,0.0,2.0,0.0,0.0,0.0,0.0,5,unknown,G331
DEMO_A,Klebsiella pneumoniae,FICTIONAL_A,2024-12-01,P167,,Homo sapiens,unknown,positive,synthetic_fixture,SYNTH_00335,1,R,EUCAST,SYNTHETIC_ONLY,1.0,0.0,0.0,0.0,0.0,1.0,0.0,0.0,0.0,0.0,3.0,0.0,0.0,0.0,0.0,2.0,0.0,0.0,0.0,0.0,2.0,0.0,0.0,0.0,0.0,5,OXA48_positive_other_unknown,G331
DEMO_A,Escherichia coli,FICTIONAL_A,2024-01-01,P168,,Homo sapiens,positive,unknown,synthetic_fixture,SYNTH_00336,1,R,EUCAST,SYNTHETIC_ONLY,0.0,0.0,0.0,0.0,0.0,3.0,0.0,0.0,0.0,0.0,1.0,0.0,0.0,0.0,0.0,2.0,0.0,0.0,0.0,0.0,2.0,0.0,0.0,0.0,0.0,5,NDM_positive_other_unknown,G333
DEMO_A,Klebsiella pneumoniae,FICTIONAL_A,2024-02-01,P168,,Homo sapiens,unknown,unknown,synthetic_fixture,SYNTH_00337,0,S,EUCAST,SYNTHETIC_ONLY,0.0,0.0,0.0,0.0,0.0,,0.0,0.0,0.0,1.0,1.0,0.0,0.0,0.0,0.0,1.0,0.0,0.0,0.0,0.0,3.0,0.0,0.0,0.0,0.0,4,unknown,G333
DEMO_A,Escherichia coli,FICTIONAL_A,2024-03-01,P169,,Homo sapiens,unknown,unknown,synthetic_fixture,SYNTH_00338,0,S,EUCAST,SYNTHETIC_ONLY,-2.0,0.0,0.0,0.0,0.0,0.0,0.0,0.0,0.0,0.0,-1.0,0.0,0.0,0.0,0.0,1.0,0.0,0.0,0.0,0.0,0.0,0.0,0.0,0.0,0.0,5,unknown,G335
DEMO_A,Klebsiella pneumoniae,FICTIONAL_A,2024-04-01,P169,,Homo sapiens,positive,unknown,synthetic_fixture,SYNTH_00339,0,S,EUCAST,SYNTHETIC_ONLY,,0.0,0.0,0.0,1.0,0.0,0.0,0.0,0.0,0.0,3.0,0.0,0.0,0.0,0.0,3.0,0.0,0.0,0.0,0.0,1.0,0.0,0.0,0.0,0.0,4,NDM_positive_other_unknown,G335
DEMO_A,Escherichia coli,FICTIONAL_A,2024-05-01,P170,,Homo sapiens,unknown,positive,synthetic_fixture,SYNTH_00340,0,S,EUCAST,SYNTHETIC_ONLY,,0.0,0.0,0.0,1.0,0.0,0.0,0.0,0.0,0.0,1.0,0.0,0.0,0.0,0.0,1.0,0.0,0.0,0.0,0.0,3.0,0.0,0.0,0.0,0.0,4,OXA48_positive_other_unknown,G337
DEMO_A,Klebsiella pneumoniae,FICTIONAL_A,2024-06-01,P170,,Homo sapiens,unknown,unknown,synthetic_fixture,SYNTH_00341,1,R,EUCAST,SYNTHETIC_ONLY,,0.0,0.0,0.0,1.0,0.0,0.0,0.0,0.0,0.0,1.0,0.0,0.0,0.0,0.0,1.0,0.0,0.0,0.0,0.0,0.0,0.0,0.0,0.0,0.0,4,unknown,G337
DEMO_A,Escherichia coli,FICTIONAL_A,2024-07-01,P171,,Homo sapiens,positive,unknown,synthetic_fixture,SYNTH_00342,0,S,EUCAST,SYNTHETIC_ONLY,-2.0,0.0,0.0,0.0,0.0,-1.0,0.0,0.0,0.0,0.0,1.0,0.0,0.0,0.0,0.0,-1.0,0.0,0.0,0.0,0.0,,0.0,0.0,0.0,1.0,4,NDM_positive_other_unknown,G339
DEMO_A,Klebsiella pneumoniae,FICTIONAL_A,2024-08-01,P171,,Homo sapiens,unknown,unknown,synthetic_fixture,SYNTH_00343,0,S,EUCAST,SYNTHETIC_ONLY,-3.0,0.0,0.0,0.0,0.0,-2.0,0.0,0.0,0.0,0.0,2.0,0.0,0.0,0.0,0.0,-1.0,0.0,0.0,0.0,0.0,1.0,0.0,0.0,0.0,0.0,5,unknown,G339
DEMO_A,Escherichia coli,FICTIONAL_A,2024-09-01,P172,,Homo sapiens,unknown,unknown,synthetic_fixture,SYNTH_00344,0,S,EUCAST,SYNTHETIC_ONLY,0.0,0.0,0.0,0.0,0.0,0.0,0.0,0.0,0.0,0.0,1.0,0.0,0.0,0.0,0.0,2.0,0.0,0.0,0.0,0.0,,0.0,0.0,0.0,1.0,4,unknown,G341
DEMO_A,Klebsiella pneumoniae,FICTIONAL_A,2024-10-01,P172,,Homo sapiens,positive,positive,synthetic_fixture,SYNTH_00345,0,S,EUCAST,SYNTHETIC_ONLY,-2.0,0.0,0.0,0.0,0.0,0.0,0.0,0.0,0.0,0.0,0.0,0.0,0.0,0.0,0.0,2.0,0.0,0.0,0.0,0.0,1.0,0.0,0.0,0.0,0.0,5,co_producer,G341
DEMO_A,Escherichia coli,FICTIONAL_A,2024-11-01,P173,,Homo sapiens,unknown,unknown,synthetic_fixture,SYNTH_00346,1,R,EUCAST,SYNTHETIC_ONLY,1.0,0.0,0.0,0.0,0.0,3.0,0.0,0.0,0.0,0.0,3.0,0.0,0.0,0.0,0.0,2.0,0.0,0.0,0.0,0.0,2.0,0.0,0.0,0.0,0.0,5,unknown,G343
DEMO_A,Klebsiella pneumoniae,FICTIONAL_A,2024-12-01,P173,,Homo sapiens,unknown,unknown,synthetic_fixture,SYNTH_00347,1,R,EUCAST,SYNTHETIC_ONLY,2.0,0.0,0.0,0.0,0.0,2.0,0.0,0.0,0.0,0.0,2.0,0.0,0.0,0.0,0.0,4.0,0.0,0.0,0.0,0.0,4.0,0.0,0.0,0.0,0.0,5,unknown,G343
DEMO_A,Escherichia coli,FICTIONAL_A,2024-01-01,P174,,Homo sapiens,positive,unknown,synthetic_fixture,SYNTH_00348,0,S,EUCAST,SYNTHETIC_ONLY,-1.0,0.0,0.0,0.0,0.0,-1.0,0.0,0.0,0.0,0.0,-1.0,0.0,0.0,0.0,0.0,1.0,0.0,0.0,0.0,0.0,1.0,0.0,0.0,0.0,0.0,5,NDM_positive_other_unknown,G345
DEMO_A,Klebsiella pneumoniae,FICTIONAL_A,2024-02-01,P174,,Homo sapiens,unknown,unknown,synthetic_fixture,SYNTH_00349,1,R,EUCAST,SYNTHETIC_ONLY,1.0,0.0,0.0,0.0,0.0,1.0,0.0,0.0,0.0,0.0,1.0,0.0,0.0,0.0,0.0,1.0,0.0,0.0,0.0,0.0,1.0,0.0,0.0,0.0,0.0,5,unknown,G345
DEMO_A,Escherichia coli,FICTIONAL_A,2024-03-01,P175,,Homo sapiens,unknown,positive,synthetic_fixture,SYNTH_00350,1,R,EUCAST,SYNTHETIC_ONLY,1.0,0.0,0.0,0.0,0.0,1.0,0.0,0.0,0.0,0.0,2.0,0.0,0.0,0.0,0.0,3.0,0.0,0.0,0.0,0.0,2.0,0.0,0.0,0.0,0.0,5,OXA48_positive_other_unknown,G347
DEMO_A,Klebsiella pneumoniae,FICTIONAL_A,2024-04-01,P175,,Homo sapiens,positive,unknown,synthetic_fixture,SYNTH_00351,0,S,EUCAST,SYNTHETIC_ONLY,-1.0,0.0,0.0,0.0,0.0,1.0,0.0,0.0,0.0,0.0,0.0,0.0,0.0,0.0,0.0,0.0,0.0,0.0,0.0,0.0,2.0,0.0,0.0,0.0,0.0,5,NDM_positive_other_unknown,G347
DEMO_A,Escherichia coli,FICTIONAL_A,2024-05-01,P176,,Homo sapiens,unknown,unknown,synthetic_fixture,SYNTH_00352,1,R,EUCAST,SYNTHETIC_ONLY,0.0,0.0,0.0,0.0,0.0,2.0,0.0,0.0,0.0,0.0,1.0,0.0,0.0,0.0,0.0,2.0,0.0,0.0,0.0,0.0,1.0,0.0,0.0,0.0,0.0,5,unknown,G349
DEMO_A,Klebsiella pneumoniae,FICTIONAL_A,2024-06-01,P176,,Homo sapiens,unknown,unknown,synthetic_fixture,SYNTH_00353,0,S,EUCAST,SYNTHETIC_ONLY,-2.0,0.0,0.0,0.0,0.0,-1.0,0.0,0.0,0.0,0.0,-1.0,0.0,0.0,0.0,0.0,1.0,0.0,0.0,0.0,0.0,0.0,0.0,0.0,0.0,0.0,5,unknown,G349
DEMO_A,Escherichia coli,FICTIONAL_A,2024-07-01,P177,,Homo sapiens,positive,unknown,synthetic_fixture,SYNTH_00354,1,R,EUCAST,SYNTHETIC_ONLY,-1.0,0.0,0.0,0.0,0.0,1.0,0.0,0.0,0.0,0.0,,0.0,0.0,0.0,1.0,0.0,0.0,0.0,0.0,0.0,2.0,0.0,0.0,0.0,0.0,4,NDM_positive_other_unknown,G351
DEMO_A,Klebsiella pneumoniae,FICTIONAL_A,2024-08-01,P177,,Homo sapiens,unknown,positive,synthetic_fixture,SYNTH_00355,0,S,EUCAST,SYNTHETIC_ONLY,,0.0,0.0,0.0,1.0,1.0,0.0,0.0,0.0,0.0,1.0,0.0,0.0,0.0,0.0,2.0,0.0,0.0,0.0,0.0,3.0,0.0,0.0,0.0,0.0,4,OXA48_positive_other_unknown,G351
DEMO_A,Escherichia coli,FICTIONAL_A,2024-09-01,P178,,Homo sapiens,unknown,unknown,synthetic_fixture,SYNTH_00356,1,R,EUCAST,SYNTHETIC_ONLY,,0.0,0.0,0.0,1.0,2.0,0.0,0.0,0.0,0.0,1.0,0.0,0.0,0.0,0.0,2.0,0.0,0.0,0.0,0.0,2.0,0.0,0.0,0.0,0.0,4,unknown,G353
DEMO_A,Klebsiella pneumoniae,FICTIONAL_A,2024-10-01,P178,,Homo sapiens,positive,unknown,synthetic_fixture,SYNTH_00357,0,S,EUCAST,SYNTHETIC_ONLY,,0.0,0.0,0.0,1.0,0.0,0.0,0.0,0.0,0.0,0.0,0.0,0.0,0.0,0.0,-1.0,0.0,0.0,0.0,0.0,2.0,0.0,0.0,0.0,0.0,4,NDM_positive_other_unknown,G353
DEMO_A,Escherichia coli,FICTIONAL_A,2024-11-01,P179,,Homo sapiens,unknown,unknown,synthetic_fixture,SYNTH_00358,1,R,EUCAST,SYNTHETIC_ONLY,0.0,0.0,0.0,0.0,0.0,1.0,0.0,0.0,0.0,0.0,0.0,0.0,0.0,0.0,0.0,1.0,0.0,0.0,0.0,0.0,4.0,0.0,0.0,0.0,0.0,5,unknown,G355
DEMO_A,Klebsiella pneumoniae,FICTIONAL_A,2024-12-01,P179,,Homo sapiens,unknown,unknown,synthetic_fixture,SYNTH_00359,0,S,EUCAST,SYNTHETIC_ONLY,1.0,0.0,0.0,0.0,0.0,1.0,0.0,0.0,0.0,0.0,1.0,0.0,0.0,0.0,0.0,2.0,0.0,0.0,0.0,0.0,1.0,0.0,0.0,0.0,0.0,5,unknown,G355
DEMO_A,Escherichia coli,FICTIONAL_A,2024-01-01,P180,,Homo sapiens,positive,positive,synthetic_fixture,SYNTH_00360,1,R,EUCAST,SYNTHETIC_ONLY,-1.0,0.0,0.0,0.0,0.0,4.0,0.0,0.0,0.0,0.0,3.0,0.0,0.0,0.0,0.0,,0.0,0.0,0.0,1.0,4.0,0.0,0.0,0.0,0.0,4,co_producer,G357
DEMO_A,Klebsiella pneumoniae,FICTIONAL_A,2024-02-01,P180,,Homo sapiens,unknown,unknown,synthetic_fixture,SYNTH_00361,0,S,EUCAST,SYNTHETIC_ONLY,0.0,0.0,0.0,0.0,0.0,-1.0,0.0,0.0,0.0,0.0,1.0,0.0,0.0,0.0,0.0,1.0,0.0,0.0,0.0,0.0,1.0,0.0,0.0,0.0,0.0,5,unknown,G357
DEMO_A,Escherichia coli,FICTIONAL_A,2024-03-01,P181,,Homo sapiens,unknown,unknown,synthetic_fixture,SYNTH_00362,1,R,EUCAST,SYNTHETIC_ONLY,0.0,0.0,0.0,0.0,0.0,1.0,0.0,0.0,0.0,0.0,2.0,0.0,0.0,0.0,0.0,2.0,0.0,0.0,0.0,0.0,3.0,0.0,0.0,0.0,0.0,5,unknown,G359
DEMO_A,Klebsiella pneumoniae,FICTIONAL_A,2024-04-01,P181,,Homo sapiens,positive,unknown,synthetic_fixture,SYNTH_00363,0,S,EUCAST,SYNTHETIC_ONLY,2.0,0.0,0.0,0.0,0.0,-1.0,0.0,0.0,0.0,0.0,-2.0,0.0,0.0,0.0,0.0,3.0,0.0,0.0,0.0,0.0,0.0,0.0,0.0,0.0,0.0,5,NDM_positive_other_unknown,G359
DEMO_A,Escherichia coli,FICTIONAL_A,2024-05-01,P182,,Homo sapiens,unknown,unknown,synthetic_fixture,SYNTH_00364,1,R,EUCAST,SYNTHETIC_ONLY,-1.0,0.0,0.0,0.0,0.0,0.0,0.0,0.0,0.0,0.0,2.0,0.0,0.0,0.0,0.0,,0.0,0.0,0.0,1.0,,0.0,0.0,0.0,1.0,3,unknown,G361
DEMO_A,Klebsiella pneumoniae,FICTIONAL_A,2024-06-01,P182,,Homo sapiens,unknown,positive,synthetic_fixture,SYNTH_00365,0,S,EUCAST,SYNTHETIC_ONLY,-3.0,0.0,0.0,0.0,0.0,0.0,0.0,0.0,0.0,0.0,-1.0,0.0,0.0,0.0,0.0,1.0,0.0,0.0,0.0,0.0,2.0,0.0,0.0,0.0,0.0,5,OXA48_positive_other_unknown,G361
DEMO_A,Escherichia coli,FICTIONAL_A,2024-07-01,P183,,Homo sapiens,positive,unknown,synthetic_fixture,SYNTH_00366,0,S,EUCAST,SYNTHETIC_ONLY,0.0,0.0,0.0,0.0,0.0,,0.0,0.0,0.0,1.0,-1.0,0.0,0.0,0.0,0.0,3.0,0.0,0.0,0.0,0.0,,0.0,0.0,0.0,1.0,3,NDM_positive_other_unknown,G363
DEMO_A,Klebsiella pneumoniae,FICTIONAL_A,2024-08-01,P183,,Homo sapiens,unknown,unknown,synthetic_fixture,SYNTH_00367,1,R,EUCAST,SYNTHETIC_ONLY,-1.0,0.0,0.0,0.0,0.0,-1.0,0.0,0.0,0.0,0.0,2.0,0.0,0.0,0.0,0.0,1.0,0.0,0.0,0.0,0.0,,0.0,0.0,0.0,1.0,4,unknown,G363
DEMO_A,Escherichia coli,FICTIONAL_A,2024-09-01,P184,,Homo sapiens,unknown,unknown,synthetic_fixture,SYNTH_00368,0,S,EUCAST,SYNTHETIC_ONLY,-1.0,0.0,0.0,0.0,0.0,-2.0,0.0,0.0,0.0,0.0,-1.0,0.0,0.0,0.0,0.0,1.0,0.0,0.0,0.0,0.0,3.0,0.0,0.0,0.0,0.0,5,unknown,G365
DEMO_A,Klebsiella pneumoniae,FICTIONAL_A,2024-10-01,P184,,Homo sapiens,positive,unknown,synthetic_fixture,SYNTH_00369,0,S,EUCAST,SYNTHETIC_ONLY,1.0,0.0,0.0,0.0,0.0,0.0,0.0,0.0,0.0,0.0,1.0,0.0,0.0,0.0,0.0,1.0,0.0,0.0,0.0,0.0,3.0,0.0,0.0,0.0,0.0,5,NDM_positive_other_unknown,G365
DEMO_A,Escherichia coli,FICTIONAL_A,2024-11-01,P185,,Homo sapiens,unknown,positive,synthetic_fixture,SYNTH_00370,1,R,EUCAST,SYNTHETIC_ONLY,2.0,0.0,0.0,0.0,0.0,4.0,0.0,0.0,0.0,0.0,,0.0,0.0,0.0,1.0,2.0,0.0,0.0,0.0,0.0,,0.0,0.0,0.0,1.0,3,OXA48_positive_other_unknown,G367
DEMO_A,Klebsiella pneumoniae,FICTIONAL_A,2024-12-01,P185,,Homo sapiens,unknown,unknown,synthetic_fixture,SYNTH_00371,1,R,EUCAST,SYNTHETIC_ONLY,3.0,0.0,0.0,0.0,0.0,1.0,0.0,0.0,0.0,0.0,4.0,0.0,0.0,0.0,0.0,,0.0,0.0,0.0,1.0,,0.0,0.0,0.0,1.0,3,unknown,G367
DEMO_A,Escherichia coli,FICTIONAL_A,2024-01-01,P186,,Homo sapiens,positive,unknown,synthetic_fixture,SYNTH_00372,1,R,EUCAST,SYNTHETIC_ONLY,0.0,0.0,0.0,0.0,0.0,0.0,0.0,0.0,0.0,0.0,0.0,0.0,0.0,0.0,0.0,2.0,0.0,0.0,0.0,0.0,2.0,0.0,0.0,0.0,0.0,5,NDM_positive_other_unknown,G369
DEMO_A,Klebsiella pneumoniae,FICTIONAL_A,2024-02-01,P186,,Homo sapiens,unknown,unknown,synthetic_fixture,SYNTH_00373,0,S,EUCAST,SYNTHETIC_ONLY,,0.0,0.0,0.0,1.0,1.0,0.0,0.0,0.0,0.0,0.0,0.0,0.0,0.0,0.0,3.0,0.0,0.0,0.0,0.0,3.0,0.0,0.0,0.0,0.0,4,unknown,G369
DEMO_A,Escherichia coli,FICTIONAL_A,2024-03-01,P187,,Homo sapiens,unknown,unknown,synthetic_fixture,SYNTH_00374,1,R,EUCAST,SYNTHETIC_ONLY,3.0,0.0,0.0,0.0,0.0,1.0,0.0,0.0,0.0,0.0,2.0,0.0,0.0,0.0,0.0,2.0,0.0,0.0,0.0,0.0,4.0,0.0,0.0,0.0,0.0,5,unknown,G371
DEMO_A,Klebsiella pneumoniae,FICTIONAL_A,2024-04-01,P187,,Homo sapiens,positive,positive,synthetic_fixture,SYNTH_00375,0,S,EUCAST,SYNTHETIC_ONLY,0.0,0.0,0.0,0.0,0.0,1.0,0.0,0.0,0.0,0.0,2.0,0.0,0.0,0.0,0.0,1.0,0.0,0.0,0.0,0.0,3.0,0.0,0.0,0.0,0.0,5,co_producer,G371
DEMO_A,Escherichia coli,FICTIONAL_A,2024-05-01,P188,,Homo sapiens,unknown,unknown,synthetic_fixture,SYNTH_00376,0,S,EUCAST,SYNTHETIC_ONLY,-3.0,0.0,0.0,0.0,0.0,-2.0,0.0,0.0,0.0,0.0,-1.0,0.0,0.0,0.0,0.0,-1.0,0.0,0.0,0.0,0.0,0.0,0.0,0.0,0.0,0.0,5,unknown,G373
DEMO_A,Klebsiella pneumoniae,FICTIONAL_A,2024-06-01,P188,,Homo sapiens,unknown,unknown,synthetic_fixture,SYNTH_00377,1,R,EUCAST,SYNTHETIC_ONLY,1.0,0.0,0.0,0.0,0.0,3.0,0.0,0.0,0.0,0.0,,0.0,0.0,0.0,1.0,3.0,0.0,0.0,0.0,0.0,2.0,0.0,0.0,0.0,0.0,4,unknown,G373
DEMO_A,Escherichia coli,FICTIONAL_A,2024-07-01,P189,,Homo sapiens,positive,unknown,synthetic_fixture,SYNTH_00378,0,S,EUCAST,SYNTHETIC_ONLY,2.0,0.0,0.0,0.0,0.0,,0.0,0.0,0.0,1.0,1.0,0.0,0.0,0.0,0.0,2.0,0.0,0.0,0.0,0.0,,0.0,0.0,0.0,1.0,3,NDM_positive_other_unknown,G375
DEMO_A,Klebsiella pneumoniae,FICTIONAL_A,2024-08-01,P189,,Homo sapiens,unknown,unknown,synthetic_fixture,SYNTH_00379,0,S,EUCAST,SYNTHETIC_ONLY,-1.0,0.0,0.0,0.0,0.0,3.0,0.0,0.0,0.0,0.0,1.0,0.0,0.0,0.0,0.0,2.0,0.0,0.0,0.0,0.0,2.0,0.0,0.0,0.0,0.0,5,unknown,G375
DEMO_A,Escherichia coli,FICTIONAL_A,2024-09-01,P190,,Homo sapiens,unknown,positive,synthetic_fixture,SYNTH_00380,1,R,EUCAST,SYNTHETIC_ONLY,-1.0,0.0,0.0,0.0,0.0,0.0,0.0,0.0,0.0,0.0,3.0,0.0,0.0,0.0,0.0,1.0,0.0,0.0,0.0,0.0,,0.0,0.0,0.0,1.0,4,OXA48_positive_other_unknown,G377
DEMO_A,Klebsiella pneumoniae,FICTIONAL_A,2024-10-01,P190,,Homo sapiens,positive,unknown,synthetic_fixture,SYNTH_00381,0,S,EUCAST,SYNTHETIC_ONLY,-3.0,0.0,0.0,0.0,0.0,0.0,0.0,0.0,0.0,0.0,0.0,0.0,0.0,0.0,0.0,,0.0,0.0,0.0,1.0,-1.0,0.0,0.0,0.0,0.0,4,NDM_positive_other_unknown,G377
DEMO_A,Escherichia coli,FICTIONAL_A,2024-11-01,P191,,Homo sapiens,unknown,unknown,synthetic_fixture,SYNTH_00382,1,R,EUCAST,SYNTHETIC_ONLY,-1.0,0.0,0.0,0.0,0.0,-1.0,0.0,0.0,0.0,0.0,,0.0,0.0,0.0,1.0,3.0,0.0,0.0,0.0,0.0,2.0,0.0,0.0,0.0,0.0,4,unknown,G379
DEMO_A,Klebsiella pneumoniae,FICTIONAL_A,2024-12-01,P191,,Homo sapiens,unknown,unknown,synthetic_fixture,SYNTH_00383,1,R,EUCAST,SYNTHETIC_ONLY,2.0,0.0,0.0,0.0,0.0,0.0,0.0,0.0,0.0,0.0,3.0,0.0,0.0,0.0,0.0,3.0,0.0,0.0,0.0,0.0,,0.0,0.0,0.0,1.0,4,unknown,G379
DEMO_A,Escherichia coli,FICTIONAL_A,2024-01-01,P192,,Homo sapiens,positive,unknown,synthetic_fixture,SYNTH_00384,0,S,EUCAST,SYNTHETIC_ONLY,0.0,0.0,0.0,0.0,0.0,-3.0,0.0,0.0,0.0,0.0,0.0,0.0,0.0,0.0,0.0,-1.0,0.0,0.0,0.0,0.0,1.0,0.0,0.0,0.0,0.0,5,NDM_positive_other_unknown,G381
DEMO_A,Klebsiella pneumoniae,FICTIONAL_A,2024-02-01,P192,,Homo sapiens,unknown,positive,synthetic_fixture,SYNTH_00385,0,S,EUCAST,SYNTHETIC_ONLY,0.0,0.0,0.0,0.0,0.0,2.0,0.0,0.0,0.0,0.0,3.0,0.0,0.0,0.0,0.0,3.0,0.0,0.0,0.0,0.0,1.0,0.0,0.0,0.0,0.0,5,OXA48_positive_other_unknown,G381
DEMO_A,Escherichia coli,FICTIONAL_A,2024-03-01,P193,,Homo sapiens,unknown,unknown,synthetic_fixture,SYNTH_00386,0,S,EUCAST,SYNTHETIC_ONLY,,0.0,0.0,0.0,1.0,-2.0,0.0,0.0,0.0,0.0,0.0,0.0,0.0,0.0,0.0,0.0,0.0,0.0,0.0,0.0,1.0,0.0,0.0,0.0,0.0,4,unknown,G383
DEMO_A,Klebsiella pneumoniae,FICTIONAL_A,2024-04-01,P193,,Homo sapiens,positive,unknown,synthetic_fixture,SYNTH_00387,1,R,EUCAST,SYNTHETIC_ONLY,1.0,0.0,0.0,0.0,0.0,3.0,0.0,0.0,0.0,0.0,3.0,0.0,0.0,0.0,0.0,2.0,0.0,0.0,0.0,0.0,4.0,0.0,0.0,0.0,0.0,5,NDM_positive_other_unknown,G383
DEMO_A,Escherichia coli,FICTIONAL_A,2024-05-01,P194,,Homo sapiens,unknown,unknown,synthetic_fixture,SYNTH_00388,1,R,EUCAST,SYNTHETIC_ONLY,1.0,0.0,0.0,0.0,0.0,-1.0,0.0,0.0,0.0,0.0,0.0,0.0,0.0,0.0,0.0,2.0,0.0,0.0,0.0,0.0,2.0,0.0,0.0,0.0,0.0,5,unknown,G385
DEMO_A,Klebsiella pneumoniae,FICTIONAL_A,2024-06-01,P194,,Homo sapiens,unknown,unknown,synthetic_fixture,SYNTH_00389,0,S,EUCAST,SYNTHETIC_ONLY,,0.0,0.0,0.0,1.0,0.0,0.0,0.0,0.0,0.0,1.0,0.0,0.0,0.0,0.0,,0.0,0.0,0.0,1.0,0.0,0.0,0.0,0.0,0.0,3,unknown,G385
DEMO_A,Escherichia coli,FICTIONAL_A,2024-07-01,P195,,Homo sapiens,positive,positive,synthetic_fixture,SYNTH_00390,0,S,EUCAST,SYNTHETIC_ONLY,-1.0,0.0,0.0,0.0,0.0,0.0,0.0,0.0,0.0,0.0,,0.0,0.0,0.0,1.0,1.0,0.0,0.0,0.0,0.0,1.0,0.0,0.0,0.0,0.0,4,co_producer,G387
DEMO_A,Klebsiella pneumoniae,FICTIONAL_A,2024-08-01,P195,,Homo sapiens,unknown,unknown,synthetic_fixture,SYNTH_00391,0,S,EUCAST,SYNTHETIC_ONLY,0.0,0.0,0.0,0.0,0.0,2.0,0.0,0.0,0.0,0.0,0.0,0.0,0.0,0.0,0.0,1.0,0.0,0.0,0.0,0.0,1.0,0.0,0.0,0.0,0.0,5,unknown,G387
DEMO_A,Escherichia coli,FICTIONAL_A,2024-09-01,P196,,Homo sapiens,unknown,unknown,synthetic_fixture,SYNTH_00392,1,R,EUCAST,SYNTHETIC_ONLY,2.0,0.0,0.0,0.0,0.0,1.0,0.0,0.0,0.0,0.0,1.0,0.0,0.0,0.0,0.0,2.0,0.0,0.0,0.0,0.0,,0.0,0.0,0.0,1.0,4,unknown,G389
DEMO_A,Klebsiella pneumoniae,FICTIONAL_A,2024-10-01,P196,,Homo sapiens,positive,unknown,synthetic_fixture,SYNTH_00393,1,R,EUCAST,SYNTHETIC_ONLY,1.0,0.0,0.0,0.0,0.0,2.0,0.0,0.0,0.0,0.0,2.0,0.0,0.0,0.0,0.0,3.0,0.0,0.0,0.0,0.0,3.0,0.0,0.0,0.0,0.0,5,NDM_positive_other_unknown,G389
DEMO_A,Escherichia coli,FICTIONAL_A,2024-11-01,P197,,Homo sapiens,unknown,unknown,synthetic_fixture,SYNTH_00394,1,R,EUCAST,SYNTHETIC_ONLY,0.0,0.0,0.0,0.0,0.0,2.0,0.0,0.0,0.0,0.0,0.0,0.0,0.0,0.0,0.0,1.0,0.0,0.0,0.0,0.0,1.0,0.0,0.0,0.0,0.0,5,unknown,G391
DEMO_A,Klebsiella pneumoniae,FICTIONAL_A,2024-12-01,P197,,Homo sapiens,unknown,positive,synthetic_fixture,SYNTH_00395,0,S,EUCAST,SYNTHETIC_ONLY,-4.0,0.0,0.0,0.0,0.0,-3.0,0.0,0.0,0.0,0.0,-1.0,0.0,0.0,0.0,0.0,1.0,0.0,0.0,0.0,0.0,0.0,0.0,0.0,0.0,0.0,5,OXA48_positive_other_unknown,G391
DEMO_A,Escherichia coli,FICTIONAL_A,2024-01-01,P198,,Homo sapiens,positive,unknown,synthetic_fixture,SYNTH_00396,1,R,EUCAST,SYNTHETIC_ONLY,2.0,0.0,0.0,0.0,0.0,1.0,0.0,0.0,0.0,0.0,2.0,0.0,0.0,0.0,0.0,2.0,0.0,0.0,0.0,0.0,1.0,0.0,0.0,0.0,0.0,5,NDM_positive_other_unknown,G393
DEMO_A,Klebsiella pneumoniae,FICTIONAL_A,2024-02-01,P198,,Homo sapiens,unknown,unknown,synthetic_fixture,SYNTH_00397,1,R,EUCAST,SYNTHETIC_ONLY,1.0,0.0,0.0,0.0,0.0,1.0,0.0,0.0,0.0,0.0,1.0,0.0,0.0,0.0,0.0,3.0,0.0,0.0,0.0,0.0,4.0,0.0,0.0,0.0,0.0,5,unknown,G393
DEMO_A,Escherichia coli,FICTIONAL_A,2024-03-01,P199,,Homo sapiens,unknown,unknown,synthetic_fixture,SYNTH_00398,0,S,EUCAST,SYNTHETIC_ONLY,-2.0,0.0,0.0,0.0,0.0,-2.0,0.0,0.0,0.0,0.0,1.0,0.0,0.0,0.0,0.0,-1.0,0.0,0.0,0.0,0.0,2.0,0.0,0.0,0.0,0.0,5,unknown,G395
DEMO_A,Klebsiella pneumoniae,FICTIONAL_A,2024-04-01,P199,,Homo sapiens,positive,unknown,synthetic_fixture,SYNTH_00399,0,S,EUCAST,SYNTHETIC_ONLY,0.0,0.0,0.0,0.0,0.0,2.0,0.0,0.0,0.0,0.0,0.0,0.0,0.0,0.0,0.0,3.0,0.0,0.0,0.0,0.0,,0.0,0.0,0.0,1.0,4,NDM_positive_other_unknown,G395
DEMO_A,Escherichia coli,FICTIONAL_A,2024-05-01,P200,,Homo sapiens,unknown,positive,synthetic_fixture,SYNTH_00400,1,R,EUCAST,SYNTHETIC_ONLY,-1.0,0.0,0.0,0.0,0.0,1.0,0.0,0.0,0.0,0.0,1.0,0.0,0.0,0.0,0.0,,0.0,0.0,0.0,1.0,3.0,0.0,0.0,0.0,0.0,4,OXA48_positive_other_unknown,G397
DEMO_A,Klebsiella pneumoniae,FICTIONAL_A,2024-06-01,P200,,Homo sapiens,unknown,unknown,synthetic_fixture,SYNTH_00401,0,S,EUCAST,SYNTHETIC_ONLY,1.0,0.0,0.0,0.0,0.0,0.0,0.0,0.0,0.0,0.0,,0.0,0.0,0.0,1.0,3.0,0.0,0.0,0.0,0.0,1.0,0.0,0.0,0.0,0.0,4,unknown,G397
DEMO_A,Escherichia coli,FICTIONAL_A,2024-07-01,P201,,Homo sapiens,positive,unknown,synthetic_fixture,SYNTH_00402,1,R,EUCAST,SYNTHETIC_ONLY,1.0,0.0,0.0,0.0,0.0,-2.0,0.0,0.0,0.0,0.0,2.0,0.0,0.0,0.0,0.0,3.0,0.0,0.0,0.0,0.0,3.0,0.0,0.0,0.0,0.0,5,NDM_positive_other_unknown,G399
DEMO_A,Klebsiella pneumoniae,FICTIONAL_A,2024-08-01,P201,,Homo sapiens,unknown,unknown,synthetic_fixture,SYNTH_00403,0,S,EUCAST,SYNTHETIC_ONLY,1.0,0.0,0.0,0.0,0.0,0.0,0.0,0.0,0.0,0.0,2.0,0.0,0.0,0.0,0.0,1.0,0.0,0.0,0.0,0.0,2.0,0.0,0.0,0.0,0.0,5,unknown,G399
DEMO_A,Escherichia coli,FICTIONAL_A,2024-09-01,P202,,Homo sapiens,unknown,unknown,synthetic_fixture,SYNTH_00404,1,R,EUCAST,SYNTHETIC_ONLY,1.0,0.0,0.0,0.0,0.0,3.0,0.0,0.0,0.0,0.0,2.0,0.0,0.0,0.0,0.0,3.0,0.0,0.0,0.0,0.0,3.0,0.0,0.0,0.0,0.0,5,unknown,G401
DEMO_A,Klebsiella pneumoniae,FICTIONAL_A,2024-10-01,P202,,Homo sapiens,positive,positive,synthetic_fixture,SYNTH_00405,0,S,EUCAST,SYNTHETIC_ONLY,-1.0,0.0,0.0,0.0,0.0,2.0,0.0,0.0,0.0,0.0,-1.0,0.0,0.0,0.0,0.0,2.0,0.0,0.0,0.0,0.0,0.0,0.0,0.0,0.0,0.0,5,co_producer,G401
DEMO_A,Escherichia coli,FICTIONAL_A,2024-11-01,P203,,Homo sapiens,unknown,unknown,synthetic_fixture,SYNTH_00406,1,R,EUCAST,SYNTHETIC_ONLY,,0.0,0.0,0.0,1.0,3.0,0.0,0.0,0.0,0.0,5.0,0.0,0.0,0.0,0.0,3.0,0.0,0.0,0.0,0.0,,0.0,0.0,0.0,1.0,3,unknown,G403
DEMO_A,Klebsiella pneumoniae,FICTIONAL_A,2024-12-01,P203,,Homo sapiens,unknown,unknown,synthetic_fixture,SYNTH_00407,0,S,EUCAST,SYNTHETIC_ONLY,-2.0,0.0,0.0,0.0,0.0,-1.0,0.0,0.0,0.0,0.0,-1.0,0.0,0.0,0.0,0.0,0.0,0.0,0.0,0.0,0.0,1.0,0.0,0.0,0.0,0.0,5,unknown,G403
DEMO_A,Escherichia coli,FICTIONAL_A,2024-01-01,P204,,Homo sapiens,positive,unknown,synthetic_fixture,SYNTH_00408,1,R,EUCAST,SYNTHETIC_ONLY,2.0,0.0,0.0,0.0,0.0,1.0,0.0,0.0,0.0,0.0,1.0,0.0,0.0,0.0,0.0,2.0,0.0,0.0,0.0,0.0,4.0,0.0,0.0,0.0,0.0,5,NDM_positive_other_unknown,G405
DEMO_A,Klebsiella pneumoniae,FICTIONAL_A,2024-02-01,P204,,Homo sapiens,unknown,unknown,synthetic_fixture,SYNTH_00409,0,S,EUCAST,SYNTHETIC_ONLY,0.0,0.0,0.0,0.0,0.0,1.0,0.0,0.0,0.0,0.0,,0.0,0.0,0.0,1.0,0.0,0.0,0.0,0.0,0.0,3.0,0.0,0.0,0.0,0.0,4,unknown,G405
DEMO_A,Escherichia coli,FICTIONAL_A,2024-03-01,P205,,Homo sapiens,unknown,positive,synthetic_fixture,SYNTH_00410,1,R,EUCAST,SYNTHETIC_ONLY,1.0,0.0,0.0,0.0,0.0,2.0,0.0,0.0,0.0,0.0,-2.0,0.0,0.0,0.0,0.0,2.0,0.0,0.0,0.0,0.0,,0.0,0.0,0.0,1.0,4,OXA48_positive_other_unknown,G407
DEMO_A,Klebsiella pneumoniae,FICTIONAL_A,2024-04-01,P205,,Homo sapiens,positive,unknown,synthetic_fixture,SYNTH_00411,1,R,EUCAST,SYNTHETIC_ONLY,1.0,0.0,0.0,0.0,0.0,0.0,0.0,0.0,0.0,0.0,1.0,0.0,0.0,0.0,0.0,1.0,0.0,0.0,0.0,0.0,,0.0,0.0,0.0,1.0,4,NDM_positive_other_unknown,G407
DEMO_A,Escherichia coli,FICTIONAL_A,2024-05-01,P206,,Homo sapiens,unknown,unknown,synthetic_fixture,SYNTH_00412,0,S,EUCAST,SYNTHETIC_ONLY,-1.0,0.0,0.0,0.0,0.0,1.0,0.0,0.0,0.0,0.0,1.0,0.0,0.0,0.0,0.0,1.0,0.0,0.0,0.0,0.0,2.0,0.0,0.0,0.0,0.0,5,unknown,G409
DEMO_A,Klebsiella pneumoniae,FICTIONAL_A,2024-06-01,P206,,Homo sapiens,unknown,unknown,synthetic_fixture,SYNTH_00413,1,R,EUCAST,SYNTHETIC_ONLY,1.0,0.0,0.0,0.0,0.0,-1.0,0.0,0.0,0.0,0.0,2.0,0.0,0.0,0.0,0.0,2.0,0.0,0.0,0.0,0.0,1.0,0.0,0.0,0.0,0.0,5,unknown,G409
DEMO_A,Escherichia coli,FICTIONAL_A,2024-07-01,P207,,Homo sapiens,positive,unknown,synthetic_fixture,SYNTH_00414,1,R,EUCAST,SYNTHETIC_ONLY,2.0,0.0,0.0,0.0,0.0,0.0,0.0,0.0,0.0,0.0,2.0,0.0,0.0,0.0,0.0,2.0,0.0,0.0,0.0,0.0,,0.0,0.0,0.0,1.0,4,NDM_positive_other_unknown,G411
DEMO_A,Klebsiella pneumoniae,FICTIONAL_A,2024-08-01,P207,,Homo sapiens,unknown,positive,synthetic_fixture,SYNTH_00415,0,S,EUCAST,SYNTHETIC_ONLY,-3.0,0.0,0.0,0.0,0.0,-1.0,0.0,0.0,0.0,0.0,-2.0,0.0,0.0,0.0,0.0,-1.0,0.0,0.0,0.0,0.0,0.0,0.0,0.0,0.0,0.0,5,OXA48_positive_other_unknown,G411
DEMO_A,Escherichia coli,FICTIONAL_A,2024-09-01,P208,,Homo sapiens,unknown,unknown,synthetic_fixture,SYNTH_00416,1,R,EUCAST,SYNTHETIC_ONLY,2.0,0.0,0.0,0.0,0.0,,0.0,0.0,0.0,1.0,4.0,0.0,0.0,0.0,0.0,3.0,0.0,0.0,0.0,0.0,3.0,0.0,0.0,0.0,0.0,4,unknown,G413
DEMO_A,Klebsiella pneumoniae,FICTIONAL_A,2024-10-01,P208,,Homo sapiens,positive,unknown,synthetic_fixture,SYNTH_00417,0,S,EUCAST,SYNTHETIC_ONLY,1.0,0.0,0.0,0.0,0.0,-1.0,0.0,0.0,0.0,0.0,2.0,0.0,0.0,0.0,0.0,2.0,0.0,0.0,0.0,0.0,4.0,0.0,0.0,0.0,0.0,5,NDM_positive_other_unknown,G413
DEMO_A,Escherichia coli,FICTIONAL_A,2024-11-01,P209,,Homo sapiens,unknown,unknown,synthetic_fixture,SYNTH_00418,0,S,EUCAST,SYNTHETIC_ONLY,-2.0,0.0,0.0,0.0,0.0,0.0,0.0,0.0,0.0,0.0,1.0,0.0,0.0,0.0,0.0,2.0,0.0,0.0,0.0,0.0,1.0,0.0,0.0,0.0,0.0,5,unknown,G415
DEMO_A,Klebsiella pneumoniae,FICTIONAL_A,2024-12-01,P209,,Homo sapiens,unknown,unknown,synthetic_fixture,SYNTH_00419,0,S,EUCAST,SYNTHETIC_ONLY,1.0,0.0,0.0,0.0,0.0,3.0,0.0,0.0,0.0,0.0,3.0,0.0,0.0,0.0,0.0,3.0,0.0,0.0,0.0,0.0,1.0,0.0,0.0,0.0,0.0,5,unknown,G415
DEMO_A,Escherichia coli,FICTIONAL_A,2024-01-01,P210,,Homo sapiens,positive,positive,synthetic_fixture,SYNTH_00420,0,S,EUCAST,SYNTHETIC_ONLY,1.0,0.0,0.0,0.0,0.0,1.0,0.0,0.0,0.0,0.0,-1.0,0.0,0.0,0.0,0.0,1.0,0.0,0.0,0.0,0.0,3.0,0.0,0.0,0.0,0.0,5,co_producer,G417
DEMO_A,Klebsiella pneumoniae,FICTIONAL_A,2024-02-01,P210,,Homo sapiens,unknown,unknown,synthetic_fixture,SYNTH_00421,0,S,EUCAST,SYNTHETIC_ONLY,-2.0,0.0,0.0,0.0,0.0,-2.0,0.0,0.0,0.0,0.0,0.0,0.0,0.0,0.0,0.0,0.0,0.0,0.0,0.0,0.0,1.0,0.0,0.0,0.0,0.0,5,unknown,G417
DEMO_A,Escherichia coli,FICTIONAL_A,2024-03-01,P211,,Homo sapiens,unknown,unknown,synthetic_fixture,SYNTH_00422,1,R,EUCAST,SYNTHETIC_ONLY,0.0,0.0,0.0,0.0,0.0,3.0,0.0,0.0,0.0,0.0,1.0,0.0,0.0,0.0,0.0,2.0,0.0,0.0,0.0,0.0,2.0,0.0,0.0,0.0,0.0,5,unknown,G419
DEMO_A,Klebsiella pneumoniae,FICTIONAL_A,2024-04-01,P211,,Homo sapiens,positive,unknown,synthetic_fixture,SYNTH_00423,0,S,EUCAST,SYNTHETIC_ONLY,2.0,0.0,0.0,0.0,0.0,1.0,0.0,0.0,0.0,0.0,0.0,0.0,0.0,0.0,0.0,3.0,0.0,0.0,0.0,0.0,3.0,0.0,0.0,0.0,0.0,5,NDM_positive_other_unknown,G419
DEMO_A,Escherichia coli,FICTIONAL_A,2024-05-01,P212,,Homo sapiens,unknown,unknown,synthetic_fixture,SYNTH_00424,0,S,EUCAST,SYNTHETIC_ONLY,1.0,0.0,0.0,0.0,0.0,-1.0,0.0,0.0,0.0,0.0,-1.0,0.0,0.0,0.0,0.0,-1.0,0.0,0.0,0.0,0.0,0.0,0.0,0.0,0.0,0.0,5,unknown,G421
DEMO_A,Klebsiella pneumoniae,FICTIONAL_A,2024-06-01,P212,,Homo sapiens,unknown,positive,synthetic_fixture,SYNTH_00425,0,S,EUCAST,SYNTHETIC_ONLY,-1.0,0.0,0.0,0.0,0.0,-2.0,0.0,0.0,0.0,0.0,0.0,0.0,0.0,0.0,0.0,2.0,0.0,0.0,0.0,0.0,,0.0,0.0,0.0,1.0,4,OXA48_positive_other_unknown,G421
DEMO_A,Escherichia coli,FICTIONAL_A,2024-07-01,P213,,Homo sapiens,positive,unknown,synthetic_fixture,SYNTH_00426,0,S,EUCAST,SYNTHETIC_ONLY,,0.0,0.0,0.0,1.0,2.0,0.0,0.0,0.0,0.0,0.0,0.0,0.0,0.0,0.0,0.0,0.0,0.0,0.0,0.0,1.0,0.0,0.0,0.0,0.0,4,NDM_positive_other_unknown,G423
DEMO_A,Klebsiella pneumoniae,FICTIONAL_A,2024-08-01,P213,,Homo sapiens,unknown,unknown,synthetic_fixture,SYNTH_00427,0,S,EUCAST,SYNTHETIC_ONLY,0.0,0.0,0.0,0.0,0.0,-1.0,0.0,0.0,0.0,0.0,0.0,0.0,0.0,0.0,0.0,3.0,0.0,0.0,0.0,0.0,,0.0,0.0,0.0,1.0,4,unknown,G423
DEMO_A,Escherichia coli,FICTIONAL_A,2024-09-01,P214,,Homo sapiens,unknown,unknown,synthetic_fixture,SYNTH_00428,0,S,EUCAST,SYNTHETIC_ONLY,-2.0,0.0,0.0,0.0,0.0,-1.0,0.0,0.0,0.0,0.0,1.0,0.0,0.0,0.0,0.0,0.0,0.0,0.0,0.0,0.0,2.0,0.0,0.0,0.0,0.0,5,unknown,G425
DEMO_A,Klebsiella pneumoniae,FICTIONAL_A,2024-10-01,P214,,Homo sapiens,positive,unknown,synthetic_fixture,SYNTH_00429,0,S,EUCAST,SYNTHETIC_ONLY,-1.0,0.0,0.0,0.0,0.0,2.0,0.0,0.0,0.0,0.0,2.0,0.0,0.0,0.0,0.0,0.0,0.0,0.0,0.0,0.0,1.0,0.0,0.0,0.0,0.0,5,NDM_positive_other_unknown,G425
DEMO_A,Escherichia coli,FICTIONAL_A,2024-11-01,P215,,Homo sapiens,unknown,positive,synthetic_fixture,SYNTH_00430,0,S,EUCAST,SYNTHETIC_ONLY,0.0,0.0,0.0,0.0,0.0,-1.0,0.0,0.0,0.0,0.0,0.0,0.0,0.0,0.0,0.0,1.0,0.0,0.0,0.0,0.0,3.0,0.0,0.0,0.0,0.0,5,OXA48_positive_other_unknown,G427
DEMO_A,Klebsiella pneumoniae,FICTIONAL_A,2024-12-01,P215,,Homo sapiens,unknown,unknown,synthetic_fixture,SYNTH_00431,0,S,EUCAST,SYNTHETIC_ONLY,,0.0,0.0,0.0,1.0,,0.0,0.0,0.0,1.0,2.0,0.0,0.0,0.0,0.0,1.0,0.0,0.0,0.0,0.0,3.0,0.0,0.0,0.0,0.0,3,unknown,G427
DEMO_A,Escherichia coli,FICTIONAL_A,2024-01-01,P216,,Homo sapiens,positive,unknown,synthetic_fixture,SYNTH_00432,0,S,EUCAST,SYNTHETIC_ONLY,-1.0,0.0,0.0,0.0,0.0,0.0,0.0,0.0,0.0,0.0,-2.0,0.0,0.0,0.0,0.0,1.0,0.0,0.0,0.0,0.0,1.0,0.0,0.0,0.0,0.0,5,NDM_positive_other_unknown,G429
DEMO_A,Klebsiella pneumoniae,FICTIONAL_A,2024-02-01,P216,,Homo sapiens,unknown,unknown,synthetic_fixture,SYNTH_00433,1,R,EUCAST,SYNTHETIC_ONLY,1.0,0.0,0.0,0.0,0.0,2.0,0.0,0.0,0.0,0.0,2.0,0.0,0.0,0.0,0.0,1.0,0.0,0.0,0.0,0.0,,0.0,0.0,0.0,1.0,4,unknown,G429
DEMO_A,Escherichia coli,FICTIONAL_A,2024-03-01,P217,,Homo sapiens,unknown,unknown,synthetic_fixture,SYNTH_00434,0,S,EUCAST,SYNTHETIC_ONLY,-1.0,0.0,0.0,0.0,0.0,-1.0,0.0,0.0,0.0,0.0,2.0,0.0,0.0,0.0,0.0,1.0,0.0,0.0,0.0,0.0,3.0,0.0,0.0,0.0,0.0,5,unknown,G431
DEMO_A,Klebsiella pneumoniae,FICTIONAL_A,2024-04-01,P217,,Homo sapiens,positive,positive,synthetic_fixture,SYNTH_00435,0,S,EUCAST,SYNTHETIC_ONLY,0.0,0.0,0.0,0.0,0.0,0.0,0.0,0.0,0.0,0.0,1.0,0.0,0.0,0.0,0.0,0.0,0.0,0.0,0.0,0.0,2.0,0.0,0.0,0.0,0.0,5,co_producer,G431
DEMO_A,Escherichia coli,FICTIONAL_A,2024-05-01,P218,,Homo sapiens,unknown,unknown,synthetic_fixture,SYNTH_00436,0,S,EUCAST,SYNTHETIC_ONLY,-1.0,0.0,0.0,0.0,0.0,0.0,0.0,0.0,0.0,0.0,0.0,0.0,0.0,0.0,0.0,2.0,0.0,0.0,0.0,0.0,1.0,0.0,0.0,0.0,0.0,5,unknown,G433
DEMO_A,Klebsiella pneumoniae,FICTIONAL_A,2024-06-01,P218,,Homo sapiens,unknown,unknown,synthetic_fixture,SYNTH_00437,0,S,EUCAST,SYNTHETIC_ONLY,1.0,0.0,0.0,0.0,0.0,1.0,0.0,0.0,0.0,0.0,,0.0,0.0,0.0,1.0,3.0,0.0,0.0,0.0,0.0,2.0,0.0,0.0,0.0,0.0,4,unknown,G433
DEMO_A,Escherichia coli,FICTIONAL_A,2024-07-01,P219,,Homo sapiens,positive,unknown,synthetic_fixture,SYNTH_00438,1,R,EUCAST,SYNTHETIC_ONLY,1.0,0.0,0.0,0.0,0.0,1.0,0.0,0.0,0.0,0.0,1.0,0.0,0.0,0.0,0.0,3.0,0.0,0.0,0.0,0.0,3.0,0.0,0.0,0.0,0.0,5,NDM_positive_other_unknown,G435
DEMO_A,Klebsiella pneumoniae,FICTIONAL_A,2024-08-01,P219,,Homo sapiens,unknown,unknown,synthetic_fixture,SYNTH_00439,0,S,EUCAST,SYNTHETIC_ONLY,0.0,0.0,0.0,0.0,0.0,1.0,0.0,0.0,0.0,0.0,,0.0,0.0,0.0,1.0,0.0,0.0,0.0,0.0,0.0,1.0,0.0,0.0,0.0,0.0,4,unknown,G435
DEMO_A,Escherichia coli,FICTIONAL_A,2024-09-01,P220,,Homo sapiens,unknown,positive,synthetic_fixture,SYNTH_00440,1,R,EUCAST,SYNTHETIC_ONLY,-1.0,0.0,0.0,0.0,0.0,1.0,0.0,0.0,0.0,0.0,,0.0,0.0,0.0,1.0,,0.0,0.0,0.0,1.0,2.0,0.0,0.0,0.0,0.0,3,OXA48_positive_other_unknown,G437
DEMO_A,Klebsiella pneumoniae,FICTIONAL_A,2024-10-01,P220,,Homo sapiens,positive,unknown,synthetic_fixture,SYNTH_00441,0,S,EUCAST,SYNTHETIC_ONLY,0.0,0.0,0.0,0.0,0.0,-2.0,0.0,0.0,0.0,0.0,-3.0,0.0,0.0,0.0,0.0,0.0,0.0,0.0,0.0,0.0,-1.0,0.0,0.0,0.0,0.0,5,NDM_positive_other_unknown,G437
DEMO_A,Escherichia coli,FICTIONAL_A,2024-11-01,P221,,Homo sapiens,unknown,unknown,synthetic_fixture,SYNTH_00442,1,R,EUCAST,SYNTHETIC_ONLY,,0.0,0.0,0.0,1.0,,0.0,0.0,0.0,1.0,0.0,0.0,0.0,0.0,0.0,2.0,0.0,0.0,0.0,0.0,2.0,0.0,0.0,0.0,0.0,3,unknown,G439
DEMO_A,Klebsiella pneumoniae,FICTIONAL_A,2024-12-01,P221,,Homo sapiens,unknown,unknown,synthetic_fixture,SYNTH_00443,0,S,EUCAST,SYNTHETIC_ONLY,-2.0,0.0,0.0,0.0,0.0,2.0,0.0,0.0,0.0,0.0,0.0,0.0,0.0,0.0,0.0,2.0,0.0,0.0,0.0,0.0,2.0,0.0,0.0,0.0,0.0,5,unknown,G439
DEMO_A,Escherichia coli,FICTIONAL_A,2024-01-01,P222,,Homo sapiens,positive,unknown,synthetic_fixture,SYNTH_00444,1,R,EUCAST,SYNTHETIC_ONLY,0.0,0.0,0.0,0.0,0.0,0.0,0.0,0.0,0.0,0.0,1.0,0.0,0.0,0.0,0.0,,0.0,0.0,0.0,1.0,3.0,0.0,0.0,0.0,0.0,4,NDM_positive_other_unknown,G441
DEMO_A,Klebsiella pneumoniae,FICTIONAL_A,2024-02-01,P222,,Homo sapiens,unknown,positive,synthetic_fixture,SYNTH_00445,0,S,EUCAST,SYNTHETIC_ONLY,-1.0,0.0,0.0,0.0,0.0,1.0,0.0,0.0,0.0,0.0,1.0,0.0,0.0,0.0,0.0,1.0,0.0,0.0,0.0,0.0,1.0,0.0,0.0,0.0,0.0,5,OXA48_positive_other_unknown,G441
DEMO_A,Escherichia coli,FICTIONAL_A,2024-03-01,P223,,Homo sapiens,unknown,unknown,synthetic_fixture,SYNTH_00446,1,R,EUCAST,SYNTHETIC_ONLY,1.0,0.0,0.0,0.0,0.0,1.0,0.0,0.0,0.0,0.0,1.0,0.0,0.0,0.0,0.0,,0.0,0.0,0.0,1.0,,0.0,0.0,0.0,1.0,3,unknown,G443
DEMO_A,Klebsiella pneumoniae,FICTIONAL_A,2024-04-01,P223,,Homo sapiens,positive,unknown,synthetic_fixture,SYNTH_00447,1,R,EUCAST,SYNTHETIC_ONLY,,0.0,0.0,0.0,1.0,0.0,0.0,0.0,0.0,0.0,2.0,0.0,0.0,0.0,0.0,1.0,0.0,0.0,0.0,0.0,3.0,0.0,0.0,0.0,0.0,4,NDM_positive_other_unknown,G443
DEMO_A,Escherichia coli,FICTIONAL_A,2024-05-01,P224,,Homo sapiens,unknown,unknown,synthetic_fixture,SYNTH_00448,1,R,EUCAST,SYNTHETIC_ONLY,-1.0,0.0,0.0,0.0,0.0,,0.0,0.0,0.0,1.0,2.0,0.0,0.0,0.0,0.0,1.0,0.0,0.0,0.0,0.0,,0.0,0.0,0.0,1.0,3,unknown,G445
DEMO_A,Klebsiella pneumoniae,FICTIONAL_A,2024-06-01,P224,,Homo sapiens,unknown,unknown,synthetic_fixture,SYNTH_00449,0,S,EUCAST,SYNTHETIC_ONLY,-1.0,0.0,0.0,0.0,0.0,0.0,0.0,0.0,0.0,0.0,0.0,0.0,0.0,0.0,0.0,3.0,0.0,0.0,0.0,0.0,2.0,0.0,0.0,0.0,0.0,5,unknown,G445
DEMO_A,Escherichia coli,FICTIONAL_A,2024-07-01,P225,,Homo sapiens,positive,positive,synthetic_fixture,SYNTH_00450,0,S,EUCAST,SYNTHETIC_ONLY,0.0,0.0,0.0,0.0,0.0,0.0,0.0,0.0,0.0,0.0,0.0,0.0,0.0,0.0,0.0,2.0,0.0,0.0,0.0,0.0,2.0,0.0,0.0,0.0,0.0,5,co_producer,G447
DEMO_A,Klebsiella pneumoniae,FICTIONAL_A,2024-08-01,P225,,Homo sapiens,unknown,unknown,synthetic_fixture,SYNTH_00451,0,S,EUCAST,SYNTHETIC_ONLY,0.0,0.0,0.0,0.0,0.0,0.0,0.0,0.0,0.0,0.0,1.0,0.0,0.0,0.0,0.0,1.0,0.0,0.0,0.0,0.0,2.0,0.0,0.0,0.0,0.0,5,unknown,G447
DEMO_A,Escherichia coli,FICTIONAL_A,2024-09-01,P226,,Homo sapiens,unknown,unknown,synthetic_fixture,SYNTH_00452,0,S,EUCAST,SYNTHETIC_ONLY,-5.0,1.0,0.0,0.0,0.0,0.0,0.0,0.0,0.0,0.0,-1.0,0.0,0.0,0.0,0.0,1.0,0.0,0.0,0.0,0.0,0.0,0.0,0.0,0.0,0.0,5,unknown,G449
DEMO_A,Klebsiella pneumoniae,FICTIONAL_A,2024-10-01,P226,,Homo sapiens,positive,unknown,synthetic_fixture,SYNTH_00453,1,R,EUCAST,SYNTHETIC_ONLY,1.0,0.0,0.0,0.0,0.0,1.0,0.0,0.0,0.0,0.0,2.0,0.0,0.0,0.0,0.0,4.0,0.0,0.0,0.0,0.0,2.0,0.0,0.0,0.0,0.0,5,NDM_positive_other_unknown,G449
DEMO_A,Escherichia coli,FICTIONAL_A,2024-11-01,P227,,Homo sapiens,unknown,unknown,synthetic_fixture,SYNTH_00454,0,S,EUCAST,SYNTHETIC_ONLY,0.0,0.0,0.0,0.0,0.0,1.0,0.0,0.0,0.0,0.0,0.0,0.0,0.0,0.0,0.0,3.0,0.0,0.0,0.0,0.0,4.0,0.0,0.0,0.0,0.0,5,unknown,G451
DEMO_A,Klebsiella pneumoniae,FICTIONAL_A,2024-12-01,P227,,Homo sapiens,unknown,positive,synthetic_fixture,SYNTH_00455,1,R,EUCAST,SYNTHETIC_ONLY,1.0,0.0,0.0,0.0,0.0,,0.0,0.0,0.0,1.0,5.0,0.0,0.0,0.0,0.0,3.0,0.0,0.0,0.0,0.0,3.0,0.0,0.0,0.0,0.0,4,OXA48_positive_other_unknown,G451
DEMO_A,Escherichia coli,FICTIONAL_A,2024-01-01,P228,,Homo sapiens,positive,unknown,synthetic_fixture,SYNTH_00456,0,S,EUCAST,SYNTHETIC_ONLY,1.0,0.0,0.0,0.0,0.0,1.0,0.0,0.0,0.0,0.0,2.0,0.0,0.0,0.0,0.0,0.0,0.0,0.0,0.0,0.0,,0.0,0.0,0.0,1.0,4,NDM_positive_other_unknown,G453
DEMO_A,Klebsiella pneumoniae,FICTIONAL_A,2024-02-01,P228,,Homo sapiens,unknown,unknown,synthetic_fixture,SYNTH_00457,0,S,EUCAST,SYNTHETIC_ONLY,-1.0,0.0,0.0,0.0,0.0,-1.0,0.0,0.0,0.0,0.0,-1.0,0.0,0.0,0.0,0.0,1.0,0.0,0.0,0.0,0.0,2.0,0.0,0.0,0.0,0.0,5,unknown,G453
DEMO_A,Escherichia coli,FICTIONAL_A,2024-03-01,P229,,Homo sapiens,unknown,unknown,synthetic_fixture,SYNTH_00458,1,R,EUCAST,SYNTHETIC_ONLY,1.0,0.0,0.0,0.0,0.0,0.0,0.0,0.0,0.0,0.0,2.0,0.0,0.0,0.0,0.0,3.0,0.0,0.0,0.0,0.0,4.0,0.0,0.0,0.0,0.0,5,unknown,G455
DEMO_A,Klebsiella pneumoniae,FICTIONAL_A,2024-04-01,P229,,Homo sapiens,positive,unknown,synthetic_fixture,SYNTH_00459,1,R,EUCAST,SYNTHETIC_ONLY,0.0,0.0,0.0,0.0,0.0,1.0,0.0,0.0,0.0,0.0,2.0,0.0,0.0,0.0,0.0,1.0,0.0,0.0,0.0,0.0,2.0,0.0,0.0,0.0,0.0,5,NDM_positive_other_unknown,G455
DEMO_A,Escherichia coli,FICTIONAL_A,2024-05-01,P230,,Homo sapiens,unknown,positive,synthetic_fixture,SYNTH_00460,0,S,EUCAST,SYNTHETIC_ONLY,-1.0,0.0,0.0,0.0,0.0,1.0,0.0,0.0,0.0,0.0,2.0,0.0,0.0,0.0,0.0,2.0,0.0,0.0,0.0,0.0,5.0,0.0,0.0,0.0,0.0,5,OXA48_positive_other_unknown,G457
DEMO_A,Klebsiella pneumoniae,FICTIONAL_A,2024-06-01,P230,,Homo sapiens,unknown,unknown,synthetic_fixture,SYNTH_00461,1,R,EUCAST,SYNTHETIC_ONLY,1.0,0.0,0.0,0.0,0.0,3.0,0.0,0.0,0.0,0.0,3.0,0.0,0.0,0.0,0.0,3.0,0.0,0.0,0.0,0.0,1.0,0.0,0.0,0.0,0.0,5,unknown,G457
DEMO_A,Escherichia coli,FICTIONAL_A,2024-07-01,P231,,Homo sapiens,positive,unknown,synthetic_fixture,SYNTH_00462,1,R,EUCAST,SYNTHETIC_ONLY,1.0,0.0,0.0,0.0,0.0,0.0,0.0,0.0,0.0,0.0,0.0,0.0,0.0,0.0,0.0,2.0,0.0,0.0,0.0,0.0,3.0,0.0,0.0,0.0,0.0,5,NDM_positive_other_unknown,G459
DEMO_A,Klebsiella pneumoniae,FICTIONAL_A,2024-08-01,P231,,Homo sapiens,unknown,unknown,synthetic_fixture,SYNTH_00463,1,R,EUCAST,SYNTHETIC_ONLY,,0.0,0.0,0.0,1.0,0.0,0.0,0.0,0.0,0.0,1.0,0.0,0.0,0.0,0.0,4.0,0.0,0.0,0.0,0.0,3.0,0.0,0.0,0.0,0.0,4,unknown,G459
DEMO_A,Escherichia coli,FICTIONAL_A,2024-09-01,P232,,Homo sapiens,unknown,unknown,synthetic_fixture,SYNTH_00464,0,S,EUCAST,SYNTHETIC_ONLY,-1.0,0.0,0.0,0.0,0.0,-1.0,0.0,0.0,0.0,0.0,2.0,0.0,0.0,0.0,0.0,,0.0,0.0,0.0,1.0,2.0,0.0,0.0,0.0,0.0,4,unknown,G461
DEMO_A,Klebsiella pneumoniae,FICTIONAL_A,2024-10-01,P232,,Homo sapiens,positive,positive,synthetic_fixture,SYNTH_00465,1,R,EUCAST,SYNTHETIC_ONLY,2.0,0.0,0.0,0.0,0.0,,0.0,0.0,0.0,1.0,3.0,0.0,0.0,0.0,0.0,2.0,0.0,0.0,0.0,0.0,5.0,0.0,0.0,0.0,0.0,4,co_producer,G461
DEMO_A,Escherichia coli,FICTIONAL_A,2024-11-01,P233,,Homo sapiens,unknown,unknown,synthetic_fixture,SYNTH_00466,1,R,EUCAST,SYNTHETIC_ONLY,1.0,0.0,0.0,0.0,0.0,3.0,0.0,0.0,0.0,0.0,1.0,0.0,0.0,0.0,0.0,2.0,0.0,0.0,0.0,0.0,4.0,0.0,0.0,0.0,0.0,5,unknown,G463
DEMO_A,Klebsiella pneumoniae,FICTIONAL_A,2024-12-01,P233,,Homo sapiens,unknown,unknown,synthetic_fixture,SYNTH_00467,1,R,EUCAST,SYNTHETIC_ONLY,1.0,0.0,0.0,0.0,0.0,0.0,0.0,0.0,0.0,0.0,1.0,0.0,0.0,0.0,0.0,,0.0,0.0,0.0,1.0,4.0,0.0,0.0,0.0,0.0,4,unknown,G463
DEMO_A,Escherichia coli,FICTIONAL_A,2024-01-01,P234,,Homo sapiens,positive,unknown,synthetic_fixture,SYNTH_00468,0,S,EUCAST,SYNTHETIC_ONLY,0.0,0.0,0.0,0.0,0.0,0.0,0.0,0.0,0.0,0.0,,0.0,0.0,0.0,1.0,0.0,0.0,0.0,0.0,0.0,2.0,0.0,0.0,0.0,0.0,4,NDM_positive_other_unknown,G465
DEMO_A,Klebsiella pneumoniae,FICTIONAL_A,2024-02-01,P234,,Homo sapiens,unknown,unknown,synthetic_fixture,SYNTH_00469,1,R,EUCAST,SYNTHETIC_ONLY,1.0,0.0,0.0,0.0,0.0,-1.0,0.0,0.0,0.0,0.0,1.0,0.0,0.0,0.0,0.0,3.0,0.0,0.0,0.0,0.0,2.0,0.0,0.0,0.0,0.0,5,unknown,G465
DEMO_A,Escherichia coli,FICTIONAL_A,2024-03-01,P235,,Homo sapiens,unknown,positive,synthetic_fixture,SYNTH_00470,0,S,EUCAST,SYNTHETIC_ONLY,-1.0,0.0,0.0,0.0,0.0,,0.0,0.0,0.0,1.0,-1.0,0.0,0.0,0.0,0.0,1.0,0.0,0.0,0.0,0.0,1.0,0.0,0.0,0.0,0.0,4,OXA48_positive_other_unknown,G467
DEMO_A,Klebsiella pneumoniae,FICTIONAL_A,2024-04-01,P235,,Homo sapiens,positive,unknown,synthetic_fixture,SYNTH_00471,1,R,EUCAST,SYNTHETIC_ONLY,0.0,0.0,0.0,0.0,0.0,0.0,0.0,0.0,0.0,0.0,1.0,0.0,0.0,0.0,0.0,2.0,0.0,0.0,0.0,0.0,,0.0,0.0,0.0,1.0,4,NDM_positive_other_unknown,G467
DEMO_A,Escherichia coli,FICTIONAL_A,2024-05-01,P236,,Homo sapiens,unknown,unknown,synthetic_fixture,SYNTH_00472,0,S,EUCAST,SYNTHETIC_ONLY,1.0,0.0,0.0,0.0,0.0,0.0,0.0,0.0,0.0,0.0,2.0,0.0,0.0,0.0,0.0,1.0,0.0,0.0,0.0,0.0,2.0,0.0,0.0,0.0,0.0,5,unknown,G469
DEMO_A,Klebsiella pneumoniae,FICTIONAL_A,2024-06-01,P236,,Homo sapiens,unknown,unknown,synthetic_fixture,SYNTH_00473,1,R,EUCAST,SYNTHETIC_ONLY,1.0,0.0,0.0,0.0,0.0,2.0,0.0,0.0,0.0,0.0,1.0,0.0,0.0,0.0,0.0,2.0,0.0,0.0,0.0,0.0,3.0,0.0,0.0,0.0,0.0,5,unknown,G469
DEMO_A,Escherichia coli,FICTIONAL_A,2024-07-01,P237,,Homo sapiens,positive,unknown,synthetic_fixture,SYNTH_00474,1,R,EUCAST,SYNTHETIC_ONLY,1.0,0.0,0.0,0.0,0.0,-1.0,0.0,0.0,0.0,0.0,1.0,0.0,0.0,0.0,0.0,1.0,0.0,0.0,0.0,0.0,3.0,0.0,0.0,0.0,0.0,5,NDM_positive_other_unknown,G471
DEMO_A,Klebsiella pneumoniae,FICTIONAL_A,2024-08-01,P237,,Homo sapiens,unknown,positive,synthetic_fixture,SYNTH_00475,0,S,EUCAST,SYNTHETIC_ONLY,,0.0,0.0,0.0,1.0,2.0,0.0,0.0,0.0,0.0,3.0,0.0,0.0,0.0,0.0,3.0,0.0,0.0,0.0,0.0,1.0,0.0,0.0,0.0,0.0,4,OXA48_positive_other_unknown,G471
DEMO_A,Escherichia coli,FICTIONAL_A,2024-09-01,P238,,Homo sapiens,unknown,unknown,synthetic_fixture,SYNTH_00476,1,R,EUCAST,SYNTHETIC_ONLY,-1.0,0.0,0.0,0.0,0.0,0.0,0.0,0.0,0.0,0.0,1.0,0.0,0.0,0.0,0.0,1.0,0.0,0.0,0.0,0.0,2.0,0.0,0.0,0.0,0.0,5,unknown,G473
DEMO_A,Klebsiella pneumoniae,FICTIONAL_A,2024-10-01,P238,,Homo sapiens,positive,unknown,synthetic_fixture,SYNTH_00477,1,R,EUCAST,SYNTHETIC_ONLY,1.0,0.0,0.0,0.0,0.0,2.0,0.0,0.0,0.0,0.0,1.0,0.0,0.0,0.0,0.0,2.0,0.0,0.0,0.0,0.0,3.0,0.0,0.0,0.0,0.0,5,NDM_positive_other_unknown,G473
DEMO_A,Escherichia coli,FICTIONAL_A,2024-11-01,P239,,Homo sapiens,unknown,unknown,synthetic_fixture,SYNTH_00478,0,S,EUCAST,SYNTHETIC_ONLY,0.0,0.0,0.0,0.0,0.0,0.0,0.0,0.0,0.0,0.0,1.0,0.0,0.0,0.0,0.0,2.0,0.0,0.0,0.0,0.0,1.0,0.0,0.0,0.0,0.0,5,unknown,G475
DEMO_A,Klebsiella pneumoniae,FICTIONAL_A,2024-12-01,P239,,Homo sapiens,unknown,unknown,synthetic_fixture,SYNTH_00479,1,R,EUCAST,SYNTHETIC_ONLY,2.0,0.0,0.0,0.0,0.0,3.0,0.0,0.0,0.0,0.0,3.0,0.0,0.0,0.0,0.0,3.0,0.0,0.0,0.0,0.0,3.0,0.0,0.0,0.0,0.0,5,unknown,G475
DEMO_A,Escherichia coli,FICTIONAL_A,2024-01-01,P240,,Homo sapiens,positive,positive,synthetic_fixture,SYNTH_00480,0,S,EUCAST,SYNTHETIC_ONLY,1.0,0.0,0.0,0.0,0.0,1.0,0.0,0.0,0.0,0.0,0.0,0.0,0.0,0.0,0.0,0.0,0.0,0.0,0.0,0.0,,0.0,0.0,0.0,1.0,4,co_producer,G477
DEMO_A,Klebsiella pneumoniae,FICTIONAL_A,2024-02-01,P240,,Homo sapiens,unknown,unknown,synthetic_fixture,SYNTH_00481,0,S,EUCAST,SYNTHETIC_ONLY,0.0,0.0,0.0,0.0,0.0,0.0,0.0,0.0,0.0,0.0,0.0,0.0,0.0,0.0,0.0,2.0,0.0,0.0,0.0,0.0,3.0,0.0,0.0,0.0,0.0,5,unknown,G477
DEMO_A,Escherichia coli,FICTIONAL_A,2024-03-01,P241,,Homo sapiens,unknown,unknown,synthetic_fixture,SYNTH_00482,0,S,EUCAST,SYNTHETIC_ONLY,-1.0,0.0,0.0,0.0,0.0,0.0,0.0,0.0,0.0,0.0,1.0,0.0,0.0,0.0,0.0,0.0,0.0,0.0,0.0,0.0,2.0,0.0,0.0,0.0,0.0,5,unknown,G479
DEMO_A,Klebsiella pneumoniae,FICTIONAL_A,2024-04-01,P241,,Homo sapiens,positive,unknown,synthetic_fixture,SYNTH_00483,0,S,EUCAST,SYNTHETIC_ONLY,,0.0,0.0,0.0,1.0,-1.0,0.0,0.0,0.0,0.0,-1.0,0.0,0.0,0.0,0.0,,0.0,0.0,0.0,1.0,2.0,0.0,0.0,0.0,0.0,3,NDM_positive_other_unknown,G479
DEMO_A,Escherichia coli,FICTIONAL_A,2024-05-01,P242,,Homo sapiens,unknown,unknown,synthetic_fixture,SYNTH_00484,1,R,EUCAST,SYNTHETIC_ONLY,-1.0,0.0,0.0,0.0,0.0,,0.0,0.0,0.0,1.0,1.0,0.0,0.0,0.0,0.0,3.0,0.0,0.0,0.0,0.0,1.0,0.0,0.0,0.0,0.0,4,unknown,G481
DEMO_A,Klebsiella pneumoniae,FICTIONAL_A,2024-06-01,P242,,Homo sapiens,unknown,positive,synthetic_fixture,SYNTH_00485,1,R,EUCAST,SYNTHETIC_ONLY,2.0,0.0,0.0,0.0,0.0,0.0,0.0,0.0,0.0,0.0,2.0,0.0,0.0,0.0,0.0,2.0,0.0,0.0,0.0,0.0,3.0,0.0,0.0,0.0,0.0,5,OXA48_positive_other_unknown,G481
DEMO_A,Escherichia coli,FICTIONAL_A,2024-07-01,P243,,Homo sapiens,positive,unknown,synthetic_fixture,SYNTH_00486,0,S,EUCAST,SYNTHETIC_ONLY,-1.0,0.0,0.0,0.0,0.0,-2.0,0.0,0.0,0.0,0.0,0.0,0.0,0.0,0.0,0.0,2.0,0.0,0.0,0.0,0.0,1.0,0.0,0.0,0.0,0.0,5,NDM_positive_other_unknown,G483
DEMO_A,Klebsiella pneumoniae,FICTIONAL_A,2024-08-01,P243,,Homo sapiens,unknown,unknown,synthetic_fixture,SYNTH_00487,1,R,EUCAST,SYNTHETIC_ONLY,1.0,0.0,0.0,0.0,0.0,-1.0,0.0,0.0,0.0,0.0,1.0,0.0,0.0,0.0,0.0,,0.0,0.0,0.0,1.0,2.0,0.0,0.0,0.0,0.0,4,unknown,G483
DEMO_A,Escherichia coli,FICTIONAL_A,2024-09-01,P244,,Homo sapiens,unknown,unknown,synthetic_fixture,SYNTH_00488,1,R,EUCAST,SYNTHETIC_ONLY,0.0,0.0,0.0,0.0,0.0,2.0,0.0,0.0,0.0,0.0,2.0,0.0,0.0,0.0,0.0,1.0,0.0,0.0,0.0,0.0,3.0,0.0,0.0,0.0,0.0,5,unknown,G485
DEMO_A,Klebsiella pneumoniae,FICTIONAL_A,2024-10-01,P244,,Homo sapiens,positive,unknown,synthetic_fixture,SYNTH_00489,0,S,EUCAST,SYNTHETIC_ONLY,0.0,0.0,0.0,0.0,0.0,-2.0,0.0,0.0,0.0,0.0,,0.0,0.0,0.0,1.0,1.0,0.0,0.0,0.0,0.0,1.0,0.0,0.0,0.0,0.0,4,NDM_positive_other_unknown,G485
DEMO_A,Escherichia coli,FICTIONAL_A,2024-11-01,P245,,Homo sapiens,unknown,positive,synthetic_fixture,SYNTH_00490,0,S,EUCAST,SYNTHETIC_ONLY,0.0,0.0,0.0,0.0,0.0,-1.0,0.0,0.0,0.0,0.0,0.0,0.0,0.0,0.0,0.0,,0.0,0.0,0.0,1.0,,0.0,0.0,0.0,1.0,3,OXA48_positive_other_unknown,G487
DEMO_A,Klebsiella pneumoniae,FICTIONAL_A,2024-12-01,P245,,Homo sapiens,unknown,unknown,synthetic_fixture,SYNTH_00491,0,S,EUCAST,SYNTHETIC_ONLY,0.0,0.0,0.0,0.0,0.0,1.0,0.0,0.0,0.0,0.0,1.0,0.0,0.0,0.0,0.0,1.0,0.0,0.0,0.0,0.0,2.0,0.0,0.0,0.0,0.0,5,unknown,G487
DEMO_A,Escherichia coli,FICTIONAL_A,2024-01-01,P246,,Homo sapiens,positive,unknown,synthetic_fixture,SYNTH_00492,1,R,EUCAST,SYNTHETIC_ONLY,2.0,0.0,0.0,0.0,0.0,1.0,0.0,0.0,0.0,0.0,2.0,0.0,0.0,0.0,0.0,3.0,0.0,0.0,0.0,0.0,,0.0,0.0,0.0,1.0,4,NDM_positive_other_unknown,G489
DEMO_A,Klebsiella pneumoniae,FICTIONAL_A,2024-02-01,P246,,Homo sapiens,unknown,unknown,synthetic_fixture,SYNTH_00493,0,S,EUCAST,SYNTHETIC_ONLY,0.0,0.0,0.0,0.0,0.0,,0.0,0.0,0.0,1.0,0.0,0.0,0.0,0.0,0.0,1.0,0.0,0.0,0.0,0.0,2.0,0.0,0.0,0.0,0.0,4,unknown,G489
DEMO_A,Escherichia coli,FICTIONAL_A,2024-03-01,P247,,Homo sapiens,unknown,unknown,synthetic_fixture,SYNTH_00494,0,S,EUCAST,SYNTHETIC_ONLY,,0.0,0.0,0.0,1.0,,0.0,0.0,0.0,1.0,-3.0,0.0,0.0,0.0,0.0,4.0,0.0,0.0,0.0,0.0,4.0,0.0,0.0,0.0,0.0,3,unknown,G491
DEMO_A,Klebsiella pneumoniae,FICTIONAL_A,2024-04-01,P247,,Homo sapiens,positive,positive,synthetic_fixture,SYNTH_00495,0,S,EUCAST,SYNTHETIC_ONLY,-5.0,1.0,0.0,0.0,0.0,-1.0,0.0,0.0,0.0,0.0,,0.0,0.0,0.0,1.0,-1.0,0.0,0.0,0.0,0.0,1.0,0.0,0.0,0.0,0.0,4,co_producer,G491
DEMO_A,Escherichia coli,FICTIONAL_A,2024-05-01,P248,,Homo sapiens,unknown,unknown,synthetic_fixture,SYNTH_00496,1,R,EUCAST,SYNTHETIC_ONLY,0.0,0.0,0.0,0.0,0.0,0.0,0.0,0.0,0.0,0.0,3.0,0.0,0.0,0.0,0.0,4.0,0.0,0.0,0.0,0.0,3.0,0.0,0.0,0.0,0.0,5,unknown,G493
DEMO_A,Klebsiella pneumoniae,FICTIONAL_A,2024-06-01,P248,,Homo sapiens,unknown,unknown,synthetic_fixture,SYNTH_00497,0,S,EUCAST,SYNTHETIC_ONLY,0.0,0.0,0.0,0.0,0.0,1.0,0.0,0.0,0.0,0.0,1.0,0.0,0.0,0.0,0.0,2.0,0.0,0.0,0.0,0.0,2.0,0.0,0.0,0.0,0.0,5,unknown,G493
DEMO_A,Escherichia coli,FICTIONAL_A,2024-07-01,P249,,Homo sapiens,positive,unknown,synthetic_fixture,SYNTH_00498,0,S,EUCAST,SYNTHETIC_ONLY,-1.0,0.0,0.0,0.0,0.0,,0.0,0.0,0.0,1.0,1.0,0.0,0.0,0.0,0.0,,0.0,0.0,0.0,1.0,0.0,0.0,0.0,0.0,0.0,3,NDM_positive_other_unknown,G495
DEMO_A,Klebsiella pneumoniae,FICTIONAL_A,2024-08-01,P249,,Homo sapiens,unknown,unknown,synthetic_fixture,SYNTH_00499,1,R,EUCAST,SYNTHETIC_ONLY,0.0,0.0,0.0,0.0,0.0,0.0,0.0,0.0,0.0,0.0,0.0,0.0,0.0,0.0,0.0,3.0,0.0,0.0,0.0,0.0,3.0,0.0,0.0,0.0,0.0,5,unknown,G495
DEMO_A,Escherichia coli,FICTIONAL_A,2024-09-01,P250,,Homo sapiens,unknown,positive,synthetic_fixture,SYNTH_00500,1,R,EUCAST,SYNTHETIC_ONLY,-1.0,0.0,0.0,0.0,0.0,0.0,0.0,0.0,0.0,0.0,1.0,0.0,0.0,0.0,0.0,0.0,0.0,0.0,0.0,0.0,1.0,0.0,0.0,0.0,0.0,5,OXA48_positive_other_unknown,G497
DEMO_A,Klebsiella pneumoniae,FICTIONAL_A,2024-10-01,P250,,Homo sapiens,positive,unknown,synthetic_fixture,SYNTH_00501,1,R,EUCAST,SYNTHETIC_ONLY,0.0,0.0,0.0,0.0,0.0,3.0,0.0,0.0,0.0,0.0,2.0,0.0,0.0,0.0,0.0,3.0,0.0,0.0,0.0,0.0,3.0,0.0,0.0,0.0,0.0,5,NDM_positive_other_unknown,G497
DEMO_A,Escherichia coli,FICTIONAL_A,2024-11-01,P251,,Homo sapiens,unknown,unknown,synthetic_fixture,SYNTH_00502,1,R,EUCAST,SYNTHETIC_ONLY,,0.0,0.0,0.0,1.0,2.0,0.0,0.0,0.0,0.0,4.0,0.0,0.0,0.0,0.0,4.0,0.0,0.0,0.0,0.0,7.0,0.0,1.0,1.0,0.0,4,unknown,G499
DEMO_A,Klebsiella pneumoniae,FICTIONAL_A,2024-12-01,P251,,Homo sapiens,unknown,unknown,synthetic_fixture,SYNTH_00503,1,R,EUCAST,SYNTHETIC_ONLY,0.0,0.0,0.0,0.0,0.0,-1.0,0.0,0.0,0.0,0.0,1.0,0.0,0.0,0.0,0.0,2.0,0.0,0.0,0.0,0.0,0.0,0.0,0.0,0.0,0.0,5,unknown,G499
DEMO_A,Escherichia coli,FICTIONAL_A,2024-01-01,P252,,Homo sapiens,positive,unknown,synthetic_fixture,SYNTH_00504,1,R,EUCAST,SYNTHETIC_ONLY,2.0,0.0,0.0,0.0,0.0,2.0,0.0,0.0,0.0,0.0,2.0,0.0,0.0,0.0,0.0,3.0,0.0,0.0,0.0,0.0,1.0,0.0,0.0,0.0,0.0,5,NDM_positive_other_unknown,G501
DEMO_A,Klebsiella pneumoniae,FICTIONAL_A,2024-02-01,P252,,Homo sapiens,unknown,positive,synthetic_fixture,SYNTH_00505,0,S,EUCAST,SYNTHETIC_ONLY,0.0,0.0,0.0,0.0,0.0,,0.0,0.0,0.0,1.0,0.0,0.0,0.0,0.0,0.0,0.0,0.0,0.0,0.0,0.0,,0.0,0.0,0.0,1.0,3,OXA48_positive_other_unknown,G501
DEMO_A,Escherichia coli,FICTIONAL_A,2024-03-01,P253,,Homo sapiens,unknown,unknown,synthetic_fixture,SYNTH_00506,0,S,EUCAST,SYNTHETIC_ONLY,1.0,0.0,0.0,0.0,0.0,,0.0,0.0,0.0,1.0,1.0,0.0,0.0,0.0,0.0,1.0,0.0,0.0,0.0,0.0,2.0,0.0,0.0,0.0,0.0,4,unknown,G503
DEMO_A,Klebsiella pneumoniae,FICTIONAL_A,2024-04-01,P253,,Homo sapiens,positive,unknown,synthetic_fixture,SYNTH_00507,1,R,EUCAST,SYNTHETIC_ONLY,0.0,0.0,0.0,0.0,0.0,3.0,0.0,0.0,0.0,0.0,1.0,0.0,0.0,0.0,0.0,3.0,0.0,0.0,0.0,0.0,2.0,0.0,0.0,0.0,0.0,5,NDM_positive_other_unknown,G503
DEMO_A,Escherichia coli,FICTIONAL_A,2024-05-01,P254,,Homo sapiens,unknown,unknown,synthetic_fixture,SYNTH_00508,0,S,EUCAST,SYNTHETIC_ONLY,-2.0,0.0,0.0,0.0,0.0,0.0,0.0,0.0,0.0,0.0,-1.0,0.0,0.0,0.0,0.0,2.0,0.0,0.0,0.0,0.0,1.0,0.0,0.0,0.0,0.0,5,unknown,G505
DEMO_A,Klebsiella pneumoniae,FICTIONAL_A,2024-06-01,P254,,Homo sapiens,unknown,unknown,synthetic_fixture,SYNTH_00509,1,R,EUCAST,SYNTHETIC_ONLY,3.0,0.0,0.0,0.0,0.0,1.0,0.0,0.0,0.0,0.0,1.0,0.0,0.0,0.0,0.0,3.0,0.0,0.0,0.0,0.0,2.0,0.0,0.0,0.0,0.0,5,unknown,G505
DEMO_A,Escherichia coli,FICTIONAL_A,2024-07-01,P255,,Homo sapiens,positive,positive,synthetic_fixture,SYNTH_00510,0,S,EUCAST,SYNTHETIC_ONLY,-1.0,0.0,0.0,0.0,0.0,2.0,0.0,0.0,0.0,0.0,1.0,0.0,0.0,0.0,0.0,2.0,0.0,0.0,0.0,0.0,,0.0,0.0,0.0,1.0,4,co_producer,G507
DEMO_A,Klebsiella pneumoniae,FICTIONAL_A,2024-08-01,P255,,Homo sapiens,unknown,unknown,synthetic_fixture,SYNTH_00511,0,S,EUCAST,SYNTHETIC_ONLY,1.0,0.0,0.0,0.0,0.0,-1.0,0.0,0.0,0.0,0.0,,0.0,0.0,0.0,1.0,0.0,0.0,0.0,0.0,0.0,3.0,0.0,0.0,0.0,0.0,4,unknown,G507
DEMO_A,Escherichia coli,FICTIONAL_A,2024-09-01,P256,,Homo sapiens,unknown,unknown,synthetic_fixture,SYNTH_00512,1,R,EUCAST,SYNTHETIC_ONLY,1.0,0.0,0.0,0.0,0.0,3.0,0.0,0.0,0.0,0.0,,0.0,0.0,0.0,1.0,1.0,0.0,0.0,0.0,0.0,3.0,0.0,0.0,0.0,0.0,4,unknown,G509
DEMO_A,Klebsiella pneumoniae,FICTIONAL_A,2024-10-01,P256,,Homo sapiens,positive,unknown,synthetic_fixture,SYNTH_00513,0,S,EUCAST,SYNTHETIC_ONLY,0.0,0.0,0.0,0.0,0.0,1.0,0.0,0.0,0.0,0.0,2.0,0.0,0.0,0.0,0.0,3.0,0.0,0.0,0.0,0.0,,0.0,0.0,0.0,1.0,4,NDM_positive_other_unknown,G509
DEMO_A,Escherichia coli,FICTIONAL_A,2024-11-01,P257,,Homo sapiens,unknown,unknown,synthetic_fixture,SYNTH_00514,1,R,EUCAST,SYNTHETIC_ONLY,1.0,0.0,0.0,0.0,0.0,0.0,0.0,0.0,0.0,0.0,2.0,0.0,0.0,0.0,0.0,3.0,0.0,0.0,0.0,0.0,3.0,0.0,0.0,0.0,0.0,5,unknown,G511
DEMO_A,Klebsiella pneumoniae,FICTIONAL_A,2024-12-01,P257,,Homo sapiens,unknown,positive,synthetic_fixture,SYNTH_00515,1,R,EUCAST,SYNTHETIC_ONLY,1.0,0.0,0.0,0.0,0.0,1.0,0.0,0.0,0.0,0.0,2.0,0.0,0.0,0.0,0.0,3.0,0.0,0.0,0.0,0.0,3.0,0.0,0.0,0.0,0.0,5,OXA48_positive_other_unknown,G511
DEMO_A,Escherichia coli,FICTIONAL_A,2024-01-01,P258,,Homo sapiens,positive,unknown,synthetic_fixture,SYNTH_00516,1,R,EUCAST,SYNTHETIC_ONLY,1.0,0.0,0.0,0.0,0.0,,0.0,0.0,0.0,1.0,2.0,0.0,0.0,0.0,0.0,4.0,0.0,0.0,0.0,0.0,3.0,0.0,0.0,0.0,0.0,4,NDM_positive_other_unknown,G513
DEMO_A,Klebsiella pneumoniae,FICTIONAL_A,2024-02-01,P258,,Homo sapiens,unknown,unknown,synthetic_fixture,SYNTH_00517,0,S,EUCAST,SYNTHETIC_ONLY,2.0,0.0,0.0,0.0,0.0,2.0,0.0,0.0,0.0,0.0,1.0,0.0,0.0,0.0,0.0,3.0,0.0,0.0,0.0,0.0,2.0,0.0,0.0,0.0,0.0,5,unknown,G513
DEMO_A,Escherichia coli,FICTIONAL_A,2024-03-01,P259,,Homo sapiens,unknown,unknown,synthetic_fixture,SYNTH_00518,1,R,EUCAST,SYNTHETIC_ONLY,2.0,0.0,0.0,0.0,0.0,2.0,0.0,0.0,0.0,0.0,2.0,0.0,0.0,0.0,0.0,2.0,0.0,0.0,0.0,0.0,4.0,0.0,0.0,0.0,0.0,5,unknown,G515
DEMO_A,Klebsiella pneumoniae,FICTIONAL_A,2024-04-01,P259,,Homo sapiens,positive,unknown,synthetic_fixture,SYNTH_00519,0,S,EUCAST,SYNTHETIC_ONLY,0.0,0.0,0.0,0.0,0.0,2.0,0.0,0.0,0.0,0.0,,0.0,0.0,0.0,1.0,,0.0,0.0,0.0,1.0,2.0,0.0,0.0,0.0,0.0,3,NDM_positive_other_unknown,G515
DEMO_A,Escherichia coli,FICTIONAL_A,2024-05-01,P260,,Homo sapiens,unknown,positive,synthetic_fixture,SYNTH_00520,1,R,EUCAST,SYNTHETIC_ONLY,1.0,0.0,0.0,0.0,0.0,1.0,0.0,0.0,0.0,0.0,4.0,0.0,0.0,0.0,0.0,0.0,0.0,0.0,0.0,0.0,2.0,0.0,0.0,0.0,0.0,5,OXA48_positive_other_unknown,G517
DEMO_A,Klebsiella pneumoniae,FICTIONAL_A,2024-06-01,P260,,Homo sapiens,unknown,unknown,synthetic_fixture,SYNTH_00521,1,R,EUCAST,SYNTHETIC_ONLY,,0.0,0.0,0.0,1.0,1.0,0.0,0.0,0.0,0.0,2.0,0.0,0.0,0.0,0.0,1.0,0.0,0.0,0.0,0.0,3.0,0.0,0.0,0.0,0.0,4,unknown,G517
DEMO_A,Escherichia coli,FICTIONAL_A,2024-07-01,P261,,Homo sapiens,positive,unknown,synthetic_fixture,SYNTH_00522,1,R,EUCAST,SYNTHETIC_ONLY,,0.0,0.0,0.0,1.0,,0.0,0.0,0.0,1.0,-2.0,0.0,0.0,0.0,0.0,0.0,0.0,0.0,0.0,0.0,1.0,0.0,0.0,0.0,0.0,3,NDM_positive_other_unknown,G519
DEMO_A,Klebsiella pneumoniae,FICTIONAL_A,2024-08-01,P261,,Homo sapiens,unknown,unknown,synthetic_fixture,SYNTH_00523,1,R,EUCAST,SYNTHETIC_ONLY,2.0,0.0,0.0,0.0,0.0,1.0,0.0,0.0,0.0,0.0,2.0,0.0,0.0,0.0,0.0,1.0,0.0,0.0,0.0,0.0,1.0,0.0,0.0,0.0,0.0,5,unknown,G519
DEMO_A,Escherichia coli,FICTIONAL_A,2024-09-01,P262,,Homo sapiens,unknown,unknown,synthetic_fixture,SYNTH_00524,1,R,EUCAST,SYNTHETIC_ONLY,3.0,0.0,0.0,0.0,0.0,4.0,0.0,0.0,0.0,0.0,1.0,0.0,0.0,0.0,0.0,2.0,0.0,0.0,0.0,0.0,3.0,0.0,0.0,0.0,0.0,5,unknown,G521
DEMO_A,Klebsiella pneumoniae,FICTIONAL_A,2024-10-01,P262,,Homo sapiens,positive,positive,synthetic_fixture,SYNTH_00525,0,S,EUCAST,SYNTHETIC_ONLY,1.0,0.0,0.0,0.0,0.0,,0.0,0.0,0.0,1.0,,0.0,0.0,0.0,1.0,1.0,0.0,0.0,0.0,0.0,1.0,0.0,0.0,0.0,0.0,3,co_producer,G521
DEMO_A,Escherichia coli,FICTIONAL_A,2024-11-01,P263,,Homo sapiens,unknown,unknown,synthetic_fixture,SYNTH_00526,1,R,EUCAST,SYNTHETIC_ONLY,-1.0,0.0,0.0,0.0,0.0,2.0,0.0,0.0,0.0,0.0,2.0,0.0,0.0,0.0,0.0,0.0,0.0,0.0,0.0,0.0,3.0,0.0,0.0,0.0,0.0,5,unknown,G523
DEMO_A,Klebsiella pneumoniae,FICTIONAL_A,2024-12-01,P263,,Homo sapiens,unknown,unknown,synthetic_fixture,SYNTH_00527,0,S,EUCAST,SYNTHETIC_ONLY,0.0,0.0,0.0,0.0,0.0,,0.0,0.0,0.0,1.0,-1.0,0.0,0.0,0.0,0.0,1.0,0.0,0.0,0.0,0.0,2.0,0.0,0.0,0.0,0.0,4,unknown,G523
DEMO_A,Escherichia coli,FICTIONAL_A,2024-01-01,P264,,Homo sapiens,positive,unknown,synthetic_fixture,SYNTH_00528,0,S,EUCAST,SYNTHETIC_ONLY,-4.0,0.0,0.0,0.0,0.0,-2.0,0.0,0.0,0.0,0.0,,0.0,0.0,0.0,1.0,0.0,0.0,0.0,0.0,0.0,,0.0,0.0,0.0,1.0,3,NDM_positive_other_unknown,G525
DEMO_A,Klebsiella pneumoniae,FICTIONAL_A,2024-02-01,P264,,Homo sapiens,unknown,unknown,synthetic_fixture,SYNTH_00529,0,S,EUCAST,SYNTHETIC_ONLY,-2.0,0.0,0.0,0.0,0.0,0.0,0.0,0.0,0.0,0.0,-1.0,0.0,0.0,0.0,0.0,0.0,0.0,0.0,0.0,0.0,0.0,0.0,0.0,0.0,0.0,5,unknown,G525
DEMO_A,Escherichia coli,FICTIONAL_A,2024-03-01,P265,,Homo sapiens,unknown,positive,synthetic_fixture,SYNTH_00530,1,R,EUCAST,SYNTHETIC_ONLY,1.0,0.0,0.0,0.0,0.0,1.0,0.0,0.0,0.0,0.0,3.0,0.0,0.0,0.0,0.0,2.0,0.0,0.0,0.0,0.0,2.0,0.0,0.0,0.0,0.0,5,OXA48_positive_other_unknown,G527
DEMO_A,Klebsiella pneumoniae,FICTIONAL_A,2024-04-01,P265,,Homo sapiens,positive,unknown,synthetic_fixture,SYNTH_00531,0,S,EUCAST,SYNTHETIC_ONLY,3.0,0.0,0.0,0.0,0.0,0.0,0.0,0.0,0.0,0.0,2.0,0.0,0.0,0.0,0.0,3.0,0.0,0.0,0.0,0.0,3.0,0.0,0.0,0.0,0.0,5,NDM_positive_other_unknown,G527
DEMO_A,Escherichia coli,FICTIONAL_A,2024-05-01,P266,,Homo sapiens,unknown,unknown,synthetic_fixture,SYNTH_00532,0,S,EUCAST,SYNTHETIC_ONLY,-1.0,0.0,0.0,0.0,0.0,0.0,0.0,0.0,0.0,0.0,1.0,0.0,0.0,0.0,0.0,1.0,0.0,0.0,0.0,0.0,2.0,0.0,0.0,0.0,0.0,5,unknown,G529
DEMO_A,Klebsiella pneumoniae,FICTIONAL_A,2024-06-01,P266,,Homo sapiens,unknown,unknown,synthetic_fixture,SYNTH_00533,1,R,EUCAST,SYNTHETIC_ONLY,1.0,0.0,0.0,0.0,0.0,2.0,0.0,0.0,0.0,0.0,4.0,0.0,0.0,0.0,0.0,3.0,0.0,0.0,0.0,0.0,2.0,0.0,0.0,0.0,0.0,5,unknown,G529
DEMO_A,Escherichia coli,FICTIONAL_A,2024-07-01,P267,,Homo sapiens,positive,unknown,synthetic_fixture,SYNTH_00534,0,S,EUCAST,SYNTHETIC_ONLY,0.0,0.0,0.0,0.0,0.0,0.0,0.0,0.0,0.0,0.0,2.0,0.0,0.0,0.0,0.0,3.0,0.0,0.0,0.0,0.0,1.0,0.0,0.0,0.0,0.0,5,NDM_positive_other_unknown,G531
DEMO_A,Klebsiella pneumoniae,FICTIONAL_A,2024-08-01,P267,,Homo sapiens,unknown,positive,synthetic_fixture,SYNTH_00535,0,S,EUCAST,SYNTHETIC_ONLY,-3.0,0.0,0.0,0.0,0.0,,0.0,0.0,0.0,1.0,0.0,0.0,0.0,0.0,0.0,-1.0,0.0,0.0,0.0,0.0,-1.0,0.0,0.0,0.0,0.0,4,OXA48_positive_other_unknown,G531
DEMO_A,Escherichia coli,FICTIONAL_A,2024-09-01,P268,,Homo sapiens,unknown,unknown,synthetic_fixture,SYNTH_00536,0,S,EUCAST,SYNTHETIC_ONLY,1.0,0.0,0.0,0.0,0.0,-1.0,0.0,0.0,0.0,0.0,1.0,0.0,0.0,0.0,0.0,1.0,0.0,0.0,0.0,0.0,4.0,0.0,0.0,0.0,0.0,5,unknown,G533
DEMO_A,Klebsiella pneumoniae,FICTIONAL_A,2024-10-01,P268,,Homo sapiens,positive,unknown,synthetic_fixture,SYNTH_00537,1,R,EUCAST,SYNTHETIC_ONLY,3.0,0.0,0.0,0.0,0.0,0.0,0.0,0.0,0.0,0.0,1.0,0.0,0.0,0.0,0.0,,0.0,0.0,0.0,1.0,3.0,0.0,0.0,0.0,0.0,4,NDM_positive_other_unknown,G533
DEMO_A,Escherichia coli,FICTIONAL_A,2024-11-01,P269,,Homo sapiens,unknown,unknown,synthetic_fixture,SYNTH_00538,1,R,EUCAST,SYNTHETIC_ONLY,1.0,0.0,0.0,0.0,0.0,,0.0,0.0,0.0,1.0,3.0,0.0,0.0,0.0,0.0,2.0,0.0,0.0,0.0,0.0,,0.0,0.0,0.0,1.0,3,unknown,G535
DEMO_A,Klebsiella pneumoniae,FICTIONAL_A,2024-12-01,P269,,Homo sapiens,unknown,unknown,synthetic_fixture,SYNTH_00539,0,S,EUCAST,SYNTHETIC_ONLY,0.0,0.0,0.0,0.0,0.0,-1.0,0.0,0.0,0.0,0.0,1.0,0.0,0.0,0.0,0.0,1.0,0.0,0.0,0.0,0.0,0.0,0.0,0.0,0.0,0.0,5,unknown,G535
DEMO_A,Escherichia coli,FICTIONAL_A,2024-01-01,P270,,Homo sapiens,positive,positive,synthetic_fixture,SYNTH_00540,0,S,EUCAST,SYNTHETIC_ONLY,0.0,0.0,0.0,0.0,0.0,1.0,0.0,0.0,0.0,0.0,0.0,0.0,0.0,0.0,0.0,0.0,0.0,0.0,0.0,0.0,-1.0,0.0,0.0,0.0,0.0,5,co_producer,G537
DEMO_A,Klebsiella pneumoniae,FICTIONAL_A,2024-02-01,P270,,Homo sapiens,unknown,unknown,synthetic_fixture,SYNTH_00541,1,R,EUCAST,SYNTHETIC_ONLY,0.0,0.0,0.0,0.0,0.0,3.0,0.0,0.0,0.0,0.0,0.0,0.0,0.0,0.0,0.0,1.0,0.0,0.0,0.0,0.0,3.0,0.0,0.0,0.0,0.0,5,unknown,G537
DEMO_A,Escherichia coli,FICTIONAL_A,2024-03-01,P271,,Homo sapiens,unknown,unknown,synthetic_fixture,SYNTH_00542,0,S,EUCAST,SYNTHETIC_ONLY,1.0,0.0,0.0,0.0,0.0,1.0,0.0,0.0,0.0,0.0,0.0,0.0,0.0,0.0,0.0,2.0,0.0,0.0,0.0,0.0,1.0,0.0,0.0,0.0,0.0,5,unknown,G539
DEMO_A,Klebsiella pneumoniae,FICTIONAL_A,2024-04-01,P271,,Homo sapiens,positive,unknown,synthetic_fixture,SYNTH_00543,0,S,EUCAST,SYNTHETIC_ONLY,-2.0,0.0,0.0,0.0,0.0,-3.0,0.0,0.0,0.0,0.0,0.0,0.0,0.0,0.0,0.0,-1.0,0.0,0.0,0.0,0.0,2.0,0.0,0.0,0.0,0.0,5,NDM_positive_other_unknown,G539
DEMO_A,Escherichia coli,FICTIONAL_A,2024-05-01,P272,,Homo sapiens,unknown,unknown,synthetic_fixture,SYNTH_00544,0,S,EUCAST,SYNTHETIC_ONLY,0.0,0.0,0.0,0.0,0.0,-1.0,0.0,0.0,0.0,0.0,-1.0,0.0,0.0,0.0,0.0,1.0,0.0,0.0,0.0,0.0,1.0,0.0,0.0,0.0,0.0,5,unknown,G541
DEMO_A,Klebsiella pneumoniae,FICTIONAL_A,2024-06-01,P272,,Homo sapiens,unknown,positive,synthetic_fixture,SYNTH_00545,1,R,EUCAST,SYNTHETIC_ONLY,-1.0,0.0,0.0,0.0,0.0,2.0,0.0,0.0,0.0,0.0,1.0,0.0,0.0,0.0,0.0,1.0,0.0,0.0,0.0,0.0,3.0,0.0,0.0,0.0,0.0,5,OXA48_positive_other_unknown,G541
DEMO_A,Escherichia coli,FICTIONAL_A,2024-07-01,P273,,Homo sapiens,positive,unknown,synthetic_fixture,SYNTH_00546,0,S,EUCAST,SYNTHETIC_ONLY,-1.0,0.0,0.0,0.0,0.0,1.0,0.0,0.0,0.0,0.0,1.0,0.0,0.0,0.0,0.0,1.0,0.0,0.0,0.0,0.0,2.0,0.0,0.0,0.0,0.0,5,NDM_positive_other_unknown,G543
DEMO_A,Klebsiella pneumoniae,FICTIONAL_A,2024-08-01,P273,,Homo sapiens,unknown,unknown,synthetic_fixture,SYNTH_00547,1,R,EUCAST,SYNTHETIC_ONLY,-1.0,0.0,0.0,0.0,0.0,0.0,0.0,0.0,0.0,0.0,0.0,0.0,0.0,0.0,0.0,0.0,0.0,0.0,0.0,0.0,2.0,0.0,0.0,0.0,0.0,5,unknown,G543
DEMO_A,Escherichia coli,FICTIONAL_A,2024-09-01,P274,,Homo sapiens,unknown,unknown,synthetic_fixture,SYNTH_00548,1,R,EUCAST,SYNTHETIC_ONLY,1.0,0.0,0.0,0.0,0.0,1.0,0.0,0.0,0.0,0.0,1.0,0.0,0.0,0.0,0.0,3.0,0.0,0.0,0.0,0.0,,0.0,0.0,0.0,1.0,4,unknown,G545
DEMO_A,Klebsiella pneumoniae,FICTIONAL_A,2024-10-01,P274,,Homo sapiens,positive,unknown,synthetic_fixture,SYNTH_00549,1,R,EUCAST,SYNTHETIC_ONLY,1.0,0.0,0.0,0.0,0.0,0.0,0.0,0.0,0.0,0.0,1.0,0.0,0.0,0.0,0.0,2.0,0.0,0.0,0.0,0.0,1.0,0.0,0.0,0.0,0.0,5,NDM_positive_other_unknown,G545
DEMO_A,Escherichia coli,FICTIONAL_A,2024-11-01,P275,,Homo sapiens,unknown,positive,synthetic_fixture,SYNTH_00550,1,R,EUCAST,SYNTHETIC_ONLY,0.0,0.0,0.0,0.0,0.0,0.0,0.0,0.0,0.0,0.0,2.0,0.0,0.0,0.0,0.0,1.0,0.0,0.0,0.0,0.0,,0.0,0.0,0.0,1.0,4,OXA48_positive_other_unknown,G547
DEMO_A,Klebsiella pneumoniae,FICTIONAL_A,2024-12-01,P275,,Homo sapiens,unknown,unknown,synthetic_fixture,SYNTH_00551,0,S,EUCAST,SYNTHETIC_ONLY,-1.0,0.0,0.0,0.0,0.0,0.0,0.0,0.0,0.0,0.0,1.0,0.0,0.0,0.0,0.0,1.0,0.0,0.0,0.0,0.0,2.0,0.0,0.0,0.0,0.0,5,unknown,G547
DEMO_A,Escherichia coli,FICTIONAL_A,2024-01-01,P276,,Homo sapiens,positive,unknown,synthetic_fixture,SYNTH_00552,1,R,EUCAST,SYNTHETIC_ONLY,2.0,0.0,0.0,0.0,0.0,3.0,0.0,0.0,0.0,0.0,3.0,0.0,0.0,0.0,0.0,4.0,0.0,0.0,0.0,0.0,3.0,0.0,0.0,0.0,0.0,5,NDM_positive_other_unknown,G549
DEMO_A,Klebsiella pneumoniae,FICTIONAL_A,2024-02-01,P276,,Homo sapiens,unknown,unknown,synthetic_fixture,SYNTH_00553,0,S,EUCAST,SYNTHETIC_ONLY,-1.0,0.0,0.0,0.0,0.0,-1.0,0.0,0.0,0.0,0.0,-1.0,0.0,0.0,0.0,0.0,2.0,0.0,0.0,0.0,0.0,3.0,0.0,0.0,0.0,0.0,5,unknown,G549
DEMO_A,Escherichia coli,FICTIONAL_A,2024-03-01,P277,,Homo sapiens,unknown,unknown,synthetic_fixture,SYNTH_00554,0,S,EUCAST,SYNTHETIC_ONLY,0.0,0.0,0.0,0.0,0.0,-2.0,0.0,0.0,0.0,0.0,-1.0,0.0,0.0,0.0,0.0,2.0,0.0,0.0,0.0,0.0,2.0,0.0,0.0,0.0,0.0,5,unknown,G551
DEMO_A,Klebsiella pneumoniae,FICTIONAL_A,2024-04-01,P277,,Homo sapiens,positive,positive,synthetic_fixture,SYNTH_00555,1,R,EUCAST,SYNTHETIC_ONLY,3.0,0.0,0.0,0.0,0.0,2.0,0.0,0.0,0.0,0.0,1.0,0.0,0.0,0.0,0.0,1.0,0.0,0.0,0.0,0.0,3.0,0.0,0.0,0.0,0.0,5,co_producer,G551
DEMO_A,Escherichia coli,FICTIONAL_A,2024-05-01,P278,,Homo sapiens,unknown,unknown,synthetic_fixture,SYNTH_00556,0,S,EUCAST,SYNTHETIC_ONLY,-1.0,0.0,0.0,0.0,0.0,1.0,0.0,0.0,0.0,0.0,2.0,0.0,0.0,0.0,0.0,,0.0,0.0,0.0,1.0,0.0,0.0,0.0,0.0,0.0,4,unknown,G553
DEMO_A,Klebsiella pneumoniae,FICTIONAL_A,2024-06-01,P278,,Homo sapiens,unknown,unknown,synthetic_fixture,SYNTH_00557,0,S,EUCAST,SYNTHETIC_ONLY,-3.0,0.0,0.0,0.0,0.0,-1.0,0.0,0.0,0.0,0.0,-1.0,0.0,0.0,0.0,0.0,0.0,0.0,0.0,0.0,0.0,2.0,0.0,0.0,0.0,0.0,5,unknown,G553
DEMO_A,Escherichia coli,FICTIONAL_A,2024-07-01,P279,,Homo sapiens,positive,unknown,synthetic_fixture,SYNTH_00558,1,R,EUCAST,SYNTHETIC_ONLY,0.0,0.0,0.0,0.0,0.0,0.0,0.0,0.0,0.0,0.0,1.0,0.0,0.0,0.0,0.0,2.0,0.0,0.0,0.0,0.0,3.0,0.0,0.0,0.0,0.0,5,NDM_positive_other_unknown,G555
DEMO_A,Klebsiella pneumoniae,FICTIONAL_A,2024-08-01,P279,,Homo sapiens,unknown,unknown,synthetic_fixture,SYNTH_00559,1,R,EUCAST,SYNTHETIC_ONLY,3.0,0.0,0.0,0.0,0.0,,0.0,0.0,0.0,1.0,1.0,0.0,0.0,0.0,0.0,4.0,0.0,0.0,0.0,0.0,2.0,0.0,0.0,0.0,0.0,4,unknown,G555
DEMO_B,Escherichia coli,FICTIONAL_B,2024-09-01,P280,,Homo sapiens,unknown,positive,synthetic_fixture,SYNTH_00560,1,R,EUCAST,SYNTHETIC_ONLY,1.0,0.0,0.0,0.0,0.0,1.0,0.0,0.0,0.0,0.0,1.0,0.0,0.0,0.0,0.0,3.0,0.0,0.0,0.0,0.0,3.0,0.0,0.0,0.0,0.0,5,OXA48_positive_other_unknown,G557
DEMO_B,Klebsiella pneumoniae,FICTIONAL_B,2024-10-01,P280,,Homo sapiens,positive,unknown,synthetic_fixture,SYNTH_00561,0,S,EUCAST,SYNTHETIC_ONLY,0.0,0.0,0.0,0.0,0.0,1.0,0.0,0.0,0.0,0.0,0.0,0.0,0.0,0.0,0.0,1.0,0.0,0.0,0.0,0.0,2.0,0.0,0.0,0.0,0.0,5,NDM_positive_other_unknown,G557
DEMO_B,Escherichia coli,FICTIONAL_B,2024-11-01,P281,,Homo sapiens,unknown,unknown,synthetic_fixture,SYNTH_00562,1,R,EUCAST,SYNTHETIC_ONLY,1.0,0.0,0.0,0.0,0.0,-1.0,0.0,0.0,0.0,0.0,2.0,0.0,0.0,0.0,0.0,2.0,0.0,0.0,0.0,0.0,2.0,0.0,0.0,0.0,0.0,5,unknown,G559
DEMO_B,Klebsiella pneumoniae,FICTIONAL_B,2024-12-01,P281,,Homo sapiens,unknown,unknown,synthetic_fixture,SYNTH_00563,1,R,EUCAST,SYNTHETIC_ONLY,0.0,0.0,0.0,0.0,0.0,3.0,0.0,0.0,0.0,0.0,1.0,0.0,0.0,0.0,0.0,0.0,0.0,0.0,0.0,0.0,4.0,0.0,0.0,0.0,0.0,5,unknown,G559
DEMO_B,Escherichia coli,FICTIONAL_B,2024-01-01,P282,,Homo sapiens,positive,unknown,synthetic_fixture,SYNTH_00564,1,R,EUCAST,SYNTHETIC_ONLY,0.0,0.0,0.0,0.0,0.0,-2.0,0.0,0.0,0.0,0.0,1.0,0.0,0.0,0.0,0.0,2.0,0.0,0.0,0.0,0.0,3.0,0.0,0.0,0.0,0.0,5,NDM_positive_other_unknown,G561
DEMO_B,Klebsiella pneumoniae,FICTIONAL_B,2024-02-01,P282,,Homo sapiens,unknown,positive,synthetic_fixture,SYNTH_00565,0,S,EUCAST,SYNTHETIC_ONLY,0.0,0.0,0.0,0.0,0.0,1.0,0.0,0.0,0.0,0.0,2.0,0.0,0.0,0.0,0.0,2.0,0.0,0.0,0.0,0.0,2.0,0.0,0.0,0.0,0.0,5,OXA48_positive_other_unknown,G561
DEMO_B,Escherichia coli,FICTIONAL_B,2024-03-01,P283,,Homo sapiens,unknown,unknown,synthetic_fixture,SYNTH_00566,1,R,EUCAST,SYNTHETIC_ONLY,0.0,0.0,0.0,0.0,0.0,2.0,0.0,0.0,0.0,0.0,1.0,0.0,0.0,0.0,0.0,2.0,0.0,0.0,0.0,0.0,2.0,0.0,0.0,0.0,0.0,5,unknown,G563
DEMO_B,Klebsiella pneumoniae,FICTIONAL_B,2024-04-01,P283,,Homo sapiens,positive,unknown,synthetic_fixture,SYNTH_00567,1,R,EUCAST,SYNTHETIC_ONLY,0.0,0.0,0.0,0.0,0.0,0.0,0.0,0.0,0.0,0.0,3.0,0.0,0.0,0.0,0.0,1.0,0.0,0.0,0.0,0.0,,0.0,0.0,0.0,1.0,4,NDM_positive_other_unknown,G563
DEMO_B,Escherichia coli,FICTIONAL_B,2024-05-01,P284,,Homo sapiens,unknown,unknown,synthetic_fixture,SYNTH_00568,0,S,EUCAST,SYNTHETIC_ONLY,0.0,0.0,0.0,0.0,0.0,2.0,0.0,0.0,0.0,0.0,1.0,0.0,0.0,0.0,0.0,,0.0,0.0,0.0,1.0,0.0,0.0,0.0,0.0,0.0,4,unknown,G565
DEMO_B,Escherichia coli,FICTIONAL_B,2024-07-01,P285,,Homo sapiens,positive,positive,synthetic_fixture,SYNTH_00570,1,R,EUCAST,SYNTHETIC_ONLY,1.0,0.0,0.0,0.0,0.0,0.0,0.0,0.0,0.0,0.0,1.0,0.0,0.0,0.0,0.0,2.0,0.0,0.0,0.0,0.0,0.0,0.0,0.0,0.0,0.0,5,co_producer,G566
DEMO_B,Klebsiella pneumoniae,FICTIONAL_B,2024-08-01,P285,,Homo sapiens,unknown,unknown,synthetic_fixture,SYNTH_00571,1,R,EUCAST,SYNTHETIC_ONLY,2.0,0.0,0.0,0.0,0.0,2.0,0.0,0.0,0.0,0.0,2.0,0.0,0.0,0.0,0.0,2.0,0.0,0.0,0.0,0.0,2.0,0.0,0.0,0.0,0.0,5,unknown,G566
DEMO_B,Escherichia coli,FICTIONAL_B,2024-09-01,P286,,Homo sapiens,unknown,unknown,synthetic_fixture,SYNTH_00572,0,S,EUCAST,SYNTHETIC_ONLY,,0.0,0.0,0.0,1.0,0.0,0.0,0.0,0.0,0.0,-1.0,0.0,0.0,0.0,0.0,0.0,0.0,0.0,0.0,0.0,2.0,0.0,0.0,0.0,0.0,4,unknown,G568
DEMO_B,Klebsiella pneumoniae,FICTIONAL_B,2024-10-01,P286,,Homo sapiens,positive,unknown,synthetic_fixture,SYNTH_00573,1,R,EUCAST,SYNTHETIC_ONLY,1.0,0.0,0.0,0.0,0.0,,0.0,0.0,0.0,1.0,2.0,0.0,0.0,0.0,0.0,2.0,0.0,0.0,0.0,0.0,0.0,0.0,0.0,0.0,0.0,4,NDM_positive_other_unknown,G568
DEMO_B,Escherichia coli,FICTIONAL_B,2024-11-01,P287,,Homo sapiens,unknown,unknown,synthetic_fixture,SYNTH_00574,0,S,EUCAST,SYNTHETIC_ONLY,1.0,0.0,0.0,0.0,0.0,2.0,0.0,0.0,0.0,0.0,0.0,0.0,0.0,0.0,0.0,1.0,0.0,0.0,0.0,0.0,2.0,0.0,0.0,0.0,0.0,5,unknown,G570
DEMO_B,Klebsiella pneumoniae,FICTIONAL_B,2024-12-01,P287,,Homo sapiens,unknown,positive,synthetic_fixture,SYNTH_00575,1,R,EUCAST,SYNTHETIC_ONLY,1.0,0.0,0.0,0.0,0.0,3.0,0.0,0.0,0.0,0.0,1.0,0.0,0.0,0.0,0.0,1.0,0.0,0.0,0.0,0.0,2.0,0.0,0.0,0.0,0.0,5,OXA48_positive_other_unknown,G570
DEMO_B,Escherichia coli,FICTIONAL_B,2024-01-01,P288,,Homo sapiens,positive,unknown,synthetic_fixture,SYNTH_00576,0,S,EUCAST,SYNTHETIC_ONLY,-1.0,0.0,0.0,0.0,0.0,,0.0,0.0,0.0,1.0,0.0,0.0,0.0,0.0,0.0,2.0,0.0,0.0,0.0,0.0,3.0,0.0,0.0,0.0,0.0,4,NDM_positive_other_unknown,G572
DEMO_B,Klebsiella pneumoniae,FICTIONAL_B,2024-02-01,P288,,Homo sapiens,unknown,unknown,synthetic_fixture,SYNTH_00577,1,R,EUCAST,SYNTHETIC_ONLY,0.0,0.0,0.0,0.0,0.0,0.0,0.0,0.0,0.0,0.0,3.0,0.0,0.0,0.0,0.0,1.0,0.0,0.0,0.0,0.0,,0.0,0.0,0.0,1.0,4,unknown,G572
DEMO_B,Escherichia coli,FICTIONAL_B,2024-03-01,P289,,Homo sapiens,unknown,unknown,synthetic_fixture,SYNTH_00578,0,S,EUCAST,SYNTHETIC_ONLY,1.0,0.0,0.0,0.0,0.0,1.0,0.0,0.0,0.0,0.0,,0.0,0.0,0.0,1.0,2.0,0.0,0.0,0.0,0.0,3.0,0.0,0.0,0.0,0.0,4,unknown,G574
DEMO_B,Klebsiella pneumoniae,FICTIONAL_B,2024-04-01,P289,,Homo sapiens,positive,unknown,synthetic_fixture,SYNTH_00579,0,S,EUCAST,SYNTHETIC_ONLY,1.0,0.0,0.0,0.0,0.0,2.0,0.0,0.0,0.0,0.0,1.0,0.0,0.0,0.0,0.0,1.0,0.0,0.0,0.0,0.0,1.0,0.0,0.0,0.0,0.0,5,NDM_positive_other_unknown,G574
DEMO_B,Escherichia coli,FICTIONAL_B,2024-05-01,P290,,Homo sapiens,unknown,positive,synthetic_fixture,SYNTH_00580,1,R,EUCAST,SYNTHETIC_ONLY,2.0,0.0,0.0,0.0,0.0,2.0,0.0,0.0,0.0,0.0,2.0,0.0,0.0,0.0,0.0,3.0,0.0,0.0,0.0,0.0,0.0,0.0,0.0,0.0,0.0,5,OXA48_positive_other_unknown,G576
DEMO_B,Klebsiella pneumoniae,FICTIONAL_B,2024-06-01,P290,,Homo sapiens,unknown,unknown,synthetic_fixture,SYNTH_00581,0,S,EUCAST,SYNTHETIC_ONLY,1.0,0.0,0.0,0.0,0.0,,0.0,0.0,0.0,1.0,0.0,0.0,0.0,0.0,0.0,0.0,0.0,0.0,0.0,0.0,0.0,0.0,0.0,0.0,0.0,4,unknown,G576
DEMO_B,Escherichia coli,FICTIONAL_B,2024-07-01,P291,,Homo sapiens,positive,unknown,synthetic_fixture,SYNTH_00582,1,R,EUCAST,SYNTHETIC_ONLY,1.0,0.0,0.0,0.0,0.0,2.0,0.0,0.0,0.0,0.0,1.0,0.0,0.0,0.0,0.0,2.0,0.0,0.0,0.0,0.0,2.0,0.0,0.0,0.0,0.0,5,NDM_positive_other_unknown,G578
DEMO_B,Klebsiella pneumoniae,FICTIONAL_B,2024-08-01,P291,,Homo sapiens,unknown,unknown,synthetic_fixture,SYNTH_00583,0,S,EUCAST,SYNTHETIC_ONLY,0.0,0.0,0.0,0.0,0.0,1.0,0.0,0.0,0.0,0.0,1.0,0.0,0.0,0.0,0.0,1.0,0.0,0.0,0.0,0.0,2.0,0.0,0.0,0.0,0.0,5,unknown,G578
DEMO_B,Escherichia coli,FICTIONAL_B,2024-09-01,P292,,Homo sapiens,unknown,unknown,synthetic_fixture,SYNTH_00584,0,S,EUCAST,SYNTHETIC_ONLY,-2.0,0.0,0.0,0.0,0.0,-1.0,0.0,0.0,0.0,0.0,-1.0,0.0,0.0,0.0,0.0,,0.0,0.0,0.0,1.0,1.0,0.0,0.0,0.0,0.0,4,unknown,G580
DEMO_B,Klebsiella pneumoniae,FICTIONAL_B,2024-10-01,P292,,Homo sapiens,positive,positive,synthetic_fixture,SYNTH_00585,1,R,EUCAST,SYNTHETIC_ONLY,2.0,0.0,0.0,0.0,0.0,-2.0,0.0,0.0,0.0,0.0,0.0,0.0,0.0,0.0,0.0,1.0,0.0,0.0,0.0,0.0,,0.0,0.0,0.0,1.0,4,co_producer,G580
DEMO_B,Escherichia coli,FICTIONAL_B,2024-11-01,P293,,Homo sapiens,unknown,unknown,synthetic_fixture,SYNTH_00586,0,S,EUCAST,SYNTHETIC_ONLY,0.0,0.0,0.0,0.0,0.0,-1.0,0.0,0.0,0.0,0.0,0.0,0.0,0.0,0.0,0.0,,0.0,0.0,0.0,1.0,2.0,0.0,0.0,0.0,0.0,4,unknown,G582
DEMO_B,Klebsiella pneumoniae,FICTIONAL_B,2024-12-01,P293,,Homo sapiens,unknown,unknown,synthetic_fixture,SYNTH_00587,1,R,EUCAST,SYNTHETIC_ONLY,-1.0,0.0,0.0,0.0,0.0,1.0,0.0,0.0,0.0,0.0,0.0,0.0,0.0,0.0,0.0,1.0,0.0,0.0,0.0,0.0,4.0,0.0,0.0,0.0,0.0,5,unknown,G582
DEMO_B,Escherichia coli,FICTIONAL_B,2024-01-01,P294,,Homo sapiens,positive,unknown,synthetic_fixture,SYNTH_00588,0,S,EUCAST,SYNTHETIC_ONLY,,0.0,0.0,0.0,1.0,0.0,0.0,0.0,0.0,0.0,1.0,0.0,0.0,0.0,0.0,,0.0,0.0,0.0,1.0,3.0,0.0,0.0,0.0,0.0,3,NDM_positive_other_unknown,G584
DEMO_B,Klebsiella pneumoniae,FICTIONAL_B,2024-02-01,P294,,Homo sapiens,unknown,unknown,synthetic_fixture,SYNTH_00589,1,R,EUCAST,SYNTHETIC_ONLY,1.0,0.0,0.0,0.0,0.0,0.0,0.0,0.0,0.0,0.0,,0.0,0.0,0.0,1.0,2.0,0.0,0.0,0.0,0.0,3.0,0.0,0.0,0.0,0.0,4,unknown,G584
DEMO_B,Escherichia coli,FICTIONAL_B,2024-03-01,P295,,Homo sapiens,unknown,positive,synthetic_fixture,SYNTH_00590,0,S,EUCAST,SYNTHETIC_ONLY,-1.0,0.0,0.0,0.0,0.0,0.0,0.0,0.0,0.0,0.0,-1.0,0.0,0.0,0.0,0.0,3.0,0.0,0.0,0.0,0.0,1.0,0.0,0.0,0.0,0.0,5,OXA48_positive_other_unknown,G586
DEMO_B,Klebsiella pneumoniae,FICTIONAL_B,2024-04-01,P295,,Homo sapiens,positive,unknown,synthetic_fixture,SYNTH_00591,0,S,EUCAST,SYNTHETIC_ONLY,0.0,0.0,0.0,0.0,0.0,,0.0,0.0,0.0,1.0,-2.0,0.0,0.0,0.0,0.0,0.0,0.0,0.0,0.0,0.0,0.0,0.0,0.0,0.0,0.0,4,NDM_positive_other_unknown,G586
DEMO_B,Escherichia coli,FICTIONAL_B,2024-05-01,P296,,Homo sapiens,unknown,unknown,synthetic_fixture,SYNTH_00592,1,R,EUCAST,SYNTHETIC_ONLY,2.0,0.0,0.0,0.0,0.0,0.0,0.0,0.0,0.0,0.0,3.0,0.0,0.0,0.0,0.0,3.0,0.0,0.0,0.0,0.0,2.0,0.0,0.0,0.0,0.0,5,unknown,G588
DEMO_B,Klebsiella pneumoniae,FICTIONAL_B,2024-06-01,P296,,Homo sapiens,unknown,unknown,synthetic_fixture,SYNTH_00593,1,R,EUCAST,SYNTHETIC_ONLY,1.0,0.0,0.0,0.0,0.0,1.0,0.0,0.0,0.0,0.0,1.0,0.0,0.0,0.0,0.0,2.0,0.0,0.0,0.0,0.0,3.0,0.0,0.0,0.0,0.0,5,unknown,G588
DEMO_B,Escherichia coli,FICTIONAL_B,2024-07-01,P297,,Homo sapiens,positive,unknown,synthetic_fixture,SYNTH_00594,0,S,EUCAST,SYNTHETIC_ONLY,1.0,0.0,0.0,0.0,0.0,0.0,0.0,0.0,0.0,0.0,2.0,0.0,0.0,0.0,0.0,1.0,0.0,0.0,0.0,0.0,,0.0,0.0,0.0,1.0,4,NDM_positive_other_unknown,G590
DEMO_B,Klebsiella pneumoniae,FICTIONAL_B,2024-08-01,P297,,Homo sapiens,unknown,positive,synthetic_fixture,SYNTH_00595,1,R,EUCAST,SYNTHETIC_ONLY,0.0,0.0,0.0,0.0,0.0,0.0,0.0,0.0,0.0,0.0,0.0,0.0,0.0,0.0,0.0,1.0,0.0,0.0,0.0,0.0,1.0,0.0,0.0,0.0,0.0,5,OXA48_positive_other_unknown,G590
DEMO_B,Escherichia coli,FICTIONAL_B,2024-09-01,P298,,Homo sapiens,unknown,unknown,synthetic_fixture,SYNTH_00596,1,R,EUCAST,SYNTHETIC_ONLY,0.0,0.0,0.0,0.0,0.0,2.0,0.0,0.0,0.0,0.0,0.0,0.0,0.0,0.0,0.0,1.0,0.0,0.0,0.0,0.0,4.0,0.0,0.0,0.0,0.0,5,unknown,G592
DEMO_B,Klebsiella pneumoniae,FICTIONAL_B,2024-10-01,P298,,Homo sapiens,positive,unknown,synthetic_fixture,SYNTH_00597,0,S,EUCAST,SYNTHETIC_ONLY,0.0,0.0,0.0,0.0,0.0,0.0,0.0,0.0,0.0,0.0,-1.0,0.0,0.0,0.0,0.0,1.0,0.0,0.0,0.0,0.0,2.0,0.0,0.0,0.0,0.0,5,NDM_positive_other_unknown,G592
DEMO_B,Escherichia coli,FICTIONAL_B,2024-11-01,P299,,Homo sapiens,unknown,unknown,synthetic_fixture,SYNTH_00598,1,R,EUCAST,SYNTHETIC_ONLY,2.0,0.0,0.0,0.0,0.0,2.0,0.0,0.0,0.0,0.0,2.0,0.0,0.0,0.0,0.0,2.0,0.0,0.0,0.0,0.0,3.0,0.0,0.0,0.0,0.0,5,unknown,G594
DEMO_B,Klebsiella pneumoniae,FICTIONAL_B,2024-12-01,P299,,Homo sapiens,unknown,unknown,synthetic_fixture,SYNTH_00599,0,S,EUCAST,SYNTHETIC_ONLY,0.0,0.0,0.0,0.0,0.0,0.0,0.0,0.0,0.0,0.0,3.0,0.0,0.0,0.0,0.0,2.0,0.0,0.0,0.0,0.0,0.0,0.0,0.0,0.0,0.0,5,unknown,G594
DEMO_B,Escherichia coli,FICTIONAL_B,2024-01-01,P300,,Homo sapiens,positive,positive,synthetic_fixture,SYNTH_00600,0,S,EUCAST,SYNTHETIC_ONLY,-3.0,0.0,0.0,0.0,0.0,-1.0,0.0,0.0,0.0,0.0,-1.0,0.0,0.0,0.0,0.0,,0.0,0.0,0.0,1.0,0.0,0.0,0.0,0.0,0.0,4,co_producer,G596
DEMO_B,Klebsiella pneumoniae,FICTIONAL_B,2024-02-01,P300,,Homo sapiens,unknown,unknown,synthetic_fixture,SYNTH_00601,1,R,EUCAST,SYNTHETIC_ONLY,1.0,0.0,0.0,0.0,0.0,2.0,0.0,0.0,0.0,0.0,,0.0,0.0,0.0,1.0,,0.0,0.0,0.0,1.0,0.0,0.0,0.0,0.0,0.0,3,unknown,G596
DEMO_B,Escherichia coli,FICTIONAL_B,2024-03-01,P301,,Homo sapiens,unknown,unknown,synthetic_fixture,SYNTH_00602,0,S,EUCAST,SYNTHETIC_ONLY,-1.0,0.0,0.0,0.0,0.0,-4.0,0.0,0.0,0.0,0.0,-1.0,0.0,0.0,0.0,0.0,1.0,0.0,0.0,0.0,0.0,1.0,0.0,0.0,0.0,0.0,5,unknown,G598
DEMO_B,Klebsiella pneumoniae,FICTIONAL_B,2024-04-01,P301,,Homo sapiens,positive,unknown,synthetic_fixture,SYNTH_00603,0,S,EUCAST,SYNTHETIC_ONLY,0.0,0.0,0.0,0.0,0.0,1.0,0.0,0.0,0.0,0.0,1.0,0.0,0.0,0.0,0.0,3.0,0.0,0.0,0.0,0.0,3.0,0.0,0.0,0.0,0.0,5,NDM_positive_other_unknown,G598
DEMO_B,Escherichia coli,FICTIONAL_B,2024-05-01,P302,,Homo sapiens,unknown,unknown,synthetic_fixture,SYNTH_00604,0,S,EUCAST,SYNTHETIC_ONLY,1.0,0.0,0.0,0.0,0.0,0.0,0.0,0.0,0.0,0.0,1.0,0.0,0.0,0.0,0.0,1.0,0.0,0.0,0.0,0.0,2.0,0.0,0.0,0.0,0.0,5,unknown,G600
DEMO_B,Klebsiella pneumoniae,FICTIONAL_B,2024-06-01,P302,,Homo sapiens,unknown,positive,synthetic_fixture,SYNTH_00605,0,S,EUCAST,SYNTHETIC_ONLY,-1.0,0.0,0.0,0.0,0.0,1.0,0.0,0.0,0.0,0.0,0.0,0.0,0.0,0.0,0.0,2.0,0.0,0.0,0.0,0.0,1.0,0.0,0.0,0.0,0.0,5,OXA48_positive_other_unknown,G600
DEMO_B,Escherichia coli,FICTIONAL_B,2024-07-01,P303,,Homo sapiens,positive,unknown,synthetic_fixture,SYNTH_00606,0,S,EUCAST,SYNTHETIC_ONLY,-1.0,0.0,0.0,0.0,0.0,2.0,0.0,0.0,0.0,0.0,2.0,0.0,0.0,0.0,0.0,2.0,0.0,0.0,0.0,0.0,2.0,0.0,0.0,0.0,0.0,5,NDM_positive_other_unknown,G602
DEMO_B,Klebsiella pneumoniae,FICTIONAL_B,2024-08-01,P303,,Homo sapiens,unknown,unknown,synthetic_fixture,SYNTH_00607,1,R,EUCAST,SYNTHETIC_ONLY,-1.0,0.0,0.0,0.0,0.0,3.0,0.0,0.0,0.0,0.0,0.0,0.0,0.0,0.0,0.0,1.0,0.0,0.0,0.0,0.0,1.0,0.0,0.0,0.0,0.0,5,unknown,G602
DEMO_B,Escherichia coli,FICTIONAL_B,2024-09-01,P304,,Homo sapiens,unknown,unknown,synthetic_fixture,SYNTH_00608,1,R,EUCAST,SYNTHETIC_ONLY,,0.0,0.0,0.0,1.0,2.0,0.0,0.0,0.0,0.0,1.0,0.0,0.0,0.0,0.0,2.0,0.0,0.0,0.0,0.0,1.0,0.0,0.0,0.0,0.0,4,unknown,G604
DEMO_B,Klebsiella pneumoniae,FICTIONAL_B,2024-10-01,P304,,Homo sapiens,positive,unknown,synthetic_fixture,SYNTH_00609,1,R,EUCAST,SYNTHETIC_ONLY,2.0,0.0,0.0,0.0,0.0,1.0,0.0,0.0,0.0,0.0,1.0,0.0,0.0,0.0,0.0,1.0,0.0,0.0,0.0,0.0,2.0,0.0,0.0,0.0,0.0,5,NDM_positive_other_unknown,G604
DEMO_B,Escherichia coli,FICTIONAL_B,2024-11-01,P305,,Homo sapiens,unknown,positive,synthetic_fixture,SYNTH_00610,1,R,EUCAST,SYNTHETIC_ONLY,2.0,0.0,0.0,0.0,0.0,2.0,0.0,0.0,0.0,0.0,3.0,0.0,0.0,0.0,0.0,3.0,0.0,0.0,0.0,0.0,2.0,0.0,0.0,0.0,0.0,5,OXA48_positive_other_unknown,G606
DEMO_B,Klebsiella pneumoniae,FICTIONAL_B,2024-12-01,P305,,Homo sapiens,unknown,unknown,synthetic_fixture,SYNTH_00611,0,S,EUCAST,SYNTHETIC_ONLY,-1.0,0.0,0.0,0.0,0.0,-2.0,0.0,0.0,0.0,0.0,1.0,0.0,0.0,0.0,0.0,3.0,0.0,0.0,0.0,0.0,3.0,0.0,0.0,0.0,0.0,5,unknown,G606
DEMO_B,Escherichia coli,FICTIONAL_B,2024-01-01,P306,,Homo sapiens,positive,unknown,synthetic_fixture,SYNTH_00612,1,R,EUCAST,SYNTHETIC_ONLY,-1.0,0.0,0.0,0.0,0.0,-2.0,0.0,0.0,0.0,0.0,1.0,0.0,0.0,0.0,0.0,1.0,0.0,0.0,0.0,0.0,3.0,0.0,0.0,0.0,0.0,5,NDM_positive_other_unknown,G608
DEMO_B,Klebsiella pneumoniae,FICTIONAL_B,2024-02-01,P306,,Homo sapiens,unknown,unknown,synthetic_fixture,SYNTH_00613,0,S,EUCAST,SYNTHETIC_ONLY,-2.0,0.0,0.0,0.0,0.0,-2.0,0.0,0.0,0.0,0.0,-1.0,0.0,0.0,0.0,0.0,0.0,0.0,0.0,0.0,0.0,1.0,0.0,0.0,0.0,0.0,5,unknown,G608
DEMO_B,Escherichia coli,FICTIONAL_B,2024-03-01,P307,,Homo sapiens,unknown,unknown,synthetic_fixture,SYNTH_00614,0,S,EUCAST,SYNTHETIC_ONLY,1.0,0.0,0.0,0.0,0.0,0.0,0.0,0.0,0.0,0.0,1.0,0.0,0.0,0.0,0.0,0.0,0.0,0.0,0.0,0.0,1.0,0.0,0.0,0.0,0.0,5,unknown,G610
DEMO_B,Klebsiella pneumoniae,FICTIONAL_B,2024-04-01,P307,,Homo sapiens,positive,positive,synthetic_fixture,SYNTH_00615,0,S,EUCAST,SYNTHETIC_ONLY,-2.0,0.0,0.0,0.0,0.0,,0.0,0.0,0.0,1.0,1.0,0.0,0.0,0.0,0.0,1.0,0.0,0.0,0.0,0.0,1.0,0.0,0.0,0.0,0.0,4,co_producer,G610
DEMO_B,Escherichia coli,FICTIONAL_B,2024-05-01,P308,,Homo sapiens,unknown,unknown,synthetic_fixture,SYNTH_00616,0,S,EUCAST,SYNTHETIC_ONLY,1.0,0.0,0.0,0.0,0.0,1.0,0.0,0.0,0.0,0.0,2.0,0.0,0.0,0.0,0.0,2.0,0.0,0.0,0.0,0.0,,0.0,0.0,0.0,1.0,4,unknown,G612
DEMO_B,Klebsiella pneumoniae,FICTIONAL_B,2024-06-01,P308,,Homo sapiens,unknown,unknown,synthetic_fixture,SYNTH_00617,1,R,EUCAST,SYNTHETIC_ONLY,1.0,0.0,0.0,0.0,0.0,,0.0,0.0,0.0,1.0,4.0,0.0,0.0,0.0,0.0,2.0,0.0,0.0,0.0,0.0,2.0,0.0,0.0,0.0,0.0,4,unknown,G612
DEMO_B,Escherichia coli,FICTIONAL_B,2024-07-01,P309,,Homo sapiens,positive,unknown,synthetic_fixture,SYNTH_00618,0,S,EUCAST,SYNTHETIC_ONLY,-1.0,0.0,0.0,0.0,0.0,2.0,0.0,0.0,0.0,0.0,3.0,0.0,0.0,0.0,0.0,2.0,0.0,0.0,0.0,0.0,3.0,0.0,0.0,0.0,0.0,5,NDM_positive_other_unknown,G614
DEMO_B,Klebsiella pneumoniae,FICTIONAL_B,2024-08-01,P309,,Homo sapiens,unknown,unknown,synthetic_fixture,SYNTH_00619,1,R,EUCAST,SYNTHETIC_ONLY,2.0,0.0,0.0,0.0,0.0,3.0,0.0,0.0,0.0,0.0,-1.0,0.0,0.0,0.0,0.0,1.0,0.0,0.0,0.0,0.0,2.0,0.0,0.0,0.0,0.0,5,unknown,G614
DEMO_B,Escherichia coli,FICTIONAL_B,2024-09-01,P310,,Homo sapiens,unknown,positive,synthetic_fixture,SYNTH_00620,1,R,EUCAST,SYNTHETIC_ONLY,1.0,0.0,0.0,0.0,0.0,2.0,0.0,0.0,0.0,0.0,0.0,0.0,0.0,0.0,0.0,3.0,0.0,0.0,0.0,0.0,4.0,0.0,0.0,0.0,0.0,5,OXA48_positive_other_unknown,G616
DEMO_B,Klebsiella pneumoniae,FICTIONAL_B,2024-10-01,P310,,Homo sapiens,positive,unknown,synthetic_fixture,SYNTH_00621,0,S,EUCAST,SYNTHETIC_ONLY,-3.0,0.0,0.0,0.0,0.0,0.0,0.0,0.0,0.0,0.0,1.0,0.0,0.0,0.0,0.0,2.0,0.0,0.0,0.0,0.0,3.0,0.0,0.0,0.0,0.0,5,NDM_positive_other_unknown,G616
DEMO_B,Escherichia coli,FICTIONAL_B,2024-11-01,P311,,Homo sapiens,unknown,unknown,synthetic_fixture,SYNTH_00622,1,R,EUCAST,SYNTHETIC_ONLY,0.0,0.0,0.0,0.0,0.0,1.0,0.0,0.0,0.0,0.0,0.0,0.0,0.0,0.0,0.0,2.0,0.0,0.0,0.0,0.0,,0.0,0.0,0.0,1.0,4,unknown,G618
DEMO_B,Klebsiella pneumoniae,FICTIONAL_B,2024-12-01,P311,,Homo sapiens,unknown,unknown,synthetic_fixture,SYNTH_00623,1,R,EUCAST,SYNTHETIC_ONLY,1.0,0.0,0.0,0.0,0.0,3.0,0.0,0.0,0.0,0.0,3.0,0.0,0.0,0.0,0.0,,0.0,0.0,0.0,1.0,3.0,0.0,0.0,0.0,0.0,4,unknown,G618
DEMO_B,Escherichia coli,FICTIONAL_B,2024-01-01,P312,,Homo sapiens,positive,unknown,synthetic_fixture,SYNTH_00624,1,R,EUCAST,SYNTHETIC_ONLY,1.0,0.0,0.0,0.0,0.0,2.0,0.0,0.0,0.0,0.0,2.0,0.0,0.0,0.0,0.0,2.0,0.0,0.0,0.0,0.0,1.0,0.0,0.0,0.0,0.0,5,NDM_positive_other_unknown,G620
DEMO_B,Klebsiella pneumoniae,FICTIONAL_B,2024-02-01,P312,,Homo sapiens,unknown,positive,synthetic_fixture,SYNTH_00625,0,S,EUCAST,SYNTHETIC_ONLY,0.0,0.0,0.0,0.0,0.0,1.0,0.0,0.0,0.0,0.0,1.0,0.0,0.0,0.0,0.0,0.0,0.0,0.0,0.0,0.0,,0.0,0.0,0.0,1.0,4,OXA48_positive_other_unknown,G620
DEMO_B,Escherichia coli,FICTIONAL_B,2024-03-01,P313,,Homo sapiens,unknown,unknown,synthetic_fixture,SYNTH_00626,0,S,EUCAST,SYNTHETIC_ONLY,-1.0,0.0,0.0,0.0,0.0,0.0,0.0,0.0,0.0,0.0,0.0,0.0,0.0,0.0,0.0,4.0,0.0,0.0,0.0,0.0,0.0,0.0,0.0,0.0,0.0,5,unknown,G622
DEMO_B,Klebsiella pneumoniae,FICTIONAL_B,2024-04-01,P313,,Homo sapiens,positive,unknown,synthetic_fixture,SYNTH_00627,1,R,EUCAST,SYNTHETIC_ONLY,,0.0,0.0,0.0,1.0,1.0,0.0,0.0,0.0,0.0,2.0,0.0,0.0,0.0,0.0,3.0,0.0,0.0,0.0,0.0,3.0,0.0,0.0,0.0,0.0,4,NDM_positive_other_unknown,G622
DEMO_B,Escherichia coli,FICTIONAL_B,2024-05-01,P314,,Homo sapiens,unknown,unknown,synthetic_fixture,SYNTH_00628,1,R,EUCAST,SYNTHETIC_ONLY,2.0,0.0,0.0,0.0,0.0,2.0,0.0,0.0,0.0,0.0,1.0,0.0,0.0,0.0,0.0,3.0,0.0,0.0,0.0,0.0,3.0,0.0,0.0,0.0,0.0,5,unknown,G624
DEMO_B,Klebsiella pneumoniae,FICTIONAL_B,2024-06-01,P314,,Homo sapiens,unknown,unknown,synthetic_fixture,SYNTH_00629,1,R,EUCAST,SYNTHETIC_ONLY,0.0,0.0,0.0,0.0,0.0,2.0,0.0,0.0,0.0,0.0,1.0,0.0,0.0,0.0,0.0,,0.0,0.0,0.0,1.0,4.0,0.0,0.0,0.0,0.0,4,unknown,G624
DEMO_B,Escherichia coli,FICTIONAL_B,2024-07-01,P315,,Homo sapiens,positive,positive,synthetic_fixture,SYNTH_00630,1,R,EUCAST,SYNTHETIC_ONLY,2.0,0.0,0.0,0.0,0.0,2.0,0.0,0.0,0.0,0.0,2.0,0.0,0.0,0.0,0.0,3.0,0.0,0.0,0.0,0.0,2.0,0.0,0.0,0.0,0.0,5,co_producer,G626
DEMO_B,Klebsiella pneumoniae,FICTIONAL_B,2024-08-01,P315,,Homo sapiens,unknown,unknown,synthetic_fixture,SYNTH_00631,0,S,EUCAST,SYNTHETIC_ONLY,0.0,0.0,0.0,0.0,0.0,2.0,0.0,0.0,0.0,0.0,1.0,0.0,0.0,0.0,0.0,1.0,0.0,0.0,0.0,0.0,1.0,0.0,0.0,0.0,0.0,5,unknown,G626
DEMO_B,Escherichia coli,FICTIONAL_B,2024-09-01,P316,,Homo sapiens,unknown,unknown,synthetic_fixture,SYNTH_00632,1,R,EUCAST,SYNTHETIC_ONLY,1.0,0.0,0.0,0.0,0.0,1.0,0.0,0.0,0.0,0.0,,0.0,0.0,0.0,1.0,3.0,0.0,0.0,0.0,0.0,3.0,0.0,0.0,0.0,0.0,4,unknown,G628
DEMO_B,Klebsiella pneumoniae,FICTIONAL_B,2024-10-01,P316,,Homo sapiens,positive,unknown,synthetic_fixture,SYNTH_00633,0,S,EUCAST,SYNTHETIC_ONLY,-1.0,0.0,0.0,0.0,0.0,-1.0,0.0,0.0,0.0,0.0,0.0,0.0,0.0,0.0,0.0,0.0,0.0,0.0,0.0,0.0,2.0,0.0,0.0,0.0,0.0,5,NDM_positive_other_unknown,G628
DEMO_B,Escherichia coli,FICTIONAL_B,2024-11-01,P317,,Homo sapiens,unknown,unknown,synthetic_fixture,SYNTH_00634,1,R,EUCAST,SYNTHETIC_ONLY,0.0,0.0,0.0,0.0,0.0,1.0,0.0,0.0,0.0,0.0,2.0,0.0,0.0,0.0,0.0,3.0,0.0,0.0,0.0,0.0,3.0,0.0,0.0,0.0,0.0,5,unknown,G630
DEMO_B,Klebsiella pneumoniae,FICTIONAL_B,2024-12-01,P317,,Homo sapiens,unknown,positive,synthetic_fixture,SYNTH_00635,0,S,EUCAST,SYNTHETIC_ONLY,0.0,0.0,0.0,0.0,0.0,0.0,0.0,0.0,0.0,0.0,0.0,0.0,0.0,0.0,0.0,0.0,0.0,0.0,0.0,0.0,-1.0,0.0,0.0,0.0,0.0,5,OXA48_positive_other_unknown,G630
DEMO_B,Escherichia coli,FICTIONAL_B,2024-01-01,P318,,Homo sapiens,positive,unknown,synthetic_fixture,SYNTH_00636,0,S,EUCAST,SYNTHETIC_ONLY,-1.0,0.0,0.0,0.0,0.0,-1.0,0.0,0.0,0.0,0.0,0.0,0.0,0.0,0.0,0.0,1.0,0.0,0.0,0.0,0.0,,0.0,0.0,0.0,1.0,4,NDM_positive_other_unknown,G632
DEMO_B,Klebsiella pneumoniae,FICTIONAL_B,2024-02-01,P318,,Homo sapiens,unknown,unknown,synthetic_fixture,SYNTH_00637,1,R,EUCAST,SYNTHETIC_ONLY,1.0,0.0,0.0,0.0,0.0,0.0,0.0,0.0,0.0,0.0,2.0,0.0,0.0,0.0,0.0,2.0,0.0,0.0,0.0,0.0,1.0,0.0,0.0,0.0,0.0,5,unknown,G632
DEMO_B,Escherichia coli,FICTIONAL_B,2024-03-01,P319,,Homo sapiens,unknown,unknown,synthetic_fixture,SYNTH_00638,1,R,EUCAST,SYNTHETIC_ONLY,1.0,0.0,0.0,0.0,0.0,0.0,0.0,0.0,0.0,0.0,0.0,0.0,0.0,0.0,0.0,4.0,0.0,0.0,0.0,0.0,2.0,0.0,0.0,0.0,0.0,5,unknown,G634
DEMO_B,Klebsiella pneumoniae,FICTIONAL_B,2024-04-01,P319,,Homo sapiens,positive,unknown,synthetic_fixture,SYNTH_00639,1,R,EUCAST,SYNTHETIC_ONLY,2.0,0.0,0.0,0.0,0.0,,0.0,0.0,0.0,1.0,2.0,0.0,0.0,0.0,0.0,4.0,0.0,0.0,0.0,0.0,4.0,0.0,0.0,0.0,0.0,4,NDM_positive_other_unknown,G634
DEMO_B,Escherichia coli,FICTIONAL_B,2024-05-01,P320,,Homo sapiens,unknown,positive,synthetic_fixture,SYNTH_00640,1,R,EUCAST,SYNTHETIC_ONLY,2.0,0.0,0.0,0.0,0.0,2.0,0.0,0.0,0.0,0.0,2.0,0.0,0.0,0.0,0.0,3.0,0.0,0.0,0.0,0.0,2.0,0.0,0.0,0.0,0.0,5,OXA48_positive_other_unknown,G636
DEMO_B,Klebsiella pneumoniae,FICTIONAL_B,2024-06-01,P320,,Homo sapiens,unknown,unknown,synthetic_fixture,SYNTH_00641,0,S,EUCAST,SYNTHETIC_ONLY,,0.0,0.0,0.0,1.0,0.0,0.0,0.0,0.0,0.0,0.0,0.0,0.0,0.0,0.0,0.0,0.0,0.0,0.0,0.0,2.0,0.0,0.0,0.0,0.0,4,unknown,G636
DEMO_B,Escherichia coli,FICTIONAL_B,2024-07-01,P321,,Homo sapiens,positive,unknown,synthetic_fixture,SYNTH_00642,0,S,EUCAST,SYNTHETIC_ONLY,-1.0,0.0,0.0,0.0,0.0,0.0,0.0,0.0,0.0,0.0,-1.0,0.0,0.0,0.0,0.0,3.0,0.0,0.0,0.0,0.0,3.0,0.0,0.0,0.0,0.0,5,NDM_positive_other_unknown,G638
DEMO_B,Klebsiella pneumoniae,FICTIONAL_B,2024-08-01,P321,,Homo sapiens,unknown,unknown,synthetic_fixture,SYNTH_00643,1,R,EUCAST,SYNTHETIC_ONLY,,0.0,0.0,0.0,1.0,3.0,0.0,0.0,0.0,0.0,5.0,0.0,0.0,0.0,0.0,4.0,0.0,0.0,0.0,0.0,,0.0,0.0,0.0,1.0,3,unknown,G638
DEMO_B,Escherichia coli,FICTIONAL_B,2024-09-01,P322,,Homo sapiens,unknown,unknown,synthetic_fixture,SYNTH_00644,1,R,EUCAST,SYNTHETIC_ONLY,1.0,0.0,0.0,0.0,0.0,0.0,0.0,0.0,0.0,0.0,2.0,0.0,0.0,0.0,0.0,3.0,0.0,0.0,0.0,0.0,4.0,0.0,0.0,0.0,0.0,5,unknown,G640
DEMO_B,Klebsiella pneumoniae,FICTIONAL_B,2024-10-01,P322,,Homo sapiens,positive,positive,synthetic_fixture,SYNTH_00645,0,S,EUCAST,SYNTHETIC_ONLY,1.0,0.0,0.0,0.0,0.0,-2.0,0.0,0.0,0.0,0.0,1.0,0.0,0.0,0.0,0.0,1.0,0.0,0.0,0.0,0.0,0.0,0.0,0.0,0.0,0.0,5,co_producer,G640
DEMO_B,Escherichia coli,FICTIONAL_B,2024-11-01,P323,,Homo sapiens,unknown,unknown,synthetic_fixture,SYNTH_00646,1,R,EUCAST,SYNTHETIC_ONLY,0.0,0.0,0.0,0.0,0.0,1.0,0.0,0.0,0.0,0.0,1.0,0.0,0.0,0.0,0.0,3.0,0.0,0.0,0.0,0.0,3.0,0.0,0.0,0.0,0.0,5,unknown,G642
DEMO_B,Klebsiella pneumoniae,FICTIONAL_B,2024-12-01,P323,,Homo sapiens,unknown,unknown,synthetic_fixture,SYNTH_00647,0,S,EUCAST,SYNTHETIC_ONLY,0.0,0.0,0.0,0.0,0.0,0.0,0.0,0.0,0.0,0.0,0.0,0.0,0.0,0.0,0.0,2.0,0.0,0.0,0.0,0.0,,0.0,0.0,0.0,1.0,4,unknown,G642
DEMO_B,Escherichia coli,FICTIONAL_B,2024-01-01,P324,,Homo sapiens,positive,unknown,synthetic_fixture,SYNTH_00648,0,S,EUCAST,SYNTHETIC_ONLY,0.0,0.0,0.0,0.0,0.0,1.0,0.0,0.0,0.0,0.0,1.0,0.0,0.0,0.0,0.0,1.0,0.0,0.0,0.0,0.0,,0.0,0.0,0.0,1.0,4,NDM_positive_other_unknown,G644
DEMO_B,Klebsiella pneumoniae,FICTIONAL_B,2024-02-01,P324,,Homo sapiens,unknown,unknown,synthetic_fixture,SYNTH_00649,0,S,EUCAST,SYNTHETIC_ONLY,-2.0,0.0,0.0,0.0,0.0,2.0,0.0,0.0,0.0,0.0,1.0,0.0,0.0,0.0,0.0,3.0,0.0,0.0,0.0,0.0,1.0,0.0,0.0,0.0,0.0,5,unknown,G644
DEMO_B,Escherichia coli,FICTIONAL_B,2024-03-01,P325,,Homo sapiens,unknown,positive,synthetic_fixture,SYNTH_00650,1,R,EUCAST,SYNTHETIC_ONLY,2.0,0.0,0.0,0.0,0.0,3.0,0.0,0.0,0.0,0.0,2.0,0.0,0.0,0.0,0.0,4.0,0.0,0.0,0.0,0.0,2.0,0.0,0.0,0.0,0.0,5,OXA48_positive_other_unknown,G646
DEMO_B,Klebsiella pneumoniae,FICTIONAL_B,2024-04-01,P325,,Homo sapiens,positive,unknown,synthetic_fixture,SYNTH_00651,0,S,EUCAST,SYNTHETIC_ONLY,-1.0,0.0,0.0,0.0,0.0,0.0,0.0,0.0,0.0,0.0,1.0,0.0,0.0,0.0,0.0,0.0,0.0,0.0,0.0,0.0,2.0,0.0,0.0,0.0,0.0,5,NDM_positive_other_unknown,G646
DEMO_B,Escherichia coli,FICTIONAL_B,2024-05-01,P326,,Homo sapiens,unknown,unknown,synthetic_fixture,SYNTH_00652,1,R,EUCAST,SYNTHETIC_ONLY,1.0,0.0,0.0,0.0,0.0,1.0,0.0,0.0,0.0,0.0,-1.0,0.0,0.0,0.0,0.0,1.0,0.0,0.0,0.0,0.0,3.0,0.0,0.0,0.0,0.0,5,unknown,G648
DEMO_B,Klebsiella pneumoniae,FICTIONAL_B,2024-06-01,P326,,Homo sapiens,unknown,unknown,synthetic_fixture,SYNTH_00653,0,S,EUCAST,SYNTHETIC_ONLY,,0.0,0.0,0.0,1.0,0.0,0.0,0.0,0.0,0.0,1.0,0.0,0.0,0.0,0.0,2.0,0.0,0.0,0.0,0.0,,0.0,0.0,0.0,1.0,3,unknown,G648
DEMO_B,Escherichia coli,FICTIONAL_B,2024-07-01,P327,,Homo sapiens,positive,unknown,synthetic_fixture,SYNTH_00654,0,S,EUCAST,SYNTHETIC_ONLY,-4.0,0.0,0.0,0.0,0.0,,0.0,0.0,0.0,1.0,1.0,0.0,0.0,0.0,0.0,-1.0,0.0,0.0,0.0,0.0,1.0,0.0,0.0,0.0,0.0,4,NDM_positive_other_unknown,G650
DEMO_B,Klebsiella pneumoniae,FICTIONAL_B,2024-08-01,P327,,Homo sapiens,unknown,positive,synthetic_fixture,SYNTH_00655,1,R,EUCAST,SYNTHETIC_ONLY,0.0,0.0,0.0,0.0,0.0,0.0,0.0,0.0,0.0,0.0,1.0,0.0,0.0,0.0,0.0,2.0,0.0,0.0,0.0,0.0,1.0,0.0,0.0,0.0,0.0,5,OXA48_positive_other_unknown,G650
DEMO_B,Escherichia coli,FICTIONAL_B,2024-09-01,P328,,Homo sapiens,unknown,unknown,synthetic_fixture,SYNTH_00656,1,R,EUCAST,SYNTHETIC_ONLY,-2.0,0.0,0.0,0.0,0.0,-2.0,0.0,0.0,0.0,0.0,1.0,0.0,0.0,0.0,0.0,1.0,0.0,0.0,0.0,0.0,1.0,0.0,0.0,0.0,0.0,5,unknown,G652
DEMO_B,Klebsiella pneumoniae,FICTIONAL_B,2024-10-01,P328,,Homo sapiens,positive,unknown,synthetic_fixture,SYNTH_00657,1,R,EUCAST,SYNTHETIC_ONLY,0.0,0.0,0.0,0.0,0.0,-1.0,0.0,0.0,0.0,0.0,0.0,0.0,0.0,0.0,0.0,1.0,0.0,0.0,0.0,0.0,2.0,0.0,0.0,0.0,0.0,5,NDM_positive_other_unknown,G652
DEMO_B,Escherichia coli,FICTIONAL_B,2024-11-01,P329,,Homo sapiens,unknown,unknown,synthetic_fixture,SYNTH_00658,0,S,EUCAST,SYNTHETIC_ONLY,1.0,0.0,0.0,0.0,0.0,0.0,0.0,0.0,0.0,0.0,,0.0,0.0,0.0,1.0,2.0,0.0,0.0,0.0,0.0,0.0,0.0,0.0,0.0,0.0,4,unknown,G654
DEMO_B,Klebsiella pneumoniae,FICTIONAL_B,2024-12-01,P329,,Homo sapiens,unknown,unknown,synthetic_fixture,SYNTH_00659,0,S,EUCAST,SYNTHETIC_ONLY,0.0,0.0,0.0,0.0,0.0,0.0,0.0,0.0,0.0,0.0,1.0,0.0,0.0,0.0,0.0,2.0,0.0,0.0,0.0,0.0,2.0,0.0,0.0,0.0,0.0,5,unknown,G654
DEMO_B,Escherichia coli,FICTIONAL_B,2024-01-01,P330,,Homo sapiens,positive,positive,synthetic_fixture,SYNTH_00660,0,S,EUCAST,SYNTHETIC_ONLY,-1.0,0.0,0.0,0.0,0.0,-1.0,0.0,0.0,0.0,0.0,-1.0,0.0,0.0,0.0,0.0,,0.0,0.0,0.0,1.0,3.0,0.0,0.0,0.0,0.0,4,co_producer,G656
DEMO_B,Klebsiella pneumoniae,FICTIONAL_B,2024-02-01,P330,,Homo sapiens,unknown,unknown,synthetic_fixture,SYNTH_00661,0,S,EUCAST,SYNTHETIC_ONLY,1.0,0.0,0.0,0.0,0.0,,0.0,0.0,0.0,1.0,4.0,0.0,0.0,0.0,0.0,0.0,0.0,0.0,0.0,0.0,1.0,0.0,0.0,0.0,0.0,4,unknown,G656
DEMO_B,Escherichia coli,FICTIONAL_B,2024-03-01,P331,,Homo sapiens,unknown,unknown,synthetic_fixture,SYNTH_00662,0,S,EUCAST,SYNTHETIC_ONLY,-2.0,0.0,0.0,0.0,0.0,0.0,0.0,0.0,0.0,0.0,1.0,0.0,0.0,0.0,0.0,1.0,0.0,0.0,0.0,0.0,2.0,0.0,0.0,0.0,0.0,5,unknown,G658
DEMO_B,Klebsiella pneumoniae,FICTIONAL_B,2024-04-01,P331,,Homo sapiens,positive,unknown,synthetic_fixture,SYNTH_00663,1,R,EUCAST,SYNTHETIC_ONLY,0.0,0.0,0.0,0.0,0.0,1.0,0.0,0.0,0.0,0.0,2.0,0.0,0.0,0.0,0.0,1.0,0.0,0.0,0.0,0.0,2.0,0.0,0.0,0.0,0.0,5,NDM_positive_other_unknown,G658
DEMO_B,Escherichia coli,FICTIONAL_B,2024-05-01,P332,,Homo sapiens,unknown,unknown,synthetic_fixture,SYNTH_00664,0,S,EUCAST,SYNTHETIC_ONLY,0.0,0.0,0.0,0.0,0.0,,0.0,0.0,0.0,1.0,0.0,0.0,0.0,0.0,0.0,1.0,0.0,0.0,0.0,0.0,1.0,0.0,0.0,0.0,0.0,4,unknown,G660
DEMO_B,Escherichia coli,FICTIONAL_B,2024-07-01,P333,,Homo sapiens,positive,unknown,synthetic_fixture,SYNTH_00666,0,S,EUCAST,SYNTHETIC_ONLY,-2.0,0.0,0.0,0.0,0.0,-1.0,0.0,0.0,0.0,0.0,1.0,0.0,0.0,0.0,0.0,1.0,0.0,0.0,0.0,0.0,2.0,0.0,0.0,0.0,0.0,5,NDM_positive_other_unknown,G661
DEMO_B,Klebsiella pneumoniae,FICTIONAL_B,2024-08-01,P333,,Homo sapiens,unknown,unknown,synthetic_fixture,SYNTH_00667,0,S,EUCAST,SYNTHETIC_ONLY,-1.0,0.0,0.0,0.0,0.0,0.0,0.0,0.0,0.0,0.0,0.0,0.0,0.0,0.0,0.0,1.0,0.0,0.0,0.0,0.0,3.0,0.0,0.0,0.0,0.0,5,unknown,G661
DEMO_B,Escherichia coli,FICTIONAL_B,2024-09-01,P334,,Homo sapiens,unknown,unknown,synthetic_fixture,SYNTH_00668,0,S,EUCAST,SYNTHETIC_ONLY,1.0,0.0,0.0,0.0,0.0,-1.0,0.0,0.0,0.0,0.0,2.0,0.0,0.0,0.0,0.0,1.0,0.0,0.0,0.0,0.0,3.0,0.0,0.0,0.0,0.0,5,unknown,G663
DEMO_B,Klebsiella pneumoniae,FICTIONAL_B,2024-10-01,P334,,Homo sapiens,positive,unknown,synthetic_fixture,SYNTH_00669,0,S,EUCAST,SYNTHETIC_ONLY,-1.0,0.0,0.0,0.0,0.0,1.0,0.0,0.0,0.0,0.0,1.0,0.0,0.0,0.0,0.0,2.0,0.0,0.0,0.0,0.0,1.0,0.0,0.0,0.0,0.0,5,NDM_positive_other_unknown,G663
DEMO_B,Escherichia coli,FICTIONAL_B,2024-11-01,P335,,Homo sapiens,unknown,positive,synthetic_fixture,SYNTH_00670,1,R,EUCAST,SYNTHETIC_ONLY,1.0,0.0,0.0,0.0,0.0,0.0,0.0,0.0,0.0,0.0,0.0,0.0,0.0,0.0,0.0,0.0,0.0,0.0,0.0,0.0,2.0,0.0,0.0,0.0,0.0,5,OXA48_positive_other_unknown,G665
DEMO_B,Klebsiella pneumoniae,FICTIONAL_B,2024-12-01,P335,,Homo sapiens,unknown,unknown,synthetic_fixture,SYNTH_00671,0,S,EUCAST,SYNTHETIC_ONLY,1.0,0.0,0.0,0.0,0.0,-1.0,0.0,0.0,0.0,0.0,2.0,0.0,0.0,0.0,0.0,3.0,0.0,0.0,0.0,0.0,2.0,0.0,0.0,0.0,0.0,5,unknown,G665
DEMO_B,Escherichia coli,FICTIONAL_B,2024-01-01,P336,,Homo sapiens,positive,unknown,synthetic_fixture,SYNTH_00672,0,S,EUCAST,SYNTHETIC_ONLY,-1.0,0.0,0.0,0.0,0.0,0.0,0.0,0.0,0.0,0.0,0.0,0.0,0.0,0.0,0.0,1.0,0.0,0.0,0.0,0.0,3.0,0.0,0.0,0.0,0.0,5,NDM_positive_other_unknown,G667
DEMO_B,Klebsiella pneumoniae,FICTIONAL_B,2024-02-01,P336,,Homo sapiens,unknown,unknown,synthetic_fixture,SYNTH_00673,1,R,EUCAST,SYNTHETIC_ONLY,3.0,0.0,0.0,0.0,0.0,,0.0,0.0,0.0,1.0,1.0,0.0,0.0,0.0,0.0,,0.0,0.0,0.0,1.0,3.0,0.0,0.0,0.0,0.0,3,unknown,G667
DEMO_B,Escherichia coli,FICTIONAL_B,2024-03-01,P337,,Homo sapiens,unknown,unknown,synthetic_fixture,SYNTH_00674,0,S,EUCAST,SYNTHETIC_ONLY,,0.0,0.0,0.0,1.0,-2.0,0.0,0.0,0.0,0.0,-1.0,0.0,0.0,0.0,0.0,1.0,0.0,0.0,0.0,0.0,1.0,0.0,0.0,0.0,0.0,4,unknown,G669
DEMO_B,Klebsiella pneumoniae,FICTIONAL_B,2024-04-01,P337,,Homo sapiens,positive,positive,synthetic_fixture,SYNTH_00675,0,S,EUCAST,SYNTHETIC_ONLY,1.0,0.0,0.0,0.0,0.0,,0.0,0.0,0.0,1.0,1.0,0.0,0.0,0.0,0.0,1.0,0.0,0.0,0.0,0.0,2.0,0.0,0.0,0.0,0.0,4,co_producer,G669
DEMO_B,Escherichia coli,FICTIONAL_B,2024-05-01,P338,,Homo sapiens,unknown,unknown,synthetic_fixture,SYNTH_00676,0,S,EUCAST,SYNTHETIC_ONLY,0.0,0.0,0.0,0.0,0.0,2.0,0.0,0.0,0.0,0.0,,0.0,0.0,0.0,1.0,0.0,0.0,0.0,0.0,0.0,3.0,0.0,0.0,0.0,0.0,4,unknown,G671
DEMO_B,Klebsiella pneumoniae,FICTIONAL_B,2024-06-01,P338,,Homo sapiens,unknown,unknown,synthetic_fixture,SYNTH_00677,1,R,EUCAST,SYNTHETIC_ONLY,0.0,0.0,0.0,0.0,0.0,3.0,0.0,0.0,0.0,0.0,1.0,0.0,0.0,0.0,0.0,3.0,0.0,0.0,0.0,0.0,1.0,0.0,0.0,0.0,0.0,5,unknown,G671
DEMO_B,Escherichia coli,FICTIONAL_B,2024-07-01,P339,,Homo sapiens,positive,unknown,synthetic_fixture,SYNTH_00678,1,R,EUCAST,SYNTHETIC_ONLY,1.0,0.0,0.0,0.0,0.0,-1.0,0.0,0.0,0.0,0.0,1.0,0.0,0.0,0.0,0.0,0.0,0.0,0.0,0.0,0.0,1.0,0.0,0.0,0.0,0.0,5,NDM_positive_other_unknown,G673
DEMO_B,Klebsiella pneumoniae,FICTIONAL_B,2024-08-01,P339,,Homo sapiens,unknown,unknown,synthetic_fixture,SYNTH_00679,1,R,EUCAST,SYNTHETIC_ONLY,,0.0,0.0,0.0,1.0,1.0,0.0,0.0,0.0,0.0,0.0,0.0,0.0,0.0,0.0,0.0,0.0,0.0,0.0,0.0,4.0,0.0,0.0,0.0,0.0,4,unknown,G673
DEMO_B,Escherichia coli,FICTIONAL_B,2024-09-01,P340,,Homo sapiens,unknown,positive,synthetic_fixture,SYNTH_00680,0,S,EUCAST,SYNTHETIC_ONLY,0.0,0.0,0.0,0.0,0.0,2.0,0.0,0.0,0.0,0.0,-1.0,0.0,0.0,0.0,0.0,2.0,0.0,0.0,0.0,0.0,3.0,0.0,0.0,0.0,0.0,5,OXA48_positive_other_unknown,G675
DEMO_B,Klebsiella pneumoniae,FICTIONAL_B,2024-10-01,P340,,Homo sapiens,positive,unknown,synthetic_fixture,SYNTH_00681,0,S,EUCAST,SYNTHETIC_ONLY,0.0,0.0,0.0,0.0,0.0,,0.0,0.0,0.0,1.0,2.0,0.0,0.0,0.0,0.0,2.0,0.0,0.0,0.0,0.0,1.0,0.0,0.0,0.0,0.0,4,NDM_positive_other_unknown,G675
DEMO_B,Escherichia coli,FICTIONAL_B,2024-11-01,P341,,Homo sapiens,unknown,unknown,synthetic_fixture,SYNTH_00682,1,R,EUCAST,SYNTHETIC_ONLY,0.0,0.0,0.0,0.0,0.0,2.0,0.0,0.0,0.0,0.0,0.0,0.0,0.0,0.0,0.0,,0.0,0.0,0.0,1.0,,0.0,0.0,0.0,1.0,3,unknown,G677
DEMO_B,Klebsiella pneumoniae,FICTIONAL_B,2024-12-01,P341,,Homo sapiens,unknown,unknown,synthetic_fixture,SYNTH_00683,1,R,EUCAST,SYNTHETIC_ONLY,0.0,0.0,0.0,0.0,0.0,0.0,0.0,0.0,0.0,0.0,3.0,0.0,0.0,0.0,0.0,2.0,0.0,0.0,0.0,0.0,2.0,0.0,0.0,0.0,0.0,5,unknown,G677
DEMO_B,Escherichia coli,FICTIONAL_B,2024-01-01,P342,,Homo sapiens,positive,unknown,synthetic_fixture,SYNTH_00684,0,S,EUCAST,SYNTHETIC_ONLY,-1.0,0.0,0.0,0.0,0.0,-1.0,0.0,0.0,0.0,0.0,0.0,0.0,0.0,0.0,0.0,,0.0,0.0,0.0,1.0,2.0,0.0,0.0,0.0,0.0,4,NDM_positive_other_unknown,G679
DEMO_B,Klebsiella pneumoniae,FICTIONAL_B,2024-02-01,P342,,Homo sapiens,unknown,positive,synthetic_fixture,SYNTH_00685,1,R,EUCAST,SYNTHETIC_ONLY,0.0,0.0,0.0,0.0,0.0,0.0,0.0,0.0,0.0,0.0,2.0,0.0,0.0,0.0,0.0,,0.0,0.0,0.0,1.0,2.0,0.0,0.0,0.0,0.0,4,OXA48_positive_other_unknown,G679
DEMO_B,Escherichia coli,FICTIONAL_B,2024-03-01,P343,,Homo sapiens,unknown,unknown,synthetic_fixture,SYNTH_00686,0,S,EUCAST,SYNTHETIC_ONLY,-4.0,0.0,0.0,0.0,0.0,-1.0,0.0,0.0,0.0,0.0,2.0,0.0,0.0,0.0,0.0,,0.0,0.0,0.0,1.0,2.0,0.0,0.0,0.0,0.0,4,unknown,G681
DEMO_B,Klebsiella pneumoniae,FICTIONAL_B,2024-04-01,P343,,Homo sapiens,positive,unknown,synthetic_fixture,SYNTH_00687,1,R,EUCAST,SYNTHETIC_ONLY,2.0,0.0,0.0,0.0,0.0,3.0,0.0,0.0,0.0,0.0,4.0,0.0,0.0,0.0,0.0,3.0,0.0,0.0,0.0,0.0,4.0,0.0,0.0,0.0,0.0,5,NDM_positive_other_unknown,G681
DEMO_B,Escherichia coli,FICTIONAL_B,2024-05-01,P344,,Homo sapiens,unknown,unknown,synthetic_fixture,SYNTH_00688,0,S,EUCAST,SYNTHETIC_ONLY,-1.0,0.0,0.0,0.0,0.0,-1.0,0.0,0.0,0.0,0.0,0.0,0.0,0.0,0.0,0.0,2.0,0.0,0.0,0.0,0.0,2.0,0.0,0.0,0.0,0.0,5,unknown,G683
DEMO_B,Klebsiella pneumoniae,FICTIONAL_B,2024-06-01,P344,,Homo sapiens,unknown,unknown,synthetic_fixture,SYNTH_00689,0,S,EUCAST,SYNTHETIC_ONLY,1.0,0.0,0.0,0.0,0.0,3.0,0.0,0.0,0.0,0.0,1.0,0.0,0.0,0.0,0.0,2.0,0.0,0.0,0.0,0.0,2.0,0.0,0.0,0.0,0.0,5,unknown,G683
DEMO_B,Escherichia coli,FICTIONAL_B,2024-07-01,P345,,Homo sapiens,positive,positive,synthetic_fixture,SYNTH_00690,1,R,EUCAST,SYNTHETIC_ONLY,0.0,0.0,0.0,0.0,0.0,0.0,0.0,0.0,0.0,0.0,2.0,0.0,0.0,0.0,0.0,3.0,0.0,0.0,0.0,0.0,4.0,0.0,0.0,0.0,0.0,5,co_producer,G685
DEMO_B,Klebsiella pneumoniae,FICTIONAL_B,2024-08-01,P345,,Homo sapiens,unknown,unknown,synthetic_fixture,SYNTH_00691,0,S,EUCAST,SYNTHETIC_ONLY,0.0,0.0,0.0,0.0,0.0,0.0,0.0,0.0,0.0,0.0,0.0,0.0,0.0,0.0,0.0,1.0,0.0,0.0,0.0,0.0,2.0,0.0,0.0,0.0,0.0,5,unknown,G685
DEMO_B,Escherichia coli,FICTIONAL_B,2024-09-01,P346,,Homo sapiens,unknown,unknown,synthetic_fixture,SYNTH_00692,1,R,EUCAST,SYNTHETIC_ONLY,1.0,0.0,0.0,0.0,0.0,0.0,0.0,0.0,0.0,0.0,2.0,0.0,0.0,0.0,0.0,2.0,0.0,0.0,0.0,0.0,5.0,0.0,0.0,0.0,0.0,5,unknown,G687
DEMO_B,Klebsiella pneumoniae,FICTIONAL_B,2024-10-01,P346,,Homo sapiens,positive,unknown,synthetic_fixture,SYNTH_00693,0,S,EUCAST,SYNTHETIC_ONLY,,0.0,0.0,0.0,1.0,2.0,0.0,0.0,0.0,0.0,,0.0,0.0,0.0,1.0,2.0,0.0,0.0,0.0,0.0,1.0,0.0,0.0,0.0,0.0,3,NDM_positive_other_unknown,G687
DEMO_B,Escherichia coli,FICTIONAL_B,2024-11-01,P347,,Homo sapiens,unknown,unknown,synthetic_fixture,SYNTH_00694,1,R,EUCAST,SYNTHETIC_ONLY,0.0,0.0,0.0,0.0,0.0,2.0,0.0,0.0,0.0,0.0,,0.0,0.0,0.0,1.0,0.0,0.0,0.0,0.0,0.0,2.0,0.0,0.0,0.0,0.0,4,unknown,G689
DEMO_B,Klebsiella pneumoniae,FICTIONAL_B,2024-12-01,P347,,Homo sapiens,unknown,positive,synthetic_fixture,SYNTH_00695,0,S,EUCAST,SYNTHETIC_ONLY,2.0,0.0,0.0,0.0,0.0,1.0,0.0,0.0,0.0,0.0,-1.0,0.0,0.0,0.0,0.0,-1.0,0.0,0.0,0.0,0.0,1.0,0.0,0.0,0.0,0.0,5,OXA48_positive_other_unknown,G689
DEMO_B,Escherichia coli,FICTIONAL_B,2024-01-01,P348,,Homo sapiens,positive,unknown,synthetic_fixture,SYNTH_00696,0,S,EUCAST,SYNTHETIC_ONLY,-4.0,0.0,0.0,0.0,0.0,-2.0,0.0,0.0,0.0,0.0,-1.0,0.0,0.0,0.0,0.0,0.0,0.0,0.0,0.0,0.0,2.0,0.0,0.0,0.0,0.0,5,NDM_positive_other_unknown,G691
DEMO_B,Klebsiella pneumoniae,FICTIONAL_B,2024-02-01,P348,,Homo sapiens,unknown,unknown,synthetic_fixture,SYNTH_00697,1,R,EUCAST,SYNTHETIC_ONLY,0.0,0.0,0.0,0.0,0.0,-1.0,0.0,0.0,0.0,0.0,1.0,0.0,0.0,0.0,0.0,3.0,0.0,0.0,0.0,0.0,4.0,0.0,0.0,0.0,0.0,5,unknown,G691
DEMO_B,Escherichia coli,FICTIONAL_B,2024-03-01,P349,,Homo sapiens,unknown,unknown,synthetic_fixture,SYNTH_00698,1,R,EUCAST,SYNTHETIC_ONLY,-2.0,0.0,0.0,0.0,0.0,1.0,0.0,0.0,0.0,0.0,1.0,0.0,0.0,0.0,0.0,0.0,0.0,0.0,0.0,0.0,1.0,0.0,0.0,0.0,0.0,5,unknown,G693
DEMO_B,Klebsiella pneumoniae,FICTIONAL_B,2024-04-01,P349,,Homo sapiens,positive,unknown,synthetic_fixture,SYNTH_00699,1,R,EUCAST,SYNTHETIC_ONLY,2.0,0.0,0.0,0.0,0.0,3.0,0.0,0.0,0.0,0.0,3.0,0.0,0.0,0.0,0.0,3.0,0.0,0.0,0.0,0.0,3.0,0.0,0.0,0.0,0.0,5,NDM_positive_other_unknown,G693
DEMO_B,Escherichia coli,FICTIONAL_B,2024-05-01,P350,,Homo sapiens,unknown,positive,synthetic_fixture,SYNTH_00700,1,R,EUCAST,SYNTHETIC_ONLY,2.0,0.0,0.0,0.0,0.0,,0.0,0.0,0.0,1.0,2.0,0.0,0.0,0.0,0.0,3.0,0.0,0.0,0.0,0.0,3.0,0.0,0.0,0.0,0.0,4,OXA48_positive_other_unknown,G695
DEMO_B,Klebsiella pneumoniae,FICTIONAL_B,2024-06-01,P350,,Homo sapiens,unknown,unknown,synthetic_fixture,SYNTH_00701,0,S,EUCAST,SYNTHETIC_ONLY,,0.0,0.0,0.0,1.0,0.0,0.0,0.0,0.0,0.0,1.0,0.0,0.0,0.0,0.0,1.0,0.0,0.0,0.0,0.0,4.0,0.0,0.0,0.0,0.0,4,unknown,G695
DEMO_B,Escherichia coli,FICTIONAL_B,2024-07-01,P351,,Homo sapiens,positive,unknown,synthetic_fixture,SYNTH_00702,0,S,EUCAST,SYNTHETIC_ONLY,-1.0,0.0,0.0,0.0,0.0,-1.0,0.0,0.0,0.0,0.0,-1.0,0.0,0.0,0.0,0.0,,0.0,0.0,0.0,1.0,1.0,0.0,0.0,0.0,0.0,4,NDM_positive_other_unknown,G697
DEMO_B,Klebsiella pneumoniae,FICTIONAL_B,2024-08-01,P351,,Homo sapiens,unknown,unknown,synthetic_fixture,SYNTH_00703,0,S,EUCAST,SYNTHETIC_ONLY,0.0,0.0,0.0,0.0,0.0,0.0,0.0,0.0,0.0,0.0,0.0,0.0,0.0,0.0,0.0,2.0,0.0,0.0,0.0,0.0,3.0,0.0,0.0,0.0,0.0,5,unknown,G697
DEMO_B,Escherichia coli,FICTIONAL_B,2024-09-01,P352,,Homo sapiens,unknown,unknown,synthetic_fixture,SYNTH_00704,1,R,EUCAST,SYNTHETIC_ONLY,0.0,0.0,0.0,0.0,0.0,-1.0,0.0,0.0,0.0,0.0,1.0,0.0,0.0,0.0,0.0,1.0,0.0,0.0,0.0,0.0,2.0,0.0,0.0,0.0,0.0,5,unknown,G699
DEMO_B,Klebsiella pneumoniae,FICTIONAL_B,2024-10-01,P352,,Homo sapiens,positive,positive,synthetic_fixture,SYNTH_00705,1,R,EUCAST,SYNTHETIC_ONLY,1.0,0.0,0.0,0.0,0.0,1.0,0.0,0.0,0.0,0.0,2.0,0.0,0.0,0.0,0.0,1.0,0.0,0.0,0.0,0.0,3.0,0.0,0.0,0.0,0.0,5,co_producer,G699
DEMO_B,Escherichia coli,FICTIONAL_B,2024-11-01,P353,,Homo sapiens,unknown,unknown,synthetic_fixture,SYNTH_00706,0,S,EUCAST,SYNTHETIC_ONLY,-5.0,1.0,0.0,0.0,0.0,0.0,0.0,0.0,0.0,0.0,0.0,0.0,0.0,0.0,0.0,,0.0,0.0,0.0,1.0,1.0,0.0,0.0,0.0,0.0,4,unknown,G701
DEMO_B,Klebsiella pneumoniae,FICTIONAL_B,2024-12-01,P353,,Homo sapiens,unknown,unknown,synthetic_fixture,SYNTH_00707,0,S,EUCAST,SYNTHETIC_ONLY,1.0,0.0,0.0,0.0,0.0,2.0,0.0,0.0,0.0,0.0,0.0,0.0,0.0,0.0,0.0,2.0,0.0,0.0,0.0,0.0,1.0,0.0,0.0,0.0,0.0,5,unknown,G701
DEMO_B,Escherichia coli,FICTIONAL_B,2024-01-01,P354,,Homo sapiens,positive,unknown,synthetic_fixture,SYNTH_00708,0,S,EUCAST,SYNTHETIC_ONLY,2.0,0.0,0.0,0.0,0.0,2.0,0.0,0.0,0.0,0.0,2.0,0.0,0.0,0.0,0.0,1.0,0.0,0.0,0.0,0.0,4.0,0.0,0.0,0.0,0.0,5,NDM_positive_other_unknown,G703
DEMO_B,Klebsiella pneumoniae,FICTIONAL_B,2024-02-01,P354,,Homo sapiens,unknown,unknown,synthetic_fixture,SYNTH_00709,1,R,EUCAST,SYNTHETIC_ONLY,0.0,0.0,0.0,0.0,0.0,0.0,0.0,0.0,0.0,0.0,1.0,0.0,0.0,0.0,0.0,3.0,0.0,0.0,0.0,0.0,2.0,0.0,0.0,0.0,0.0,5,unknown,G703
DEMO_B,Escherichia coli,FICTIONAL_B,2024-03-01,P355,,Homo sapiens,unknown,positive,synthetic_fixture,SYNTH_00710,1,R,EUCAST,SYNTHETIC_ONLY,1.0,0.0,0.0,0.0,0.0,1.0,0.0,0.0,0.0,0.0,1.0,0.0,0.0,0.0,0.0,,0.0,0.0,0.0,1.0,4.0,0.0,0.0,0.0,0.0,4,OXA48_positive_other_unknown,G705
DEMO_B,Klebsiella pneumoniae,FICTIONAL_B,2024-04-01,P355,,Homo sapiens,positive,unknown,synthetic_fixture,SYNTH_00711,0,S,EUCAST,SYNTHETIC_ONLY,0.0,0.0,0.0,0.0,0.0,1.0,0.0,0.0,0.0,0.0,-2.0,0.0,0.0,0.0,0.0,1.0,0.0,0.0,0.0,0.0,1.0,0.0,0.0,0.0,0.0,5,NDM_positive_other_unknown,G705
DEMO_B,Escherichia coli,FICTIONAL_B,2024-05-01,P356,,Homo sapiens,unknown,unknown,synthetic_fixture,SYNTH_00712,0,S,EUCAST,SYNTHETIC_ONLY,0.0,0.0,0.0,0.0,0.0,-2.0,0.0,0.0,0.0,0.0,1.0,0.0,0.0,0.0,0.0,0.0,0.0,0.0,0.0,0.0,3.0,0.0,0.0,0.0,0.0,5,unknown,G707
DEMO_B,Klebsiella pneumoniae,FICTIONAL_B,2024-06-01,P356,,Homo sapiens,unknown,unknown,synthetic_fixture,SYNTH_00713,0,S,EUCAST,SYNTHETIC_ONLY,-1.0,0.0,0.0,0.0,0.0,-2.0,0.0,0.0,0.0,0.0,-2.0,0.0,0.0,0.0,0.0,1.0,0.0,0.0,0.0,0.0,0.0,0.0,0.0,0.0,0.0,5,unknown,G707
DEMO_B,Escherichia coli,FICTIONAL_B,2024-07-01,P357,,Homo sapiens,positive,unknown,synthetic_fixture,SYNTH_00714,1,R,EUCAST,SYNTHETIC_ONLY,1.0,0.0,0.0,0.0,0.0,2.0,0.0,0.0,0.0,0.0,0.0,0.0,0.0,0.0,0.0,2.0,0.0,0.0,0.0,0.0,3.0,0.0,0.0,0.0,0.0,5,NDM_positive_other_unknown,G709
DEMO_B,Klebsiella pneumoniae,FICTIONAL_B,2024-08-01,P357,,Homo sapiens,unknown,positive,synthetic_fixture,SYNTH_00715,1,R,EUCAST,SYNTHETIC_ONLY,0.0,0.0,0.0,0.0,0.0,1.0,0.0,0.0,0.0,0.0,1.0,0.0,0.0,0.0,0.0,2.0,0.0,0.0,0.0,0.0,2.0,0.0,0.0,0.0,0.0,5,OXA48_positive_other_unknown,G709
DEMO_B,Escherichia coli,FICTIONAL_B,2024-09-01,P358,,Homo sapiens,unknown,unknown,synthetic_fixture,SYNTH_00716,1,R,EUCAST,SYNTHETIC_ONLY,4.0,0.0,0.0,0.0,0.0,2.0,0.0,0.0,0.0,0.0,1.0,0.0,0.0,0.0,0.0,2.0,0.0,0.0,0.0,0.0,3.0,0.0,0.0,0.0,0.0,5,unknown,G711
DEMO_B,Klebsiella pneumoniae,FICTIONAL_B,2024-10-01,P358,,Homo sapiens,positive,unknown,synthetic_fixture,SYNTH_00717,1,R,EUCAST,SYNTHETIC_ONLY,-1.0,0.0,0.0,0.0,0.0,0.0,0.0,0.0,0.0,0.0,1.0,0.0,0.0,0.0,0.0,2.0,0.0,0.0,0.0,0.0,2.0,0.0,0.0,0.0,0.0,5,NDM_positive_other_unknown,G711
DEMO_B,Escherichia coli,FICTIONAL_B,2024-11-01,P359,,Homo sapiens,unknown,unknown,synthetic_fixture,SYNTH_00718,0,S,EUCAST,SYNTHETIC_ONLY,-1.0,0.0,0.0,0.0,0.0,0.0,0.0,0.0,0.0,0.0,1.0,0.0,0.0,0.0,0.0,,0.0,0.0,0.0,1.0,1.0,0.0,0.0,0.0,0.0,4,unknown,G713
DEMO_B,Klebsiella pneumoniae,FICTIONAL_B,2024-12-01,P359,,Homo sapiens,unknown,unknown,synthetic_fixture,SYNTH_00719,0,S,EUCAST,SYNTHETIC_ONLY,0.0,0.0,0.0,0.0,0.0,-1.0,0.0,0.0,0.0,0.0,0.0,0.0,0.0,0.0,0.0,1.0,0.0,0.0,0.0,0.0,2.0,0.0,0.0,0.0,0.0,5,unknown,G713
DEMO_B,Escherichia coli,FICTIONAL_B,2024-01-01,P360,,Homo sapiens,positive,positive,synthetic_fixture,SYNTH_00720,0,S,EUCAST,SYNTHETIC_ONLY,-1.0,0.0,0.0,0.0,0.0,-1.0,0.0,0.0,0.0,0.0,1.0,0.0,0.0,0.0,0.0,0.0,0.0,0.0,0.0,0.0,,0.0,0.0,0.0,1.0,4,co_producer,G715
DEMO_B,Klebsiella pneumoniae,FICTIONAL_B,2024-02-01,P360,,Homo sapiens,unknown,unknown,synthetic_fixture,SYNTH_00721,0,S,EUCAST,SYNTHETIC_ONLY,0.0,0.0,0.0,0.0,0.0,2.0,0.0,0.0,0.0,0.0,2.0,0.0,0.0,0.0,0.0,1.0,0.0,0.0,0.0,0.0,,0.0,0.0,0.0,1.0,4,unknown,G715
DEMO_B,Escherichia coli,FICTIONAL_B,2024-03-01,P361,,Homo sapiens,unknown,unknown,synthetic_fixture,SYNTH_00722,1,R,EUCAST,SYNTHETIC_ONLY,1.0,0.0,0.0,0.0,0.0,1.0,0.0,0.0,0.0,0.0,2.0,0.0,0.0,0.0,0.0,2.0,0.0,0.0,0.0,0.0,1.0,0.0,0.0,0.0,0.0,5,unknown,G717
DEMO_B,Klebsiella pneumoniae,FICTIONAL_B,2024-04-01,P361,,Homo sapiens,positive,unknown,synthetic_fixture,SYNTH_00723,1,R,EUCAST,SYNTHETIC_ONLY,,0.0,0.0,0.0,1.0,1.0,0.0,0.0,0.0,0.0,0.0,0.0,0.0,0.0,0.0,3.0,0.0,0.0,0.0,0.0,2.0,0.0,0.0,0.0,0.0,4,NDM_positive_other_unknown,G717
DEMO_B,Escherichia coli,FICTIONAL_B,2024-05-01,P362,,Homo sapiens,unknown,unknown,synthetic_fixture,SYNTH_00724,0,S,EUCAST,SYNTHETIC_ONLY,0.0,0.0,0.0,0.0,0.0,1.0,0.0,0.0,0.0,0.0,1.0,0.0,0.0,0.0,0.0,0.0,0.0,0.0,0.0,0.0,2.0,0.0,0.0,0.0,0.0,5,unknown,G719
DEMO_B,Klebsiella pneumoniae,FICTIONAL_B,2024-06-01,P362,,Homo sapiens,unknown,positive,synthetic_fixture,SYNTH_00725,1,R,EUCAST,SYNTHETIC_ONLY,1.0,0.0,0.0,0.0,0.0,0.0,0.0,0.0,0.0,0.0,2.0,0.0,0.0,0.0,0.0,4.0,0.0,0.0,0.0,0.0,3.0,0.0,0.0,0.0,0.0,5,OXA48_positive_other_unknown,G719
DEMO_B,Escherichia coli,FICTIONAL_B,2024-07-01,P363,,Homo sapiens,positive,unknown,synthetic_fixture,SYNTH_00726,0,S,EUCAST,SYNTHETIC_ONLY,,0.0,0.0,0.0,1.0,1.0,0.0,0.0,0.0,0.0,1.0,0.0,0.0,0.0,0.0,1.0,0.0,0.0,0.0,0.0,,0.0,0.0,0.0,1.0,3,NDM_positive_other_unknown,G721
DEMO_B,Klebsiella pneumoniae,FICTIONAL_B,2024-08-01,P363,,Homo sapiens,unknown,unknown,synthetic_fixture,SYNTH_00727,0,S,EUCAST,SYNTHETIC_ONLY,0.0,0.0,0.0,0.0,0.0,1.0,0.0,0.0,0.0,0.0,1.0,0.0,0.0,0.0,0.0,3.0,0.0,0.0,0.0,0.0,2.0,0.0,0.0,0.0,0.0,5,unknown,G721
DEMO_B,Escherichia coli,FICTIONAL_B,2024-09-01,P364,,Homo sapiens,unknown,unknown,synthetic_fixture,SYNTH_00728,0,S,EUCAST,SYNTHETIC_ONLY,1.0,0.0,0.0,0.0,0.0,1.0,0.0,0.0,0.0,0.0,-1.0,0.0,0.0,0.0,0.0,0.0,0.0,0.0,0.0,0.0,1.0,0.0,0.0,0.0,0.0,5,unknown,G723
DEMO_B,Klebsiella pneumoniae,FICTIONAL_B,2024-10-01,P364,,Homo sapiens,positive,unknown,synthetic_fixture,SYNTH_00729,0,S,EUCAST,SYNTHETIC_ONLY,1.0,0.0,0.0,0.0,0.0,0.0,0.0,0.0,0.0,0.0,1.0,0.0,0.0,0.0,0.0,4.0,0.0,0.0,0.0,0.0,3.0,0.0,0.0,0.0,0.0,5,NDM_positive_other_unknown,G723
DEMO_B,Escherichia coli,FICTIONAL_B,2024-11-01,P365,,Homo sapiens,unknown,positive,synthetic_fixture,SYNTH_00730,0,S,EUCAST,SYNTHETIC_ONLY,-1.0,0.0,0.0,0.0,0.0,0.0,0.0,0.0,0.0,0.0,1.0,0.0,0.0,0.0,0.0,2.0,0.0,0.0,0.0,0.0,4.0,0.0,0.0,0.0,0.0,5,OXA48_positive_other_unknown,G725
DEMO_B,Klebsiella pneumoniae,FICTIONAL_B,2024-12-01,P365,,Homo sapiens,unknown,unknown,synthetic_fixture,SYNTH_00731,1,R,EUCAST,SYNTHETIC_ONLY,2.0,0.0,0.0,0.0,0.0,2.0,0.0,0.0,0.0,0.0,4.0,0.0,0.0,0.0,0.0,3.0,0.0,0.0,0.0,0.0,3.0,0.0,0.0,0.0,0.0,5,unknown,G725
DEMO_B,Escherichia coli,FICTIONAL_B,2024-01-01,P366,,Homo sapiens,positive,unknown,synthetic_fixture,SYNTH_00732,0,S,EUCAST,SYNTHETIC_ONLY,-2.0,0.0,0.0,0.0,0.0,-3.0,0.0,0.0,0.0,0.0,-1.0,0.0,0.0,0.0,0.0,-1.0,0.0,0.0,0.0,0.0,-1.0,0.0,0.0,0.0,0.0,5,NDM_positive_other_unknown,G727
DEMO_B,Klebsiella pneumoniae,FICTIONAL_B,2024-02-01,P366,,Homo sapiens,unknown,unknown,synthetic_fixture,SYNTH_00733,0,S,EUCAST,SYNTHETIC_ONLY,-2.0,0.0,0.0,0.0,0.0,-2.0,0.0,0.0,0.0,0.0,-1.0,0.0,0.0,0.0,0.0,0.0,0.0,0.0,0.0,0.0,0.0,0.0,0.0,0.0,0.0,5,unknown,G727
DEMO_B,Escherichia coli,FICTIONAL_B,2024-03-01,P367,,Homo sapiens,unknown,unknown,synthetic_fixture,SYNTH_00734,0,S,EUCAST,SYNTHETIC_ONLY,0.0,0.0,0.0,0.0,0.0,2.0,0.0,0.0,0.0,0.0,2.0,0.0,0.0,0.0,0.0,1.0,0.0,0.0,0.0,0.0,,0.0,0.0,0.0,1.0,4,unknown,G729
DEMO_B,Klebsiella pneumoniae,FICTIONAL_B,2024-04-01,P367,,Homo sapiens,positive,positive,synthetic_fixture,SYNTH_00735,1,R,EUCAST,SYNTHETIC_ONLY,3.0,0.0,0.0,0.0,0.0,2.0,0.0,0.0,0.0,0.0,3.0,0.0,0.0,0.0,0.0,3.0,0.0,0.0,0.0,0.0,,0.0,0.0,0.0,1.0,4,co_producer,G729
DEMO_B,Escherichia coli,FICTIONAL_B,2024-05-01,P368,,Homo sapiens,unknown,unknown,synthetic_fixture,SYNTH_00736,0,S,EUCAST,SYNTHETIC_ONLY,-2.0,0.0,0.0,0.0,0.0,0.0,0.0,0.0,0.0,0.0,,0.0,0.0,0.0,1.0,0.0,0.0,0.0,0.0,0.0,1.0,0.0,0.0,0.0,0.0,4,unknown,G731
DEMO_B,Klebsiella pneumoniae,FICTIONAL_B,2024-06-01,P368,,Homo sapiens,unknown,unknown,synthetic_fixture,SYNTH_00737,1,R,EUCAST,SYNTHETIC_ONLY,1.0,0.0,0.0,0.0,0.0,2.0,0.0,0.0,0.0,0.0,,0.0,0.0,0.0,1.0,2.0,0.0,0.0,0.0,0.0,3.0,0.0,0.0,0.0,0.0,4,unknown,G731
DEMO_B,Escherichia coli,FICTIONAL_B,2024-07-01,P369,,Homo sapiens,positive,unknown,synthetic_fixture,SYNTH_00738,0,S,EUCAST,SYNTHETIC_ONLY,-1.0,0.0,0.0,0.0,0.0,0.0,0.0,0.0,0.0,0.0,1.0,0.0,0.0,0.0,0.0,1.0,0.0,0.0,0.0,0.0,3.0,0.0,0.0,0.0,0.0,5,NDM_positive_other_unknown,G733
DEMO_B,Klebsiella pneumoniae,FICTIONAL_B,2024-08-01,P369,,Homo sapiens,unknown,unknown,synthetic_fixture,SYNTH_00739,1,R,EUCAST,SYNTHETIC_ONLY,,0.0,0.0,0.0,1.0,2.0,0.0,0.0,0.0,0.0,1.0,0.0,0.0,0.0,0.0,1.0,0.0,0.0,0.0,0.0,,0.0,0.0,0.0,1.0,3,unknown,G733
DEMO_B,Escherichia coli,FICTIONAL_B,2024-09-01,P370,,Homo sapiens,unknown,positive,synthetic_fixture,SYNTH_00740,1,R,EUCAST,SYNTHETIC_ONLY,,0.0,0.0,0.0,1.0,2.0,0.0,0.0,0.0,0.0,0.0,0.0,0.0,0.0,0.0,3.0,0.0,0.0,0.0,0.0,3.0,0.0,0.0,0.0,0.0,4,OXA48_positive_other_unknown,G735
DEMO_B,Klebsiella pneumoniae,FICTIONAL_B,2024-10-01,P370,,Homo sapiens,positive,unknown,synthetic_fixture,SYNTH_00741,1,R,EUCAST,SYNTHETIC_ONLY,-1.0,0.0,0.0,0.0,0.0,2.0,0.0,0.0,0.0,0.0,1.0,0.0,0.0,0.0,0.0,2.0,0.0,0.0,0.0,0.0,3.0,0.0,0.0,0.0,0.0,5,NDM_positive_other_unknown,G735
DEMO_B,Escherichia coli,FICTIONAL_B,2024-11-01,P371,,Homo sapiens,unknown,unknown,synthetic_fixture,SYNTH_00742,0,S,EUCAST,SYNTHETIC_ONLY,-1.0,0.0,0.0,0.0,0.0,-1.0,0.0,0.0,0.0,0.0,1.0,0.0,0.0,0.0,0.0,0.0,0.0,0.0,0.0,0.0,2.0,0.0,0.0,0.0,0.0,5,unknown,G737
DEMO_B,Klebsiella pneumoniae,FICTIONAL_B,2024-12-01,P371,,Homo sapiens,unknown,unknown,synthetic_fixture,SYNTH_00743,1,R,EUCAST,SYNTHETIC_ONLY,1.0,0.0,0.0,0.0,0.0,1.0,0.0,0.0,0.0,0.0,2.0,0.0,0.0,0.0,0.0,1.0,0.0,0.0,0.0,0.0,2.0,0.0,0.0,0.0,0.0,5,unknown,G737
DEMO_B,Escherichia coli,FICTIONAL_B,2024-01-01,P372,,Homo sapiens,positive,unknown,synthetic_fixture,SYNTH_00744,1,R,EUCAST,SYNTHETIC_ONLY,0.0,0.0,0.0,0.0,0.0,0.0,0.0,0.0,0.0,0.0,,0.0,0.0,0.0,1.0,0.0,0.0,0.0,0.0,0.0,4.0,0.0,0.0,0.0,0.0,4,NDM_positive_other_unknown,G739
DEMO_B,Klebsiella pneumoniae,FICTIONAL_B,2024-02-01,P372,,Homo sapiens,unknown,positive,synthetic_fixture,SYNTH_00745,1,R,EUCAST,SYNTHETIC_ONLY,0.0,0.0,0.0,0.0,0.0,3.0,0.0,0.0,0.0,0.0,2.0,0.0,0.0,0.0,0.0,2.0,0.0,0.0,0.0,0.0,,0.0,0.0,0.0,1.0,4,OXA48_positive_other_unknown,G739
DEMO_B,Escherichia coli,FICTIONAL_B,2024-03-01,P373,,Homo sapiens,unknown,unknown,synthetic_fixture,SYNTH_00746,0,S,EUCAST,SYNTHETIC_ONLY,-2.0,0.0,0.0,0.0,0.0,-1.0,0.0,0.0,0.0,0.0,,0.0,0.0,0.0,1.0,0.0,0.0,0.0,0.0,0.0,1.0,0.0,0.0,0.0,0.0,4,unknown,G741
DEMO_B,Klebsiella pneumoniae,FICTIONAL_B,2024-04-01,P373,,Homo sapiens,positive,unknown,synthetic_fixture,SYNTH_00747,0,S,EUCAST,SYNTHETIC_ONLY,1.0,0.0,0.0,0.0,0.0,2.0,0.0,0.0,0.0,0.0,1.0,0.0,0.0,0.0,0.0,2.0,0.0,0.0,0.0,0.0,2.0,0.0,0.0,0.0,0.0,5,NDM_positive_other_unknown,G741
DEMO_B,Escherichia coli,FICTIONAL_B,2024-05-01,P374,,Homo sapiens,unknown,unknown,synthetic_fixture,SYNTH_00748,1,R,EUCAST,SYNTHETIC_ONLY,1.0,0.0,0.0,0.0,0.0,1.0,0.0,0.0,0.0,0.0,1.0,0.0,0.0,0.0,0.0,,0.0,0.0,0.0,1.0,2.0,0.0,0.0,0.0,0.0,4,unknown,G743
DEMO_B,Klebsiella pneumoniae,FICTIONAL_B,2024-06-01,P374,,Homo sapiens,unknown,unknown,synthetic_fixture,SYNTH_00749,1,R,EUCAST,SYNTHETIC_ONLY,3.0,0.0,0.0,0.0,0.0,2.0,0.0,0.0,0.0,0.0,4.0,0.0,0.0,0.0,0.0,2.0,0.0,0.0,0.0,0.0,3.0,0.0,0.0,0.0,0.0,5,unknown,G743
DEMO_B,Escherichia coli,FICTIONAL_B,2024-07-01,P375,,Homo sapiens,positive,positive,synthetic_fixture,SYNTH_00750,1,R,EUCAST,SYNTHETIC_ONLY,2.0,0.0,0.0,0.0,0.0,3.0,0.0,0.0,0.0,0.0,2.0,0.0,0.0,0.0,0.0,3.0,0.0,0.0,0.0,0.0,4.0,0.0,0.0,0.0,0.0,5,co_producer,G745
DEMO_B,Klebsiella pneumoniae,FICTIONAL_B,2024-08-01,P375,,Homo sapiens,unknown,unknown,synthetic_fixture,SYNTH_00751,1,R,EUCAST,SYNTHETIC_ONLY,,0.0,0.0,0.0,1.0,1.0,0.0,0.0,0.0,0.0,2.0,0.0,0.0,0.0,0.0,2.0,0.0,0.0,0.0,0.0,3.0,0.0,0.0,0.0,0.0,4,unknown,G745
DEMO_B,Escherichia coli,FICTIONAL_B,2024-09-01,P376,,Homo sapiens,unknown,unknown,synthetic_fixture,SYNTH_00752,0,S,EUCAST,SYNTHETIC_ONLY,-2.0,0.0,0.0,0.0,0.0,-1.0,0.0,0.0,0.0,0.0,1.0,0.0,0.0,0.0,0.0,0.0,0.0,0.0,0.0,0.0,0.0,0.0,0.0,0.0,0.0,5,unknown,G747
DEMO_B,Klebsiella pneumoniae,FICTIONAL_B,2024-10-01,P376,,Homo sapiens,positive,unknown,synthetic_fixture,SYNTH_00753,1,R,EUCAST,SYNTHETIC_ONLY,-1.0,0.0,0.0,0.0,0.0,-2.0,0.0,0.0,0.0,0.0,0.0,0.0,0.0,0.0,0.0,1.0,0.0,0.0,0.0,0.0,2.0,0.0,0.0,0.0,0.0,5,NDM_positive_other_unknown,G747
DEMO_B,Escherichia coli,FICTIONAL_B,2024-11-01,P377,,Homo sapiens,unknown,unknown,synthetic_fixture,SYNTH_00754,1,R,EUCAST,SYNTHETIC_ONLY,0.0,0.0,0.0,0.0,0.0,,0.0,0.0,0.0,1.0,0.0,0.0,0.0,0.0,0.0,3.0,0.0,0.0,0.0,0.0,4.0,0.0,0.0,0.0,0.0,4,unknown,G749
DEMO_B,Klebsiella pneumoniae,FICTIONAL_B,2024-12-01,P377,,Homo sapiens,unknown,positive,synthetic_fixture,SYNTH_00755,0,S,EUCAST,SYNTHETIC_ONLY,1.0,0.0,0.0,0.0,0.0,-1.0,0.0,0.0,0.0,0.0,0.0,0.0,0.0,0.0,0.0,0.0,0.0,0.0,0.0,0.0,1.0,0.0,0.0,0.0,0.0,5,OXA48_positive_other_unknown,G749
DEMO_B,Escherichia coli,FICTIONAL_B,2024-01-01,P378,,Homo sapiens,positive,unknown,synthetic_fixture,SYNTH_00756,1,R,EUCAST,SYNTHETIC_ONLY,0.0,0.0,0.0,0.0,0.0,-1.0,0.0,0.0,0.0,0.0,0.0,0.0,0.0,0.0,0.0,1.0,0.0,0.0,0.0,0.0,,0.0,0.0,0.0,1.0,4,NDM_positive_other_unknown,G751
DEMO_B,Klebsiella pneumoniae,FICTIONAL_B,2024-02-01,P378,,Homo sapiens,unknown,unknown,synthetic_fixture,SYNTH_00757,1,R,EUCAST,SYNTHETIC_ONLY,1.0,0.0,0.0,0.0,0.0,1.0,0.0,0.0,0.0,0.0,2.0,0.0,0.0,0.0,0.0,1.0,0.0,0.0,0.0,0.0,4.0,0.0,0.0,0.0,0.0,5,unknown,G751
DEMO_B,Escherichia coli,FICTIONAL_B,2024-03-01,P379,,Homo sapiens,unknown,unknown,synthetic_fixture,SYNTH_00758,0,S,EUCAST,SYNTHETIC_ONLY,-1.0,0.0,0.0,0.0,0.0,1.0,0.0,0.0,0.0,0.0,0.0,0.0,0.0,0.0,0.0,3.0,0.0,0.0,0.0,0.0,0.0,0.0,0.0,0.0,0.0,5,unknown,G753
DEMO_B,Klebsiella pneumoniae,FICTIONAL_B,2024-04-01,P379,,Homo sapiens,positive,unknown,synthetic_fixture,SYNTH_00759,0,S,EUCAST,SYNTHETIC_ONLY,-3.0,0.0,0.0,0.0,0.0,,0.0,0.0,0.0,1.0,0.0,0.0,0.0,0.0,0.0,1.0,0.0,0.0,0.0,0.0,2.0,0.0,0.0,0.0,0.0,4,NDM_positive_other_unknown,G753
DEMO_B,Escherichia coli,FICTIONAL_B,2024-05-01,P380,,Homo sapiens,unknown,positive,synthetic_fixture,SYNTH_00760,0,S,EUCAST,SYNTHETIC_ONLY,,0.0,0.0,0.0,1.0,-2.0,0.0,0.0,0.0,0.0,-1.0,0.0,0.0,0.0,0.0,1.0,0.0,0.0,0.0,0.0,0.0,0.0,0.0,0.0,0.0,4,OXA48_positive_other_unknown,G755
DEMO_B,Klebsiella pneumoniae,FICTIONAL_B,2024-06-01,P380,,Homo sapiens,unknown,unknown,synthetic_fixture,SYNTH_00761,0,S,EUCAST,SYNTHETIC_ONLY,-3.0,0.0,0.0,0.0,0.0,,0.0,0.0,0.0,1.0,0.0,0.0,0.0,0.0,0.0,2.0,0.0,0.0,0.0,0.0,-1.0,0.0,0.0,0.0,0.0,4,unknown,G755
DEMO_B,Escherichia coli,FICTIONAL_B,2024-07-01,P381,,Homo sapiens,positive,unknown,synthetic_fixture,SYNTH_00762,0,S,EUCAST,SYNTHETIC_ONLY,-2.0,0.0,0.0,0.0,0.0,0.0,0.0,0.0,0.0,0.0,1.0,0.0,0.0,0.0,0.0,2.0,0.0,0.0,0.0,0.0,3.0,0.0,0.0,0.0,0.0,5,NDM_positive_other_unknown,G757
DEMO_B,Klebsiella pneumoniae,FICTIONAL_B,2024-08-01,P381,,Homo sapiens,unknown,unknown,synthetic_fixture,SYNTH_00763,0,S,EUCAST,SYNTHETIC_ONLY,-1.0,0.0,0.0,0.0,0.0,-1.0,0.0,0.0,0.0,0.0,0.0,0.0,0.0,0.0,0.0,0.0,0.0,0.0,0.0,0.0,0.0,0.0,0.0,0.0,0.0,5,unknown,G757
DEMO_B,Escherichia coli,FICTIONAL_B,2024-09-01,P382,,Homo sapiens,unknown,unknown,synthetic_fixture,SYNTH_00764,1,R,EUCAST,SYNTHETIC_ONLY,,0.0,0.0,0.0,1.0,1.0,0.0,0.0,0.0,0.0,2.0,0.0,0.0,0.0,0.0,1.0,0.0,0.0,0.0,0.0,4.0,0.0,0.0,0.0,0.0,4,unknown,G759
DEMO_B,Klebsiella pneumoniae,FICTIONAL_B,2024-10-01,P382,,Homo sapiens,positive,positive,synthetic_fixture,SYNTH_00765,1,R,EUCAST,SYNTHETIC_ONLY,1.0,0.0,0.0,0.0,0.0,0.0,0.0,0.0,0.0,0.0,,0.0,0.0,0.0,1.0,2.0,0.0,0.0,0.0,0.0,3.0,0.0,0.0,0.0,0.0,4,co_producer,G759
DEMO_B,Escherichia coli,FICTIONAL_B,2024-11-01,P383,,Homo sapiens,unknown,unknown,synthetic_fixture,SYNTH_00766,1,R,EUCAST,SYNTHETIC_ONLY,-1.0,0.0,0.0,0.0,0.0,,0.0,0.0,0.0,1.0,1.0,0.0,0.0,0.0,0.0,2.0,0.0,0.0,0.0,0.0,1.0,0.0,0.0,0.0,0.0,4,unknown,G761
DEMO_B,Klebsiella pneumoniae,FICTIONAL_B,2024-12-01,P383,,Homo sapiens,unknown,unknown,synthetic_fixture,SYNTH_00767,0,S,EUCAST,SYNTHETIC_ONLY,0.0,0.0,0.0,0.0,0.0,-1.0,0.0,0.0,0.0,0.0,-2.0,0.0,0.0,0.0,0.0,3.0,0.0,0.0,0.0,0.0,2.0,0.0,0.0,0.0,0.0,5,unknown,G761
DEMO_B,Escherichia coli,FICTIONAL_B,2024-01-01,P384,,Homo sapiens,positive,unknown,synthetic_fixture,SYNTH_00768,0,S,EUCAST,SYNTHETIC_ONLY,-1.0,0.0,0.0,0.0,0.0,1.0,0.0,0.0,0.0,0.0,2.0,0.0,0.0,0.0,0.0,,0.0,0.0,0.0,1.0,2.0,0.0,0.0,0.0,0.0,4,NDM_positive_other_unknown,G763
DEMO_B,Klebsiella pneumoniae,FICTIONAL_B,2024-02-01,P384,,Homo sapiens,unknown,unknown,synthetic_fixture,SYNTH_00769,1,R,EUCAST,SYNTHETIC_ONLY,0.0,0.0,0.0,0.0,0.0,2.0,0.0,0.0,0.0,0.0,0.0,0.0,0.0,0.0,0.0,0.0,0.0,0.0,0.0,0.0,1.0,0.0,0.0,0.0,0.0,5,unknown,G763
DEMO_B,Escherichia coli,FICTIONAL_B,2024-03-01,P385,,Homo sapiens,unknown,positive,synthetic_fixture,SYNTH_00770,1,R,EUCAST,SYNTHETIC_ONLY,1.0,0.0,0.0,0.0,0.0,-2.0,0.0,0.0,0.0,0.0,2.0,0.0,0.0,0.0,0.0,3.0,0.0,0.0,0.0,0.0,2.0,0.0,0.0,0.0,0.0,5,OXA48_positive_other_unknown,G765
DEMO_B,Klebsiella pneumoniae,FICTIONAL_B,2024-04-01,P385,,Homo sapiens,positive,unknown,synthetic_fixture,SYNTH_00771,0,S,EUCAST,SYNTHETIC_ONLY,-1.0,0.0,0.0,0.0,0.0,,0.0,0.0,0.0,1.0,1.0,0.0,0.0,0.0,0.0,1.0,0.0,0.0,0.0,0.0,,0.0,0.0,0.0,1.0,3,NDM_positive_other_unknown,G765
DEMO_B,Escherichia coli,FICTIONAL_B,2024-05-01,P386,,Homo sapiens,unknown,unknown,synthetic_fixture,SYNTH_00772,1,R,EUCAST,SYNTHETIC_ONLY,0.0,0.0,0.0,0.0,0.0,3.0,0.0,0.0,0.0,0.0,1.0,0.0,0.0,0.0,0.0,3.0,0.0,0.0,0.0,0.0,4.0,0.0,0.0,0.0,0.0,5,unknown,G767
DEMO_B,Klebsiella pneumoniae,FICTIONAL_B,2024-06-01,P386,,Homo sapiens,unknown,unknown,synthetic_fixture,SYNTH_00773,1,R,EUCAST,SYNTHETIC_ONLY,0.0,0.0,0.0,0.0,0.0,0.0,0.0,0.0,0.0,0.0,,0.0,0.0,0.0,1.0,,0.0,0.0,0.0,1.0,3.0,0.0,0.0,0.0,0.0,3,unknown,G767
DEMO_B,Escherichia coli,FICTIONAL_B,2024-07-01,P387,,Homo sapiens,positive,unknown,synthetic_fixture,SYNTH_00774,0,S,EUCAST,SYNTHETIC_ONLY,-1.0,0.0,0.0,0.0,0.0,1.0,0.0,0.0,0.0,0.0,1.0,0.0,0.0,0.0,0.0,1.0,0.0,0.0,0.0,0.0,3.0,0.0,0.0,0.0,0.0,5,NDM_positive_other_unknown,G769
DEMO_B,Klebsiella pneumoniae,FICTIONAL_B,2024-08-01,P387,,Homo sapiens,unknown,positive,synthetic_fixture,SYNTH_00775,0,S,EUCAST,SYNTHETIC_ONLY,-2.0,0.0,0.0,0.0,0.0,0.0,0.0,0.0,0.0,0.0,,0.0,0.0,0.0,1.0,0.0,0.0,0.0,0.0,0.0,3.0,0.0,0.0,0.0,0.0,4,OXA48_positive_other_unknown,G769
DEMO_B,Escherichia coli,FICTIONAL_B,2024-09-01,P388,,Homo sapiens,unknown,unknown,synthetic_fixture,SYNTH_00776,1,R,EUCAST,SYNTHETIC_ONLY,1.0,0.0,0.0,0.0,0.0,3.0,0.0,0.0,0.0,0.0,1.0,0.0,0.0,0.0,0.0,4.0,0.0,0.0,0.0,0.0,2.0,0.0,0.0,0.0,0.0,5,unknown,G771
DEMO_B,Klebsiella pneumoniae,FICTIONAL_B,2024-10-01,P388,,Homo sapiens,positive,unknown,synthetic_fixture,SYNTH_00777,1,R,EUCAST,SYNTHETIC_ONLY,2.0,0.0,0.0,0.0,0.0,1.0,0.0,0.0,0.0,0.0,4.0,0.0,0.0,0.0,0.0,4.0,0.0,0.0,0.0,0.0,2.0,0.0,0.0,0.0,0.0,5,NDM_positive_other_unknown,G771
DEMO_B,Escherichia coli,FICTIONAL_B,2024-11-01,P389,,Homo sapiens,unknown,unknown,synthetic_fixture,SYNTH_00778,1,R,EUCAST,SYNTHETIC_ONLY,-2.0,0.0,0.0,0.0,0.0,0.0,0.0,0.0,0.0,0.0,,0.0,0.0,0.0,1.0,0.0,0.0,0.0,0.0,0.0,1.0,0.0,0.0,0.0,0.0,4,unknown,G773
DEMO_B,Klebsiella pneumoniae,FICTIONAL_B,2024-12-01,P389,,Homo sapiens,unknown,unknown,synthetic_fixture,SYNTH_00779,0,S,EUCAST,SYNTHETIC_ONLY,1.0,0.0,0.0,0.0,0.0,2.0,0.0,0.0,0.0,0.0,0.0,0.0,0.0,0.0,0.0,1.0,0.0,0.0,0.0,0.0,2.0,0.0,0.0,0.0,0.0,5,unknown,G773
DEMO_B,Escherichia coli,FICTIONAL_B,2024-01-01,P390,,Homo sapiens,positive,positive,synthetic_fixture,SYNTH_00780,0,S,EUCAST,SYNTHETIC_ONLY,0.0,0.0,0.0,0.0,0.0,1.0,0.0,0.0,0.0,0.0,-1.0,0.0,0.0,0.0,0.0,-1.0,0.0,0.0,0.0,0.0,2.0,0.0,0.0,0.0,0.0,5,co_producer,G775
DEMO_B,Klebsiella pneumoniae,FICTIONAL_B,2024-02-01,P390,,Homo sapiens,unknown,unknown,synthetic_fixture,SYNTH_00781,1,R,EUCAST,SYNTHETIC_ONLY,0.0,0.0,0.0,0.0,0.0,0.0,0.0,0.0,0.0,0.0,1.0,0.0,0.0,0.0,0.0,3.0,0.0,0.0,0.0,0.0,3.0,0.0,0.0,0.0,0.0,5,unknown,G775
DEMO_B,Escherichia coli,FICTIONAL_B,2024-03-01,P391,,Homo sapiens,unknown,unknown,synthetic_fixture,SYNTH_00782,1,R,EUCAST,SYNTHETIC_ONLY,-1.0,0.0,0.0,0.0,0.0,2.0,0.0,0.0,0.0,0.0,2.0,0.0,0.0,0.0,0.0,3.0,0.0,0.0,0.0,0.0,2.0,0.0,0.0,0.0,0.0,5,unknown,G777
DEMO_B,Klebsiella pneumoniae,FICTIONAL_B,2024-04-01,P391,,Homo sapiens,positive,unknown,synthetic_fixture,SYNTH_00783,0,S,EUCAST,SYNTHETIC_ONLY,-2.0,0.0,0.0,0.0,0.0,0.0,0.0,0.0,0.0,0.0,2.0,0.0,0.0,0.0,0.0,3.0,0.0,0.0,0.0,0.0,1.0,0.0,0.0,0.0,0.0,5,NDM_positive_other_unknown,G777
DEMO_B,Escherichia coli,FICTIONAL_B,2024-05-01,P392,,Homo sapiens,unknown,unknown,synthetic_fixture,SYNTH_00784,0,S,EUCAST,SYNTHETIC_ONLY,-1.0,0.0,0.0,0.0,0.0,0.0,0.0,0.0,0.0,0.0,-1.0,0.0,0.0,0.0,0.0,1.0,0.0,0.0,0.0,0.0,1.0,0.0,0.0,0.0,0.0,5,unknown,G779
DEMO_B,Klebsiella pneumoniae,FICTIONAL_B,2024-06-01,P392,,Homo sapiens,unknown,positive,synthetic_fixture,SYNTH_00785,0,S,EUCAST,SYNTHETIC_ONLY,-3.0,0.0,0.0,0.0,0.0,-1.0,0.0,0.0,0.0,0.0,0.0,0.0,0.0,0.0,0.0,0.0,0.0,0.0,0.0,0.0,1.0,0.0,0.0,0.0,0.0,5,OXA48_positive_other_unknown,G779
DEMO_B,Escherichia coli,FICTIONAL_B,2024-07-01,P393,,Homo sapiens,positive,unknown,synthetic_fixture,SYNTH_00786,0,S,EUCAST,SYNTHETIC_ONLY,-2.0,0.0,0.0,0.0,0.0,,0.0,0.0,0.0,1.0,-1.0,0.0,0.0,0.0,0.0,-1.0,0.0,0.0,0.0,0.0,0.0,0.0,0.0,0.0,0.0,4,NDM_positive_other_unknown,G781
DEMO_B,Klebsiella pneumoniae,FICTIONAL_B,2024-08-01,P393,,Homo sapiens,unknown,unknown,synthetic_fixture,SYNTH_00787,0,S,EUCAST,SYNTHETIC_ONLY,-1.0,0.0,0.0,0.0,0.0,-1.0,0.0,0.0,0.0,0.0,0.0,0.0,0.0,0.0,0.0,1.0,0.0,0.0,0.0,0.0,3.0,0.0,0.0,0.0,0.0,5,unknown,G781
DEMO_B,Escherichia coli,FICTIONAL_B,2024-09-01,P394,,Homo sapiens,unknown,unknown,synthetic_fixture,SYNTH_00788,0,S,EUCAST,SYNTHETIC_ONLY,-2.0,0.0,0.0,0.0,0.0,-3.0,0.0,0.0,0.0,0.0,,0.0,0.0,0.0,1.0,1.0,0.0,0.0,0.0,0.0,0.0,0.0,0.0,0.0,0.0,4,unknown,G783
DEMO_B,Klebsiella pneumoniae,FICTIONAL_B,2024-10-01,P394,,Homo sapiens,positive,unknown,synthetic_fixture,SYNTH_00789,0,S,EUCAST,SYNTHETIC_ONLY,-1.0,0.0,0.0,0.0,0.0,-1.0,0.0,0.0,0.0,0.0,1.0,0.0,0.0,0.0,0.0,1.0,0.0,0.0,0.0,0.0,-1.0,0.0,0.0,0.0,0.0,5,NDM_positive_other_unknown,G783
DEMO_B,Escherichia coli,FICTIONAL_B,2024-11-01,P395,,Homo sapiens,unknown,positive,synthetic_fixture,SYNTH_00790,0,S,EUCAST,SYNTHETIC_ONLY,-2.0,0.0,0.0,0.0,0.0,0.0,0.0,0.0,0.0,0.0,-1.0,0.0,0.0,0.0,0.0,0.0,0.0,0.0,0.0,0.0,1.0,0.0,0.0,0.0,0.0,5,OXA48_positive_other_unknown,G785
DEMO_B,Klebsiella pneumoniae,FICTIONAL_B,2024-12-01,P395,,Homo sapiens,unknown,unknown,synthetic_fixture,SYNTH_00791,1,R,EUCAST,SYNTHETIC_ONLY,1.0,0.0,0.0,0.0,0.0,1.0,0.0,0.0,0.0,0.0,2.0,0.0,0.0,0.0,0.0,2.0,0.0,0.0,0.0,0.0,4.0,0.0,0.0,0.0,0.0,5,unknown,G785
DEMO_B,Escherichia coli,FICTIONAL_B,2024-01-01,P396,,Homo sapiens,positive,unknown,synthetic_fixture,SYNTH_00792,1,R,EUCAST,SYNTHETIC_ONLY,0.0,0.0,0.0,0.0,0.0,1.0,0.0,0.0,0.0,0.0,3.0,0.0,0.0,0.0,0.0,1.0,0.0,0.0,0.0,0.0,3.0,0.0,0.0,0.0,0.0,5,NDM_positive_other_unknown,G787
DEMO_B,Klebsiella pneumoniae,FICTIONAL_B,2024-02-01,P396,,Homo sapiens,unknown,unknown,synthetic_fixture,SYNTH_00793,1,R,EUCAST,SYNTHETIC_ONLY,0.0,0.0,0.0,0.0,0.0,-1.0,0.0,0.0,0.0,0.0,0.0,0.0,0.0,0.0,0.0,2.0,0.0,0.0,0.0,0.0,4.0,0.0,0.0,0.0,0.0,5,unknown,G787
DEMO_B,Escherichia coli,FICTIONAL_B,2024-03-01,P397,,Homo sapiens,unknown,unknown,synthetic_fixture,SYNTH_00794,0,S,EUCAST,SYNTHETIC_ONLY,0.0,0.0,0.0,0.0,0.0,0.0,0.0,0.0,0.0,0.0,0.0,0.0,0.0,0.0,0.0,2.0,0.0,0.0,0.0,0.0,0.0,0.0,0.0,0.0,0.0,5,unknown,G789
DEMO_B,Klebsiella pneumoniae,FICTIONAL_B,2024-04-01,P397,,Homo sapiens,positive,positive,synthetic_fixture,SYNTH_00795,0,S,EUCAST,SYNTHETIC_ONLY,0.0,0.0,0.0,0.0,0.0,-1.0,0.0,0.0,0.0,0.0,-1.0,0.0,0.0,0.0,0.0,0.0,0.0,0.0,0.0,0.0,1.0,0.0,0.0,0.0,0.0,5,co_producer,G789
DEMO_B,Escherichia coli,FICTIONAL_B,2024-05-01,P398,,Homo sapiens,unknown,unknown,synthetic_fixture,SYNTH_00796,0,S,EUCAST,SYNTHETIC_ONLY,-1.0,0.0,0.0,0.0,0.0,0.0,0.0,0.0,0.0,0.0,-1.0,0.0,0.0,0.0,0.0,0.0,0.0,0.0,0.0,0.0,,0.0,0.0,0.0,1.0,4,unknown,G791
DEMO_B,Klebsiella pneumoniae,FICTIONAL_B,2024-06-01,P398,,Homo sapiens,unknown,unknown,synthetic_fixture,SYNTH_00797,0,S,EUCAST,SYNTHETIC_ONLY,0.0,0.0,0.0,0.0,0.0,3.0,0.0,0.0,0.0,0.0,2.0,0.0,0.0,0.0,0.0,3.0,0.0,0.0,0.0,0.0,3.0,0.0,0.0,0.0,0.0,5,unknown,G791
DEMO_B,Escherichia coli,FICTIONAL_B,2024-07-01,P399,,Homo sapiens,positive,unknown,synthetic_fixture,SYNTH_00798,0,S,EUCAST,SYNTHETIC_ONLY,,0.0,0.0,0.0,1.0,0.0,0.0,0.0,0.0,0.0,1.0,0.0,0.0,0.0,0.0,1.0,0.0,0.0,0.0,0.0,2.0,0.0,0.0,0.0,0.0,4,NDM_positive_other_unknown,G793
DEMO_B,Klebsiella pneumoniae,FICTIONAL_B,2024-08-01,P399,,Homo sapiens,unknown,unknown,synthetic_fixture,SYNTH_00799,0,S,EUCAST,SYNTHETIC_ONLY,0.0,0.0,0.0,0.0,0.0,-1.0,0.0,0.0,0.0,0.0,-2.0,0.0,0.0,0.0,0.0,1.0,0.0,0.0,0.0,0.0,2.0,0.0,0.0,0.0,0.0,5,unknown,G793
