isolate_id,source_id,patient_id,duplicate_group,species,country,collection_date,host,specimen,drug,measurement,operator,units,method,platform,standard,standard_version,reported_sir,ndm,oxa48,mechanism_evidence,evidence_class,accession,source_row
SAMN45204779,NCBI_SOURCE_UNKNOWN,,,Klebsiella pneumoniae,Nigeria,not applicable,Homo sapiens,not applicable,ampicillin,32,>=,mg/L,MIC,Vitek,CLSI,,resistant,unknown,unknown,not_curated,measured_public,SAMN45204779,biosamples_00000.xml:SAMN45204779:1
SAMN45204779,NCBI_SOURCE_UNKNOWN,,,Klebsiella pneumoniae,Nigeria,not applicable,Homo sapiens,not applicable,piperacillin,128,>=,mg/L,MIC,Vitek,CLSI,,resistant,unknown,unknown,not_curated,measured_public,SAMN45204779,biosamples_00000.xml:SAMN45204779:2
SAMN45204779,NCBI_SOURCE_UNKNOWN,,,Klebsiella pneumoniae,Nigeria,not applicable,Homo sapiens,not applicable,cefazolin,64,>=,mg/L,MIC,Vitek,CLSI,,resistant,unknown,unknown,not_curated,measured_public,SAMN45204779,biosamples_00000.xml:SAMN45204779:3
SAMN45204779,NCBI_SOURCE_UNKNOWN,,,Klebsiella pneumoniae,Nigeria,not applicable,Homo sapiens,not applicable,cefoxitin,4,<=,mg/L,MIC,Vitek,CLSI,,susceptible,unknown,unknown,not_curated,measured_public,SAMN45204779,biosamples_00000.xml:SAMN45204779:4
SAMN45204779,NCBI_SOURCE_UNKNOWN,,,Klebsiella pneumoniae,Nigeria,not applicable,Homo sapiens,not applicable,ceftazidime,8,==,mg/L,MIC,Vitek,CLSI,,resistant,unknown,unknown,not_curated,measured_public,SAMN45204779,biosamples_00000.xml:SAMN45204779:5
SAMN45204779,NCBI_SOURCE_UNKNOWN,,,Klebsiella pneumoniae,Nigeria,not applicable,Homo sapiens,not applicable,ceftriaxone,64,>=,mg/L,MIC,Vitek,CLSI,,resistant,unknown,unknown,not_curated,measured_public,SAMN45204779,biosamples_00000.xml:SAMN45204779:6
SAMN45204779,NCBI_SOURCE_UNKNOWN,,,Klebsiella pneumoniae,Nigeria,not applicable,Homo sapiens,not applicable,cefepime,2,==,mg/L,MIC,Vitek,CLSI,,resistant,unknown,unknown,not_curated,measured_public,SAMN45204779,biosamples_00000.xml:SAMN45204779:7
SAMN45204779,NCBI_SOURCE_UNKNOWN,,,Klebsiella pneumoniae,Nigeria,not applicable,Homo sapiens,not applicable,ertapenem,0.5,<=,mg/L,MIC,Vitek,CLSI,,susceptible,unknown,unknown,not_curated,measured_public,SAMN45204779,biosamples_00000.xml:SAMN45204779:8
SAMN45204779,NCBI_SOURCE_UNKNOWN,,,Klebsiella pneumoniae,Nigeria,not applicable,Homo sapiens,not applicable,meropenem,0.25,<=,mg/L,MIC,Vitek,CLSI,,susceptible,unknown,unknown,not_curated,measured_public,SAMN45204779,biosamples_00000.xml:SAMN45204779:9
SAMN45204779,NCBI_SOURCE_UNKNOWN,,,Klebsiella pneumoniae,Nigeria,not applicable,Homo sapiens,not applicable,amikacin,4,==,mg/L,MIC,Vitek,CLSI,,susceptible,unknown,unknown,not_curated,measured_public,SAMN45204779,biosamples_00000.xml:SAMN45204779:10
SAMN45204779,NCBI_SOURCE_UNKNOWN,,,Klebsiella pneumoniae,Nigeria,not applicable,Homo sapiens,not applicable,gentamicin,16,>=,mg/L,MIC,Vitek,CLSI,,resistant,unknown,unknown,not_curated,measured_public,SAMN45204779,biosamples_00000.xml:SAMN45204779:11
SAMN45204779,NCBI_SOURCE_UNKNOWN,,,Klebsiella pneumoniae,Nigeria,not applicable,Homo sapiens,not applicable,tobramycin,16,>=,mg/L,MIC,Vitek,CLSI,,resistant,unknown,unknown,not_curated,measured_public,SAMN45204779,biosamples_00000.xml:SAMN45204779:12
SAMN45204779,NCBI_SOURCE_UNKNOWN,,,Klebsiella pneumoniae,Nigeria,not applicable,Homo sapiens,not applicable,ciprofloxacin,0.25,<=,mg/L,MIC,Vitek,CLSI,,susceptible,unknown,unknown,not_curated,measured_public,SAMN45204779,biosamples_00000.xml:SAMN45204779:13
SAMN45204779,NCBI_SOURCE_UNKNOWN,,,Klebsiella pneumoniae,Nigeria,not applicable,Homo sapiens,not applicable,levofloxacin,0.12,<=,mg/L,MIC,Vitek,CLSI,,susceptible,unknown,unknown,not_curated,measured_public,SAMN45204779,biosamples_00000.xml:SAMN45204779:14
SAMN45204779,NCBI_SOURCE_UNKNOWN,,,Klebsiella pneumoniae,Nigeria,not applicable,Homo sapiens,not applicable,nitrofurantoin,128,==,mg/L,MIC,Vitek,CLSI,,resistant,unknown,unknown,not_curated,measured_public,SAMN45204779,biosamples_00000.xml:SAMN45204779:15
SAMN45204779,NCBI_SOURCE_UNKNOWN,,,Klebsiella pneumoniae,Nigeria,not applicable,Homo sapiens,not applicable,trimethoprim-sulfamethoxazole,16/304,>=,mg/L,MIC,Vitek,CLSI,,resistant,unknown,unknown,not_curated,measured_public,SAMN45204779,biosamples_00000.xml:SAMN45204779:16
SAMN45204778,NCBI_SOURCE_UNKNOWN,,,Klebsiella pneumoniae,Nigeria,not applicable,Homo sapiens,not applicable,ampicillin,32,>=,mg/L,MIC,Vitek,CLSI,,resistant,unknown,unknown,not_curated,measured_public,SAMN45204778,biosamples_00000.xml:SAMN45204778:1
SAMN45204778,NCBI_SOURCE_UNKNOWN,,,Klebsiella pneumoniae,Nigeria,not applicable,Homo sapiens,not applicable,piperacillin,128,>=,mg/L,MIC,Vitek,CLSI,,resistant,unknown,unknown,not_curated,measured_public,SAMN45204778,biosamples_00000.xml:SAMN45204778:2
SAMN45204778,NCBI_SOURCE_UNKNOWN,,,Klebsiella pneumoniae,Nigeria,not applicable,Homo sapiens,not applicable,cefazolin,64,>=,mg/L,MIC,Vitek,CLSI,,resistant,unknown,unknown,not_curated,measured_public,SAMN45204778,biosamples_00000.xml:SAMN45204778:3
SAMN45204778,NCBI_SOURCE_UNKNOWN,,,Klebsiella pneumoniae,Nigeria,not applicable,Homo sapiens,not applicable,cefoxitin,4,<=,mg/L,MIC,Vitek,CLSI,,susceptible,unknown,unknown,not_curated,measured_public,SAMN45204778,biosamples_00000.xml:SAMN45204778:4
SAMN45204778,NCBI_SOURCE_UNKNOWN,,,Klebsiella pneumoniae,Nigeria,not applicable,Homo sapiens,not applicable,ceftazidime,64,>=,mg/L,MIC,Vitek,CLSI,,resistant,unknown,unknown,not_curated,measured_public,SAMN45204778,biosamples_00000.xml:SAMN45204778:5
SAMN45204778,NCBI_SOURCE_UNKNOWN,,,Klebsiella pneumoniae,Nigeria,not applicable,Homo sapiens,not applicable,ceftriaxone,64,>=,mg/L,MIC,Vitek,CLSI,,resistant,unknown,unknown,not_curated,measured_public,SAMN45204778,biosamples_00000.xml:SAMN45204778:6
SAMN45204778,NCBI_SOURCE_UNKNOWN,,,Klebsiella pneumoniae,Nigeria,not applicable,Homo sapiens,not applicable,cefepime,64,>=,mg/L,MIC,Vitek,CLSI,,resistant,unknown,unknown,not_curated,measured_public,SAMN45204778,biosamples_00000.xml:SAMN45204778:7
SAMN45204778,NCBI_SOURCE_UNKNOWN,,,Klebsiella pneumoniae,Nigeria,not applicable,Homo sapiens,not applicable,ertapenem,0.5,<=,mg/L,MIC,Vitek,CLSI,,susceptible,unknown,unknown,not_curated,measured_public,SAMN45204778,biosamples_00000.xml:SAMN45204778:8
SAMN45204778,NCBI_SOURCE_UNKNOWN,,,Klebsiella pneumoniae,Nigeria,not applicable,Homo sapiens,not applicable,meropenem,0.25,<=,mg/L,MIC,Vitek,CLSI,,susceptible,unknown,unknown,not_curated,measured_public,SAMN45204778,biosamples_00000.xml:SAMN45204778:9
SAMN45204778,NCBI_SOURCE_UNKNOWN,,,Klebsiella pneumoniae,Nigeria,not applicable,Homo sapiens,not applicable,amikacin,2,<=,mg/L,MIC,Vitek,CLSI,,susceptible,unknown,unknown,not_curated,measured_public,SAMN45204778,biosamples_00000.xml:SAMN45204778:10
SAMN45204778,NCBI_SOURCE_UNKNOWN,,,Klebsiella pneumoniae,Nigeria,not applicable,Homo sapiens,not applicable,gentamicin,16,>=,mg/L,MIC,Vitek,CLSI,,resistant,unknown,unknown,not_curated,measured_public,SAMN45204778,biosamples_00000.xml:SAMN45204778:11
SAMN45204778,NCBI_SOURCE_UNKNOWN,,,Klebsiella pneumoniae,Nigeria,not applicable,Homo sapiens,not applicable,tobramycin,16,>=,mg/L,MIC,Vitek,CLSI,,resistant,unknown,unknown,not_curated,measured_public,SAMN45204778,biosamples_00000.xml:SAMN45204778:12
SAMN45204778,NCBI_SOURCE_UNKNOWN,,,Klebsiella pneumoniae,Nigeria,not applicable,Homo sapiens,not applicable,ciprofloxacin,4,>=,mg/L,MIC,Vitek,CLSI,,resistant,unknown,unknown,not_curated,measured_public,SAMN45204778,biosamples_00000.xml:SAMN45204778:13
SAMN45204778,NCBI_SOURCE_UNKNOWN,,,Klebsiella pneumoniae,Nigeria,not applicable,Homo sapiens,not applicable,levofloxacin,8,>=,mg/L,MIC,Vitek,CLSI,,resistant,unknown,unknown,not_curated,measured_public,SAMN45204778,biosamples_00000.xml:SAMN45204778:14
SAMN45204778,NCBI_SOURCE_UNKNOWN,,,Klebsiella pneumoniae,Nigeria,not applicable,Homo sapiens,not applicable,nitrofurantoin,512,>=,mg/L,MIC,Vitek,CLSI,,resistant,unknown,unknown,not_curated,measured_public,SAMN45204778,biosamples_00000.xml:SAMN45204778:15
SAMN45204778,NCBI_SOURCE_UNKNOWN,,,Klebsiella pneumoniae,Nigeria,not applicable,Homo sapiens,not applicable,trimethoprim-sulfamethoxazole,16/304,>=,mg/L,MIC,Vitek,CLSI,,resistant,unknown,unknown,not_curated,measured_public,SAMN45204778,biosamples_00000.xml:SAMN45204778:16
SAMN45204775,NCBI_SOURCE_UNKNOWN,,,Klebsiella pneumoniae,Nigeria,not applicable,Homo sapiens,not applicable,ampicillin,32,>=,mg/L,MIC,Vitek,CLSI,,resistant,unknown,unknown,not_curated,measured_public,SAMN45204775,biosamples_00000.xml:SAMN45204775:1
SAMN45204775,NCBI_SOURCE_UNKNOWN,,,Klebsiella pneumoniae,Nigeria,not applicable,Homo sapiens,not applicable,piperacillin,128,>=,mg/L,MIC,Vitek,CLSI,,resistant,unknown,unknown,not_curated,measured_public,SAMN45204775,biosamples_00000.xml:SAMN45204775:2
SAMN45204775,NCBI_SOURCE_UNKNOWN,,,Klebsiella pneumoniae,Nigeria,not applicable,Homo sapiens,not applicable,cefazolin,64,>=,mg/L,MIC,Vitek,CLSI,,resistant,unknown,unknown,not_curated,measured_public,SAMN45204775,biosamples_00000.xml:SAMN45204775:3
SAMN45204775,NCBI_SOURCE_UNKNOWN,,,Klebsiella pneumoniae,Nigeria,not applicable,Homo sapiens,not applicable,cefoxitin,4,<=,mg/L,MIC,Vitek,CLSI,,susceptible,unknown,unknown,not_curated,measured_public,SAMN45204775,biosamples_00000.xml:SAMN45204775:4
SAMN45204775,NCBI_SOURCE_UNKNOWN,,,Klebsiella pneumoniae,Nigeria,not applicable,Homo sapiens,not applicable,ceftazidime,64,>=,mg/L,MIC,Vitek,CLSI,,resistant,unknown,unknown,not_curated,measured_public,SAMN45204775,biosamples_00000.xml:SAMN45204775:5
SAMN45204775,NCBI_SOURCE_UNKNOWN,,,Klebsiella pneumoniae,Nigeria,not applicable,Homo sapiens,not applicable,ceftriaxone,64,>=,mg/L,MIC,Vitek,CLSI,,resistant,unknown,unknown,not_curated,measured_public,SAMN45204775,biosamples_00000.xml:SAMN45204775:6
SAMN45204775,NCBI_SOURCE_UNKNOWN,,,Klebsiella pneumoniae,Nigeria,not applicable,Homo sapiens,not applicable,cefepime,64,>=,mg/L,MIC,Vitek,CLSI,,resistant,unknown,unknown,not_curated,measured_public,SAMN45204775,biosamples_00000.xml:SAMN45204775:7
SAMN45204775,NCBI_SOURCE_UNKNOWN,,,Klebsiella pneumoniae,Nigeria,not applicable,Homo sapiens,not applicable,ertapenem,0.5,<=,mg/L,MIC,Vitek,CLSI,,susceptible,unknown,unknown,not_curated,measured_public,SAMN45204775,biosamples_00000.xml:SAMN45204775:8
SAMN45204775,NCBI_SOURCE_UNKNOWN,,,Klebsiella pneumoniae,Nigeria,not applicable,Homo sapiens,not applicable,meropenem,0.25,<=,mg/L,MIC,Vitek,CLSI,,susceptible,unknown,unknown,not_curated,measured_public,SAMN45204775,biosamples_00000.xml:SAMN45204775:9
SAMN45204775,NCBI_SOURCE_UNKNOWN,,,Klebsiella pneumoniae,Nigeria,not applicable,Homo sapiens,not applicable,amikacin,4,==,mg/L,MIC,Vitek,CLSI,,susceptible,unknown,unknown,not_curated,measured_public,SAMN45204775,biosamples_00000.xml:SAMN45204775:10
SAMN45204775,NCBI_SOURCE_UNKNOWN,,,Klebsiella pneumoniae,Nigeria,not applicable,Homo sapiens,not applicable,gentamicin,16,>=,mg/L,MIC,Vitek,CLSI,,resistant,unknown,unknown,not_curated,measured_public,SAMN45204775,biosamples_00000.xml:SAMN45204775:11
SAMN45204775,NCBI_SOURCE_UNKNOWN,,,Klebsiella pneumoniae,Nigeria,not applicable,Homo sapiens,not applicable,tobramycin,16,>=,mg/L,MIC,Vitek,CLSI,,resistant,unknown,unknown,not_curated,measured_public,SAMN45204775,biosamples_00000.xml:SAMN45204775:12
SAMN45204775,NCBI_SOURCE_UNKNOWN,,,Klebsiella pneumoniae,Nigeria,not applicable,Homo sapiens,not applicable,ciprofloxacin,4,>=,mg/L,MIC,Vitek,CLSI,,resistant,unknown,unknown,not_curated,measured_public,SAMN45204775,biosamples_00000.xml:SAMN45204775:13
SAMN45204775,NCBI_SOURCE_UNKNOWN,,,Klebsiella pneumoniae,Nigeria,not applicable,Homo sapiens,not applicable,levofloxacin,8,>=,mg/L,MIC,Vitek,CLSI,,resistant,unknown,unknown,not_curated,measured_public,SAMN45204775,biosamples_00000.xml:SAMN45204775:14
SAMN45204775,NCBI_SOURCE_UNKNOWN,,,Klebsiella pneumoniae,Nigeria,not applicable,Homo sapiens,not applicable,nitrofurantoin,512,>=,mg/L,MIC,Vitek,CLSI,,resistant,unknown,unknown,not_curated,measured_public,SAMN45204775,biosamples_00000.xml:SAMN45204775:15
SAMN45204775,NCBI_SOURCE_UNKNOWN,,,Klebsiella pneumoniae,Nigeria,not applicable,Homo sapiens,not applicable,trimethoprim-sulfamethoxazole,16/304,>=,mg/L,MIC,Vitek,CLSI,,resistant,unknown,unknown,not_curated,measured_public,SAMN45204775,biosamples_00000.xml:SAMN45204775:16
SAMN45204774,NCBI_SOURCE_UNKNOWN,,,Klebsiella pneumoniae,Nigeria,not applicable,Homo sapiens,not applicable,ampicillin,32,>=,mg/L,MIC,Vitek,CLSI,,resistant,unknown,unknown,not_curated,measured_public,SAMN45204774,biosamples_00000.xml:SAMN45204774:1
SAMN45204774,NCBI_SOURCE_UNKNOWN,,,Klebsiella pneumoniae,Nigeria,not applicable,Homo sapiens,not applicable,piperacillin,128,>=,mg/L,MIC,Vitek,CLSI,,resistant,unknown,unknown,not_curated,measured_public,SAMN45204774,biosamples_00000.xml:SAMN45204774:2
SAMN45204774,NCBI_SOURCE_UNKNOWN,,,Klebsiella pneumoniae,Nigeria,not applicable,Homo sapiens,not applicable,cefazolin,64,>=,mg/L,MIC,Vitek,CLSI,,resistant,unknown,unknown,not_curated,measured_public,SAMN45204774,biosamples_00000.xml:SAMN45204774:3
SAMN45204774,NCBI_SOURCE_UNKNOWN,,,Klebsiella pneumoniae,Nigeria,not applicable,Homo sapiens,not applicable,cefoxitin,4,<=,mg/L,MIC,Vitek,CLSI,,susceptible,unknown,unknown,not_curated,measured_public,SAMN45204774,biosamples_00000.xml:SAMN45204774:4
SAMN45204774,NCBI_SOURCE_UNKNOWN,,,Klebsiella pneumoniae,Nigeria,not applicable,Homo sapiens,not applicable,ceftazidime,64,>=,mg/L,MIC,Vitek,CLSI,,resistant,unknown,unknown,not_curated,measured_public,SAMN45204774,biosamples_00000.xml:SAMN45204774:5
SAMN45204774,NCBI_SOURCE_UNKNOWN,,,Klebsiella pneumoniae,Nigeria,not applicable,Homo sapiens,not applicable,ceftriaxone,64,>=,mg/L,MIC,Vitek,CLSI,,resistant,unknown,unknown,not_curated,measured_public,SAMN45204774,biosamples_00000.xml:SAMN45204774:6
SAMN45204774,NCBI_SOURCE_UNKNOWN,,,Klebsiella pneumoniae,Nigeria,not applicable,Homo sapiens,not applicable,cefepime,64,>=,mg/L,MIC,Vitek,CLSI,,resistant,unknown,unknown,not_curated,measured_public,SAMN45204774,biosamples_00000.xml:SAMN45204774:7
SAMN45204774,NCBI_SOURCE_UNKNOWN,,,Klebsiella pneumoniae,Nigeria,not applicable,Homo sapiens,not applicable,ertapenem,0.5,<=,mg/L,MIC,Vitek,CLSI,,susceptible,unknown,unknown,not_curated,measured_public,SAMN45204774,biosamples_00000.xml:SAMN45204774:8
SAMN45204774,NCBI_SOURCE_UNKNOWN,,,Klebsiella pneumoniae,Nigeria,not applicable,Homo sapiens,not applicable,meropenem,0.25,<=,mg/L,MIC,Vitek,CLSI,,susceptible,unknown,unknown,not_curated,measured_public,SAMN45204774,biosamples_00000.xml:SAMN45204774:9
SAMN45204774,NCBI_SOURCE_UNKNOWN,,,Klebsiella pneumoniae,Nigeria,not applicable,Homo sapiens,not applicable,amikacin,2,<=,mg/L,MIC,Vitek,CLSI,,susceptible,unknown,unknown,not_curated,measured_public,SAMN45204774,biosamples_00000.xml:SAMN45204774:10
SAMN45204774,NCBI_SOURCE_UNKNOWN,,,Klebsiella pneumoniae,Nigeria,not applicable,Homo sapiens,not applicable,gentamicin,16,>=,mg/L,MIC,Vitek,CLSI,,resistant,unknown,unknown,not_curated,measured_public,SAMN45204774,biosamples_00000.xml:SAMN45204774:11
SAMN45204774,NCBI_SOURCE_UNKNOWN,,,Klebsiella pneumoniae,Nigeria,not applicable,Homo sapiens,not applicable,tobramycin,16,>=,mg/L,MIC,Vitek,CLSI,,resistant,unknown,unknown,not_curated,measured_public,SAMN45204774,biosamples_00000.xml:SAMN45204774:12
SAMN45204774,NCBI_SOURCE_UNKNOWN,,,Klebsiella pneumoniae,Nigeria,not applicable,Homo sapiens,not applicable,ciprofloxacin,4,>=,mg/L,MIC,Vitek,CLSI,,resistant,unknown,unknown,not_curated,measured_public,SAMN45204774,biosamples_00000.xml:SAMN45204774:13
SAMN45204774,NCBI_SOURCE_UNKNOWN,,,Klebsiella pneumoniae,Nigeria,not applicable,Homo sapiens,not applicable,levofloxacin,8,>=,mg/L,MIC,Vitek,CLSI,,resistant,unknown,unknown,not_curated,measured_public,SAMN45204774,biosamples_00000.xml:SAMN45204774:14
SAMN45204774,NCBI_SOURCE_UNKNOWN,,,Klebsiella pneumoniae,Nigeria,not applicable,Homo sapiens,not applicable,nitrofurantoin,512,>=,mg/L,MIC,Vitek,CLSI,,resistant,unknown,unknown,not_curated,measured_public,SAMN45204774,biosamples_00000.xml:SAMN45204774:15
SAMN45204774,NCBI_SOURCE_UNKNOWN,,,Klebsiella pneumoniae,Nigeria,not applicable,Homo sapiens,not applicable,trimethoprim-sulfamethoxazole,16/304,>=,mg/L,MIC,Vitek,CLSI,,resistant,unknown,unknown,not_curated,measured_public,SAMN45204774,biosamples_00000.xml:SAMN45204774:16
SAMN45204773,NCBI_SOURCE_UNKNOWN,,,Klebsiella pneumoniae,Nigeria,not applicable,Homo sapiens,not applicable,ampicillin,32,>=,mg/L,MIC,Vitek,CLSI,,resistant,unknown,unknown,not_curated,measured_public,SAMN45204773,biosamples_00000.xml:SAMN45204773:1
SAMN45204773,NCBI_SOURCE_UNKNOWN,,,Klebsiella pneumoniae,Nigeria,not applicable,Homo sapiens,not applicable,piperacillin,128,>=,mg/L,MIC,Vitek,CLSI,,resistant,unknown,unknown,not_curated,measured_public,SAMN45204773,biosamples_00000.xml:SAMN45204773:2
SAMN45204773,NCBI_SOURCE_UNKNOWN,,,Klebsiella pneumoniae,Nigeria,not applicable,Homo sapiens,not applicable,cefazolin,64,>=,mg/L,MIC,Vitek,CLSI,,resistant,unknown,unknown,not_curated,measured_public,SAMN45204773,biosamples_00000.xml:SAMN45204773:3
SAMN45204773,NCBI_SOURCE_UNKNOWN,,,Klebsiella pneumoniae,Nigeria,not applicable,Homo sapiens,not applicable,cefoxitin,4,<=,mg/L,MIC,Vitek,CLSI,,susceptible,unknown,unknown,not_curated,measured_public,SAMN45204773,biosamples_00000.xml:SAMN45204773:4
SAMN45204773,NCBI_SOURCE_UNKNOWN,,,Klebsiella pneumoniae,Nigeria,not applicable,Homo sapiens,not applicable,ceftazidime,16,==,mg/L,MIC,Vitek,CLSI,,resistant,unknown,unknown,not_curated,measured_public,SAMN45204773,biosamples_00000.xml:SAMN45204773:5
SAMN45204773,NCBI_SOURCE_UNKNOWN,,,Klebsiella pneumoniae,Nigeria,not applicable,Homo sapiens,not applicable,ceftriaxone,64,>=,mg/L,MIC,Vitek,CLSI,,resistant,unknown,unknown,not_curated,measured_public,SAMN45204773,biosamples_00000.xml:SAMN45204773:6
SAMN45204773,NCBI_SOURCE_UNKNOWN,,,Klebsiella pneumoniae,Nigeria,not applicable,Homo sapiens,not applicable,cefepime,2,==,mg/L,MIC,Vitek,CLSI,,resistant,unknown,unknown,not_curated,measured_public,SAMN45204773,biosamples_00000.xml:SAMN45204773:7
SAMN45204773,NCBI_SOURCE_UNKNOWN,,,Klebsiella pneumoniae,Nigeria,not applicable,Homo sapiens,not applicable,ertapenem,0.5,<=,mg/L,MIC,Vitek,CLSI,,susceptible,unknown,unknown,not_curated,measured_public,SAMN45204773,biosamples_00000.xml:SAMN45204773:8
SAMN45204773,NCBI_SOURCE_UNKNOWN,,,Klebsiella pneumoniae,Nigeria,not applicable,Homo sapiens,not applicable,meropenem,0.25,<=,mg/L,MIC,Vitek,CLSI,,susceptible,unknown,unknown,not_curated,measured_public,SAMN45204773,biosamples_00000.xml:SAMN45204773:9
SAMN45204773,NCBI_SOURCE_UNKNOWN,,,Klebsiella pneumoniae,Nigeria,not applicable,Homo sapiens,not applicable,amikacin,2,<=,mg/L,MIC,Vitek,CLSI,,susceptible,unknown,unknown,not_curated,measured_public,SAMN45204773,biosamples_00000.xml:SAMN45204773:10
SAMN45204773,NCBI_SOURCE_UNKNOWN,,,Klebsiella pneumoniae,Nigeria,not applicable,Homo sapiens,not applicable,gentamicin,16,>=,mg/L,MIC,Vitek,CLSI,,resistant,unknown,unknown,not_curated,measured_public,SAMN45204773,biosamples_00000.xml:SAMN45204773:11
SAMN45204773,NCBI_SOURCE_UNKNOWN,,,Klebsiella pneumoniae,Nigeria,not applicable,Homo sapiens,not applicable,tobramycin,8,==,mg/L,MIC,Vitek,CLSI,,intermediate,unknown,unknown,not_curated,measured_public,SAMN45204773,biosamples_00000.xml:SAMN45204773:12
SAMN45204773,NCBI_SOURCE_UNKNOWN,,,Klebsiella pneumoniae,Nigeria,not applicable,Homo sapiens,not applicable,ciprofloxacin,0.25,<=,mg/L,MIC,Vitek,CLSI,,susceptible,unknown,unknown,not_curated,measured_public,SAMN45204773,biosamples_00000.xml:SAMN45204773:13
SAMN45204773,NCBI_SOURCE_UNKNOWN,,,Klebsiella pneumoniae,Nigeria,not applicable,Homo sapiens,not applicable,levofloxacin,0.12,<=,mg/L,MIC,Vitek,CLSI,,susceptible,unknown,unknown,not_curated,measured_public,SAMN45204773,biosamples_00000.xml:SAMN45204773:14
SAMN45204773,NCBI_SOURCE_UNKNOWN,,,Klebsiella pneumoniae,Nigeria,not applicable,Homo sapiens,not applicable,nitrofurantoin,32,==,mg/L,MIC,Vitek,CLSI,,susceptible,unknown,unknown,not_curated,measured_public,SAMN45204773,biosamples_00000.xml:SAMN45204773:15
SAMN45204773,NCBI_SOURCE_UNKNOWN,,,Klebsiella pneumoniae,Nigeria,not applicable,Homo sapiens,not applicable,trimethoprim-sulfamethoxazole,16/304,>=,mg/L,MIC,Vitek,CLSI,,resistant,unknown,unknown,not_curated,measured_public,SAMN45204773,biosamples_00000.xml:SAMN45204773:16
SAMN45204772,NCBI_SOURCE_UNKNOWN,,,Klebsiella pneumoniae,Nigeria,not applicable,Homo sapiens,not applicable,ampicillin,32,>=,mg/L,MIC,Vitek,CLSI,,resistant,unknown,unknown,not_curated,measured_public,SAMN45204772,biosamples_00000.xml:SAMN45204772:1
SAMN45204772,NCBI_SOURCE_UNKNOWN,,,Klebsiella pneumoniae,Nigeria,not applicable,Homo sapiens,not applicable,piperacillin,128,>=,mg/L,MIC,Vitek,CLSI,,resistant,unknown,unknown,not_curated,measured_public,SAMN45204772,biosamples_00000.xml:SAMN45204772:2
SAMN45204772,NCBI_SOURCE_UNKNOWN,,,Klebsiella pneumoniae,Nigeria,not applicable,Homo sapiens,not applicable,cefazolin,64,>=,mg/L,MIC,Vitek,CLSI,,resistant,unknown,unknown,not_curated,measured_public,SAMN45204772,biosamples_00000.xml:SAMN45204772:3
SAMN45204772,NCBI_SOURCE_UNKNOWN,,,Klebsiella pneumoniae,Nigeria,not applicable,Homo sapiens,not applicable,cefoxitin,4,<=,mg/L,MIC,Vitek,CLSI,,susceptible,unknown,unknown,not_curated,measured_public,SAMN45204772,biosamples_00000.xml:SAMN45204772:4
SAMN45204772,NCBI_SOURCE_UNKNOWN,,,Klebsiella pneumoniae,Nigeria,not applicable,Homo sapiens,not applicable,ceftazidime,64,>=,mg/L,MIC,Vitek,CLSI,,resistant,unknown,unknown,not_curated,measured_public,SAMN45204772,biosamples_00000.xml:SAMN45204772:5
SAMN45204772,NCBI_SOURCE_UNKNOWN,,,Klebsiella pneumoniae,Nigeria,not applicable,Homo sapiens,not applicable,ceftriaxone,64,>=,mg/L,MIC,Vitek,CLSI,,resistant,unknown,unknown,not_curated,measured_public,SAMN45204772,biosamples_00000.xml:SAMN45204772:6
SAMN45204772,NCBI_SOURCE_UNKNOWN,,,Klebsiella pneumoniae,Nigeria,not applicable,Homo sapiens,not applicable,cefepime,64,>=,mg/L,MIC,Vitek,CLSI,,resistant,unknown,unknown,not_curated,measured_public,SAMN45204772,biosamples_00000.xml:SAMN45204772:7
SAMN45204772,NCBI_SOURCE_UNKNOWN,,,Klebsiella pneumoniae,Nigeria,not applicable,Homo sapiens,not applicable,ertapenem,0.5,<=,mg/L,MIC,Vitek,CLSI,,susceptible,unknown,unknown,not_curated,measured_public,SAMN45204772,biosamples_00000.xml:SAMN45204772:8
SAMN45204772,NCBI_SOURCE_UNKNOWN,,,Klebsiella pneumoniae,Nigeria,not applicable,Homo sapiens,not applicable,meropenem,0.25,<=,mg/L,MIC,Vitek,CLSI,,susceptible,unknown,unknown,not_curated,measured_public,SAMN45204772,biosamples_00000.xml:SAMN45204772:9
SAMN45204772,NCBI_SOURCE_UNKNOWN,,,Klebsiella pneumoniae,Nigeria,not applicable,Homo sapiens,not applicable,amikacin,2,<=,mg/L,MIC,Vitek,CLSI,,susceptible,unknown,unknown,not_curated,measured_public,SAMN45204772,biosamples_00000.xml:SAMN45204772:10
SAMN45204772,NCBI_SOURCE_UNKNOWN,,,Klebsiella pneumoniae,Nigeria,not applicable,Homo sapiens,not applicable,gentamicin,16,>=,mg/L,MIC,Vitek,CLSI,,resistant,unknown,unknown,not_curated,measured_public,SAMN45204772,biosamples_00000.xml:SAMN45204772:11
SAMN45204772,NCBI_SOURCE_UNKNOWN,,,Klebsiella pneumoniae,Nigeria,not applicable,Homo sapiens,not applicable,tobramycin,8,==,mg/L,MIC,Vitek,CLSI,,intermediate,unknown,unknown,not_curated,measured_public,SAMN45204772,biosamples_00000.xml:SAMN45204772:12
SAMN45204772,NCBI_SOURCE_UNKNOWN,,,Klebsiella pneumoniae,Nigeria,not applicable,Homo sapiens,not applicable,ciprofloxacin,0.25,<=,mg/L,MIC,Vitek,CLSI,,susceptible,unknown,unknown,not_curated,measured_public,SAMN45204772,biosamples_00000.xml:SAMN45204772:13
SAMN45204772,NCBI_SOURCE_UNKNOWN,,,Klebsiella pneumoniae,Nigeria,not applicable,Homo sapiens,not applicable,levofloxacin,0.12,<=,mg/L,MIC,Vitek,CLSI,,susceptible,unknown,unknown,not_curated,measured_public,SAMN45204772,biosamples_00000.xml:SAMN45204772:14
SAMN45204772,NCBI_SOURCE_UNKNOWN,,,Klebsiella pneumoniae,Nigeria,not applicable,Homo sapiens,not applicable,nitrofurantoin,64,==,mg/L,MIC,Vitek,CLSI,,intermediate,unknown,unknown,not_curated,measured_public,SAMN45204772,biosamples_00000.xml:SAMN45204772:15
SAMN45204772,NCBI_SOURCE_UNKNOWN,,,Klebsiella pneumoniae,Nigeria,not applicable,Homo sapiens,not applicable,trimethoprim-sulfamethoxazole,16/304,>=,mg/L,MIC,Vitek,CLSI,,resistant,unknown,unknown,not_curated,measured_public,SAMN45204772,biosamples_00000.xml:SAMN45204772:16
SAMN45204770,NCBI_SOURCE_UNKNOWN,,,Klebsiella pneumoniae,Nigeria,not applicable,Homo sapiens,not applicable,ampicillin,32,>=,mg/L,MIC,Vitek,CLSI,,resistant,unknown,unknown,not_curated,measured_public,SAMN45204770,biosamples_00000.xml:SAMN45204770:1
SAMN45204770,NCBI_SOURCE_UNKNOWN,,,Klebsiella pneumoniae,Nigeria,not applicable,Homo sapiens,not applicable,piperacillin,128,>=,mg/L,MIC,Vitek,CLSI,,resistant,unknown,unknown,not_curated,measured_public,SAMN45204770,biosamples_00000.xml:SAMN45204770:2
SAMN45204770,NCBI_SOURCE_UNKNOWN,,,Klebsiella pneumoniae,Nigeria,not applicable,Homo sapiens,not applicable,cefazolin,64,>=,mg/L,MIC,Vitek,CLSI,,resistant,unknown,unknown,not_curated,measured_public,SAMN45204770,biosamples_00000.xml:SAMN45204770:3
SAMN45204770,NCBI_SOURCE_UNKNOWN,,,Klebsiella pneumoniae,Nigeria,not applicable,Homo sapiens,not applicable,cefoxitin,4,<=,mg/L,MIC,Vitek,CLSI,,susceptible,unknown,unknown,not_curated,measured_public,SAMN45204770,biosamples_00000.xml:SAMN45204770:4
SAMN45204770,NCBI_SOURCE_UNKNOWN,,,Klebsiella pneumoniae,Nigeria,not applicable,Homo sapiens,not applicable,ceftazidime,16,==,mg/L,MIC,Vitek,CLSI,,resistant,unknown,unknown,not_curated,measured_public,SAMN45204770,biosamples_00000.xml:SAMN45204770:5
SAMN45204770,NCBI_SOURCE_UNKNOWN,,,Klebsiella pneumoniae,Nigeria,not applicable,Homo sapiens,not applicable,ceftriaxone,64,>=,mg/L,MIC,Vitek,CLSI,,resistant,unknown,unknown,not_curated,measured_public,SAMN45204770,biosamples_00000.xml:SAMN45204770:6
SAMN45204770,NCBI_SOURCE_UNKNOWN,,,Klebsiella pneumoniae,Nigeria,not applicable,Homo sapiens,not applicable,cefepime,2,==,mg/L,MIC,Vitek,CLSI,,resistant,unknown,unknown,not_curated,measured_public,SAMN45204770,biosamples_00000.xml:SAMN45204770:7
SAMN45204770,NCBI_SOURCE_UNKNOWN,,,Klebsiella pneumoniae,Nigeria,not applicable,Homo sapiens,not applicable,ertapenem,0.5,<=,mg/L,MIC,Vitek,CLSI,,susceptible,unknown,unknown,not_curated,measured_public,SAMN45204770,biosamples_00000.xml:SAMN45204770:8
SAMN45204770,NCBI_SOURCE_UNKNOWN,,,Klebsiella pneumoniae,Nigeria,not applicable,Homo sapiens,not applicable,meropenem,0.25,<=,mg/L,MIC,Vitek,CLSI,,susceptible,unknown,unknown,not_curated,measured_public,SAMN45204770,biosamples_00000.xml:SAMN45204770:9
SAMN45204770,NCBI_SOURCE_UNKNOWN,,,Klebsiella pneumoniae,Nigeria,not applicable,Homo sapiens,not applicable,amikacin,2,<=,mg/L,MIC,Vitek,CLSI,,susceptible,unknown,unknown,not_curated,measured_public,SAMN45204770,biosamples_00000.xml:SAMN45204770:10
SAMN45204770,NCBI_SOURCE_UNKNOWN,,,Klebsiella pneumoniae,Nigeria,not applicable,Homo sapiens,not applicable,gentamicin,16,>=,mg/L,MIC,Vitek,CLSI,,resistant,unknown,unknown,not_curated,measured_public,SAMN45204770,biosamples_00000.xml:SAMN45204770:11
SAMN45204770,NCBI_SOURCE_UNKNOWN,,,Klebsiella pneumoniae,Nigeria,not applicable,Homo sapiens,not applicable,tobramycin,8,==,mg/L,MIC,Vitek,CLSI,,intermediate,unknown,unknown,not_curated,measured_public,SAMN45204770,biosamples_00000.xml:SAMN45204770:12
SAMN45204770,NCBI_SOURCE_UNKNOWN,,,Klebsiella pneumoniae,Nigeria,not applicable,Homo sapiens,not applicable,ciprofloxacin,4,>=,mg/L,MIC,Vitek,CLSI,,resistant,unknown,unknown,not_curated,measured_public,SAMN45204770,biosamples_00000.xml:SAMN45204770:13
SAMN45204770,NCBI_SOURCE_UNKNOWN,,,Klebsiella pneumoniae,Nigeria,not applicable,Homo sapiens,not applicable,levofloxacin,8,>=,mg/L,MIC,Vitek,CLSI,,resistant,unknown,unknown,not_curated,measured_public,SAMN45204770,biosamples_00000.xml:SAMN45204770:14
SAMN45204770,NCBI_SOURCE_UNKNOWN,,,Klebsiella pneumoniae,Nigeria,not applicable,Homo sapiens,not applicable,nitrofurantoin,256,==,mg/L,MIC,Vitek,CLSI,,resistant,unknown,unknown,not_curated,measured_public,SAMN45204770,biosamples_00000.xml:SAMN45204770:15
SAMN45204770,NCBI_SOURCE_UNKNOWN,,,Klebsiella pneumoniae,Nigeria,not applicable,Homo sapiens,not applicable,trimethoprim-sulfamethoxazole,16/304,>=,mg/L,MIC,Vitek,CLSI,,resistant,unknown,unknown,not_curated,measured_public,SAMN45204770,biosamples_00000.xml:SAMN45204770:16
SAMN45204769,NCBI_SOURCE_UNKNOWN,,,Klebsiella pneumoniae,Nigeria,not applicable,Homo sapiens,not applicable,ampicillin,32,>=,mg/L,MIC,Vitek,CLSI,,resistant,unknown,unknown,not_curated,measured_public,SAMN45204769,biosamples_00000.xml:SAMN45204769:1
SAMN45204769,NCBI_SOURCE_UNKNOWN,,,Klebsiella pneumoniae,Nigeria,not applicable,Homo sapiens,not applicable,piperacillin,128,>=,mg/L,MIC,Vitek,CLSI,,resistant,unknown,unknown,not_curated,measured_public,SAMN45204769,biosamples_00000.xml:SAMN45204769:2
SAMN45204769,NCBI_SOURCE_UNKNOWN,,,Klebsiella pneumoniae,Nigeria,not applicable,Homo sapiens,not applicable,cefazolin,64,>=,mg/L,MIC,Vitek,CLSI,,resistant,unknown,unknown,not_curated,measured_public,SAMN45204769,biosamples_00000.xml:SAMN45204769:3
SAMN45204769,NCBI_SOURCE_UNKNOWN,,,Klebsiella pneumoniae,Nigeria,not applicable,Homo sapiens,not applicable,cefoxitin,4,<=,mg/L,MIC,Vitek,CLSI,,susceptible,unknown,unknown,not_curated,measured_public,SAMN45204769,biosamples_00000.xml:SAMN45204769:4
SAMN45204769,NCBI_SOURCE_UNKNOWN,,,Klebsiella pneumoniae,Nigeria,not applicable,Homo sapiens,not applicable,ceftazidime,4,==,mg/L,MIC,Vitek,CLSI,,resistant,unknown,unknown,not_curated,measured_public,SAMN45204769,biosamples_00000.xml:SAMN45204769:5
SAMN45204769,NCBI_SOURCE_UNKNOWN,,,Klebsiella pneumoniae,Nigeria,not applicable,Homo sapiens,not applicable,ceftriaxone,16,==,mg/L,MIC,Vitek,CLSI,,resistant,unknown,unknown,not_curated,measured_public,SAMN45204769,biosamples_00000.xml:SAMN45204769:6
SAMN45204769,NCBI_SOURCE_UNKNOWN,,,Klebsiella pneumoniae,Nigeria,not applicable,Homo sapiens,not applicable,cefepime,2,==,mg/L,MIC,Vitek,CLSI,,resistant,unknown,unknown,not_curated,measured_public,SAMN45204769,biosamples_00000.xml:SAMN45204769:7
SAMN45204769,NCBI_SOURCE_UNKNOWN,,,Klebsiella pneumoniae,Nigeria,not applicable,Homo sapiens,not applicable,ertapenem,0.5,<=,mg/L,MIC,Vitek,CLSI,,susceptible,unknown,unknown,not_curated,measured_public,SAMN45204769,biosamples_00000.xml:SAMN45204769:8
SAMN45204769,NCBI_SOURCE_UNKNOWN,,,Klebsiella pneumoniae,Nigeria,not applicable,Homo sapiens,not applicable,meropenem,0.25,<=,mg/L,MIC,Vitek,CLSI,,susceptible,unknown,unknown,not_curated,measured_public,SAMN45204769,biosamples_00000.xml:SAMN45204769:9
SAMN45204769,NCBI_SOURCE_UNKNOWN,,,Klebsiella pneumoniae,Nigeria,not applicable,Homo sapiens,not applicable,amikacin,2,<=,mg/L,MIC,Vitek,CLSI,,susceptible,unknown,unknown,not_curated,measured_public,SAMN45204769,biosamples_00000.xml:SAMN45204769:10
SAMN45204769,NCBI_SOURCE_UNKNOWN,,,Klebsiella pneumoniae,Nigeria,not applicable,Homo sapiens,not applicable,gentamicin,16,>=,mg/L,MIC,Vitek,CLSI,,resistant,unknown,unknown,not_curated,measured_public,SAMN45204769,biosamples_00000.xml:SAMN45204769:11
SAMN45204769,NCBI_SOURCE_UNKNOWN,,,Klebsiella pneumoniae,Nigeria,not applicable,Homo sapiens,not applicable,tobramycin,16,>=,mg/L,MIC,Vitek,CLSI,,resistant,unknown,unknown,not_curated,measured_public,SAMN45204769,biosamples_00000.xml:SAMN45204769:12
SAMN45204769,NCBI_SOURCE_UNKNOWN,,,Klebsiella pneumoniae,Nigeria,not applicable,Homo sapiens,not applicable,ciprofloxacin,1,==,mg/L,MIC,Vitek,CLSI,,resistant,unknown,unknown,not_curated,measured_public,SAMN45204769,biosamples_00000.xml:SAMN45204769:13
SAMN45204769,NCBI_SOURCE_UNKNOWN,,,Klebsiella pneumoniae,Nigeria,not applicable,Homo sapiens,not applicable,levofloxacin,1,==,mg/L,MIC,Vitek,CLSI,,intermediate,unknown,unknown,not_curated,measured_public,SAMN45204769,biosamples_00000.xml:SAMN45204769:14
SAMN45204769,NCBI_SOURCE_UNKNOWN,,,Klebsiella pneumoniae,Nigeria,not applicable,Homo sapiens,not applicable,nitrofurantoin,16,<=,mg/L,MIC,Vitek,CLSI,,susceptible,unknown,unknown,not_curated,measured_public,SAMN45204769,biosamples_00000.xml:SAMN45204769:15
SAMN45204769,NCBI_SOURCE_UNKNOWN,,,Klebsiella pneumoniae,Nigeria,not applicable,Homo sapiens,not applicable,trimethoprim-sulfamethoxazole,16/304,>=,mg/L,MIC,Vitek,CLSI,,resistant,unknown,unknown,not_curated,measured_public,SAMN45204769,biosamples_00000.xml:SAMN45204769:16
SAMN45204768,NCBI_SOURCE_UNKNOWN,,,Klebsiella pneumoniae,Nigeria,not applicable,Homo sapiens,not applicable,ampicillin,32,>=,mg/L,MIC,Vitek,CLSI,,resistant,unknown,unknown,not_curated,measured_public,SAMN45204768,biosamples_00000.xml:SAMN45204768:1
SAMN45204768,NCBI_SOURCE_UNKNOWN,,,Klebsiella pneumoniae,Nigeria,not applicable,Homo sapiens,not applicable,piperacillin,128,>=,mg/L,MIC,Vitek,CLSI,,resistant,unknown,unknown,not_curated,measured_public,SAMN45204768,biosamples_00000.xml:SAMN45204768:2
SAMN45204768,NCBI_SOURCE_UNKNOWN,,,Klebsiella pneumoniae,Nigeria,not applicable,Homo sapiens,not applicable,cefazolin,64,>=,mg/L,MIC,Vitek,CLSI,,resistant,unknown,unknown,not_curated,measured_public,SAMN45204768,biosamples_00000.xml:SAMN45204768:3
SAMN45204768,NCBI_SOURCE_UNKNOWN,,,Klebsiella pneumoniae,Nigeria,not applicable,Homo sapiens,not applicable,cefoxitin,4,<=,mg/L,MIC,Vitek,CLSI,,susceptible,unknown,unknown,not_curated,measured_public,SAMN45204768,biosamples_00000.xml:SAMN45204768:4
SAMN45204768,NCBI_SOURCE_UNKNOWN,,,Klebsiella pneumoniae,Nigeria,not applicable,Homo sapiens,not applicable,ceftazidime,4,==,mg/L,MIC,Vitek,CLSI,,resistant,unknown,unknown,not_curated,measured_public,SAMN45204768,biosamples_00000.xml:SAMN45204768:5
SAMN45204768,NCBI_SOURCE_UNKNOWN,,,Klebsiella pneumoniae,Nigeria,not applicable,Homo sapiens,not applicable,ceftriaxone,16,==,mg/L,MIC,Vitek,CLSI,,resistant,unknown,unknown,not_curated,measured_public,SAMN45204768,biosamples_00000.xml:SAMN45204768:6
SAMN45204768,NCBI_SOURCE_UNKNOWN,,,Klebsiella pneumoniae,Nigeria,not applicable,Homo sapiens,not applicable,cefepime,1,<=,mg/L,MIC,Vitek,CLSI,,resistant,unknown,unknown,not_curated,measured_public,SAMN45204768,biosamples_00000.xml:SAMN45204768:7
SAMN45204768,NCBI_SOURCE_UNKNOWN,,,Klebsiella pneumoniae,Nigeria,not applicable,Homo sapiens,not applicable,ertapenem,0.5,<=,mg/L,MIC,Vitek,CLSI,,susceptible,unknown,unknown,not_curated,measured_public,SAMN45204768,biosamples_00000.xml:SAMN45204768:8
SAMN45204768,NCBI_SOURCE_UNKNOWN,,,Klebsiella pneumoniae,Nigeria,not applicable,Homo sapiens,not applicable,meropenem,0.25,<=,mg/L,MIC,Vitek,CLSI,,susceptible,unknown,unknown,not_curated,measured_public,SAMN45204768,biosamples_00000.xml:SAMN45204768:9
SAMN45204768,NCBI_SOURCE_UNKNOWN,,,Klebsiella pneumoniae,Nigeria,not applicable,Homo sapiens,not applicable,amikacin,2,<=,mg/L,MIC,Vitek,CLSI,,susceptible,unknown,unknown,not_curated,measured_public,SAMN45204768,biosamples_00000.xml:SAMN45204768:10
SAMN45204768,NCBI_SOURCE_UNKNOWN,,,Klebsiella pneumoniae,Nigeria,not applicable,Homo sapiens,not applicable,gentamicin,16,>=,mg/L,MIC,Vitek,CLSI,,resistant,unknown,unknown,not_curated,measured_public,SAMN45204768,biosamples_00000.xml:SAMN45204768:11
SAMN45204768,NCBI_SOURCE_UNKNOWN,,,Klebsiella pneumoniae,Nigeria,not applicable,Homo sapiens,not applicable,tobramycin,16,>=,mg/L,MIC,Vitek,CLSI,,resistant,unknown,unknown,not_curated,measured_public,SAMN45204768,biosamples_00000.xml:SAMN45204768:12
SAMN45204768,NCBI_SOURCE_UNKNOWN,,,Klebsiella pneumoniae,Nigeria,not applicable,Homo sapiens,not applicable,ciprofloxacin,1,==,mg/L,MIC,Vitek,CLSI,,resistant,unknown,unknown,not_curated,measured_public,SAMN45204768,biosamples_00000.xml:SAMN45204768:13
SAMN45204768,NCBI_SOURCE_UNKNOWN,,,Klebsiella pneumoniae,Nigeria,not applicable,Homo sapiens,not applicable,levofloxacin,1,==,mg/L,MIC,Vitek,CLSI,,intermediate,unknown,unknown,not_curated,measured_public,SAMN45204768,biosamples_00000.xml:SAMN45204768:14
SAMN45204768,NCBI_SOURCE_UNKNOWN,,,Klebsiella pneumoniae,Nigeria,not applicable,Homo sapiens,not applicable,nitrofurantoin,16,<=,mg/L,MIC,Vitek,CLSI,,susceptible,unknown,unknown,not_curated,measured_public,SAMN45204768,biosamples_00000.xml:SAMN45204768:15
SAMN45204768,NCBI_SOURCE_UNKNOWN,,,Klebsiella pneumoniae,Nigeria,not applicable,Homo sapiens,not applicable,trimethoprim-sulfamethoxazole,16/304,>=,mg/L,MIC,Vitek,CLSI,,resistant,unknown,unknown,not_curated,measured_public,SAMN45204768,biosamples_00000.xml:SAMN45204768:16
SAMN45204767,NCBI_SOURCE_UNKNOWN,,,Klebsiella pneumoniae,Nigeria,not applicable,Homo sapiens,not applicable,ampicillin,32,>=,mg/L,MIC,Vitek,CLSI,,resistant,unknown,unknown,not_curated,measured_public,SAMN45204767,biosamples_00000.xml:SAMN45204767:1
SAMN45204767,NCBI_SOURCE_UNKNOWN,,,Klebsiella pneumoniae,Nigeria,not applicable,Homo sapiens,not applicable,piperacillin,128,>=,mg/L,MIC,Vitek,CLSI,,resistant,unknown,unknown,not_curated,measured_public,SAMN45204767,biosamples_00000.xml:SAMN45204767:2
SAMN45204767,NCBI_SOURCE_UNKNOWN,,,Klebsiella pneumoniae,Nigeria,not applicable,Homo sapiens,not applicable,cefazolin,64,>=,mg/L,MIC,Vitek,CLSI,,resistant,unknown,unknown,not_curated,measured_public,SAMN45204767,biosamples_00000.xml:SAMN45204767:3
SAMN45204767,NCBI_SOURCE_UNKNOWN,,,Klebsiella pneumoniae,Nigeria,not applicable,Homo sapiens,not applicable,cefoxitin,4,<=,mg/L,MIC,Vitek,CLSI,,susceptible,unknown,unknown,not_curated,measured_public,SAMN45204767,biosamples_00000.xml:SAMN45204767:4
SAMN45204767,NCBI_SOURCE_UNKNOWN,,,Klebsiella pneumoniae,Nigeria,not applicable,Homo sapiens,not applicable,ceftazidime,8,==,mg/L,MIC,Vitek,CLSI,,resistant,unknown,unknown,not_curated,measured_public,SAMN45204767,biosamples_00000.xml:SAMN45204767:5
SAMN45204767,NCBI_SOURCE_UNKNOWN,,,Klebsiella pneumoniae,Nigeria,not applicable,Homo sapiens,not applicable,ceftriaxone,64,>=,mg/L,MIC,Vitek,CLSI,,resistant,unknown,unknown,not_curated,measured_public,SAMN45204767,biosamples_00000.xml:SAMN45204767:6
SAMN45204767,NCBI_SOURCE_UNKNOWN,,,Klebsiella pneumoniae,Nigeria,not applicable,Homo sapiens,not applicable,cefepime,2,==,mg/L,MIC,Vitek,CLSI,,resistant,unknown,unknown,not_curated,measured_public,SAMN45204767,biosamples_00000.xml:SAMN45204767:7
SAMN45204767,NCBI_SOURCE_UNKNOWN,,,Klebsiella pneumoniae,Nigeria,not applicable,Homo sapiens,not applicable,ertapenem,0.5,<=,mg/L,MIC,Vitek,CLSI,,susceptible,unknown,unknown,not_curated,measured_public,SAMN45204767,biosamples_00000.xml:SAMN45204767:8
SAMN45204767,NCBI_SOURCE_UNKNOWN,,,Klebsiella pneumoniae,Nigeria,not applicable,Homo sapiens,not applicable,meropenem,0.25,<=,mg/L,MIC,Vitek,CLSI,,susceptible,unknown,unknown,not_curated,measured_public,SAMN45204767,biosamples_00000.xml:SAMN45204767:9
SAMN45204767,NCBI_SOURCE_UNKNOWN,,,Klebsiella pneumoniae,Nigeria,not applicable,Homo sapiens,not applicable,amikacin,8,==,mg/L,MIC,Vitek,CLSI,,susceptible,unknown,unknown,not_curated,measured_public,SAMN45204767,biosamples_00000.xml:SAMN45204767:10
SAMN45204767,NCBI_SOURCE_UNKNOWN,,,Klebsiella pneumoniae,Nigeria,not applicable,Homo sapiens,not applicable,gentamicin,16,>=,mg/L,MIC,Vitek,CLSI,,resistant,unknown,unknown,not_curated,measured_public,SAMN45204767,biosamples_00000.xml:SAMN45204767:11
SAMN45204767,NCBI_SOURCE_UNKNOWN,,,Klebsiella pneumoniae,Nigeria,not applicable,Homo sapiens,not applicable,tobramycin,16,>=,mg/L,MIC,Vitek,CLSI,,resistant,unknown,unknown,not_curated,measured_public,SAMN45204767,biosamples_00000.xml:SAMN45204767:12
SAMN45204767,NCBI_SOURCE_UNKNOWN,,,Klebsiella pneumoniae,Nigeria,not applicable,Homo sapiens,not applicable,ciprofloxacin,0.25,<=,mg/L,MIC,Vitek,CLSI,,intermediate,unknown,unknown,not_curated,measured_public,SAMN45204767,biosamples_00000.xml:SAMN45204767:13
SAMN45204767,NCBI_SOURCE_UNKNOWN,,,Klebsiella pneumoniae,Nigeria,not applicable,Homo sapiens,not applicable,levofloxacin,0.12,<=,mg/L,MIC,Vitek,CLSI,,susceptible,unknown,unknown,not_curated,measured_public,SAMN45204767,biosamples_00000.xml:SAMN45204767:14
SAMN45204767,NCBI_SOURCE_UNKNOWN,,,Klebsiella pneumoniae,Nigeria,not applicable,Homo sapiens,not applicable,nitrofurantoin,128,==,mg/L,MIC,Vitek,CLSI,,resistant,unknown,unknown,not_curated,measured_public,SAMN45204767,biosamples_00000.xml:SAMN45204767:15
SAMN45204767,NCBI_SOURCE_UNKNOWN,,,Klebsiella pneumoniae,Nigeria,not applicable,Homo sapiens,not applicable,trimethoprim-sulfamethoxazole,16/304,>=,mg/L,MIC,Vitek,CLSI,,resistant,unknown,unknown,not_curated,measured_public,SAMN45204767,biosamples_00000.xml:SAMN45204767:16
SAMN45204737,NCBI_SOURCE_UNKNOWN,,,Klebsiella pneumoniae,Nigeria,not applicable,Homo sapiens,not applicable,ampicillin,32,>=,mg/L,MIC,Vitek,CLSI,,resistant,unknown,unknown,not_curated,measured_public,SAMN45204737,biosamples_00000.xml:SAMN45204737:1
SAMN45204737,NCBI_SOURCE_UNKNOWN,,,Klebsiella pneumoniae,Nigeria,not applicable,Homo sapiens,not applicable,piperacillin,128,>=,mg/L,MIC,Vitek,CLSI,,resistant,unknown,unknown,not_curated,measured_public,SAMN45204737,biosamples_00000.xml:SAMN45204737:2
SAMN45204737,NCBI_SOURCE_UNKNOWN,,,Klebsiella pneumoniae,Nigeria,not applicable,Homo sapiens,not applicable,cefazolin,64,>=,mg/L,MIC,Vitek,CLSI,,resistant,unknown,unknown,not_curated,measured_public,SAMN45204737,biosamples_00000.xml:SAMN45204737:3
SAMN45204737,NCBI_SOURCE_UNKNOWN,,,Klebsiella pneumoniae,Nigeria,not applicable,Homo sapiens,not applicable,cefoxitin,4,<=,mg/L,MIC,Vitek,CLSI,,susceptible,unknown,unknown,not_curated,measured_public,SAMN45204737,biosamples_00000.xml:SAMN45204737:4
SAMN45204737,NCBI_SOURCE_UNKNOWN,,,Klebsiella pneumoniae,Nigeria,not applicable,Homo sapiens,not applicable,ceftazidime,64,>=,mg/L,MIC,Vitek,CLSI,,resistant,unknown,unknown,not_curated,measured_public,SAMN45204737,biosamples_00000.xml:SAMN45204737:5
SAMN45204737,NCBI_SOURCE_UNKNOWN,,,Klebsiella pneumoniae,Nigeria,not applicable,Homo sapiens,not applicable,ceftriaxone,64,>=,mg/L,MIC,Vitek,CLSI,,resistant,unknown,unknown,not_curated,measured_public,SAMN45204737,biosamples_00000.xml:SAMN45204737:6
SAMN45204737,NCBI_SOURCE_UNKNOWN,,,Klebsiella pneumoniae,Nigeria,not applicable,Homo sapiens,not applicable,cefepime,32,==,mg/L,MIC,Vitek,CLSI,,resistant,unknown,unknown,not_curated,measured_public,SAMN45204737,biosamples_00000.xml:SAMN45204737:7
SAMN45204737,NCBI_SOURCE_UNKNOWN,,,Klebsiella pneumoniae,Nigeria,not applicable,Homo sapiens,not applicable,ertapenem,0.5,<=,mg/L,MIC,Vitek,CLSI,,susceptible,unknown,unknown,not_curated,measured_public,SAMN45204737,biosamples_00000.xml:SAMN45204737:8
SAMN45204737,NCBI_SOURCE_UNKNOWN,,,Klebsiella pneumoniae,Nigeria,not applicable,Homo sapiens,not applicable,meropenem,0.25,<=,mg/L,MIC,Vitek,CLSI,,susceptible,unknown,unknown,not_curated,measured_public,SAMN45204737,biosamples_00000.xml:SAMN45204737:9
SAMN45204737,NCBI_SOURCE_UNKNOWN,,,Klebsiella pneumoniae,Nigeria,not applicable,Homo sapiens,not applicable,amikacin,2,<=,mg/L,MIC,Vitek,CLSI,,susceptible,unknown,unknown,not_curated,measured_public,SAMN45204737,biosamples_00000.xml:SAMN45204737:10
SAMN45204737,NCBI_SOURCE_UNKNOWN,,,Klebsiella pneumoniae,Nigeria,not applicable,Homo sapiens,not applicable,gentamicin,16,>=,mg/L,MIC,Vitek,CLSI,,resistant,unknown,unknown,not_curated,measured_public,SAMN45204737,biosamples_00000.xml:SAMN45204737:11
SAMN45204737,NCBI_SOURCE_UNKNOWN,,,Klebsiella pneumoniae,Nigeria,not applicable,Homo sapiens,not applicable,tobramycin,16,>=,mg/L,MIC,Vitek,CLSI,,resistant,unknown,unknown,not_curated,measured_public,SAMN45204737,biosamples_00000.xml:SAMN45204737:12
SAMN45204737,NCBI_SOURCE_UNKNOWN,,,Klebsiella pneumoniae,Nigeria,not applicable,Homo sapiens,not applicable,ciprofloxacin,0.25,<=,mg/L,MIC,Vitek,CLSI,,susceptible,unknown,unknown,not_curated,measured_public,SAMN45204737,biosamples_00000.xml:SAMN45204737:13
SAMN45204737,NCBI_SOURCE_UNKNOWN,,,Klebsiella pneumoniae,Nigeria,not applicable,Homo sapiens,not applicable,levofloxacin,0.12,<=,mg/L,MIC,Vitek,CLSI,,susceptible,unknown,unknown,not_curated,measured_public,SAMN45204737,biosamples_00000.xml:SAMN45204737:14
SAMN45204737,NCBI_SOURCE_UNKNOWN,,,Klebsiella pneumoniae,Nigeria,not applicable,Homo sapiens,not applicable,nitrofurantoin,128,==,mg/L,MIC,Vitek,CLSI,,resistant,unknown,unknown,not_curated,measured_public,SAMN45204737,biosamples_00000.xml:SAMN45204737:15
SAMN45204737,NCBI_SOURCE_UNKNOWN,,,Klebsiella pneumoniae,Nigeria,not applicable,Homo sapiens,not applicable,trimethoprim-sulfamethoxazole,16/304,>=,mg/L,MIC,Vitek,CLSI,,resistant,unknown,unknown,not_curated,measured_public,SAMN45204737,biosamples_00000.xml:SAMN45204737:16
SAMN45204734,NCBI_SOURCE_UNKNOWN,,,Klebsiella pneumoniae,Nigeria,not applicable,Homo sapiens,not applicable,ampicillin,8,==,mg/L,MIC,Vitek,CLSI,,susceptible,unknown,unknown,not_curated,measured_public,SAMN45204734,biosamples_00000.xml:SAMN45204734:1
SAMN45204734,NCBI_SOURCE_UNKNOWN,,,Klebsiella pneumoniae,Nigeria,not applicable,Homo sapiens,not applicable,piperacillin,8,==,mg/L,MIC,Vitek,CLSI,,susceptible,unknown,unknown,not_curated,measured_public,SAMN45204734,biosamples_00000.xml:SAMN45204734:2
SAMN45204734,NCBI_SOURCE_UNKNOWN,,,Klebsiella pneumoniae,Nigeria,not applicable,Homo sapiens,not applicable,cefazolin,4,<=,mg/L,MIC,Vitek,CLSI,,intermediate,unknown,unknown,not_curated,measured_public,SAMN45204734,biosamples_00000.xml:SAMN45204734:3
SAMN45204734,NCBI_SOURCE_UNKNOWN,,,Klebsiella pneumoniae,Nigeria,not applicable,Homo sapiens,not applicable,cefoxitin,4,<=,mg/L,MIC,Vitek,CLSI,,susceptible,unknown,unknown,not_curated,measured_public,SAMN45204734,biosamples_00000.xml:SAMN45204734:4
SAMN45204734,NCBI_SOURCE_UNKNOWN,,,Klebsiella pneumoniae,Nigeria,not applicable,Homo sapiens,not applicable,ceftazidime,1,<=,mg/L,MIC,Vitek,CLSI,,susceptible,unknown,unknown,not_curated,measured_public,SAMN45204734,biosamples_00000.xml:SAMN45204734:5
SAMN45204734,NCBI_SOURCE_UNKNOWN,,,Klebsiella pneumoniae,Nigeria,not applicable,Homo sapiens,not applicable,ceftriaxone,1,<=,mg/L,MIC,Vitek,CLSI,,susceptible,unknown,unknown,not_curated,measured_public,SAMN45204734,biosamples_00000.xml:SAMN45204734:6
SAMN45204734,NCBI_SOURCE_UNKNOWN,,,Klebsiella pneumoniae,Nigeria,not applicable,Homo sapiens,not applicable,cefepime,1,<=,mg/L,MIC,Vitek,CLSI,,susceptible,unknown,unknown,not_curated,measured_public,SAMN45204734,biosamples_00000.xml:SAMN45204734:7
SAMN45204734,NCBI_SOURCE_UNKNOWN,,,Klebsiella pneumoniae,Nigeria,not applicable,Homo sapiens,not applicable,ertapenem,0.5,<=,mg/L,MIC,Vitek,CLSI,,susceptible,unknown,unknown,not_curated,measured_public,SAMN45204734,biosamples_00000.xml:SAMN45204734:8
SAMN45204734,NCBI_SOURCE_UNKNOWN,,,Klebsiella pneumoniae,Nigeria,not applicable,Homo sapiens,not applicable,meropenem,0.25,<=,mg/L,MIC,Vitek,CLSI,,susceptible,unknown,unknown,not_curated,measured_public,SAMN45204734,biosamples_00000.xml:SAMN45204734:9
SAMN45204734,NCBI_SOURCE_UNKNOWN,,,Klebsiella pneumoniae,Nigeria,not applicable,Homo sapiens,not applicable,amikacin,2,<=,mg/L,MIC,Vitek,CLSI,,susceptible,unknown,unknown,not_curated,measured_public,SAMN45204734,biosamples_00000.xml:SAMN45204734:10
SAMN45204734,NCBI_SOURCE_UNKNOWN,,,Klebsiella pneumoniae,Nigeria,not applicable,Homo sapiens,not applicable,gentamicin,1,<=,mg/L,MIC,Vitek,CLSI,,susceptible,unknown,unknown,not_curated,measured_public,SAMN45204734,biosamples_00000.xml:SAMN45204734:11
SAMN45204734,NCBI_SOURCE_UNKNOWN,,,Klebsiella pneumoniae,Nigeria,not applicable,Homo sapiens,not applicable,tobramycin,1,<=,mg/L,MIC,Vitek,CLSI,,susceptible,unknown,unknown,not_curated,measured_public,SAMN45204734,biosamples_00000.xml:SAMN45204734:12
SAMN45204734,NCBI_SOURCE_UNKNOWN,,,Klebsiella pneumoniae,Nigeria,not applicable,Homo sapiens,not applicable,ciprofloxacin,0.25,<=,mg/L,MIC,Vitek,CLSI,,susceptible,unknown,unknown,not_curated,measured_public,SAMN45204734,biosamples_00000.xml:SAMN45204734:13
SAMN45204734,NCBI_SOURCE_UNKNOWN,,,Klebsiella pneumoniae,Nigeria,not applicable,Homo sapiens,not applicable,levofloxacin,0.12,<=,mg/L,MIC,Vitek,CLSI,,susceptible,unknown,unknown,not_curated,measured_public,SAMN45204734,biosamples_00000.xml:SAMN45204734:14
SAMN45204734,NCBI_SOURCE_UNKNOWN,,,Klebsiella pneumoniae,Nigeria,not applicable,Homo sapiens,not applicable,nitrofurantoin,64,==,mg/L,MIC,Vitek,CLSI,,intermediate,unknown,unknown,not_curated,measured_public,SAMN45204734,biosamples_00000.xml:SAMN45204734:15
SAMN45204734,NCBI_SOURCE_UNKNOWN,,,Klebsiella pneumoniae,Nigeria,not applicable,Homo sapiens,not applicable,trimethoprim-sulfamethoxazole,1/19,<=,mg/L,MIC,Vitek,CLSI,,susceptible,unknown,unknown,not_curated,measured_public,SAMN45204734,biosamples_00000.xml:SAMN45204734:16
SAMN45204733,NCBI_SOURCE_UNKNOWN,,,Klebsiella pneumoniae,Nigeria,not applicable,Homo sapiens,not applicable,ampicillin,32,>=,mg/L,MIC,Vitek,CLSI,,resistant,unknown,unknown,not_curated,measured_public,SAMN45204733,biosamples_00000.xml:SAMN45204733:1
SAMN45204733,NCBI_SOURCE_UNKNOWN,,,Klebsiella pneumoniae,Nigeria,not applicable,Homo sapiens,not applicable,piperacillin,128,>=,mg/L,MIC,Vitek,CLSI,,resistant,unknown,unknown,not_curated,measured_public,SAMN45204733,biosamples_00000.xml:SAMN45204733:2
SAMN45204733,NCBI_SOURCE_UNKNOWN,,,Klebsiella pneumoniae,Nigeria,not applicable,Homo sapiens,not applicable,cefazolin,64,>=,mg/L,MIC,Vitek,CLSI,,resistant,unknown,unknown,not_curated,measured_public,SAMN45204733,biosamples_00000.xml:SAMN45204733:3
SAMN45204733,NCBI_SOURCE_UNKNOWN,,,Klebsiella pneumoniae,Nigeria,not applicable,Homo sapiens,not applicable,cefoxitin,4,<=,mg/L,MIC,Vitek,CLSI,,susceptible,unknown,unknown,not_curated,measured_public,SAMN45204733,biosamples_00000.xml:SAMN45204733:4
SAMN45204733,NCBI_SOURCE_UNKNOWN,,,Klebsiella pneumoniae,Nigeria,not applicable,Homo sapiens,not applicable,ceftazidime,16,==,mg/L,MIC,Vitek,CLSI,,resistant,unknown,unknown,not_curated,measured_public,SAMN45204733,biosamples_00000.xml:SAMN45204733:5
SAMN45204733,NCBI_SOURCE_UNKNOWN,,,Klebsiella pneumoniae,Nigeria,not applicable,Homo sapiens,not applicable,ceftriaxone,64,>=,mg/L,MIC,Vitek,CLSI,,resistant,unknown,unknown,not_curated,measured_public,SAMN45204733,biosamples_00000.xml:SAMN45204733:6
SAMN45204733,NCBI_SOURCE_UNKNOWN,,,Klebsiella pneumoniae,Nigeria,not applicable,Homo sapiens,not applicable,cefepime,64,>=,mg/L,MIC,Vitek,CLSI,,resistant,unknown,unknown,not_curated,measured_public,SAMN45204733,biosamples_00000.xml:SAMN45204733:7
SAMN45204733,NCBI_SOURCE_UNKNOWN,,,Klebsiella pneumoniae,Nigeria,not applicable,Homo sapiens,not applicable,ertapenem,0.5,<=,mg/L,MIC,Vitek,CLSI,,susceptible,unknown,unknown,not_curated,measured_public,SAMN45204733,biosamples_00000.xml:SAMN45204733:8
SAMN45204733,NCBI_SOURCE_UNKNOWN,,,Klebsiella pneumoniae,Nigeria,not applicable,Homo sapiens,not applicable,meropenem,0.25,<=,mg/L,MIC,Vitek,CLSI,,susceptible,unknown,unknown,not_curated,measured_public,SAMN45204733,biosamples_00000.xml:SAMN45204733:9
SAMN45204733,NCBI_SOURCE_UNKNOWN,,,Klebsiella pneumoniae,Nigeria,not applicable,Homo sapiens,not applicable,amikacin,2,<=,mg/L,MIC,Vitek,CLSI,,resistant,unknown,unknown,not_curated,measured_public,SAMN45204733,biosamples_00000.xml:SAMN45204733:10
SAMN45204733,NCBI_SOURCE_UNKNOWN,,,Klebsiella pneumoniae,Nigeria,not applicable,Homo sapiens,not applicable,gentamicin,16,>=,mg/L,MIC,Vitek,CLSI,,resistant,unknown,unknown,not_curated,measured_public,SAMN45204733,biosamples_00000.xml:SAMN45204733:11
SAMN45204733,NCBI_SOURCE_UNKNOWN,,,Klebsiella pneumoniae,Nigeria,not applicable,Homo sapiens,not applicable,tobramycin,16,>=,mg/L,MIC,Vitek,CLSI,,resistant,unknown,unknown,not_curated,measured_public,SAMN45204733,biosamples_00000.xml:SAMN45204733:12
SAMN45204733,NCBI_SOURCE_UNKNOWN,,,Klebsiella pneumoniae,Nigeria,not applicable,Homo sapiens,not applicable,ciprofloxacin,4,>=,mg/L,MIC,Vitek,CLSI,,resistant,unknown,unknown,not_curated,measured_public,SAMN45204733,biosamples_00000.xml:SAMN45204733:13
SAMN45204733,NCBI_SOURCE_UNKNOWN,,,Klebsiella pneumoniae,Nigeria,not applicable,Homo sapiens,not applicable,levofloxacin,8,>=,mg/L,MIC,Vitek,CLSI,,resistant,unknown,unknown,not_curated,measured_public,SAMN45204733,biosamples_00000.xml:SAMN45204733:14
SAMN45204733,NCBI_SOURCE_UNKNOWN,,,Klebsiella pneumoniae,Nigeria,not applicable,Homo sapiens,not applicable,nitrofurantoin,512,>=,mg/L,MIC,Vitek,CLSI,,resistant,unknown,unknown,not_curated,measured_public,SAMN45204733,biosamples_00000.xml:SAMN45204733:15
SAMN45204733,NCBI_SOURCE_UNKNOWN,,,Klebsiella pneumoniae,Nigeria,not applicable,Homo sapiens,not applicable,trimethoprim-sulfamethoxazole,16/304,>=,mg/L,MIC,Vitek,CLSI,,resistant,unknown,unknown,not_curated,measured_public,SAMN45204733,biosamples_00000.xml:SAMN45204733:16
SAMN45204731,NCBI_SOURCE_UNKNOWN,,,Klebsiella pneumoniae,Nigeria,not applicable,Homo sapiens,not applicable,ampicillin,32,>=,mg/L,MIC,Vitek,CLSI,,resistant,unknown,unknown,not_curated,measured_public,SAMN45204731,biosamples_00000.xml:SAMN45204731:1
SAMN45204731,NCBI_SOURCE_UNKNOWN,,,Klebsiella pneumoniae,Nigeria,not applicable,Homo sapiens,not applicable,piperacillin,128,>=,mg/L,MIC,Vitek,CLSI,,resistant,unknown,unknown,not_curated,measured_public,SAMN45204731,biosamples_00000.xml:SAMN45204731:2
SAMN45204731,NCBI_SOURCE_UNKNOWN,,,Klebsiella pneumoniae,Nigeria,not applicable,Homo sapiens,not applicable,cefazolin,64,>=,mg/L,MIC,Vitek,CLSI,,resistant,unknown,unknown,not_curated,measured_public,SAMN45204731,biosamples_00000.xml:SAMN45204731:3
SAMN45204731,NCBI_SOURCE_UNKNOWN,,,Klebsiella pneumoniae,Nigeria,not applicable,Homo sapiens,not applicable,cefoxitin,4,<=,mg/L,MIC,Vitek,CLSI,,susceptible,unknown,unknown,not_curated,measured_public,SAMN45204731,biosamples_00000.xml:SAMN45204731:4
SAMN45204731,NCBI_SOURCE_UNKNOWN,,,Klebsiella pneumoniae,Nigeria,not applicable,Homo sapiens,not applicable,ceftazidime,16,==,mg/L,MIC,Vitek,CLSI,,resistant,unknown,unknown,not_curated,measured_public,SAMN45204731,biosamples_00000.xml:SAMN45204731:5
SAMN45204731,NCBI_SOURCE_UNKNOWN,,,Klebsiella pneumoniae,Nigeria,not applicable,Homo sapiens,not applicable,ceftriaxone,64,>=,mg/L,MIC,Vitek,CLSI,,resistant,unknown,unknown,not_curated,measured_public,SAMN45204731,biosamples_00000.xml:SAMN45204731:6
SAMN45204731,NCBI_SOURCE_UNKNOWN,,,Klebsiella pneumoniae,Nigeria,not applicable,Homo sapiens,not applicable,cefepime,2,==,mg/L,MIC,Vitek,CLSI,,resistant,unknown,unknown,not_curated,measured_public,SAMN45204731,biosamples_00000.xml:SAMN45204731:7
SAMN45204731,NCBI_SOURCE_UNKNOWN,,,Klebsiella pneumoniae,Nigeria,not applicable,Homo sapiens,not applicable,ertapenem,0.5,<=,mg/L,MIC,Vitek,CLSI,,susceptible,unknown,unknown,not_curated,measured_public,SAMN45204731,biosamples_00000.xml:SAMN45204731:8
SAMN45204731,NCBI_SOURCE_UNKNOWN,,,Klebsiella pneumoniae,Nigeria,not applicable,Homo sapiens,not applicable,meropenem,0.25,<=,mg/L,MIC,Vitek,CLSI,,susceptible,unknown,unknown,not_curated,measured_public,SAMN45204731,biosamples_00000.xml:SAMN45204731:9
SAMN45204731,NCBI_SOURCE_UNKNOWN,,,Klebsiella pneumoniae,Nigeria,not applicable,Homo sapiens,not applicable,amikacin,2,<=,mg/L,MIC,Vitek,CLSI,,susceptible,unknown,unknown,not_curated,measured_public,SAMN45204731,biosamples_00000.xml:SAMN45204731:10
SAMN45204731,NCBI_SOURCE_UNKNOWN,,,Klebsiella pneumoniae,Nigeria,not applicable,Homo sapiens,not applicable,gentamicin,16,>=,mg/L,MIC,Vitek,CLSI,,resistant,unknown,unknown,not_curated,measured_public,SAMN45204731,biosamples_00000.xml:SAMN45204731:11
SAMN45204731,NCBI_SOURCE_UNKNOWN,,,Klebsiella pneumoniae,Nigeria,not applicable,Homo sapiens,not applicable,tobramycin,8,==,mg/L,MIC,Vitek,CLSI,,intermediate,unknown,unknown,not_curated,measured_public,SAMN45204731,biosamples_00000.xml:SAMN45204731:12
SAMN45204731,NCBI_SOURCE_UNKNOWN,,,Klebsiella pneumoniae,Nigeria,not applicable,Homo sapiens,not applicable,ciprofloxacin,0.25,<=,mg/L,MIC,Vitek,CLSI,,susceptible,unknown,unknown,not_curated,measured_public,SAMN45204731,biosamples_00000.xml:SAMN45204731:13
SAMN45204731,NCBI_SOURCE_UNKNOWN,,,Klebsiella pneumoniae,Nigeria,not applicable,Homo sapiens,not applicable,levofloxacin,0.12,<=,mg/L,MIC,Vitek,CLSI,,susceptible,unknown,unknown,not_curated,measured_public,SAMN45204731,biosamples_00000.xml:SAMN45204731:14
SAMN45204731,NCBI_SOURCE_UNKNOWN,,,Klebsiella pneumoniae,Nigeria,not applicable,Homo sapiens,not applicable,nitrofurantoin,64,==,mg/L,MIC,Vitek,CLSI,,intermediate,unknown,unknown,not_curated,measured_public,SAMN45204731,biosamples_00000.xml:SAMN45204731:15
SAMN45204731,NCBI_SOURCE_UNKNOWN,,,Klebsiella pneumoniae,Nigeria,not applicable,Homo sapiens,not applicable,trimethoprim-sulfamethoxazole,16/304,>=,mg/L,MIC,Vitek,CLSI,,resistant,unknown,unknown,not_curated,measured_public,SAMN45204731,biosamples_00000.xml:SAMN45204731:16
SAMN45204730,NCBI_SOURCE_UNKNOWN,,,Klebsiella pneumoniae,Nigeria,not applicable,Homo sapiens,not applicable,ampicillin,4,==,mg/L,MIC,Vitek,CLSI,,susceptible,unknown,unknown,not_curated,measured_public,SAMN45204730,biosamples_00000.xml:SAMN45204730:1
SAMN45204730,NCBI_SOURCE_UNKNOWN,,,Klebsiella pneumoniae,Nigeria,not applicable,Homo sapiens,not applicable,piperacillin,8,==,mg/L,MIC,Vitek,CLSI,,susceptible,unknown,unknown,not_curated,measured_public,SAMN45204730,biosamples_00000.xml:SAMN45204730:2
SAMN45204730,NCBI_SOURCE_UNKNOWN,,,Klebsiella pneumoniae,Nigeria,not applicable,Homo sapiens,not applicable,cefazolin,4,<=,mg/L,MIC,Vitek,CLSI,,intermediate,unknown,unknown,not_curated,measured_public,SAMN45204730,biosamples_00000.xml:SAMN45204730:3
SAMN45204730,NCBI_SOURCE_UNKNOWN,,,Klebsiella pneumoniae,Nigeria,not applicable,Homo sapiens,not applicable,cefoxitin,4,<=,mg/L,MIC,Vitek,CLSI,,susceptible,unknown,unknown,not_curated,measured_public,SAMN45204730,biosamples_00000.xml:SAMN45204730:4
SAMN45204730,NCBI_SOURCE_UNKNOWN,,,Klebsiella pneumoniae,Nigeria,not applicable,Homo sapiens,not applicable,ceftazidime,1,<=,mg/L,MIC,Vitek,CLSI,,susceptible,unknown,unknown,not_curated,measured_public,SAMN45204730,biosamples_00000.xml:SAMN45204730:5
SAMN45204730,NCBI_SOURCE_UNKNOWN,,,Klebsiella pneumoniae,Nigeria,not applicable,Homo sapiens,not applicable,ceftriaxone,1,<=,mg/L,MIC,Vitek,CLSI,,susceptible,unknown,unknown,not_curated,measured_public,SAMN45204730,biosamples_00000.xml:SAMN45204730:6
SAMN45204730,NCBI_SOURCE_UNKNOWN,,,Klebsiella pneumoniae,Nigeria,not applicable,Homo sapiens,not applicable,cefepime,1,<=,mg/L,MIC,Vitek,CLSI,,susceptible,unknown,unknown,not_curated,measured_public,SAMN45204730,biosamples_00000.xml:SAMN45204730:7
SAMN45204730,NCBI_SOURCE_UNKNOWN,,,Klebsiella pneumoniae,Nigeria,not applicable,Homo sapiens,not applicable,ertapenem,0.5,<=,mg/L,MIC,Vitek,CLSI,,susceptible,unknown,unknown,not_curated,measured_public,SAMN45204730,biosamples_00000.xml:SAMN45204730:8
SAMN45204730,NCBI_SOURCE_UNKNOWN,,,Klebsiella pneumoniae,Nigeria,not applicable,Homo sapiens,not applicable,meropenem,0.25,<=,mg/L,MIC,Vitek,CLSI,,susceptible,unknown,unknown,not_curated,measured_public,SAMN45204730,biosamples_00000.xml:SAMN45204730:9
SAMN45204730,NCBI_SOURCE_UNKNOWN,,,Klebsiella pneumoniae,Nigeria,not applicable,Homo sapiens,not applicable,amikacin,2,<=,mg/L,MIC,Vitek,CLSI,,susceptible,unknown,unknown,not_curated,measured_public,SAMN45204730,biosamples_00000.xml:SAMN45204730:10
SAMN45204730,NCBI_SOURCE_UNKNOWN,,,Klebsiella pneumoniae,Nigeria,not applicable,Homo sapiens,not applicable,gentamicin,1,<=,mg/L,MIC,Vitek,CLSI,,susceptible,unknown,unknown,not_curated,measured_public,SAMN45204730,biosamples_00000.xml:SAMN45204730:11
SAMN45204730,NCBI_SOURCE_UNKNOWN,,,Klebsiella pneumoniae,Nigeria,not applicable,Homo sapiens,not applicable,tobramycin,1,<=,mg/L,MIC,Vitek,CLSI,,susceptible,unknown,unknown,not_curated,measured_public,SAMN45204730,biosamples_00000.xml:SAMN45204730:12
SAMN45204730,NCBI_SOURCE_UNKNOWN,,,Klebsiella pneumoniae,Nigeria,not applicable,Homo sapiens,not applicable,ciprofloxacin,0.25,<=,mg/L,MIC,Vitek,CLSI,,susceptible,unknown,unknown,not_curated,measured_public,SAMN45204730,biosamples_00000.xml:SAMN45204730:13
SAMN45204730,NCBI_SOURCE_UNKNOWN,,,Klebsiella pneumoniae,Nigeria,not applicable,Homo sapiens,not applicable,levofloxacin,0.12,<=,mg/L,MIC,Vitek,CLSI,,susceptible,unknown,unknown,not_curated,measured_public,SAMN45204730,biosamples_00000.xml:SAMN45204730:14
SAMN45204730,NCBI_SOURCE_UNKNOWN,,,Klebsiella pneumoniae,Nigeria,not applicable,Homo sapiens,not applicable,nitrofurantoin,32,==,mg/L,MIC,Vitek,CLSI,,susceptible,unknown,unknown,not_curated,measured_public,SAMN45204730,biosamples_00000.xml:SAMN45204730:15
SAMN45204730,NCBI_SOURCE_UNKNOWN,,,Klebsiella pneumoniae,Nigeria,not applicable,Homo sapiens,not applicable,trimethoprim-sulfamethoxazole,1/19,<=,mg/L,MIC,Vitek,CLSI,,susceptible,unknown,unknown,not_curated,measured_public,SAMN45204730,biosamples_00000.xml:SAMN45204730:16
SAMN45204728,NCBI_SOURCE_UNKNOWN,,,Klebsiella pneumoniae,Nigeria,not applicable,Homo sapiens,not applicable,ampicillin,4,==,mg/L,MIC,Vitek,CLSI,,susceptible,unknown,unknown,not_curated,measured_public,SAMN45204728,biosamples_00000.xml:SAMN45204728:1
SAMN45204728,NCBI_SOURCE_UNKNOWN,,,Klebsiella pneumoniae,Nigeria,not applicable,Homo sapiens,not applicable,piperacillin,4,<=,mg/L,MIC,Vitek,CLSI,,susceptible,unknown,unknown,not_curated,measured_public,SAMN45204728,biosamples_00000.xml:SAMN45204728:2
SAMN45204728,NCBI_SOURCE_UNKNOWN,,,Klebsiella pneumoniae,Nigeria,not applicable,Homo sapiens,not applicable,cefazolin,4,<=,mg/L,MIC,Vitek,CLSI,,intermediate,unknown,unknown,not_curated,measured_public,SAMN45204728,biosamples_00000.xml:SAMN45204728:3
SAMN45204728,NCBI_SOURCE_UNKNOWN,,,Klebsiella pneumoniae,Nigeria,not applicable,Homo sapiens,not applicable,cefoxitin,4,<=,mg/L,MIC,Vitek,CLSI,,susceptible,unknown,unknown,not_curated,measured_public,SAMN45204728,biosamples_00000.xml:SAMN45204728:4
SAMN45204728,NCBI_SOURCE_UNKNOWN,,,Klebsiella pneumoniae,Nigeria,not applicable,Homo sapiens,not applicable,ceftazidime,1,<=,mg/L,MIC,Vitek,CLSI,,susceptible,unknown,unknown,not_curated,measured_public,SAMN45204728,biosamples_00000.xml:SAMN45204728:5
SAMN45204728,NCBI_SOURCE_UNKNOWN,,,Klebsiella pneumoniae,Nigeria,not applicable,Homo sapiens,not applicable,ceftriaxone,1,<=,mg/L,MIC,Vitek,CLSI,,susceptible,unknown,unknown,not_curated,measured_public,SAMN45204728,biosamples_00000.xml:SAMN45204728:6
SAMN45204728,NCBI_SOURCE_UNKNOWN,,,Klebsiella pneumoniae,Nigeria,not applicable,Homo sapiens,not applicable,cefepime,1,<=,mg/L,MIC,Vitek,CLSI,,susceptible,unknown,unknown,not_curated,measured_public,SAMN45204728,biosamples_00000.xml:SAMN45204728:7
SAMN45204728,NCBI_SOURCE_UNKNOWN,,,Klebsiella pneumoniae,Nigeria,not applicable,Homo sapiens,not applicable,ertapenem,0.5,<=,mg/L,MIC,Vitek,CLSI,,susceptible,unknown,unknown,not_curated,measured_public,SAMN45204728,biosamples_00000.xml:SAMN45204728:8
SAMN45204728,NCBI_SOURCE_UNKNOWN,,,Klebsiella pneumoniae,Nigeria,not applicable,Homo sapiens,not applicable,meropenem,0.25,<=,mg/L,MIC,Vitek,CLSI,,susceptible,unknown,unknown,not_curated,measured_public,SAMN45204728,biosamples_00000.xml:SAMN45204728:9
SAMN45204728,NCBI_SOURCE_UNKNOWN,,,Klebsiella pneumoniae,Nigeria,not applicable,Homo sapiens,not applicable,amikacin,2,<=,mg/L,MIC,Vitek,CLSI,,susceptible,unknown,unknown,not_curated,measured_public,SAMN45204728,biosamples_00000.xml:SAMN45204728:10
SAMN45204728,NCBI_SOURCE_UNKNOWN,,,Klebsiella pneumoniae,Nigeria,not applicable,Homo sapiens,not applicable,gentamicin,1,<=,mg/L,MIC,Vitek,CLSI,,susceptible,unknown,unknown,not_curated,measured_public,SAMN45204728,biosamples_00000.xml:SAMN45204728:11
SAMN45204728,NCBI_SOURCE_UNKNOWN,,,Klebsiella pneumoniae,Nigeria,not applicable,Homo sapiens,not applicable,tobramycin,1,<=,mg/L,MIC,Vitek,CLSI,,susceptible,unknown,unknown,not_curated,measured_public,SAMN45204728,biosamples_00000.xml:SAMN45204728:12
SAMN45204728,NCBI_SOURCE_UNKNOWN,,,Klebsiella pneumoniae,Nigeria,not applicable,Homo sapiens,not applicable,ciprofloxacin,0.25,<=,mg/L,MIC,Vitek,CLSI,,susceptible,unknown,unknown,not_curated,measured_public,SAMN45204728,biosamples_00000.xml:SAMN45204728:13
SAMN45204728,NCBI_SOURCE_UNKNOWN,,,Klebsiella pneumoniae,Nigeria,not applicable,Homo sapiens,not applicable,levofloxacin,0.12,<=,mg/L,MIC,Vitek,CLSI,,susceptible,unknown,unknown,not_curated,measured_public,SAMN45204728,biosamples_00000.xml:SAMN45204728:14
SAMN45204728,NCBI_SOURCE_UNKNOWN,,,Klebsiella pneumoniae,Nigeria,not applicable,Homo sapiens,not applicable,nitrofurantoin,64,==,mg/L,MIC,Vitek,CLSI,,intermediate,unknown,unknown,not_curated,measured_public,SAMN45204728,biosamples_00000.xml:SAMN45204728:15
SAMN45204728,NCBI_SOURCE_UNKNOWN,,,Klebsiella pneumoniae,Nigeria,not applicable,Homo sapiens,not applicable,trimethoprim-sulfamethoxazole,1/19,<=,mg/L,MIC,Vitek,CLSI,,susceptible,unknown,unknown,not_curated,measured_public,SAMN45204728,biosamples_00000.xml:SAMN45204728:16
SAMN45204726,NCBI_SOURCE_UNKNOWN,,,Klebsiella pneumoniae,Nigeria,not applicable,Homo sapiens,not applicable,ampicillin,32,>=,mg/L,MIC,Vitek,CLSI,,resistant,unknown,unknown,not_curated,measured_public,SAMN45204726,biosamples_00000.xml:SAMN45204726:1
SAMN45204726,NCBI_SOURCE_UNKNOWN,,,Klebsiella pneumoniae,Nigeria,not applicable,Homo sapiens,not applicable,piperacillin,128,>=,mg/L,MIC,Vitek,CLSI,,resistant,unknown,unknown,not_curated,measured_public,SAMN45204726,biosamples_00000.xml:SAMN45204726:2
SAMN45204726,NCBI_SOURCE_UNKNOWN,,,Klebsiella pneumoniae,Nigeria,not applicable,Homo sapiens,not applicable,cefazolin,64,>=,mg/L,MIC,Vitek,CLSI,,resistant,unknown,unknown,not_curated,measured_public,SAMN45204726,biosamples_00000.xml:SAMN45204726:3
SAMN45204726,NCBI_SOURCE_UNKNOWN,,,Klebsiella pneumoniae,Nigeria,not applicable,Homo sapiens,not applicable,cefoxitin,4,<=,mg/L,MIC,Vitek,CLSI,,susceptible,unknown,unknown,not_curated,measured_public,SAMN45204726,biosamples_00000.xml:SAMN45204726:4
SAMN45204726,NCBI_SOURCE_UNKNOWN,,,Klebsiella pneumoniae,Nigeria,not applicable,Homo sapiens,not applicable,ceftazidime,16,==,mg/L,MIC,Vitek,CLSI,,resistant,unknown,unknown,not_curated,measured_public,SAMN45204726,biosamples_00000.xml:SAMN45204726:5
SAMN45204726,NCBI_SOURCE_UNKNOWN,,,Klebsiella pneumoniae,Nigeria,not applicable,Homo sapiens,not applicable,ceftriaxone,64,>=,mg/L,MIC,Vitek,CLSI,,resistant,unknown,unknown,not_curated,measured_public,SAMN45204726,biosamples_00000.xml:SAMN45204726:6
SAMN45204726,NCBI_SOURCE_UNKNOWN,,,Klebsiella pneumoniae,Nigeria,not applicable,Homo sapiens,not applicable,cefepime,2,==,mg/L,MIC,Vitek,CLSI,,resistant,unknown,unknown,not_curated,measured_public,SAMN45204726,biosamples_00000.xml:SAMN45204726:7
SAMN45204726,NCBI_SOURCE_UNKNOWN,,,Klebsiella pneumoniae,Nigeria,not applicable,Homo sapiens,not applicable,ertapenem,0.5,<=,mg/L,MIC,Vitek,CLSI,,susceptible,unknown,unknown,not_curated,measured_public,SAMN45204726,biosamples_00000.xml:SAMN45204726:8
SAMN45204726,NCBI_SOURCE_UNKNOWN,,,Klebsiella pneumoniae,Nigeria,not applicable,Homo sapiens,not applicable,meropenem,0.25,<=,mg/L,MIC,Vitek,CLSI,,susceptible,unknown,unknown,not_curated,measured_public,SAMN45204726,biosamples_00000.xml:SAMN45204726:9
SAMN45204726,NCBI_SOURCE_UNKNOWN,,,Klebsiella pneumoniae,Nigeria,not applicable,Homo sapiens,not applicable,amikacin,2,<=,mg/L,MIC,Vitek,CLSI,,susceptible,unknown,unknown,not_curated,measured_public,SAMN45204726,biosamples_00000.xml:SAMN45204726:10
SAMN45204726,NCBI_SOURCE_UNKNOWN,,,Klebsiella pneumoniae,Nigeria,not applicable,Homo sapiens,not applicable,gentamicin,16,>=,mg/L,MIC,Vitek,CLSI,,resistant,unknown,unknown,not_curated,measured_public,SAMN45204726,biosamples_00000.xml:SAMN45204726:11
SAMN45204726,NCBI_SOURCE_UNKNOWN,,,Klebsiella pneumoniae,Nigeria,not applicable,Homo sapiens,not applicable,tobramycin,8,==,mg/L,MIC,Vitek,CLSI,,intermediate,unknown,unknown,not_curated,measured_public,SAMN45204726,biosamples_00000.xml:SAMN45204726:12
SAMN45204726,NCBI_SOURCE_UNKNOWN,,,Klebsiella pneumoniae,Nigeria,not applicable,Homo sapiens,not applicable,ciprofloxacin,0.25,<=,mg/L,MIC,Vitek,CLSI,,susceptible,unknown,unknown,not_curated,measured_public,SAMN45204726,biosamples_00000.xml:SAMN45204726:13
SAMN45204726,NCBI_SOURCE_UNKNOWN,,,Klebsiella pneumoniae,Nigeria,not applicable,Homo sapiens,not applicable,levofloxacin,0.12,<=,mg/L,MIC,Vitek,CLSI,,susceptible,unknown,unknown,not_curated,measured_public,SAMN45204726,biosamples_00000.xml:SAMN45204726:14
SAMN45204726,NCBI_SOURCE_UNKNOWN,,,Klebsiella pneumoniae,Nigeria,not applicable,Homo sapiens,not applicable,nitrofurantoin,64,==,mg/L,MIC,Vitek,CLSI,,intermediate,unknown,unknown,not_curated,measured_public,SAMN45204726,biosamples_00000.xml:SAMN45204726:15
SAMN45204726,NCBI_SOURCE_UNKNOWN,,,Klebsiella pneumoniae,Nigeria,not applicable,Homo sapiens,not applicable,trimethoprim-sulfamethoxazole,16/304,>=,mg/L,MIC,Vitek,CLSI,,resistant,unknown,unknown,not_curated,measured_public,SAMN45204726,biosamples_00000.xml:SAMN45204726:16
SAMN45204724,NCBI_SOURCE_UNKNOWN,,,Klebsiella pneumoniae,Nigeria,not applicable,Homo sapiens,not applicable,ampicillin,32,>=,mg/L,MIC,Vitek,CLSI,,resistant,unknown,unknown,not_curated,measured_public,SAMN45204724,biosamples_00000.xml:SAMN45204724:1
SAMN45204724,NCBI_SOURCE_UNKNOWN,,,Klebsiella pneumoniae,Nigeria,not applicable,Homo sapiens,not applicable,piperacillin,128,>=,mg/L,MIC,Vitek,CLSI,,resistant,unknown,unknown,not_curated,measured_public,SAMN45204724,biosamples_00000.xml:SAMN45204724:2
SAMN45204724,NCBI_SOURCE_UNKNOWN,,,Klebsiella pneumoniae,Nigeria,not applicable,Homo sapiens,not applicable,cefazolin,64,>=,mg/L,MIC,Vitek,CLSI,,resistant,unknown,unknown,not_curated,measured_public,SAMN45204724,biosamples_00000.xml:SAMN45204724:3
SAMN45204724,NCBI_SOURCE_UNKNOWN,,,Klebsiella pneumoniae,Nigeria,not applicable,Homo sapiens,not applicable,cefoxitin,4,<=,mg/L,MIC,Vitek,CLSI,,susceptible,unknown,unknown,not_curated,measured_public,SAMN45204724,biosamples_00000.xml:SAMN45204724:4
SAMN45204724,NCBI_SOURCE_UNKNOWN,,,Klebsiella pneumoniae,Nigeria,not applicable,Homo sapiens,not applicable,ceftazidime,16,==,mg/L,MIC,Vitek,CLSI,,resistant,unknown,unknown,not_curated,measured_public,SAMN45204724,biosamples_00000.xml:SAMN45204724:5
SAMN45204724,NCBI_SOURCE_UNKNOWN,,,Klebsiella pneumoniae,Nigeria,not applicable,Homo sapiens,not applicable,ceftriaxone,64,>=,mg/L,MIC,Vitek,CLSI,,resistant,unknown,unknown,not_curated,measured_public,SAMN45204724,biosamples_00000.xml:SAMN45204724:6
SAMN45204724,NCBI_SOURCE_UNKNOWN,,,Klebsiella pneumoniae,Nigeria,not applicable,Homo sapiens,not applicable,cefepime,2,==,mg/L,MIC,Vitek,CLSI,,resistant,unknown,unknown,not_curated,measured_public,SAMN45204724,biosamples_00000.xml:SAMN45204724:7
SAMN45204724,NCBI_SOURCE_UNKNOWN,,,Klebsiella pneumoniae,Nigeria,not applicable,Homo sapiens,not applicable,ertapenem,0.5,<=,mg/L,MIC,Vitek,CLSI,,susceptible,unknown,unknown,not_curated,measured_public,SAMN45204724,biosamples_00000.xml:SAMN45204724:8
SAMN45204724,NCBI_SOURCE_UNKNOWN,,,Klebsiella pneumoniae,Nigeria,not applicable,Homo sapiens,not applicable,meropenem,0.25,<=,mg/L,MIC,Vitek,CLSI,,susceptible,unknown,unknown,not_curated,measured_public,SAMN45204724,biosamples_00000.xml:SAMN45204724:9
SAMN45204724,NCBI_SOURCE_UNKNOWN,,,Klebsiella pneumoniae,Nigeria,not applicable,Homo sapiens,not applicable,amikacin,2,<=,mg/L,MIC,Vitek,CLSI,,susceptible,unknown,unknown,not_curated,measured_public,SAMN45204724,biosamples_00000.xml:SAMN45204724:10
SAMN45204724,NCBI_SOURCE_UNKNOWN,,,Klebsiella pneumoniae,Nigeria,not applicable,Homo sapiens,not applicable,gentamicin,16,>=,mg/L,MIC,Vitek,CLSI,,resistant,unknown,unknown,not_curated,measured_public,SAMN45204724,biosamples_00000.xml:SAMN45204724:11
SAMN45204724,NCBI_SOURCE_UNKNOWN,,,Klebsiella pneumoniae,Nigeria,not applicable,Homo sapiens,not applicable,tobramycin,16,>=,mg/L,MIC,Vitek,CLSI,,resistant,unknown,unknown,not_curated,measured_public,SAMN45204724,biosamples_00000.xml:SAMN45204724:12
SAMN45204724,NCBI_SOURCE_UNKNOWN,,,Klebsiella pneumoniae,Nigeria,not applicable,Homo sapiens,not applicable,ciprofloxacin,2,==,mg/L,MIC,Vitek,CLSI,,resistant,unknown,unknown,not_curated,measured_public,SAMN45204724,biosamples_00000.xml:SAMN45204724:13
SAMN45204724,NCBI_SOURCE_UNKNOWN,,,Klebsiella pneumoniae,Nigeria,not applicable,Homo sapiens,not applicable,levofloxacin,1,==,mg/L,MIC,Vitek,CLSI,,intermediate,unknown,unknown,not_curated,measured_public,SAMN45204724,biosamples_00000.xml:SAMN45204724:14
SAMN45204724,NCBI_SOURCE_UNKNOWN,,,Klebsiella pneumoniae,Nigeria,not applicable,Homo sapiens,not applicable,nitrofurantoin,64,==,mg/L,MIC,Vitek,CLSI,,intermediate,unknown,unknown,not_curated,measured_public,SAMN45204724,biosamples_00000.xml:SAMN45204724:15
SAMN45204724,NCBI_SOURCE_UNKNOWN,,,Klebsiella pneumoniae,Nigeria,not applicable,Homo sapiens,not applicable,trimethoprim-sulfamethoxazole,16/304,>=,mg/L,MIC,Vitek,CLSI,,resistant,unknown,unknown,not_curated,measured_public,SAMN45204724,biosamples_00000.xml:SAMN45204724:16
SAMN45204723,NCBI_SOURCE_UNKNOWN,,,Klebsiella pneumoniae,Nigeria,not applicable,Homo sapiens,not applicable,ampicillin,32,>=,mg/L,MIC,Vitek,CLSI,,resistant,unknown,unknown,not_curated,measured_public,SAMN45204723,biosamples_00000.xml:SAMN45204723:1
SAMN45204723,NCBI_SOURCE_UNKNOWN,,,Klebsiella pneumoniae,Nigeria,not applicable,Homo sapiens,not applicable,piperacillin,128,>=,mg/L,MIC,Vitek,CLSI,,resistant,unknown,unknown,not_curated,measured_public,SAMN45204723,biosamples_00000.xml:SAMN45204723:2
SAMN45204723,NCBI_SOURCE_UNKNOWN,,,Klebsiella pneumoniae,Nigeria,not applicable,Homo sapiens,not applicable,cefazolin,64,>=,mg/L,MIC,Vitek,CLSI,,resistant,unknown,unknown,not_curated,measured_public,SAMN45204723,biosamples_00000.xml:SAMN45204723:3
SAMN45204723,NCBI_SOURCE_UNKNOWN,,,Klebsiella pneumoniae,Nigeria,not applicable,Homo sapiens,not applicable,cefoxitin,4,<=,mg/L,MIC,Vitek,CLSI,,susceptible,unknown,unknown,not_curated,measured_public,SAMN45204723,biosamples_00000.xml:SAMN45204723:4
SAMN45204723,NCBI_SOURCE_UNKNOWN,,,Klebsiella pneumoniae,Nigeria,not applicable,Homo sapiens,not applicable,ceftazidime,16,==,mg/L,MIC,Vitek,CLSI,,resistant,unknown,unknown,not_curated,measured_public,SAMN45204723,biosamples_00000.xml:SAMN45204723:5
SAMN45204723,NCBI_SOURCE_UNKNOWN,,,Klebsiella pneumoniae,Nigeria,not applicable,Homo sapiens,not applicable,ceftriaxone,64,>=,mg/L,MIC,Vitek,CLSI,,resistant,unknown,unknown,not_curated,measured_public,SAMN45204723,biosamples_00000.xml:SAMN45204723:6
SAMN45204723,NCBI_SOURCE_UNKNOWN,,,Klebsiella pneumoniae,Nigeria,not applicable,Homo sapiens,not applicable,cefepime,2,==,mg/L,MIC,Vitek,CLSI,,resistant,unknown,unknown,not_curated,measured_public,SAMN45204723,biosamples_00000.xml:SAMN45204723:7
SAMN45204723,NCBI_SOURCE_UNKNOWN,,,Klebsiella pneumoniae,Nigeria,not applicable,Homo sapiens,not applicable,ertapenem,0.5,<=,mg/L,MIC,Vitek,CLSI,,susceptible,unknown,unknown,not_curated,measured_public,SAMN45204723,biosamples_00000.xml:SAMN45204723:8
SAMN45204723,NCBI_SOURCE_UNKNOWN,,,Klebsiella pneumoniae,Nigeria,not applicable,Homo sapiens,not applicable,meropenem,0.25,<=,mg/L,MIC,Vitek,CLSI,,susceptible,unknown,unknown,not_curated,measured_public,SAMN45204723,biosamples_00000.xml:SAMN45204723:9
SAMN45204723,NCBI_SOURCE_UNKNOWN,,,Klebsiella pneumoniae,Nigeria,not applicable,Homo sapiens,not applicable,amikacin,2,<=,mg/L,MIC,Vitek,CLSI,,susceptible,unknown,unknown,not_curated,measured_public,SAMN45204723,biosamples_00000.xml:SAMN45204723:10
SAMN45204723,NCBI_SOURCE_UNKNOWN,,,Klebsiella pneumoniae,Nigeria,not applicable,Homo sapiens,not applicable,gentamicin,16,>=,mg/L,MIC,Vitek,CLSI,,resistant,unknown,unknown,not_curated,measured_public,SAMN45204723,biosamples_00000.xml:SAMN45204723:11
SAMN45204723,NCBI_SOURCE_UNKNOWN,,,Klebsiella pneumoniae,Nigeria,not applicable,Homo sapiens,not applicable,tobramycin,16,>=,mg/L,MIC,Vitek,CLSI,,resistant,unknown,unknown,not_curated,measured_public,SAMN45204723,biosamples_00000.xml:SAMN45204723:12
SAMN45204723,NCBI_SOURCE_UNKNOWN,,,Klebsiella pneumoniae,Nigeria,not applicable,Homo sapiens,not applicable,ciprofloxacin,2,==,mg/L,MIC,Vitek,CLSI,,resistant,unknown,unknown,not_curated,measured_public,SAMN45204723,biosamples_00000.xml:SAMN45204723:13
SAMN45204723,NCBI_SOURCE_UNKNOWN,,,Klebsiella pneumoniae,Nigeria,not applicable,Homo sapiens,not applicable,levofloxacin,1,==,mg/L,MIC,Vitek,CLSI,,intermediate,unknown,unknown,not_curated,measured_public,SAMN45204723,biosamples_00000.xml:SAMN45204723:14
SAMN45204723,NCBI_SOURCE_UNKNOWN,,,Klebsiella pneumoniae,Nigeria,not applicable,Homo sapiens,not applicable,nitrofurantoin,64,==,mg/L,MIC,Vitek,CLSI,,intermediate,unknown,unknown,not_curated,measured_public,SAMN45204723,biosamples_00000.xml:SAMN45204723:15
SAMN45204723,NCBI_SOURCE_UNKNOWN,,,Klebsiella pneumoniae,Nigeria,not applicable,Homo sapiens,not applicable,trimethoprim-sulfamethoxazole,16/304,>=,mg/L,MIC,Vitek,CLSI,,resistant,unknown,unknown,not_curated,measured_public,SAMN45204723,biosamples_00000.xml:SAMN45204723:16
SAMN45204722,NCBI_SOURCE_UNKNOWN,,,Klebsiella pneumoniae,Nigeria,not applicable,Homo sapiens,not applicable,ampicillin,32,>=,mg/L,MIC,Vitek,CLSI,,resistant,unknown,unknown,not_curated,measured_public,SAMN45204722,biosamples_00000.xml:SAMN45204722:1
SAMN45204722,NCBI_SOURCE_UNKNOWN,,,Klebsiella pneumoniae,Nigeria,not applicable,Homo sapiens,not applicable,piperacillin,128,>=,mg/L,MIC,Vitek,CLSI,,resistant,unknown,unknown,not_curated,measured_public,SAMN45204722,biosamples_00000.xml:SAMN45204722:2
SAMN45204722,NCBI_SOURCE_UNKNOWN,,,Klebsiella pneumoniae,Nigeria,not applicable,Homo sapiens,not applicable,cefazolin,64,>=,mg/L,MIC,Vitek,CLSI,,resistant,unknown,unknown,not_curated,measured_public,SAMN45204722,biosamples_00000.xml:SAMN45204722:3
SAMN45204722,NCBI_SOURCE_UNKNOWN,,,Klebsiella pneumoniae,Nigeria,not applicable,Homo sapiens,not applicable,cefoxitin,4,<=,mg/L,MIC,Vitek,CLSI,,susceptible,unknown,unknown,not_curated,measured_public,SAMN45204722,biosamples_00000.xml:SAMN45204722:4
SAMN45204722,NCBI_SOURCE_UNKNOWN,,,Klebsiella pneumoniae,Nigeria,not applicable,Homo sapiens,not applicable,ceftazidime,16,==,mg/L,MIC,Vitek,CLSI,,resistant,unknown,unknown,not_curated,measured_public,SAMN45204722,biosamples_00000.xml:SAMN45204722:5
SAMN45204722,NCBI_SOURCE_UNKNOWN,,,Klebsiella pneumoniae,Nigeria,not applicable,Homo sapiens,not applicable,ceftriaxone,64,>=,mg/L,MIC,Vitek,CLSI,,resistant,unknown,unknown,not_curated,measured_public,SAMN45204722,biosamples_00000.xml:SAMN45204722:6
SAMN45204722,NCBI_SOURCE_UNKNOWN,,,Klebsiella pneumoniae,Nigeria,not applicable,Homo sapiens,not applicable,cefepime,2,==,mg/L,MIC,Vitek,CLSI,,resistant,unknown,unknown,not_curated,measured_public,SAMN45204722,biosamples_00000.xml:SAMN45204722:7
SAMN45204722,NCBI_SOURCE_UNKNOWN,,,Klebsiella pneumoniae,Nigeria,not applicable,Homo sapiens,not applicable,ertapenem,0.5,<=,mg/L,MIC,Vitek,CLSI,,susceptible,unknown,unknown,not_curated,measured_public,SAMN45204722,biosamples_00000.xml:SAMN45204722:8
SAMN45204722,NCBI_SOURCE_UNKNOWN,,,Klebsiella pneumoniae,Nigeria,not applicable,Homo sapiens,not applicable,meropenem,0.25,<=,mg/L,MIC,Vitek,CLSI,,susceptible,unknown,unknown,not_curated,measured_public,SAMN45204722,biosamples_00000.xml:SAMN45204722:9
SAMN45204722,NCBI_SOURCE_UNKNOWN,,,Klebsiella pneumoniae,Nigeria,not applicable,Homo sapiens,not applicable,amikacin,2,<=,mg/L,MIC,Vitek,CLSI,,susceptible,unknown,unknown,not_curated,measured_public,SAMN45204722,biosamples_00000.xml:SAMN45204722:10
SAMN45204722,NCBI_SOURCE_UNKNOWN,,,Klebsiella pneumoniae,Nigeria,not applicable,Homo sapiens,not applicable,gentamicin,16,>=,mg/L,MIC,Vitek,CLSI,,resistant,unknown,unknown,not_curated,measured_public,SAMN45204722,biosamples_00000.xml:SAMN45204722:11
SAMN45204722,NCBI_SOURCE_UNKNOWN,,,Klebsiella pneumoniae,Nigeria,not applicable,Homo sapiens,not applicable,tobramycin,8,==,mg/L,MIC,Vitek,CLSI,,intermediate,unknown,unknown,not_curated,measured_public,SAMN45204722,biosamples_00000.xml:SAMN45204722:12
SAMN45204722,NCBI_SOURCE_UNKNOWN,,,Klebsiella pneumoniae,Nigeria,not applicable,Homo sapiens,not applicable,ciprofloxacin,0.25,<=,mg/L,MIC,Vitek,CLSI,,susceptible,unknown,unknown,not_curated,measured_public,SAMN45204722,biosamples_00000.xml:SAMN45204722:13
SAMN45204722,NCBI_SOURCE_UNKNOWN,,,Klebsiella pneumoniae,Nigeria,not applicable,Homo sapiens,not applicable,levofloxacin,0.12,<=,mg/L,MIC,Vitek,CLSI,,susceptible,unknown,unknown,not_curated,measured_public,SAMN45204722,biosamples_00000.xml:SAMN45204722:14
SAMN45204722,NCBI_SOURCE_UNKNOWN,,,Klebsiella pneumoniae,Nigeria,not applicable,Homo sapiens,not applicable,nitrofurantoin,128,==,mg/L,MIC,Vitek,CLSI,,resistant,unknown,unknown,not_curated,measured_public,SAMN45204722,biosamples_00000.xml:SAMN45204722:15
SAMN45204722,NCBI_SOURCE_UNKNOWN,,,Klebsiella pneumoniae,Nigeria,not applicable,Homo sapiens,not applicable,trimethoprim-sulfamethoxazole,16/304,>=,mg/L,MIC,Vitek,CLSI,,resistant,unknown,unknown,not_curated,measured_public,SAMN45204722,biosamples_00000.xml:SAMN45204722:16
SAMN45204716,NCBI_SOURCE_UNKNOWN,,,Klebsiella pneumoniae subsp. pneumoniae,Nigeria,not applicable,Homo sapiens,not applicable,ampicillin,32,>=,mg/L,MIC,Vitek,CLSI,,resistant,unknown,unknown,not_curated,measured_public,SAMN45204716,biosamples_00000.xml:SAMN45204716:1
SAMN45204716,NCBI_SOURCE_UNKNOWN,,,Klebsiella pneumoniae subsp. pneumoniae,Nigeria,not applicable,Homo sapiens,not applicable,piperacillin,128,>=,mg/L,MIC,Vitek,CLSI,,resistant,unknown,unknown,not_curated,measured_public,SAMN45204716,biosamples_00000.xml:SAMN45204716:2
SAMN45204716,NCBI_SOURCE_UNKNOWN,,,Klebsiella pneumoniae subsp. pneumoniae,Nigeria,not applicable,Homo sapiens,not applicable,cefazolin,64,>=,mg/L,MIC,Vitek,CLSI,,resistant,unknown,unknown,not_curated,measured_public,SAMN45204716,biosamples_00000.xml:SAMN45204716:3
SAMN45204716,NCBI_SOURCE_UNKNOWN,,,Klebsiella pneumoniae subsp. pneumoniae,Nigeria,not applicable,Homo sapiens,not applicable,cefoxitin,4,<=,mg/L,MIC,Vitek,CLSI,,susceptible,unknown,unknown,not_curated,measured_public,SAMN45204716,biosamples_00000.xml:SAMN45204716:4
SAMN45204716,NCBI_SOURCE_UNKNOWN,,,Klebsiella pneumoniae subsp. pneumoniae,Nigeria,not applicable,Homo sapiens,not applicable,ceftazidime,16,==,mg/L,MIC,Vitek,CLSI,,resistant,unknown,unknown,not_curated,measured_public,SAMN45204716,biosamples_00000.xml:SAMN45204716:5
SAMN45204716,NCBI_SOURCE_UNKNOWN,,,Klebsiella pneumoniae subsp. pneumoniae,Nigeria,not applicable,Homo sapiens,not applicable,ceftriaxone,64,>=,mg/L,MIC,Vitek,CLSI,,resistant,unknown,unknown,not_curated,measured_public,SAMN45204716,biosamples_00000.xml:SAMN45204716:6
SAMN45204716,NCBI_SOURCE_UNKNOWN,,,Klebsiella pneumoniae subsp. pneumoniae,Nigeria,not applicable,Homo sapiens,not applicable,cefepime,2,==,mg/L,MIC,Vitek,CLSI,,resistant,unknown,unknown,not_curated,measured_public,SAMN45204716,biosamples_00000.xml:SAMN45204716:7
SAMN45204716,NCBI_SOURCE_UNKNOWN,,,Klebsiella pneumoniae subsp. pneumoniae,Nigeria,not applicable,Homo sapiens,not applicable,ertapenem,0.5,<=,mg/L,MIC,Vitek,CLSI,,susceptible,unknown,unknown,not_curated,measured_public,SAMN45204716,biosamples_00000.xml:SAMN45204716:8
SAMN45204716,NCBI_SOURCE_UNKNOWN,,,Klebsiella pneumoniae subsp. pneumoniae,Nigeria,not applicable,Homo sapiens,not applicable,meropenem,0.25,<=,mg/L,MIC,Vitek,CLSI,,susceptible,unknown,unknown,not_curated,measured_public,SAMN45204716,biosamples_00000.xml:SAMN45204716:9
SAMN45204716,NCBI_SOURCE_UNKNOWN,,,Klebsiella pneumoniae subsp. pneumoniae,Nigeria,not applicable,Homo sapiens,not applicable,amikacin,2,<=,mg/L,MIC,Vitek,CLSI,,susceptible,unknown,unknown,not_curated,measured_public,SAMN45204716,biosamples_00000.xml:SAMN45204716:10
SAMN45204716,NCBI_SOURCE_UNKNOWN,,,Klebsiella pneumoniae subsp. pneumoniae,Nigeria,not applicable,Homo sapiens,not applicable,gentamicin,16,>=,mg/L,MIC,Vitek,CLSI,,resistant,unknown,unknown,not_curated,measured_public,SAMN45204716,biosamples_00000.xml:SAMN45204716:11
SAMN45204716,NCBI_SOURCE_UNKNOWN,,,Klebsiella pneumoniae subsp. pneumoniae,Nigeria,not applicable,Homo sapiens,not applicable,tobramycin,8,==,mg/L,MIC,Vitek,CLSI,,intermediate,unknown,unknown,not_curated,measured_public,SAMN45204716,biosamples_00000.xml:SAMN45204716:12
SAMN45204716,NCBI_SOURCE_UNKNOWN,,,Klebsiella pneumoniae subsp. pneumoniae,Nigeria,not applicable,Homo sapiens,not applicable,ciprofloxacin,0.25,<=,mg/L,MIC,Vitek,CLSI,,susceptible,unknown,unknown,not_curated,measured_public,SAMN45204716,biosamples_00000.xml:SAMN45204716:13
SAMN45204716,NCBI_SOURCE_UNKNOWN,,,Klebsiella pneumoniae subsp. pneumoniae,Nigeria,not applicable,Homo sapiens,not applicable,levofloxacin,0.12,<=,mg/L,MIC,Vitek,CLSI,,susceptible,unknown,unknown,not_curated,measured_public,SAMN45204716,biosamples_00000.xml:SAMN45204716:14
SAMN45204716,NCBI_SOURCE_UNKNOWN,,,Klebsiella pneumoniae subsp. pneumoniae,Nigeria,not applicable,Homo sapiens,not applicable,nitrofurantoin,64,==,mg/L,MIC,Vitek,CLSI,,intermediate,unknown,unknown,not_curated,measured_public,SAMN45204716,biosamples_00000.xml:SAMN45204716:15
SAMN45204716,NCBI_SOURCE_UNKNOWN,,,Klebsiella pneumoniae subsp. pneumoniae,Nigeria,not applicable,Homo sapiens,not applicable,trimethoprim-sulfamethoxazole,16/304,>=,mg/L,MIC,Vitek,CLSI,,resistant,unknown,unknown,not_curated,measured_public,SAMN45204716,biosamples_00000.xml:SAMN45204716:16
SAMN45204715,NCBI_SOURCE_UNKNOWN,,,Klebsiella pneumoniae subsp. pneumoniae,Nigeria,not applicable,Homo sapiens,not applicable,ampicillin,32,>=,mg/L,MIC,Vitek,CLSI,,resistant,unknown,unknown,not_curated,measured_public,SAMN45204715,biosamples_00000.xml:SAMN45204715:1
SAMN45204715,NCBI_SOURCE_UNKNOWN,,,Klebsiella pneumoniae subsp. pneumoniae,Nigeria,not applicable,Homo sapiens,not applicable,piperacillin,128,>=,mg/L,MIC,Vitek,CLSI,,resistant,unknown,unknown,not_curated,measured_public,SAMN45204715,biosamples_00000.xml:SAMN45204715:2
SAMN45204715,NCBI_SOURCE_UNKNOWN,,,Klebsiella pneumoniae subsp. pneumoniae,Nigeria,not applicable,Homo sapiens,not applicable,cefazolin,64,>=,mg/L,MIC,Vitek,CLSI,,resistant,unknown,unknown,not_curated,measured_public,SAMN45204715,biosamples_00000.xml:SAMN45204715:3
SAMN45204715,NCBI_SOURCE_UNKNOWN,,,Klebsiella pneumoniae subsp. pneumoniae,Nigeria,not applicable,Homo sapiens,not applicable,cefoxitin,4,<=,mg/L,MIC,Vitek,CLSI,,susceptible,unknown,unknown,not_curated,measured_public,SAMN45204715,biosamples_00000.xml:SAMN45204715:4
SAMN45204715,NCBI_SOURCE_UNKNOWN,,,Klebsiella pneumoniae subsp. pneumoniae,Nigeria,not applicable,Homo sapiens,not applicable,ceftazidime,16,==,mg/L,MIC,Vitek,CLSI,,resistant,unknown,unknown,not_curated,measured_public,SAMN45204715,biosamples_00000.xml:SAMN45204715:5
SAMN45204715,NCBI_SOURCE_UNKNOWN,,,Klebsiella pneumoniae subsp. pneumoniae,Nigeria,not applicable,Homo sapiens,not applicable,ceftriaxone,64,>=,mg/L,MIC,Vitek,CLSI,,resistant,unknown,unknown,not_curated,measured_public,SAMN45204715,biosamples_00000.xml:SAMN45204715:6
SAMN45204715,NCBI_SOURCE_UNKNOWN,,,Klebsiella pneumoniae subsp. pneumoniae,Nigeria,not applicable,Homo sapiens,not applicable,cefepime,2,==,mg/L,MIC,Vitek,CLSI,,resistant,unknown,unknown,not_curated,measured_public,SAMN45204715,biosamples_00000.xml:SAMN45204715:7
SAMN45204715,NCBI_SOURCE_UNKNOWN,,,Klebsiella pneumoniae subsp. pneumoniae,Nigeria,not applicable,Homo sapiens,not applicable,ertapenem,0.5,<=,mg/L,MIC,Vitek,CLSI,,susceptible,unknown,unknown,not_curated,measured_public,SAMN45204715,biosamples_00000.xml:SAMN45204715:8
SAMN45204715,NCBI_SOURCE_UNKNOWN,,,Klebsiella pneumoniae subsp. pneumoniae,Nigeria,not applicable,Homo sapiens,not applicable,meropenem,0.25,<=,mg/L,MIC,Vitek,CLSI,,susceptible,unknown,unknown,not_curated,measured_public,SAMN45204715,biosamples_00000.xml:SAMN45204715:9
SAMN45204715,NCBI_SOURCE_UNKNOWN,,,Klebsiella pneumoniae subsp. pneumoniae,Nigeria,not applicable,Homo sapiens,not applicable,amikacin,2,<=,mg/L,MIC,Vitek,CLSI,,susceptible,unknown,unknown,not_curated,measured_public,SAMN45204715,biosamples_00000.xml:SAMN45204715:10
SAMN45204715,NCBI_SOURCE_UNKNOWN,,,Klebsiella pneumoniae subsp. pneumoniae,Nigeria,not applicable,Homo sapiens,not applicable,gentamicin,16,>=,mg/L,MIC,Vitek,CLSI,,resistant,unknown,unknown,not_curated,measured_public,SAMN45204715,biosamples_00000.xml:SAMN45204715:11
SAMN45204715,NCBI_SOURCE_UNKNOWN,,,Klebsiella pneumoniae subsp. pneumoniae,Nigeria,not applicable,Homo sapiens,not applicable,tobramycin,8,==,mg/L,MIC,Vitek,CLSI,,intermediate,unknown,unknown,not_curated,measured_public,SAMN45204715,biosamples_00000.xml:SAMN45204715:12
SAMN45204715,NCBI_SOURCE_UNKNOWN,,,Klebsiella pneumoniae subsp. pneumoniae,Nigeria,not applicable,Homo sapiens,not applicable,ciprofloxacin,0.25,<=,mg/L,MIC,Vitek,CLSI,,susceptible,unknown,unknown,not_curated,measured_public,SAMN45204715,biosamples_00000.xml:SAMN45204715:13
SAMN45204715,NCBI_SOURCE_UNKNOWN,,,Klebsiella pneumoniae subsp. pneumoniae,Nigeria,not applicable,Homo sapiens,not applicable,levofloxacin,0.12,<=,mg/L,MIC,Vitek,CLSI,,susceptible,unknown,unknown,not_curated,measured_public,SAMN45204715,biosamples_00000.xml:SAMN45204715:14
SAMN45204715,NCBI_SOURCE_UNKNOWN,,,Klebsiella pneumoniae subsp. pneumoniae,Nigeria,not applicable,Homo sapiens,not applicable,nitrofurantoin,64,==,mg/L,MIC,Vitek,CLSI,,intermediate,unknown,unknown,not_curated,measured_public,SAMN45204715,biosamples_00000.xml:SAMN45204715:15
SAMN45204715,NCBI_SOURCE_UNKNOWN,,,Klebsiella pneumoniae subsp. pneumoniae,Nigeria,not applicable,Homo sapiens,not applicable,trimethoprim-sulfamethoxazole,16/304,>=,mg/L,MIC,Vitek,CLSI,,resistant,unknown,unknown,not_curated,measured_public,SAMN45204715,biosamples_00000.xml:SAMN45204715:16
SAMN45204714,NCBI_SOURCE_UNKNOWN,,,Klebsiella pneumoniae,Nigeria,not applicable,Homo sapiens,not applicable,ampicillin,32,>=,mg/L,MIC,Vitek,CLSI,,resistant,unknown,unknown,not_curated,measured_public,SAMN45204714,biosamples_00000.xml:SAMN45204714:1
SAMN45204714,NCBI_SOURCE_UNKNOWN,,,Klebsiella pneumoniae,Nigeria,not applicable,Homo sapiens,not applicable,piperacillin,128,>=,mg/L,MIC,Vitek,CLSI,,resistant,unknown,unknown,not_curated,measured_public,SAMN45204714,biosamples_00000.xml:SAMN45204714:2
SAMN45204714,NCBI_SOURCE_UNKNOWN,,,Klebsiella pneumoniae,Nigeria,not applicable,Homo sapiens,not applicable,cefazolin,64,>=,mg/L,MIC,Vitek,CLSI,,resistant,unknown,unknown,not_curated,measured_public,SAMN45204714,biosamples_00000.xml:SAMN45204714:3
SAMN45204714,NCBI_SOURCE_UNKNOWN,,,Klebsiella pneumoniae,Nigeria,not applicable,Homo sapiens,not applicable,cefoxitin,4,<=,mg/L,MIC,Vitek,CLSI,,susceptible,unknown,unknown,not_curated,measured_public,SAMN45204714,biosamples_00000.xml:SAMN45204714:4
SAMN45204714,NCBI_SOURCE_UNKNOWN,,,Klebsiella pneumoniae,Nigeria,not applicable,Homo sapiens,not applicable,ceftazidime,16,==,mg/L,MIC,Vitek,CLSI,,resistant,unknown,unknown,not_curated,measured_public,SAMN45204714,biosamples_00000.xml:SAMN45204714:5
SAMN45204714,NCBI_SOURCE_UNKNOWN,,,Klebsiella pneumoniae,Nigeria,not applicable,Homo sapiens,not applicable,ceftriaxone,64,>=,mg/L,MIC,Vitek,CLSI,,resistant,unknown,unknown,not_curated,measured_public,SAMN45204714,biosamples_00000.xml:SAMN45204714:6
SAMN45204714,NCBI_SOURCE_UNKNOWN,,,Klebsiella pneumoniae,Nigeria,not applicable,Homo sapiens,not applicable,cefepime,2,==,mg/L,MIC,Vitek,CLSI,,resistant,unknown,unknown,not_curated,measured_public,SAMN45204714,biosamples_00000.xml:SAMN45204714:7
SAMN45204714,NCBI_SOURCE_UNKNOWN,,,Klebsiella pneumoniae,Nigeria,not applicable,Homo sapiens,not applicable,ertapenem,0.5,<=,mg/L,MIC,Vitek,CLSI,,susceptible,unknown,unknown,not_curated,measured_public,SAMN45204714,biosamples_00000.xml:SAMN45204714:8
SAMN45204714,NCBI_SOURCE_UNKNOWN,,,Klebsiella pneumoniae,Nigeria,not applicable,Homo sapiens,not applicable,meropenem,0.25,<=,mg/L,MIC,Vitek,CLSI,,susceptible,unknown,unknown,not_curated,measured_public,SAMN45204714,biosamples_00000.xml:SAMN45204714:9
SAMN45204714,NCBI_SOURCE_UNKNOWN,,,Klebsiella pneumoniae,Nigeria,not applicable,Homo sapiens,not applicable,amikacin,2,<=,mg/L,MIC,Vitek,CLSI,,susceptible,unknown,unknown,not_curated,measured_public,SAMN45204714,biosamples_00000.xml:SAMN45204714:10
SAMN45204714,NCBI_SOURCE_UNKNOWN,,,Klebsiella pneumoniae,Nigeria,not applicable,Homo sapiens,not applicable,gentamicin,16,>=,mg/L,MIC,Vitek,CLSI,,resistant,unknown,unknown,not_curated,measured_public,SAMN45204714,biosamples_00000.xml:SAMN45204714:11
SAMN45204714,NCBI_SOURCE_UNKNOWN,,,Klebsiella pneumoniae,Nigeria,not applicable,Homo sapiens,not applicable,tobramycin,8,==,mg/L,MIC,Vitek,CLSI,,intermediate,unknown,unknown,not_curated,measured_public,SAMN45204714,biosamples_00000.xml:SAMN45204714:12
SAMN45204714,NCBI_SOURCE_UNKNOWN,,,Klebsiella pneumoniae,Nigeria,not applicable,Homo sapiens,not applicable,ciprofloxacin,0.25,<=,mg/L,MIC,Vitek,CLSI,,susceptible,unknown,unknown,not_curated,measured_public,SAMN45204714,biosamples_00000.xml:SAMN45204714:13
SAMN45204714,NCBI_SOURCE_UNKNOWN,,,Klebsiella pneumoniae,Nigeria,not applicable,Homo sapiens,not applicable,levofloxacin,0.12,<=,mg/L,MIC,Vitek,CLSI,,susceptible,unknown,unknown,not_curated,measured_public,SAMN45204714,biosamples_00000.xml:SAMN45204714:14
SAMN45204714,NCBI_SOURCE_UNKNOWN,,,Klebsiella pneumoniae,Nigeria,not applicable,Homo sapiens,not applicable,nitrofurantoin,128,==,mg/L,MIC,Vitek,CLSI,,resistant,unknown,unknown,not_curated,measured_public,SAMN45204714,biosamples_00000.xml:SAMN45204714:15
SAMN45204714,NCBI_SOURCE_UNKNOWN,,,Klebsiella pneumoniae,Nigeria,not applicable,Homo sapiens,not applicable,trimethoprim-sulfamethoxazole,16/304,>=,mg/L,MIC,Vitek,CLSI,,resistant,unknown,unknown,not_curated,measured_public,SAMN45204714,biosamples_00000.xml:SAMN45204714:16
SAMN45204713,NCBI_SOURCE_UNKNOWN,,,Klebsiella pneumoniae,Nigeria,not applicable,Homo sapiens,not applicable,ampicillin,32,>=,mg/L,MIC,Vitek,CLSI,,resistant,unknown,unknown,not_curated,measured_public,SAMN45204713,biosamples_00000.xml:SAMN45204713:1
SAMN45204713,NCBI_SOURCE_UNKNOWN,,,Klebsiella pneumoniae,Nigeria,not applicable,Homo sapiens,not applicable,piperacillin,128,>=,mg/L,MIC,Vitek,CLSI,,resistant,unknown,unknown,not_curated,measured_public,SAMN45204713,biosamples_00000.xml:SAMN45204713:2
SAMN45204713,NCBI_SOURCE_UNKNOWN,,,Klebsiella pneumoniae,Nigeria,not applicable,Homo sapiens,not applicable,cefazolin,4,<=,mg/L,MIC,Vitek,CLSI,,intermediate,unknown,unknown,not_curated,measured_public,SAMN45204713,biosamples_00000.xml:SAMN45204713:3
SAMN45204713,NCBI_SOURCE_UNKNOWN,,,Klebsiella pneumoniae,Nigeria,not applicable,Homo sapiens,not applicable,cefoxitin,4,<=,mg/L,MIC,Vitek,CLSI,,susceptible,unknown,unknown,not_curated,measured_public,SAMN45204713,biosamples_00000.xml:SAMN45204713:4
SAMN45204713,NCBI_SOURCE_UNKNOWN,,,Klebsiella pneumoniae,Nigeria,not applicable,Homo sapiens,not applicable,ceftazidime,1,<=,mg/L,MIC,Vitek,CLSI,,susceptible,unknown,unknown,not_curated,measured_public,SAMN45204713,biosamples_00000.xml:SAMN45204713:5
SAMN45204713,NCBI_SOURCE_UNKNOWN,,,Klebsiella pneumoniae,Nigeria,not applicable,Homo sapiens,not applicable,ceftriaxone,1,<=,mg/L,MIC,Vitek,CLSI,,susceptible,unknown,unknown,not_curated,measured_public,SAMN45204713,biosamples_00000.xml:SAMN45204713:6
SAMN45204713,NCBI_SOURCE_UNKNOWN,,,Klebsiella pneumoniae,Nigeria,not applicable,Homo sapiens,not applicable,cefepime,1,<=,mg/L,MIC,Vitek,CLSI,,susceptible,unknown,unknown,not_curated,measured_public,SAMN45204713,biosamples_00000.xml:SAMN45204713:7
SAMN45204713,NCBI_SOURCE_UNKNOWN,,,Klebsiella pneumoniae,Nigeria,not applicable,Homo sapiens,not applicable,ertapenem,0.5,<=,mg/L,MIC,Vitek,CLSI,,susceptible,unknown,unknown,not_curated,measured_public,SAMN45204713,biosamples_00000.xml:SAMN45204713:8
SAMN45204713,NCBI_SOURCE_UNKNOWN,,,Klebsiella pneumoniae,Nigeria,not applicable,Homo sapiens,not applicable,meropenem,0.25,<=,mg/L,MIC,Vitek,CLSI,,susceptible,unknown,unknown,not_curated,measured_public,SAMN45204713,biosamples_00000.xml:SAMN45204713:9
SAMN45204713,NCBI_SOURCE_UNKNOWN,,,Klebsiella pneumoniae,Nigeria,not applicable,Homo sapiens,not applicable,amikacin,2,<=,mg/L,MIC,Vitek,CLSI,,susceptible,unknown,unknown,not_curated,measured_public,SAMN45204713,biosamples_00000.xml:SAMN45204713:10
SAMN45204713,NCBI_SOURCE_UNKNOWN,,,Klebsiella pneumoniae,Nigeria,not applicable,Homo sapiens,not applicable,gentamicin,1,<=,mg/L,MIC,Vitek,CLSI,,susceptible,unknown,unknown,not_curated,measured_public,SAMN45204713,biosamples_00000.xml:SAMN45204713:11
SAMN45204713,NCBI_SOURCE_UNKNOWN,,,Klebsiella pneumoniae,Nigeria,not applicable,Homo sapiens,not applicable,tobramycin,1,<=,mg/L,MIC,Vitek,CLSI,,susceptible,unknown,unknown,not_curated,measured_public,SAMN45204713,biosamples_00000.xml:SAMN45204713:12
SAMN45204713,NCBI_SOURCE_UNKNOWN,,,Klebsiella pneumoniae,Nigeria,not applicable,Homo sapiens,not applicable,ciprofloxacin,0.25,<=,mg/L,MIC,Vitek,CLSI,,susceptible,unknown,unknown,not_curated,measured_public,SAMN45204713,biosamples_00000.xml:SAMN45204713:13
SAMN45204713,NCBI_SOURCE_UNKNOWN,,,Klebsiella pneumoniae,Nigeria,not applicable,Homo sapiens,not applicable,levofloxacin,0.12,<=,mg/L,MIC,Vitek,CLSI,,susceptible,unknown,unknown,not_curated,measured_public,SAMN45204713,biosamples_00000.xml:SAMN45204713:14
SAMN45204713,NCBI_SOURCE_UNKNOWN,,,Klebsiella pneumoniae,Nigeria,not applicable,Homo sapiens,not applicable,nitrofurantoin,32,==,mg/L,MIC,Vitek,CLSI,,susceptible,unknown,unknown,not_curated,measured_public,SAMN45204713,biosamples_00000.xml:SAMN45204713:15
SAMN45204713,NCBI_SOURCE_UNKNOWN,,,Klebsiella pneumoniae,Nigeria,not applicable,Homo sapiens,not applicable,trimethoprim-sulfamethoxazole,16/304,>=,mg/L,MIC,Vitek,CLSI,,resistant,unknown,unknown,not_curated,measured_public,SAMN45204713,biosamples_00000.xml:SAMN45204713:16
SAMN45204712,NCBI_SOURCE_UNKNOWN,,,Klebsiella pneumoniae,Nigeria,not applicable,Homo sapiens,not applicable,ampicillin,32,>=,mg/L,MIC,Vitek,CLSI,,resistant,unknown,unknown,not_curated,measured_public,SAMN45204712,biosamples_00000.xml:SAMN45204712:1
SAMN45204712,NCBI_SOURCE_UNKNOWN,,,Klebsiella pneumoniae,Nigeria,not applicable,Homo sapiens,not applicable,piperacillin,128,>=,mg/L,MIC,Vitek,CLSI,,resistant,unknown,unknown,not_curated,measured_public,SAMN45204712,biosamples_00000.xml:SAMN45204712:2
SAMN45204712,NCBI_SOURCE_UNKNOWN,,,Klebsiella pneumoniae,Nigeria,not applicable,Homo sapiens,not applicable,cefazolin,64,>=,mg/L,MIC,Vitek,CLSI,,resistant,unknown,unknown,not_curated,measured_public,SAMN45204712,biosamples_00000.xml:SAMN45204712:3
SAMN45204712,NCBI_SOURCE_UNKNOWN,,,Klebsiella pneumoniae,Nigeria,not applicable,Homo sapiens,not applicable,cefoxitin,4,<=,mg/L,MIC,Vitek,CLSI,,susceptible,unknown,unknown,not_curated,measured_public,SAMN45204712,biosamples_00000.xml:SAMN45204712:4
SAMN45204712,NCBI_SOURCE_UNKNOWN,,,Klebsiella pneumoniae,Nigeria,not applicable,Homo sapiens,not applicable,ceftazidime,8,==,mg/L,MIC,Vitek,CLSI,,resistant,unknown,unknown,not_curated,measured_public,SAMN45204712,biosamples_00000.xml:SAMN45204712:5
SAMN45204712,NCBI_SOURCE_UNKNOWN,,,Klebsiella pneumoniae,Nigeria,not applicable,Homo sapiens,not applicable,ceftriaxone,64,>=,mg/L,MIC,Vitek,CLSI,,resistant,unknown,unknown,not_curated,measured_public,SAMN45204712,biosamples_00000.xml:SAMN45204712:6
SAMN45204712,NCBI_SOURCE_UNKNOWN,,,Klebsiella pneumoniae,Nigeria,not applicable,Homo sapiens,not applicable,cefepime,2,==,mg/L,MIC,Vitek,CLSI,,resistant,unknown,unknown,not_curated,measured_public,SAMN45204712,biosamples_00000.xml:SAMN45204712:7
SAMN45204712,NCBI_SOURCE_UNKNOWN,,,Klebsiella pneumoniae,Nigeria,not applicable,Homo sapiens,not applicable,ertapenem,0.5,<=,mg/L,MIC,Vitek,CLSI,,susceptible,unknown,unknown,not_curated,measured_public,SAMN45204712,biosamples_00000.xml:SAMN45204712:8
SAMN45204712,NCBI_SOURCE_UNKNOWN,,,Klebsiella pneumoniae,Nigeria,not applicable,Homo sapiens,not applicable,meropenem,0.25,<=,mg/L,MIC,Vitek,CLSI,,susceptible,unknown,unknown,not_curated,measured_public,SAMN45204712,biosamples_00000.xml:SAMN45204712:9
SAMN45204712,NCBI_SOURCE_UNKNOWN,,,Klebsiella pneumoniae,Nigeria,not applicable,Homo sapiens,not applicable,amikacin,2,<=,mg/L,MIC,Vitek,CLSI,,susceptible,unknown,unknown,not_curated,measured_public,SAMN45204712,biosamples_00000.xml:SAMN45204712:10
SAMN45204712,NCBI_SOURCE_UNKNOWN,,,Klebsiella pneumoniae,Nigeria,not applicable,Homo sapiens,not applicable,gentamicin,16,>=,mg/L,MIC,Vitek,CLSI,,resistant,unknown,unknown,not_curated,measured_public,SAMN45204712,biosamples_00000.xml:SAMN45204712:11
SAMN45204712,NCBI_SOURCE_UNKNOWN,,,Klebsiella pneumoniae,Nigeria,not applicable,Homo sapiens,not applicable,tobramycin,8,==,mg/L,MIC,Vitek,CLSI,,intermediate,unknown,unknown,not_curated,measured_public,SAMN45204712,biosamples_00000.xml:SAMN45204712:12
SAMN45204712,NCBI_SOURCE_UNKNOWN,,,Klebsiella pneumoniae,Nigeria,not applicable,Homo sapiens,not applicable,ciprofloxacin,0.25,<=,mg/L,MIC,Vitek,CLSI,,susceptible,unknown,unknown,not_curated,measured_public,SAMN45204712,biosamples_00000.xml:SAMN45204712:13
SAMN45204712,NCBI_SOURCE_UNKNOWN,,,Klebsiella pneumoniae,Nigeria,not applicable,Homo sapiens,not applicable,levofloxacin,0.12,<=,mg/L,MIC,Vitek,CLSI,,susceptible,unknown,unknown,not_curated,measured_public,SAMN45204712,biosamples_00000.xml:SAMN45204712:14
SAMN45204712,NCBI_SOURCE_UNKNOWN,,,Klebsiella pneumoniae,Nigeria,not applicable,Homo sapiens,not applicable,nitrofurantoin,64,==,mg/L,MIC,Vitek,CLSI,,intermediate,unknown,unknown,not_curated,measured_public,SAMN45204712,biosamples_00000.xml:SAMN45204712:15
SAMN45204712,NCBI_SOURCE_UNKNOWN,,,Klebsiella pneumoniae,Nigeria,not applicable,Homo sapiens,not applicable,trimethoprim-sulfamethoxazole,16/304,>=,mg/L,MIC,Vitek,CLSI,,resistant,unknown,unknown,not_curated,measured_public,SAMN45204712,biosamples_00000.xml:SAMN45204712:16
SAMN45204711,NCBI_SOURCE_UNKNOWN,,,Klebsiella pneumoniae,Nigeria,not applicable,Homo sapiens,not applicable,ampicillin,16,==,mg/L,MIC,Vitek,CLSI,,intermediate,unknown,unknown,not_curated,measured_public,SAMN45204711,biosamples_00000.xml:SAMN45204711:1
SAMN45204711,NCBI_SOURCE_UNKNOWN,,,Klebsiella pneumoniae,Nigeria,not applicable,Homo sapiens,not applicable,piperacillin,128,>=,mg/L,MIC,Vitek,CLSI,,resistant,unknown,unknown,not_curated,measured_public,SAMN45204711,biosamples_00000.xml:SAMN45204711:2
SAMN45204711,NCBI_SOURCE_UNKNOWN,,,Klebsiella pneumoniae,Nigeria,not applicable,Homo sapiens,not applicable,cefazolin,64,>=,mg/L,MIC,Vitek,CLSI,,resistant,unknown,unknown,not_curated,measured_public,SAMN45204711,biosamples_00000.xml:SAMN45204711:3
SAMN45204711,NCBI_SOURCE_UNKNOWN,,,Klebsiella pneumoniae,Nigeria,not applicable,Homo sapiens,not applicable,cefoxitin,4,<=,mg/L,MIC,Vitek,CLSI,,susceptible,unknown,unknown,not_curated,measured_public,SAMN45204711,biosamples_00000.xml:SAMN45204711:4
SAMN45204711,NCBI_SOURCE_UNKNOWN,,,Klebsiella pneumoniae,Nigeria,not applicable,Homo sapiens,not applicable,ceftazidime,4,==,mg/L,MIC,Vitek,CLSI,,resistant,unknown,unknown,not_curated,measured_public,SAMN45204711,biosamples_00000.xml:SAMN45204711:5
SAMN45204711,NCBI_SOURCE_UNKNOWN,,,Klebsiella pneumoniae,Nigeria,not applicable,Homo sapiens,not applicable,ceftriaxone,64,>=,mg/L,MIC,Vitek,CLSI,,resistant,unknown,unknown,not_curated,measured_public,SAMN45204711,biosamples_00000.xml:SAMN45204711:6
SAMN45204711,NCBI_SOURCE_UNKNOWN,,,Klebsiella pneumoniae,Nigeria,not applicable,Homo sapiens,not applicable,cefepime,2,==,mg/L,MIC,Vitek,CLSI,,resistant,unknown,unknown,not_curated,measured_public,SAMN45204711,biosamples_00000.xml:SAMN45204711:7
SAMN45204711,NCBI_SOURCE_UNKNOWN,,,Klebsiella pneumoniae,Nigeria,not applicable,Homo sapiens,not applicable,ertapenem,0.5,<=,mg/L,MIC,Vitek,CLSI,,susceptible,unknown,unknown,not_curated,measured_public,SAMN45204711,biosamples_00000.xml:SAMN45204711:8
SAMN45204711,NCBI_SOURCE_UNKNOWN,,,Klebsiella pneumoniae,Nigeria,not applicable,Homo sapiens,not applicable,meropenem,0.25,<=,mg/L,MIC,Vitek,CLSI,,susceptible,unknown,unknown,not_curated,measured_public,SAMN45204711,biosamples_00000.xml:SAMN45204711:9
SAMN45204711,NCBI_SOURCE_UNKNOWN,,,Klebsiella pneumoniae,Nigeria,not applicable,Homo sapiens,not applicable,amikacin,2,<=,mg/L,MIC,Vitek,CLSI,,susceptible,unknown,unknown,not_curated,measured_public,SAMN45204711,biosamples_00000.xml:SAMN45204711:10
SAMN45204711,NCBI_SOURCE_UNKNOWN,,,Klebsiella pneumoniae,Nigeria,not applicable,Homo sapiens,not applicable,gentamicin,1,<=,mg/L,MIC,Vitek,CLSI,,susceptible,unknown,unknown,not_curated,measured_public,SAMN45204711,biosamples_00000.xml:SAMN45204711:11
SAMN45204711,NCBI_SOURCE_UNKNOWN,,,Klebsiella pneumoniae,Nigeria,not applicable,Homo sapiens,not applicable,tobramycin,1,<=,mg/L,MIC,Vitek,CLSI,,susceptible,unknown,unknown,not_curated,measured_public,SAMN45204711,biosamples_00000.xml:SAMN45204711:12
SAMN45204711,NCBI_SOURCE_UNKNOWN,,,Klebsiella pneumoniae,Nigeria,not applicable,Homo sapiens,not applicable,ciprofloxacin,1,==,mg/L,MIC,Vitek,CLSI,,resistant,unknown,unknown,not_curated,measured_public,SAMN45204711,biosamples_00000.xml:SAMN45204711:13
SAMN45204711,NCBI_SOURCE_UNKNOWN,,,Klebsiella pneumoniae,Nigeria,not applicable,Homo sapiens,not applicable,levofloxacin,1,==,mg/L,MIC,Vitek,CLSI,,intermediate,unknown,unknown,not_curated,measured_public,SAMN45204711,biosamples_00000.xml:SAMN45204711:14
SAMN45204711,NCBI_SOURCE_UNKNOWN,,,Klebsiella pneumoniae,Nigeria,not applicable,Homo sapiens,not applicable,nitrofurantoin,128,==,mg/L,MIC,Vitek,CLSI,,resistant,unknown,unknown,not_curated,measured_public,SAMN45204711,biosamples_00000.xml:SAMN45204711:15
SAMN45204711,NCBI_SOURCE_UNKNOWN,,,Klebsiella pneumoniae,Nigeria,not applicable,Homo sapiens,not applicable,trimethoprim-sulfamethoxazole,16/304,>=,mg/L,MIC,Vitek,CLSI,,resistant,unknown,unknown,not_curated,measured_public,SAMN45204711,biosamples_00000.xml:SAMN45204711:16
SAMN45204710,NCBI_SOURCE_UNKNOWN,,,Klebsiella pneumoniae,Nigeria,not applicable,Homo sapiens,not applicable,ampicillin,32,>=,mg/L,MIC,Vitek,CLSI,,resistant,unknown,unknown,not_curated,measured_public,SAMN45204710,biosamples_00000.xml:SAMN45204710:1
SAMN45204710,NCBI_SOURCE_UNKNOWN,,,Klebsiella pneumoniae,Nigeria,not applicable,Homo sapiens,not applicable,piperacillin,128,>=,mg/L,MIC,Vitek,CLSI,,resistant,unknown,unknown,not_curated,measured_public,SAMN45204710,biosamples_00000.xml:SAMN45204710:2
SAMN45204710,NCBI_SOURCE_UNKNOWN,,,Klebsiella pneumoniae,Nigeria,not applicable,Homo sapiens,not applicable,cefazolin,64,>=,mg/L,MIC,Vitek,CLSI,,resistant,unknown,unknown,not_curated,measured_public,SAMN45204710,biosamples_00000.xml:SAMN45204710:3
SAMN45204710,NCBI_SOURCE_UNKNOWN,,,Klebsiella pneumoniae,Nigeria,not applicable,Homo sapiens,not applicable,cefoxitin,4,<=,mg/L,MIC,Vitek,CLSI,,susceptible,unknown,unknown,not_curated,measured_public,SAMN45204710,biosamples_00000.xml:SAMN45204710:4
SAMN45204710,NCBI_SOURCE_UNKNOWN,,,Klebsiella pneumoniae,Nigeria,not applicable,Homo sapiens,not applicable,ceftazidime,64,>=,mg/L,MIC,Vitek,CLSI,,resistant,unknown,unknown,not_curated,measured_public,SAMN45204710,biosamples_00000.xml:SAMN45204710:5
SAMN45204710,NCBI_SOURCE_UNKNOWN,,,Klebsiella pneumoniae,Nigeria,not applicable,Homo sapiens,not applicable,ceftriaxone,64,>=,mg/L,MIC,Vitek,CLSI,,resistant,unknown,unknown,not_curated,measured_public,SAMN45204710,biosamples_00000.xml:SAMN45204710:6
SAMN45204710,NCBI_SOURCE_UNKNOWN,,,Klebsiella pneumoniae,Nigeria,not applicable,Homo sapiens,not applicable,cefepime,2,==,mg/L,MIC,Vitek,CLSI,,resistant,unknown,unknown,not_curated,measured_public,SAMN45204710,biosamples_00000.xml:SAMN45204710:7
SAMN45204710,NCBI_SOURCE_UNKNOWN,,,Klebsiella pneumoniae,Nigeria,not applicable,Homo sapiens,not applicable,ertapenem,0.5,<=,mg/L,MIC,Vitek,CLSI,,susceptible,unknown,unknown,not_curated,measured_public,SAMN45204710,biosamples_00000.xml:SAMN45204710:8
SAMN45204710,NCBI_SOURCE_UNKNOWN,,,Klebsiella pneumoniae,Nigeria,not applicable,Homo sapiens,not applicable,meropenem,0.25,<=,mg/L,MIC,Vitek,CLSI,,susceptible,unknown,unknown,not_curated,measured_public,SAMN45204710,biosamples_00000.xml:SAMN45204710:9
SAMN45204710,NCBI_SOURCE_UNKNOWN,,,Klebsiella pneumoniae,Nigeria,not applicable,Homo sapiens,not applicable,amikacin,2,<=,mg/L,MIC,Vitek,CLSI,,susceptible,unknown,unknown,not_curated,measured_public,SAMN45204710,biosamples_00000.xml:SAMN45204710:10
SAMN45204710,NCBI_SOURCE_UNKNOWN,,,Klebsiella pneumoniae,Nigeria,not applicable,Homo sapiens,not applicable,gentamicin,4,==,mg/L,MIC,Vitek,CLSI,,intermediate,unknown,unknown,not_curated,measured_public,SAMN45204710,biosamples_00000.xml:SAMN45204710:11
SAMN45204710,NCBI_SOURCE_UNKNOWN,,,Klebsiella pneumoniae,Nigeria,not applicable,Homo sapiens,not applicable,tobramycin,8,==,mg/L,MIC,Vitek,CLSI,,intermediate,unknown,unknown,not_curated,measured_public,SAMN45204710,biosamples_00000.xml:SAMN45204710:12
SAMN45204710,NCBI_SOURCE_UNKNOWN,,,Klebsiella pneumoniae,Nigeria,not applicable,Homo sapiens,not applicable,ciprofloxacin,1,==,mg/L,MIC,Vitek,CLSI,,resistant,unknown,unknown,not_curated,measured_public,SAMN45204710,biosamples_00000.xml:SAMN45204710:13
SAMN45204710,NCBI_SOURCE_UNKNOWN,,,Klebsiella pneumoniae,Nigeria,not applicable,Homo sapiens,not applicable,levofloxacin,1,==,mg/L,MIC,Vitek,CLSI,,intermediate,unknown,unknown,not_curated,measured_public,SAMN45204710,biosamples_00000.xml:SAMN45204710:14
SAMN45204710,NCBI_SOURCE_UNKNOWN,,,Klebsiella pneumoniae,Nigeria,not applicable,Homo sapiens,not applicable,nitrofurantoin,128,==,mg/L,MIC,Vitek,CLSI,,resistant,unknown,unknown,not_curated,measured_public,SAMN45204710,biosamples_00000.xml:SAMN45204710:15
SAMN45204710,NCBI_SOURCE_UNKNOWN,,,Klebsiella pneumoniae,Nigeria,not applicable,Homo sapiens,not applicable,trimethoprim-sulfamethoxazole,16/304,>=,mg/L,MIC,Vitek,CLSI,,resistant,unknown,unknown,not_curated,measured_public,SAMN45204710,biosamples_00000.xml:SAMN45204710:16
SAMN45204708,NCBI_SOURCE_UNKNOWN,,,Klebsiella pneumoniae,Nigeria,not applicable,Homo sapiens,not applicable,ampicillin,32,>=,mg/L,MIC,Vitek,CLSI,,resistant,unknown,unknown,not_curated,measured_public,SAMN45204708,biosamples_00000.xml:SAMN45204708:1
SAMN45204708,NCBI_SOURCE_UNKNOWN,,,Klebsiella pneumoniae,Nigeria,not applicable,Homo sapiens,not applicable,piperacillin,128,>=,mg/L,MIC,Vitek,CLSI,,resistant,unknown,unknown,not_curated,measured_public,SAMN45204708,biosamples_00000.xml:SAMN45204708:2
SAMN45204708,NCBI_SOURCE_UNKNOWN,,,Klebsiella pneumoniae,Nigeria,not applicable,Homo sapiens,not applicable,cefazolin,64,>=,mg/L,MIC,Vitek,CLSI,,resistant,unknown,unknown,not_curated,measured_public,SAMN45204708,biosamples_00000.xml:SAMN45204708:3
SAMN45204708,NCBI_SOURCE_UNKNOWN,,,Klebsiella pneumoniae,Nigeria,not applicable,Homo sapiens,not applicable,cefoxitin,4,<=,mg/L,MIC,Vitek,CLSI,,susceptible,unknown,unknown,not_curated,measured_public,SAMN45204708,biosamples_00000.xml:SAMN45204708:4
SAMN45204708,NCBI_SOURCE_UNKNOWN,,,Klebsiella pneumoniae,Nigeria,not applicable,Homo sapiens,not applicable,ceftazidime,64,>=,mg/L,MIC,Vitek,CLSI,,resistant,unknown,unknown,not_curated,measured_public,SAMN45204708,biosamples_00000.xml:SAMN45204708:5
SAMN45204708,NCBI_SOURCE_UNKNOWN,,,Klebsiella pneumoniae,Nigeria,not applicable,Homo sapiens,not applicable,ceftriaxone,64,>=,mg/L,MIC,Vitek,CLSI,,resistant,unknown,unknown,not_curated,measured_public,SAMN45204708,biosamples_00000.xml:SAMN45204708:6
SAMN45204708,NCBI_SOURCE_UNKNOWN,,,Klebsiella pneumoniae,Nigeria,not applicable,Homo sapiens,not applicable,cefepime,64,>=,mg/L,MIC,Vitek,CLSI,,resistant,unknown,unknown,not_curated,measured_public,SAMN45204708,biosamples_00000.xml:SAMN45204708:7
SAMN45204708,NCBI_SOURCE_UNKNOWN,,,Klebsiella pneumoniae,Nigeria,not applicable,Homo sapiens,not applicable,ertapenem,0.5,<=,mg/L,MIC,Vitek,CLSI,,susceptible,unknown,unknown,not_curated,measured_public,SAMN45204708,biosamples_00000.xml:SAMN45204708:8
SAMN45204708,NCBI_SOURCE_UNKNOWN,,,Klebsiella pneumoniae,Nigeria,not applicable,Homo sapiens,not applicable,meropenem,0.25,<=,mg/L,MIC,Vitek,CLSI,,susceptible,unknown,unknown,not_curated,measured_public,SAMN45204708,biosamples_00000.xml:SAMN45204708:9
SAMN45204708,NCBI_SOURCE_UNKNOWN,,,Klebsiella pneumoniae,Nigeria,not applicable,Homo sapiens,not applicable,amikacin,2,<=,mg/L,MIC,Vitek,CLSI,,susceptible,unknown,unknown,not_curated,measured_public,SAMN45204708,biosamples_00000.xml:SAMN45204708:10
SAMN45204708,NCBI_SOURCE_UNKNOWN,,,Klebsiella pneumoniae,Nigeria,not applicable,Homo sapiens,not applicable,gentamicin,16,>=,mg/L,MIC,Vitek,CLSI,,resistant,unknown,unknown,not_curated,measured_public,SAMN45204708,biosamples_00000.xml:SAMN45204708:11
SAMN45204708,NCBI_SOURCE_UNKNOWN,,,Klebsiella pneumoniae,Nigeria,not applicable,Homo sapiens,not applicable,tobramycin,8,==,mg/L,MIC,Vitek,CLSI,,intermediate,unknown,unknown,not_curated,measured_public,SAMN45204708,biosamples_00000.xml:SAMN45204708:12
SAMN45204708,NCBI_SOURCE_UNKNOWN,,,Klebsiella pneumoniae,Nigeria,not applicable,Homo sapiens,not applicable,ciprofloxacin,0.25,<=,mg/L,MIC,Vitek,CLSI,,susceptible,unknown,unknown,not_curated,measured_public,SAMN45204708,biosamples_00000.xml:SAMN45204708:13
SAMN45204708,NCBI_SOURCE_UNKNOWN,,,Klebsiella pneumoniae,Nigeria,not applicable,Homo sapiens,not applicable,levofloxacin,0.12,<=,mg/L,MIC,Vitek,CLSI,,susceptible,unknown,unknown,not_curated,measured_public,SAMN45204708,biosamples_00000.xml:SAMN45204708:14
SAMN45204708,NCBI_SOURCE_UNKNOWN,,,Klebsiella pneumoniae,Nigeria,not applicable,Homo sapiens,not applicable,nitrofurantoin,64,==,mg/L,MIC,Vitek,CLSI,,intermediate,unknown,unknown,not_curated,measured_public,SAMN45204708,biosamples_00000.xml:SAMN45204708:15
SAMN45204708,NCBI_SOURCE_UNKNOWN,,,Klebsiella pneumoniae,Nigeria,not applicable,Homo sapiens,not applicable,trimethoprim-sulfamethoxazole,16/304,>=,mg/L,MIC,Vitek,CLSI,,resistant,unknown,unknown,not_curated,measured_public,SAMN45204708,biosamples_00000.xml:SAMN45204708:16
SAMN45204707,NCBI_SOURCE_UNKNOWN,,,Klebsiella pneumoniae,Nigeria,not applicable,Homo sapiens,not applicable,ampicillin,32,>=,mg/L,MIC,Vitek,CLSI,,resistant,unknown,unknown,not_curated,measured_public,SAMN45204707,biosamples_00000.xml:SAMN45204707:1
SAMN45204707,NCBI_SOURCE_UNKNOWN,,,Klebsiella pneumoniae,Nigeria,not applicable,Homo sapiens,not applicable,piperacillin,128,>=,mg/L,MIC,Vitek,CLSI,,resistant,unknown,unknown,not_curated,measured_public,SAMN45204707,biosamples_00000.xml:SAMN45204707:2
SAMN45204707,NCBI_SOURCE_UNKNOWN,,,Klebsiella pneumoniae,Nigeria,not applicable,Homo sapiens,not applicable,cefazolin,64,>=,mg/L,MIC,Vitek,CLSI,,resistant,unknown,unknown,not_curated,measured_public,SAMN45204707,biosamples_00000.xml:SAMN45204707:3
SAMN45204707,NCBI_SOURCE_UNKNOWN,,,Klebsiella pneumoniae,Nigeria,not applicable,Homo sapiens,not applicable,cefoxitin,4,<=,mg/L,MIC,Vitek,CLSI,,susceptible,unknown,unknown,not_curated,measured_public,SAMN45204707,biosamples_00000.xml:SAMN45204707:4
SAMN45204707,NCBI_SOURCE_UNKNOWN,,,Klebsiella pneumoniae,Nigeria,not applicable,Homo sapiens,not applicable,ceftazidime,64,>=,mg/L,MIC,Vitek,CLSI,,resistant,unknown,unknown,not_curated,measured_public,SAMN45204707,biosamples_00000.xml:SAMN45204707:5
SAMN45204707,NCBI_SOURCE_UNKNOWN,,,Klebsiella pneumoniae,Nigeria,not applicable,Homo sapiens,not applicable,ceftriaxone,64,>=,mg/L,MIC,Vitek,CLSI,,resistant,unknown,unknown,not_curated,measured_public,SAMN45204707,biosamples_00000.xml:SAMN45204707:6
SAMN45204707,NCBI_SOURCE_UNKNOWN,,,Klebsiella pneumoniae,Nigeria,not applicable,Homo sapiens,not applicable,cefepime,64,>=,mg/L,MIC,Vitek,CLSI,,resistant,unknown,unknown,not_curated,measured_public,SAMN45204707,biosamples_00000.xml:SAMN45204707:7
SAMN45204707,NCBI_SOURCE_UNKNOWN,,,Klebsiella pneumoniae,Nigeria,not applicable,Homo sapiens,not applicable,ertapenem,0.5,<=,mg/L,MIC,Vitek,CLSI,,susceptible,unknown,unknown,not_curated,measured_public,SAMN45204707,biosamples_00000.xml:SAMN45204707:8
SAMN45204707,NCBI_SOURCE_UNKNOWN,,,Klebsiella pneumoniae,Nigeria,not applicable,Homo sapiens,not applicable,meropenem,0.25,<=,mg/L,MIC,Vitek,CLSI,,susceptible,unknown,unknown,not_curated,measured_public,SAMN45204707,biosamples_00000.xml:SAMN45204707:9
SAMN45204707,NCBI_SOURCE_UNKNOWN,,,Klebsiella pneumoniae,Nigeria,not applicable,Homo sapiens,not applicable,amikacin,2,<=,mg/L,MIC,Vitek,CLSI,,susceptible,unknown,unknown,not_curated,measured_public,SAMN45204707,biosamples_00000.xml:SAMN45204707:10
SAMN45204707,NCBI_SOURCE_UNKNOWN,,,Klebsiella pneumoniae,Nigeria,not applicable,Homo sapiens,not applicable,gentamicin,16,>=,mg/L,MIC,Vitek,CLSI,,resistant,unknown,unknown,not_curated,measured_public,SAMN45204707,biosamples_00000.xml:SAMN45204707:11
SAMN45204707,NCBI_SOURCE_UNKNOWN,,,Klebsiella pneumoniae,Nigeria,not applicable,Homo sapiens,not applicable,tobramycin,8,==,mg/L,MIC,Vitek,CLSI,,intermediate,unknown,unknown,not_curated,measured_public,SAMN45204707,biosamples_00000.xml:SAMN45204707:12
SAMN45204707,NCBI_SOURCE_UNKNOWN,,,Klebsiella pneumoniae,Nigeria,not applicable,Homo sapiens,not applicable,ciprofloxacin,0.25,<=,mg/L,MIC,Vitek,CLSI,,susceptible,unknown,unknown,not_curated,measured_public,SAMN45204707,biosamples_00000.xml:SAMN45204707:13
SAMN45204707,NCBI_SOURCE_UNKNOWN,,,Klebsiella pneumoniae,Nigeria,not applicable,Homo sapiens,not applicable,levofloxacin,0.12,<=,mg/L,MIC,Vitek,CLSI,,susceptible,unknown,unknown,not_curated,measured_public,SAMN45204707,biosamples_00000.xml:SAMN45204707:14
SAMN45204707,NCBI_SOURCE_UNKNOWN,,,Klebsiella pneumoniae,Nigeria,not applicable,Homo sapiens,not applicable,nitrofurantoin,128,==,mg/L,MIC,Vitek,CLSI,,resistant,unknown,unknown,not_curated,measured_public,SAMN45204707,biosamples_00000.xml:SAMN45204707:15
SAMN45204707,NCBI_SOURCE_UNKNOWN,,,Klebsiella pneumoniae,Nigeria,not applicable,Homo sapiens,not applicable,trimethoprim-sulfamethoxazole,1/19,<=,mg/L,MIC,Vitek,CLSI,,susceptible,unknown,unknown,not_curated,measured_public,SAMN45204707,biosamples_00000.xml:SAMN45204707:16
SAMN45204703,NCBI_SOURCE_UNKNOWN,,,Klebsiella pneumoniae,Nigeria,not applicable,Homo sapiens,not applicable,ampicillin,32,>=,mg/L,MIC,Vitek,CLSI,,resistant,unknown,unknown,not_curated,measured_public,SAMN45204703,biosamples_00000.xml:SAMN45204703:1
SAMN45204703,NCBI_SOURCE_UNKNOWN,,,Klebsiella pneumoniae,Nigeria,not applicable,Homo sapiens,not applicable,piperacillin,128,>=,mg/L,MIC,Vitek,CLSI,,resistant,unknown,unknown,not_curated,measured_public,SAMN45204703,biosamples_00000.xml:SAMN45204703:2
SAMN45204703,NCBI_SOURCE_UNKNOWN,,,Klebsiella pneumoniae,Nigeria,not applicable,Homo sapiens,not applicable,cefazolin,64,>=,mg/L,MIC,Vitek,CLSI,,resistant,unknown,unknown,not_curated,measured_public,SAMN45204703,biosamples_00000.xml:SAMN45204703:3
SAMN45204703,NCBI_SOURCE_UNKNOWN,,,Klebsiella pneumoniae,Nigeria,not applicable,Homo sapiens,not applicable,cefoxitin,4,<=,mg/L,MIC,Vitek,CLSI,,susceptible,unknown,unknown,not_curated,measured_public,SAMN45204703,biosamples_00000.xml:SAMN45204703:4
SAMN45204703,NCBI_SOURCE_UNKNOWN,,,Klebsiella pneumoniae,Nigeria,not applicable,Homo sapiens,not applicable,ceftazidime,16,==,mg/L,MIC,Vitek,CLSI,,resistant,unknown,unknown,not_curated,measured_public,SAMN45204703,biosamples_00000.xml:SAMN45204703:5
SAMN45204703,NCBI_SOURCE_UNKNOWN,,,Klebsiella pneumoniae,Nigeria,not applicable,Homo sapiens,not applicable,ceftriaxone,64,>=,mg/L,MIC,Vitek,CLSI,,resistant,unknown,unknown,not_curated,measured_public,SAMN45204703,biosamples_00000.xml:SAMN45204703:6
SAMN45204703,NCBI_SOURCE_UNKNOWN,,,Klebsiella pneumoniae,Nigeria,not applicable,Homo sapiens,not applicable,cefepime,2,==,mg/L,MIC,Vitek,CLSI,,resistant,unknown,unknown,not_curated,measured_public,SAMN45204703,biosamples_00000.xml:SAMN45204703:7
SAMN45204703,NCBI_SOURCE_UNKNOWN,,,Klebsiella pneumoniae,Nigeria,not applicable,Homo sapiens,not applicable,ertapenem,0.5,<=,mg/L,MIC,Vitek,CLSI,,susceptible,unknown,unknown,not_curated,measured_public,SAMN45204703,biosamples_00000.xml:SAMN45204703:8
SAMN45204703,NCBI_SOURCE_UNKNOWN,,,Klebsiella pneumoniae,Nigeria,not applicable,Homo sapiens,not applicable,meropenem,0.25,<=,mg/L,MIC,Vitek,CLSI,,susceptible,unknown,unknown,not_curated,measured_public,SAMN45204703,biosamples_00000.xml:SAMN45204703:9
SAMN45204703,NCBI_SOURCE_UNKNOWN,,,Klebsiella pneumoniae,Nigeria,not applicable,Homo sapiens,not applicable,amikacin,2,<=,mg/L,MIC,Vitek,CLSI,,susceptible,unknown,unknown,not_curated,measured_public,SAMN45204703,biosamples_00000.xml:SAMN45204703:10
SAMN45204703,NCBI_SOURCE_UNKNOWN,,,Klebsiella pneumoniae,Nigeria,not applicable,Homo sapiens,not applicable,gentamicin,16,>=,mg/L,MIC,Vitek,CLSI,,resistant,unknown,unknown,not_curated,measured_public,SAMN45204703,biosamples_00000.xml:SAMN45204703:11
SAMN45204703,NCBI_SOURCE_UNKNOWN,,,Klebsiella pneumoniae,Nigeria,not applicable,Homo sapiens,not applicable,tobramycin,8,==,mg/L,MIC,Vitek,CLSI,,intermediate,unknown,unknown,not_curated,measured_public,SAMN45204703,biosamples_00000.xml:SAMN45204703:12
SAMN45204703,NCBI_SOURCE_UNKNOWN,,,Klebsiella pneumoniae,Nigeria,not applicable,Homo sapiens,not applicable,ciprofloxacin,0.25,<=,mg/L,MIC,Vitek,CLSI,,susceptible,unknown,unknown,not_curated,measured_public,SAMN45204703,biosamples_00000.xml:SAMN45204703:13
SAMN45204703,NCBI_SOURCE_UNKNOWN,,,Klebsiella pneumoniae,Nigeria,not applicable,Homo sapiens,not applicable,levofloxacin,0.12,<=,mg/L,MIC,Vitek,CLSI,,susceptible,unknown,unknown,not_curated,measured_public,SAMN45204703,biosamples_00000.xml:SAMN45204703:14
SAMN45204703,NCBI_SOURCE_UNKNOWN,,,Klebsiella pneumoniae,Nigeria,not applicable,Homo sapiens,not applicable,nitrofurantoin,128,==,mg/L,MIC,Vitek,CLSI,,resistant,unknown,unknown,not_curated,measured_public,SAMN45204703,biosamples_00000.xml:SAMN45204703:15
SAMN45204703,NCBI_SOURCE_UNKNOWN,,,Klebsiella pneumoniae,Nigeria,not applicable,Homo sapiens,not applicable,trimethoprim-sulfamethoxazole,16/304,>=,mg/L,MIC,Vitek,CLSI,,resistant,unknown,unknown,not_curated,measured_public,SAMN45204703,biosamples_00000.xml:SAMN45204703:16
SAMN45204702,NCBI_SOURCE_UNKNOWN,,,Klebsiella pneumoniae,Nigeria,not applicable,Homo sapiens,not applicable,ampicillin,32,>=,mg/L,MIC,Vitek,CLSI,,resistant,unknown,unknown,not_curated,measured_public,SAMN45204702,biosamples_00000.xml:SAMN45204702:1
SAMN45204702,NCBI_SOURCE_UNKNOWN,,,Klebsiella pneumoniae,Nigeria,not applicable,Homo sapiens,not applicable,piperacillin,128,>=,mg/L,MIC,Vitek,CLSI,,resistant,unknown,unknown,not_curated,measured_public,SAMN45204702,biosamples_00000.xml:SAMN45204702:2
SAMN45204702,NCBI_SOURCE_UNKNOWN,,,Klebsiella pneumoniae,Nigeria,not applicable,Homo sapiens,not applicable,cefazolin,64,>=,mg/L,MIC,Vitek,CLSI,,resistant,unknown,unknown,not_curated,measured_public,SAMN45204702,biosamples_00000.xml:SAMN45204702:3
SAMN45204702,NCBI_SOURCE_UNKNOWN,,,Klebsiella pneumoniae,Nigeria,not applicable,Homo sapiens,not applicable,cefoxitin,4,<=,mg/L,MIC,Vitek,CLSI,,susceptible,unknown,unknown,not_curated,measured_public,SAMN45204702,biosamples_00000.xml:SAMN45204702:4
SAMN45204702,NCBI_SOURCE_UNKNOWN,,,Klebsiella pneumoniae,Nigeria,not applicable,Homo sapiens,not applicable,ceftazidime,64,>=,mg/L,MIC,Vitek,CLSI,,resistant,unknown,unknown,not_curated,measured_public,SAMN45204702,biosamples_00000.xml:SAMN45204702:5
SAMN45204702,NCBI_SOURCE_UNKNOWN,,,Klebsiella pneumoniae,Nigeria,not applicable,Homo sapiens,not applicable,ceftriaxone,64,>=,mg/L,MIC,Vitek,CLSI,,resistant,unknown,unknown,not_curated,measured_public,SAMN45204702,biosamples_00000.xml:SAMN45204702:6
SAMN45204702,NCBI_SOURCE_UNKNOWN,,,Klebsiella pneumoniae,Nigeria,not applicable,Homo sapiens,not applicable,cefepime,64,>=,mg/L,MIC,Vitek,CLSI,,resistant,unknown,unknown,not_curated,measured_public,SAMN45204702,biosamples_00000.xml:SAMN45204702:7
SAMN45204702,NCBI_SOURCE_UNKNOWN,,,Klebsiella pneumoniae,Nigeria,not applicable,Homo sapiens,not applicable,ertapenem,0.5,<=,mg/L,MIC,Vitek,CLSI,,susceptible,unknown,unknown,not_curated,measured_public,SAMN45204702,biosamples_00000.xml:SAMN45204702:8
SAMN45204702,NCBI_SOURCE_UNKNOWN,,,Klebsiella pneumoniae,Nigeria,not applicable,Homo sapiens,not applicable,meropenem,0.25,<=,mg/L,MIC,Vitek,CLSI,,susceptible,unknown,unknown,not_curated,measured_public,SAMN45204702,biosamples_00000.xml:SAMN45204702:9
SAMN45204702,NCBI_SOURCE_UNKNOWN,,,Klebsiella pneumoniae,Nigeria,not applicable,Homo sapiens,not applicable,amikacin,2,<=,mg/L,MIC,Vitek,CLSI,,susceptible,unknown,unknown,not_curated,measured_public,SAMN45204702,biosamples_00000.xml:SAMN45204702:10
SAMN45204702,NCBI_SOURCE_UNKNOWN,,,Klebsiella pneumoniae,Nigeria,not applicable,Homo sapiens,not applicable,gentamicin,16,>=,mg/L,MIC,Vitek,CLSI,,resistant,unknown,unknown,not_curated,measured_public,SAMN45204702,biosamples_00000.xml:SAMN45204702:11
SAMN45204702,NCBI_SOURCE_UNKNOWN,,,Klebsiella pneumoniae,Nigeria,not applicable,Homo sapiens,not applicable,tobramycin,4,==,mg/L,MIC,Vitek,CLSI,,intermediate,unknown,unknown,not_curated,measured_public,SAMN45204702,biosamples_00000.xml:SAMN45204702:12
SAMN45204702,NCBI_SOURCE_UNKNOWN,,,Klebsiella pneumoniae,Nigeria,not applicable,Homo sapiens,not applicable,ciprofloxacin,0.25,<=,mg/L,MIC,Vitek,CLSI,,susceptible,unknown,unknown,not_curated,measured_public,SAMN45204702,biosamples_00000.xml:SAMN45204702:13
SAMN45204702,NCBI_SOURCE_UNKNOWN,,,Klebsiella pneumoniae,Nigeria,not applicable,Homo sapiens,not applicable,levofloxacin,0.12,<=,mg/L,MIC,Vitek,CLSI,,susceptible,unknown,unknown,not_curated,measured_public,SAMN45204702,biosamples_00000.xml:SAMN45204702:14
SAMN45204702,NCBI_SOURCE_UNKNOWN,,,Klebsiella pneumoniae,Nigeria,not applicable,Homo sapiens,not applicable,nitrofurantoin,128,==,mg/L,MIC,Vitek,CLSI,,resistant,unknown,unknown,not_curated,measured_public,SAMN45204702,biosamples_00000.xml:SAMN45204702:15
SAMN45204702,NCBI_SOURCE_UNKNOWN,,,Klebsiella pneumoniae,Nigeria,not applicable,Homo sapiens,not applicable,trimethoprim-sulfamethoxazole,16/304,>=,mg/L,MIC,Vitek,CLSI,,resistant,unknown,unknown,not_curated,measured_public,SAMN45204702,biosamples_00000.xml:SAMN45204702:16
SAMN45204701,NCBI_SOURCE_UNKNOWN,,,Klebsiella pneumoniae,Nigeria,not applicable,Homo sapiens,not applicable,ampicillin,32,>=,mg/L,MIC,Vitek,CLSI,,resistant,unknown,unknown,not_curated,measured_public,SAMN45204701,biosamples_00000.xml:SAMN45204701:1
SAMN45204701,NCBI_SOURCE_UNKNOWN,,,Klebsiella pneumoniae,Nigeria,not applicable,Homo sapiens,not applicable,piperacillin,128,>=,mg/L,MIC,Vitek,CLSI,,resistant,unknown,unknown,not_curated,measured_public,SAMN45204701,biosamples_00000.xml:SAMN45204701:2
SAMN45204701,NCBI_SOURCE_UNKNOWN,,,Klebsiella pneumoniae,Nigeria,not applicable,Homo sapiens,not applicable,cefazolin,64,>=,mg/L,MIC,Vitek,CLSI,,resistant,unknown,unknown,not_curated,measured_public,SAMN45204701,biosamples_00000.xml:SAMN45204701:3
SAMN45204701,NCBI_SOURCE_UNKNOWN,,,Klebsiella pneumoniae,Nigeria,not applicable,Homo sapiens,not applicable,cefoxitin,4,<=,mg/L,MIC,Vitek,CLSI,,susceptible,unknown,unknown,not_curated,measured_public,SAMN45204701,biosamples_00000.xml:SAMN45204701:4
SAMN45204701,NCBI_SOURCE_UNKNOWN,,,Klebsiella pneumoniae,Nigeria,not applicable,Homo sapiens,not applicable,ceftazidime,16,==,mg/L,MIC,Vitek,CLSI,,resistant,unknown,unknown,not_curated,measured_public,SAMN45204701,biosamples_00000.xml:SAMN45204701:5
SAMN45204701,NCBI_SOURCE_UNKNOWN,,,Klebsiella pneumoniae,Nigeria,not applicable,Homo sapiens,not applicable,ceftriaxone,64,>=,mg/L,MIC,Vitek,CLSI,,resistant,unknown,unknown,not_curated,measured_public,SAMN45204701,biosamples_00000.xml:SAMN45204701:6
SAMN45204701,NCBI_SOURCE_UNKNOWN,,,Klebsiella pneumoniae,Nigeria,not applicable,Homo sapiens,not applicable,cefepime,2,==,mg/L,MIC,Vitek,CLSI,,resistant,unknown,unknown,not_curated,measured_public,SAMN45204701,biosamples_00000.xml:SAMN45204701:7
SAMN45204701,NCBI_SOURCE_UNKNOWN,,,Klebsiella pneumoniae,Nigeria,not applicable,Homo sapiens,not applicable,ertapenem,0.5,<=,mg/L,MIC,Vitek,CLSI,,susceptible,unknown,unknown,not_curated,measured_public,SAMN45204701,biosamples_00000.xml:SAMN45204701:8
SAMN45204701,NCBI_SOURCE_UNKNOWN,,,Klebsiella pneumoniae,Nigeria,not applicable,Homo sapiens,not applicable,meropenem,0.25,<=,mg/L,MIC,Vitek,CLSI,,susceptible,unknown,unknown,not_curated,measured_public,SAMN45204701,biosamples_00000.xml:SAMN45204701:9
SAMN45204701,NCBI_SOURCE_UNKNOWN,,,Klebsiella pneumoniae,Nigeria,not applicable,Homo sapiens,not applicable,amikacin,2,<=,mg/L,MIC,Vitek,CLSI,,susceptible,unknown,unknown,not_curated,measured_public,SAMN45204701,biosamples_00000.xml:SAMN45204701:10
SAMN45204701,NCBI_SOURCE_UNKNOWN,,,Klebsiella pneumoniae,Nigeria,not applicable,Homo sapiens,not applicable,gentamicin,16,>=,mg/L,MIC,Vitek,CLSI,,resistant,unknown,unknown,not_curated,measured_public,SAMN45204701,biosamples_00000.xml:SAMN45204701:11
SAMN45204701,NCBI_SOURCE_UNKNOWN,,,Klebsiella pneumoniae,Nigeria,not applicable,Homo sapiens,not applicable,tobramycin,16,>=,mg/L,MIC,Vitek,CLSI,,resistant,unknown,unknown,not_curated,measured_public,SAMN45204701,biosamples_00000.xml:SAMN45204701:12
SAMN45204701,NCBI_SOURCE_UNKNOWN,,,Klebsiella pneumoniae,Nigeria,not applicable,Homo sapiens,not applicable,ciprofloxacin,2,==,mg/L,MIC,Vitek,CLSI,,resistant,unknown,unknown,not_curated,measured_public,SAMN45204701,biosamples_00000.xml:SAMN45204701:13
SAMN45204701,NCBI_SOURCE_UNKNOWN,,,Klebsiella pneumoniae,Nigeria,not applicable,Homo sapiens,not applicable,levofloxacin,1,==,mg/L,MIC,Vitek,CLSI,,intermediate,unknown,unknown,not_curated,measured_public,SAMN45204701,biosamples_00000.xml:SAMN45204701:14
SAMN45204701,NCBI_SOURCE_UNKNOWN,,,Klebsiella pneumoniae,Nigeria,not applicable,Homo sapiens,not applicable,nitrofurantoin,64,==,mg/L,MIC,Vitek,CLSI,,intermediate,unknown,unknown,not_curated,measured_public,SAMN45204701,biosamples_00000.xml:SAMN45204701:15
SAMN45204701,NCBI_SOURCE_UNKNOWN,,,Klebsiella pneumoniae,Nigeria,not applicable,Homo sapiens,not applicable,trimethoprim-sulfamethoxazole,16/304,>=,mg/L,MIC,Vitek,CLSI,,resistant,unknown,unknown,not_curated,measured_public,SAMN45204701,biosamples_00000.xml:SAMN45204701:16
SAMN45204696,NCBI_SOURCE_UNKNOWN,,,Klebsiella pneumoniae,Nigeria,not applicable,Homo sapiens,not applicable,ampicillin,4,==,mg/L,MIC,Vitek,CLSI,,susceptible,unknown,unknown,not_curated,measured_public,SAMN45204696,biosamples_00000.xml:SAMN45204696:1
SAMN45204696,NCBI_SOURCE_UNKNOWN,,,Klebsiella pneumoniae,Nigeria,not applicable,Homo sapiens,not applicable,piperacillin,4,<=,mg/L,MIC,Vitek,CLSI,,susceptible,unknown,unknown,not_curated,measured_public,SAMN45204696,biosamples_00000.xml:SAMN45204696:2
SAMN45204696,NCBI_SOURCE_UNKNOWN,,,Klebsiella pneumoniae,Nigeria,not applicable,Homo sapiens,not applicable,cefazolin,4,<=,mg/L,MIC,Vitek,CLSI,,intermediate,unknown,unknown,not_curated,measured_public,SAMN45204696,biosamples_00000.xml:SAMN45204696:3
SAMN45204696,NCBI_SOURCE_UNKNOWN,,,Klebsiella pneumoniae,Nigeria,not applicable,Homo sapiens,not applicable,cefoxitin,4,<=,mg/L,MIC,Vitek,CLSI,,susceptible,unknown,unknown,not_curated,measured_public,SAMN45204696,biosamples_00000.xml:SAMN45204696:4
SAMN45204696,NCBI_SOURCE_UNKNOWN,,,Klebsiella pneumoniae,Nigeria,not applicable,Homo sapiens,not applicable,ceftazidime,1,<=,mg/L,MIC,Vitek,CLSI,,susceptible,unknown,unknown,not_curated,measured_public,SAMN45204696,biosamples_00000.xml:SAMN45204696:5
SAMN45204696,NCBI_SOURCE_UNKNOWN,,,Klebsiella pneumoniae,Nigeria,not applicable,Homo sapiens,not applicable,ceftriaxone,1,<=,mg/L,MIC,Vitek,CLSI,,susceptible,unknown,unknown,not_curated,measured_public,SAMN45204696,biosamples_00000.xml:SAMN45204696:6
SAMN45204696,NCBI_SOURCE_UNKNOWN,,,Klebsiella pneumoniae,Nigeria,not applicable,Homo sapiens,not applicable,cefepime,1,<=,mg/L,MIC,Vitek,CLSI,,susceptible,unknown,unknown,not_curated,measured_public,SAMN45204696,biosamples_00000.xml:SAMN45204696:7
SAMN45204696,NCBI_SOURCE_UNKNOWN,,,Klebsiella pneumoniae,Nigeria,not applicable,Homo sapiens,not applicable,ertapenem,0.5,<=,mg/L,MIC,Vitek,CLSI,,susceptible,unknown,unknown,not_curated,measured_public,SAMN45204696,biosamples_00000.xml:SAMN45204696:8
SAMN45204696,NCBI_SOURCE_UNKNOWN,,,Klebsiella pneumoniae,Nigeria,not applicable,Homo sapiens,not applicable,meropenem,0.25,<=,mg/L,MIC,Vitek,CLSI,,susceptible,unknown,unknown,not_curated,measured_public,SAMN45204696,biosamples_00000.xml:SAMN45204696:9
SAMN45204696,NCBI_SOURCE_UNKNOWN,,,Klebsiella pneumoniae,Nigeria,not applicable,Homo sapiens,not applicable,amikacin,2,<=,mg/L,MIC,Vitek,CLSI,,susceptible,unknown,unknown,not_curated,measured_public,SAMN45204696,biosamples_00000.xml:SAMN45204696:10
SAMN45204696,NCBI_SOURCE_UNKNOWN,,,Klebsiella pneumoniae,Nigeria,not applicable,Homo sapiens,not applicable,gentamicin,1,<=,mg/L,MIC,Vitek,CLSI,,susceptible,unknown,unknown,not_curated,measured_public,SAMN45204696,biosamples_00000.xml:SAMN45204696:11
SAMN45204696,NCBI_SOURCE_UNKNOWN,,,Klebsiella pneumoniae,Nigeria,not applicable,Homo sapiens,not applicable,tobramycin,1,<=,mg/L,MIC,Vitek,CLSI,,susceptible,unknown,unknown,not_curated,measured_public,SAMN45204696,biosamples_00000.xml:SAMN45204696:12
SAMN45204696,NCBI_SOURCE_UNKNOWN,,,Klebsiella pneumoniae,Nigeria,not applicable,Homo sapiens,not applicable,ciprofloxacin,0.25,<=,mg/L,MIC,Vitek,CLSI,,susceptible,unknown,unknown,not_curated,measured_public,SAMN45204696,biosamples_00000.xml:SAMN45204696:13
SAMN45204696,NCBI_SOURCE_UNKNOWN,,,Klebsiella pneumoniae,Nigeria,not applicable,Homo sapiens,not applicable,levofloxacin,0.12,<=,mg/L,MIC,Vitek,CLSI,,susceptible,unknown,unknown,not_curated,measured_public,SAMN45204696,biosamples_00000.xml:SAMN45204696:14
SAMN45204696,NCBI_SOURCE_UNKNOWN,,,Klebsiella pneumoniae,Nigeria,not applicable,Homo sapiens,not applicable,nitrofurantoin,32,==,mg/L,MIC,Vitek,CLSI,,susceptible,unknown,unknown,not_curated,measured_public,SAMN45204696,biosamples_00000.xml:SAMN45204696:15
SAMN45204696,NCBI_SOURCE_UNKNOWN,,,Klebsiella pneumoniae,Nigeria,not applicable,Homo sapiens,not applicable,trimethoprim-sulfamethoxazole,1/19,<=,mg/L,MIC,Vitek,CLSI,,susceptible,unknown,unknown,not_curated,measured_public,SAMN45204696,biosamples_00000.xml:SAMN45204696:16
SAMN45204695,NCBI_SOURCE_UNKNOWN,,,Klebsiella pneumoniae,Nigeria,not applicable,Homo sapiens,not applicable,ampicillin,32,>=,mg/L,MIC,Vitek,CLSI,,resistant,unknown,unknown,not_curated,measured_public,SAMN45204695,biosamples_00000.xml:SAMN45204695:1
SAMN45204695,NCBI_SOURCE_UNKNOWN,,,Klebsiella pneumoniae,Nigeria,not applicable,Homo sapiens,not applicable,piperacillin,128,>=,mg/L,MIC,Vitek,CLSI,,resistant,unknown,unknown,not_curated,measured_public,SAMN45204695,biosamples_00000.xml:SAMN45204695:2
SAMN45204695,NCBI_SOURCE_UNKNOWN,,,Klebsiella pneumoniae,Nigeria,not applicable,Homo sapiens,not applicable,cefazolin,64,>=,mg/L,MIC,Vitek,CLSI,,resistant,unknown,unknown,not_curated,measured_public,SAMN45204695,biosamples_00000.xml:SAMN45204695:3
SAMN45204695,NCBI_SOURCE_UNKNOWN,,,Klebsiella pneumoniae,Nigeria,not applicable,Homo sapiens,not applicable,cefoxitin,4,<=,mg/L,MIC,Vitek,CLSI,,susceptible,unknown,unknown,not_curated,measured_public,SAMN45204695,biosamples_00000.xml:SAMN45204695:4
SAMN45204695,NCBI_SOURCE_UNKNOWN,,,Klebsiella pneumoniae,Nigeria,not applicable,Homo sapiens,not applicable,ceftazidime,64,>=,mg/L,MIC,Vitek,CLSI,,resistant,unknown,unknown,not_curated,measured_public,SAMN45204695,biosamples_00000.xml:SAMN45204695:5
SAMN45204695,NCBI_SOURCE_UNKNOWN,,,Klebsiella pneumoniae,Nigeria,not applicable,Homo sapiens,not applicable,ceftriaxone,64,>=,mg/L,MIC,Vitek,CLSI,,resistant,unknown,unknown,not_curated,measured_public,SAMN45204695,biosamples_00000.xml:SAMN45204695:6
SAMN45204695,NCBI_SOURCE_UNKNOWN,,,Klebsiella pneumoniae,Nigeria,not applicable,Homo sapiens,not applicable,cefepime,2,==,mg/L,MIC,Vitek,CLSI,,resistant,unknown,unknown,not_curated,measured_public,SAMN45204695,biosamples_00000.xml:SAMN45204695:7
SAMN45204695,NCBI_SOURCE_UNKNOWN,,,Klebsiella pneumoniae,Nigeria,not applicable,Homo sapiens,not applicable,ertapenem,0.5,<=,mg/L,MIC,Vitek,CLSI,,susceptible,unknown,unknown,not_curated,measured_public,SAMN45204695,biosamples_00000.xml:SAMN45204695:8
SAMN45204695,NCBI_SOURCE_UNKNOWN,,,Klebsiella pneumoniae,Nigeria,not applicable,Homo sapiens,not applicable,meropenem,0.25,<=,mg/L,MIC,Vitek,CLSI,,susceptible,unknown,unknown,not_curated,measured_public,SAMN45204695,biosamples_00000.xml:SAMN45204695:9
SAMN45204695,NCBI_SOURCE_UNKNOWN,,,Klebsiella pneumoniae,Nigeria,not applicable,Homo sapiens,not applicable,amikacin,2,<=,mg/L,MIC,Vitek,CLSI,,susceptible,unknown,unknown,not_curated,measured_public,SAMN45204695,biosamples_00000.xml:SAMN45204695:10
SAMN45204695,NCBI_SOURCE_UNKNOWN,,,Klebsiella pneumoniae,Nigeria,not applicable,Homo sapiens,not applicable,gentamicin,16,>=,mg/L,MIC,Vitek,CLSI,,resistant,unknown,unknown,not_curated,measured_public,SAMN45204695,biosamples_00000.xml:SAMN45204695:11
SAMN45204695,NCBI_SOURCE_UNKNOWN,,,Klebsiella pneumoniae,Nigeria,not applicable,Homo sapiens,not applicable,tobramycin,16,>=,mg/L,MIC,Vitek,CLSI,,resistant,unknown,unknown,not_curated,measured_public,SAMN45204695,biosamples_00000.xml:SAMN45204695:12
SAMN45204695,NCBI_SOURCE_UNKNOWN,,,Klebsiella pneumoniae,Nigeria,not applicable,Homo sapiens,not applicable,ciprofloxacin,4,>=,mg/L,MIC,Vitek,CLSI,,resistant,unknown,unknown,not_curated,measured_public,SAMN45204695,biosamples_00000.xml:SAMN45204695:13
SAMN45204695,NCBI_SOURCE_UNKNOWN,,,Klebsiella pneumoniae,Nigeria,not applicable,Homo sapiens,not applicable,levofloxacin,4,==,mg/L,MIC,Vitek,CLSI,,resistant,unknown,unknown,not_curated,measured_public,SAMN45204695,biosamples_00000.xml:SAMN45204695:14
SAMN45204695,NCBI_SOURCE_UNKNOWN,,,Klebsiella pneumoniae,Nigeria,not applicable,Homo sapiens,not applicable,nitrofurantoin,32,==,mg/L,MIC,Vitek,CLSI,,susceptible,unknown,unknown,not_curated,measured_public,SAMN45204695,biosamples_00000.xml:SAMN45204695:15
SAMN45204695,NCBI_SOURCE_UNKNOWN,,,Klebsiella pneumoniae,Nigeria,not applicable,Homo sapiens,not applicable,trimethoprim-sulfamethoxazole,16/304,>=,mg/L,MIC,Vitek,CLSI,,resistant,unknown,unknown,not_curated,measured_public,SAMN45204695,biosamples_00000.xml:SAMN45204695:16
SAMN45204686,NCBI_SOURCE_UNKNOWN,,,Klebsiella pneumoniae,Nigeria,not applicable,Homo sapiens,not applicable,ampicillin,32,>=,mg/L,MIC,Vitek,CLSI,,resistant,unknown,unknown,not_curated,measured_public,SAMN45204686,biosamples_00000.xml:SAMN45204686:1
SAMN45204686,NCBI_SOURCE_UNKNOWN,,,Klebsiella pneumoniae,Nigeria,not applicable,Homo sapiens,not applicable,piperacillin,128,>=,mg/L,MIC,Vitek,CLSI,,resistant,unknown,unknown,not_curated,measured_public,SAMN45204686,biosamples_00000.xml:SAMN45204686:2
SAMN45204686,NCBI_SOURCE_UNKNOWN,,,Klebsiella pneumoniae,Nigeria,not applicable,Homo sapiens,not applicable,cefazolin,64,>=,mg/L,MIC,Vitek,CLSI,,resistant,unknown,unknown,not_curated,measured_public,SAMN45204686,biosamples_00000.xml:SAMN45204686:3
SAMN45204686,NCBI_SOURCE_UNKNOWN,,,Klebsiella pneumoniae,Nigeria,not applicable,Homo sapiens,not applicable,cefoxitin,4,<=,mg/L,MIC,Vitek,CLSI,,susceptible,unknown,unknown,not_curated,measured_public,SAMN45204686,biosamples_00000.xml:SAMN45204686:4
SAMN45204686,NCBI_SOURCE_UNKNOWN,,,Klebsiella pneumoniae,Nigeria,not applicable,Homo sapiens,not applicable,ceftazidime,16,==,mg/L,MIC,Vitek,CLSI,,resistant,unknown,unknown,not_curated,measured_public,SAMN45204686,biosamples_00000.xml:SAMN45204686:5
SAMN45204686,NCBI_SOURCE_UNKNOWN,,,Klebsiella pneumoniae,Nigeria,not applicable,Homo sapiens,not applicable,ceftriaxone,64,>=,mg/L,MIC,Vitek,CLSI,,resistant,unknown,unknown,not_curated,measured_public,SAMN45204686,biosamples_00000.xml:SAMN45204686:6
SAMN45204686,NCBI_SOURCE_UNKNOWN,,,Klebsiella pneumoniae,Nigeria,not applicable,Homo sapiens,not applicable,cefepime,2,==,mg/L,MIC,Vitek,CLSI,,resistant,unknown,unknown,not_curated,measured_public,SAMN45204686,biosamples_00000.xml:SAMN45204686:7
SAMN45204686,NCBI_SOURCE_UNKNOWN,,,Klebsiella pneumoniae,Nigeria,not applicable,Homo sapiens,not applicable,ertapenem,0.5,<=,mg/L,MIC,Vitek,CLSI,,susceptible,unknown,unknown,not_curated,measured_public,SAMN45204686,biosamples_00000.xml:SAMN45204686:8
SAMN45204686,NCBI_SOURCE_UNKNOWN,,,Klebsiella pneumoniae,Nigeria,not applicable,Homo sapiens,not applicable,meropenem,0.25,<=,mg/L,MIC,Vitek,CLSI,,susceptible,unknown,unknown,not_curated,measured_public,SAMN45204686,biosamples_00000.xml:SAMN45204686:9
SAMN45204686,NCBI_SOURCE_UNKNOWN,,,Klebsiella pneumoniae,Nigeria,not applicable,Homo sapiens,not applicable,amikacin,2,<=,mg/L,MIC,Vitek,CLSI,,susceptible,unknown,unknown,not_curated,measured_public,SAMN45204686,biosamples_00000.xml:SAMN45204686:10
SAMN45204686,NCBI_SOURCE_UNKNOWN,,,Klebsiella pneumoniae,Nigeria,not applicable,Homo sapiens,not applicable,gentamicin,16,>=,mg/L,MIC,Vitek,CLSI,,resistant,unknown,unknown,not_curated,measured_public,SAMN45204686,biosamples_00000.xml:SAMN45204686:11
SAMN45204686,NCBI_SOURCE_UNKNOWN,,,Klebsiella pneumoniae,Nigeria,not applicable,Homo sapiens,not applicable,tobramycin,8,==,mg/L,MIC,Vitek,CLSI,,intermediate,unknown,unknown,not_curated,measured_public,SAMN45204686,biosamples_00000.xml:SAMN45204686:12
SAMN45204686,NCBI_SOURCE_UNKNOWN,,,Klebsiella pneumoniae,Nigeria,not applicable,Homo sapiens,not applicable,ciprofloxacin,0.25,<=,mg/L,MIC,Vitek,CLSI,,susceptible,unknown,unknown,not_curated,measured_public,SAMN45204686,biosamples_00000.xml:SAMN45204686:13
SAMN45204686,NCBI_SOURCE_UNKNOWN,,,Klebsiella pneumoniae,Nigeria,not applicable,Homo sapiens,not applicable,levofloxacin,0.12,<=,mg/L,MIC,Vitek,CLSI,,susceptible,unknown,unknown,not_curated,measured_public,SAMN45204686,biosamples_00000.xml:SAMN45204686:14
SAMN45204686,NCBI_SOURCE_UNKNOWN,,,Klebsiella pneumoniae,Nigeria,not applicable,Homo sapiens,not applicable,nitrofurantoin,128,==,mg/L,MIC,Vitek,CLSI,,resistant,unknown,unknown,not_curated,measured_public,SAMN45204686,biosamples_00000.xml:SAMN45204686:15
SAMN45204686,NCBI_SOURCE_UNKNOWN,,,Klebsiella pneumoniae,Nigeria,not applicable,Homo sapiens,not applicable,trimethoprim-sulfamethoxazole,16/304,>=,mg/L,MIC,Vitek,CLSI,,resistant,unknown,unknown,not_curated,measured_public,SAMN45204686,biosamples_00000.xml:SAMN45204686:16
SAMN45204673,NCBI_SOURCE_UNKNOWN,,,Klebsiella pneumoniae,Nigeria,not applicable,Homo sapiens,not applicable,ampicillin,32,>=,mg/L,MIC,Vitek,CLSI,,resistant,unknown,unknown,not_curated,measured_public,SAMN45204673,biosamples_00000.xml:SAMN45204673:1
SAMN45204673,NCBI_SOURCE_UNKNOWN,,,Klebsiella pneumoniae,Nigeria,not applicable,Homo sapiens,not applicable,piperacillin,128,>=,mg/L,MIC,Vitek,CLSI,,resistant,unknown,unknown,not_curated,measured_public,SAMN45204673,biosamples_00000.xml:SAMN45204673:2
SAMN45204673,NCBI_SOURCE_UNKNOWN,,,Klebsiella pneumoniae,Nigeria,not applicable,Homo sapiens,not applicable,cefazolin,64,>=,mg/L,MIC,Vitek,CLSI,,resistant,unknown,unknown,not_curated,measured_public,SAMN45204673,biosamples_00000.xml:SAMN45204673:3
SAMN45204673,NCBI_SOURCE_UNKNOWN,,,Klebsiella pneumoniae,Nigeria,not applicable,Homo sapiens,not applicable,cefoxitin,4,<=,mg/L,MIC,Vitek,CLSI,,susceptible,unknown,unknown,not_curated,measured_public,SAMN45204673,biosamples_00000.xml:SAMN45204673:4
SAMN45204673,NCBI_SOURCE_UNKNOWN,,,Klebsiella pneumoniae,Nigeria,not applicable,Homo sapiens,not applicable,ceftazidime,4,==,mg/L,MIC,Vitek,CLSI,,resistant,unknown,unknown,not_curated,measured_public,SAMN45204673,biosamples_00000.xml:SAMN45204673:5
SAMN45204673,NCBI_SOURCE_UNKNOWN,,,Klebsiella pneumoniae,Nigeria,not applicable,Homo sapiens,not applicable,ceftriaxone,16,==,mg/L,MIC,Vitek,CLSI,,resistant,unknown,unknown,not_curated,measured_public,SAMN45204673,biosamples_00000.xml:SAMN45204673:6
SAMN45204673,NCBI_SOURCE_UNKNOWN,,,Klebsiella pneumoniae,Nigeria,not applicable,Homo sapiens,not applicable,cefepime,2,==,mg/L,MIC,Vitek,CLSI,,resistant,unknown,unknown,not_curated,measured_public,SAMN45204673,biosamples_00000.xml:SAMN45204673:7
SAMN45204673,NCBI_SOURCE_UNKNOWN,,,Klebsiella pneumoniae,Nigeria,not applicable,Homo sapiens,not applicable,ertapenem,0.5,<=,mg/L,MIC,Vitek,CLSI,,susceptible,unknown,unknown,not_curated,measured_public,SAMN45204673,biosamples_00000.xml:SAMN45204673:8
SAMN45204673,NCBI_SOURCE_UNKNOWN,,,Klebsiella pneumoniae,Nigeria,not applicable,Homo sapiens,not applicable,meropenem,0.25,<=,mg/L,MIC,Vitek,CLSI,,susceptible,unknown,unknown,not_curated,measured_public,SAMN45204673,biosamples_00000.xml:SAMN45204673:9
SAMN45204673,NCBI_SOURCE_UNKNOWN,,,Klebsiella pneumoniae,Nigeria,not applicable,Homo sapiens,not applicable,amikacin,2,<=,mg/L,MIC,Vitek,CLSI,,susceptible,unknown,unknown,not_curated,measured_public,SAMN45204673,biosamples_00000.xml:SAMN45204673:10
SAMN45204673,NCBI_SOURCE_UNKNOWN,,,Klebsiella pneumoniae,Nigeria,not applicable,Homo sapiens,not applicable,gentamicin,16,>=,mg/L,MIC,Vitek,CLSI,,resistant,unknown,unknown,not_curated,measured_public,SAMN45204673,biosamples_00000.xml:SAMN45204673:11
SAMN45204673,NCBI_SOURCE_UNKNOWN,,,Klebsiella pneumoniae,Nigeria,not applicable,Homo sapiens,not applicable,tobramycin,16,>=,mg/L,MIC,Vitek,CLSI,,resistant,unknown,unknown,not_curated,measured_public,SAMN45204673,biosamples_00000.xml:SAMN45204673:12
SAMN45204673,NCBI_SOURCE_UNKNOWN,,,Klebsiella pneumoniae,Nigeria,not applicable,Homo sapiens,not applicable,ciprofloxacin,1,==,mg/L,MIC,Vitek,CLSI,,resistant,unknown,unknown,not_curated,measured_public,SAMN45204673,biosamples_00000.xml:SAMN45204673:13
SAMN45204673,NCBI_SOURCE_UNKNOWN,,,Klebsiella pneumoniae,Nigeria,not applicable,Homo sapiens,not applicable,levofloxacin,1,==,mg/L,MIC,Vitek,CLSI,,intermediate,unknown,unknown,not_curated,measured_public,SAMN45204673,biosamples_00000.xml:SAMN45204673:14
SAMN45204673,NCBI_SOURCE_UNKNOWN,,,Klebsiella pneumoniae,Nigeria,not applicable,Homo sapiens,not applicable,nitrofurantoin,16,<=,mg/L,MIC,Vitek,CLSI,,susceptible,unknown,unknown,not_curated,measured_public,SAMN45204673,biosamples_00000.xml:SAMN45204673:15
SAMN45204673,NCBI_SOURCE_UNKNOWN,,,Klebsiella pneumoniae,Nigeria,not applicable,Homo sapiens,not applicable,trimethoprim-sulfamethoxazole,16/304,>=,mg/L,MIC,Vitek,CLSI,,resistant,unknown,unknown,not_curated,measured_public,SAMN45204673,biosamples_00000.xml:SAMN45204673:16
SAMN45204667,NCBI_SOURCE_UNKNOWN,,,Klebsiella pneumoniae,Nigeria,not applicable,Homo sapiens,not applicable,ampicillin,32,>=,mg/L,MIC,Vitek,CLSI,,resistant,unknown,unknown,not_curated,measured_public,SAMN45204667,biosamples_00000.xml:SAMN45204667:1
SAMN45204667,NCBI_SOURCE_UNKNOWN,,,Klebsiella pneumoniae,Nigeria,not applicable,Homo sapiens,not applicable,piperacillin,128,>=,mg/L,MIC,Vitek,CLSI,,resistant,unknown,unknown,not_curated,measured_public,SAMN45204667,biosamples_00000.xml:SAMN45204667:2
SAMN45204667,NCBI_SOURCE_UNKNOWN,,,Klebsiella pneumoniae,Nigeria,not applicable,Homo sapiens,not applicable,cefazolin,64,>=,mg/L,MIC,Vitek,CLSI,,resistant,unknown,unknown,not_curated,measured_public,SAMN45204667,biosamples_00000.xml:SAMN45204667:3
SAMN45204667,NCBI_SOURCE_UNKNOWN,,,Klebsiella pneumoniae,Nigeria,not applicable,Homo sapiens,not applicable,cefoxitin,4,<=,mg/L,MIC,Vitek,CLSI,,susceptible,unknown,unknown,not_curated,measured_public,SAMN45204667,biosamples_00000.xml:SAMN45204667:4
SAMN45204667,NCBI_SOURCE_UNKNOWN,,,Klebsiella pneumoniae,Nigeria,not applicable,Homo sapiens,not applicable,ceftazidime,64,>=,mg/L,MIC,Vitek,CLSI,,resistant,unknown,unknown,not_curated,measured_public,SAMN45204667,biosamples_00000.xml:SAMN45204667:5
SAMN45204667,NCBI_SOURCE_UNKNOWN,,,Klebsiella pneumoniae,Nigeria,not applicable,Homo sapiens,not applicable,ceftriaxone,64,>=,mg/L,MIC,Vitek,CLSI,,resistant,unknown,unknown,not_curated,measured_public,SAMN45204667,biosamples_00000.xml:SAMN45204667:6
SAMN45204667,NCBI_SOURCE_UNKNOWN,,,Klebsiella pneumoniae,Nigeria,not applicable,Homo sapiens,not applicable,cefepime,64,>=,mg/L,MIC,Vitek,CLSI,,resistant,unknown,unknown,not_curated,measured_public,SAMN45204667,biosamples_00000.xml:SAMN45204667:7
SAMN45204667,NCBI_SOURCE_UNKNOWN,,,Klebsiella pneumoniae,Nigeria,not applicable,Homo sapiens,not applicable,ertapenem,0.5,<=,mg/L,MIC,Vitek,CLSI,,susceptible,unknown,unknown,not_curated,measured_public,SAMN45204667,biosamples_00000.xml:SAMN45204667:8
SAMN45204667,NCBI_SOURCE_UNKNOWN,,,Klebsiella pneumoniae,Nigeria,not applicable,Homo sapiens,not applicable,meropenem,0.25,<=,mg/L,MIC,Vitek,CLSI,,susceptible,unknown,unknown,not_curated,measured_public,SAMN45204667,biosamples_00000.xml:SAMN45204667:9
SAMN45204667,NCBI_SOURCE_UNKNOWN,,,Klebsiella pneumoniae,Nigeria,not applicable,Homo sapiens,not applicable,amikacin,2,<=,mg/L,MIC,Vitek,CLSI,,susceptible,unknown,unknown,not_curated,measured_public,SAMN45204667,biosamples_00000.xml:SAMN45204667:10
SAMN45204667,NCBI_SOURCE_UNKNOWN,,,Klebsiella pneumoniae,Nigeria,not applicable,Homo sapiens,not applicable,gentamicin,16,>=,mg/L,MIC,Vitek,CLSI,,resistant,unknown,unknown,not_curated,measured_public,SAMN45204667,biosamples_00000.xml:SAMN45204667:11
SAMN45204667,NCBI_SOURCE_UNKNOWN,,,Klebsiella pneumoniae,Nigeria,not applicable,Homo sapiens,not applicable,tobramycin,8,==,mg/L,MIC,Vitek,CLSI,,intermediate,unknown,unknown,not_curated,measured_public,SAMN45204667,biosamples_00000.xml:SAMN45204667:12
SAMN45204667,NCBI_SOURCE_UNKNOWN,,,Klebsiella pneumoniae,Nigeria,not applicable,Homo sapiens,not applicable,ciprofloxacin,0.25,<=,mg/L,MIC,Vitek,CLSI,,susceptible,unknown,unknown,not_curated,measured_public,SAMN45204667,biosamples_00000.xml:SAMN45204667:13
SAMN45204667,NCBI_SOURCE_UNKNOWN,,,Klebsiella pneumoniae,Nigeria,not applicable,Homo sapiens,not applicable,levofloxacin,0.12,<=,mg/L,MIC,Vitek,CLSI,,susceptible,unknown,unknown,not_curated,measured_public,SAMN45204667,biosamples_00000.xml:SAMN45204667:14
SAMN45204667,NCBI_SOURCE_UNKNOWN,,,Klebsiella pneumoniae,Nigeria,not applicable,Homo sapiens,not applicable,nitrofurantoin,64,==,mg/L,MIC,Vitek,CLSI,,intermediate,unknown,unknown,not_curated,measured_public,SAMN45204667,biosamples_00000.xml:SAMN45204667:15
SAMN45204667,NCBI_SOURCE_UNKNOWN,,,Klebsiella pneumoniae,Nigeria,not applicable,Homo sapiens,not applicable,trimethoprim-sulfamethoxazole,16/304,>=,mg/L,MIC,Vitek,CLSI,,resistant,unknown,unknown,not_curated,measured_public,SAMN45204667,biosamples_00000.xml:SAMN45204667:16
SAMN45204659,NCBI_SOURCE_UNKNOWN,,,Klebsiella pneumoniae,Nigeria,not applicable,Homo sapiens,not applicable,ampicillin,32,>=,mg/L,MIC,Vitek,CLSI,,resistant,unknown,unknown,not_curated,measured_public,SAMN45204659,biosamples_00000.xml:SAMN45204659:1
SAMN45204659,NCBI_SOURCE_UNKNOWN,,,Klebsiella pneumoniae,Nigeria,not applicable,Homo sapiens,not applicable,piperacillin,128,>=,mg/L,MIC,Vitek,CLSI,,resistant,unknown,unknown,not_curated,measured_public,SAMN45204659,biosamples_00000.xml:SAMN45204659:2
SAMN45204659,NCBI_SOURCE_UNKNOWN,,,Klebsiella pneumoniae,Nigeria,not applicable,Homo sapiens,not applicable,cefazolin,64,>=,mg/L,MIC,Vitek,CLSI,,resistant,unknown,unknown,not_curated,measured_public,SAMN45204659,biosamples_00000.xml:SAMN45204659:3
SAMN45204659,NCBI_SOURCE_UNKNOWN,,,Klebsiella pneumoniae,Nigeria,not applicable,Homo sapiens,not applicable,cefoxitin,4,<=,mg/L,MIC,Vitek,CLSI,,susceptible,unknown,unknown,not_curated,measured_public,SAMN45204659,biosamples_00000.xml:SAMN45204659:4
SAMN45204659,NCBI_SOURCE_UNKNOWN,,,Klebsiella pneumoniae,Nigeria,not applicable,Homo sapiens,not applicable,ceftazidime,16,==,mg/L,MIC,Vitek,CLSI,,resistant,unknown,unknown,not_curated,measured_public,SAMN45204659,biosamples_00000.xml:SAMN45204659:5
SAMN45204659,NCBI_SOURCE_UNKNOWN,,,Klebsiella pneumoniae,Nigeria,not applicable,Homo sapiens,not applicable,ceftriaxone,64,>=,mg/L,MIC,Vitek,CLSI,,resistant,unknown,unknown,not_curated,measured_public,SAMN45204659,biosamples_00000.xml:SAMN45204659:6
SAMN45204659,NCBI_SOURCE_UNKNOWN,,,Klebsiella pneumoniae,Nigeria,not applicable,Homo sapiens,not applicable,cefepime,2,==,mg/L,MIC,Vitek,CLSI,,resistant,unknown,unknown,not_curated,measured_public,SAMN45204659,biosamples_00000.xml:SAMN45204659:7
SAMN45204659,NCBI_SOURCE_UNKNOWN,,,Klebsiella pneumoniae,Nigeria,not applicable,Homo sapiens,not applicable,ertapenem,0.5,<=,mg/L,MIC,Vitek,CLSI,,susceptible,unknown,unknown,not_curated,measured_public,SAMN45204659,biosamples_00000.xml:SAMN45204659:8
SAMN45204659,NCBI_SOURCE_UNKNOWN,,,Klebsiella pneumoniae,Nigeria,not applicable,Homo sapiens,not applicable,meropenem,0.25,<=,mg/L,MIC,Vitek,CLSI,,susceptible,unknown,unknown,not_curated,measured_public,SAMN45204659,biosamples_00000.xml:SAMN45204659:9
SAMN45204659,NCBI_SOURCE_UNKNOWN,,,Klebsiella pneumoniae,Nigeria,not applicable,Homo sapiens,not applicable,amikacin,2,<=,mg/L,MIC,Vitek,CLSI,,susceptible,unknown,unknown,not_curated,measured_public,SAMN45204659,biosamples_00000.xml:SAMN45204659:10
SAMN45204659,NCBI_SOURCE_UNKNOWN,,,Klebsiella pneumoniae,Nigeria,not applicable,Homo sapiens,not applicable,gentamicin,16,>=,mg/L,MIC,Vitek,CLSI,,resistant,unknown,unknown,not_curated,measured_public,SAMN45204659,biosamples_00000.xml:SAMN45204659:11
SAMN45204659,NCBI_SOURCE_UNKNOWN,,,Klebsiella pneumoniae,Nigeria,not applicable,Homo sapiens,not applicable,tobramycin,8,==,mg/L,MIC,Vitek,CLSI,,intermediate,unknown,unknown,not_curated,measured_public,SAMN45204659,biosamples_00000.xml:SAMN45204659:12
SAMN45204659,NCBI_SOURCE_UNKNOWN,,,Klebsiella pneumoniae,Nigeria,not applicable,Homo sapiens,not applicable,ciprofloxacin,0.25,<=,mg/L,MIC,Vitek,CLSI,,susceptible,unknown,unknown,not_curated,measured_public,SAMN45204659,biosamples_00000.xml:SAMN45204659:13
SAMN45204659,NCBI_SOURCE_UNKNOWN,,,Klebsiella pneumoniae,Nigeria,not applicable,Homo sapiens,not applicable,levofloxacin,0.12,<=,mg/L,MIC,Vitek,CLSI,,susceptible,unknown,unknown,not_curated,measured_public,SAMN45204659,biosamples_00000.xml:SAMN45204659:14
SAMN45204659,NCBI_SOURCE_UNKNOWN,,,Klebsiella pneumoniae,Nigeria,not applicable,Homo sapiens,not applicable,nitrofurantoin,64,==,mg/L,MIC,Vitek,CLSI,,intermediate,unknown,unknown,not_curated,measured_public,SAMN45204659,biosamples_00000.xml:SAMN45204659:15
SAMN45204659,NCBI_SOURCE_UNKNOWN,,,Klebsiella pneumoniae,Nigeria,not applicable,Homo sapiens,not applicable,trimethoprim-sulfamethoxazole,16/304,>=,mg/L,MIC,Vitek,CLSI,,resistant,unknown,unknown,not_curated,measured_public,SAMN45204659,biosamples_00000.xml:SAMN45204659:16
SAMN45204650,NCBI_SOURCE_UNKNOWN,,,Klebsiella pneumoniae,Nigeria,not applicable,Homo sapiens,not applicable,ampicillin,32,>=,mg/L,MIC,Vitek,CLSI,,resistant,unknown,unknown,not_curated,measured_public,SAMN45204650,biosamples_00000.xml:SAMN45204650:1
SAMN45204650,NCBI_SOURCE_UNKNOWN,,,Klebsiella pneumoniae,Nigeria,not applicable,Homo sapiens,not applicable,piperacillin,128,>=,mg/L,MIC,Vitek,CLSI,,resistant,unknown,unknown,not_curated,measured_public,SAMN45204650,biosamples_00000.xml:SAMN45204650:2
SAMN45204650,NCBI_SOURCE_UNKNOWN,,,Klebsiella pneumoniae,Nigeria,not applicable,Homo sapiens,not applicable,cefazolin,64,>=,mg/L,MIC,Vitek,CLSI,,resistant,unknown,unknown,not_curated,measured_public,SAMN45204650,biosamples_00000.xml:SAMN45204650:3
SAMN45204650,NCBI_SOURCE_UNKNOWN,,,Klebsiella pneumoniae,Nigeria,not applicable,Homo sapiens,not applicable,cefoxitin,4,<=,mg/L,MIC,Vitek,CLSI,,susceptible,unknown,unknown,not_curated,measured_public,SAMN45204650,biosamples_00000.xml:SAMN45204650:4
SAMN45204650,NCBI_SOURCE_UNKNOWN,,,Klebsiella pneumoniae,Nigeria,not applicable,Homo sapiens,not applicable,ceftazidime,64,>=,mg/L,MIC,Vitek,CLSI,,resistant,unknown,unknown,not_curated,measured_public,SAMN45204650,biosamples_00000.xml:SAMN45204650:5
SAMN45204650,NCBI_SOURCE_UNKNOWN,,,Klebsiella pneumoniae,Nigeria,not applicable,Homo sapiens,not applicable,ceftriaxone,64,>=,mg/L,MIC,Vitek,CLSI,,resistant,unknown,unknown,not_curated,measured_public,SAMN45204650,biosamples_00000.xml:SAMN45204650:6
SAMN45204650,NCBI_SOURCE_UNKNOWN,,,Klebsiella pneumoniae,Nigeria,not applicable,Homo sapiens,not applicable,cefepime,64,>=,mg/L,MIC,Vitek,CLSI,,resistant,unknown,unknown,not_curated,measured_public,SAMN45204650,biosamples_00000.xml:SAMN45204650:7
SAMN45204650,NCBI_SOURCE_UNKNOWN,,,Klebsiella pneumoniae,Nigeria,not applicable,Homo sapiens,not applicable,ertapenem,0.5,<=,mg/L,MIC,Vitek,CLSI,,susceptible,unknown,unknown,not_curated,measured_public,SAMN45204650,biosamples_00000.xml:SAMN45204650:8
SAMN45204650,NCBI_SOURCE_UNKNOWN,,,Klebsiella pneumoniae,Nigeria,not applicable,Homo sapiens,not applicable,meropenem,0.25,<=,mg/L,MIC,Vitek,CLSI,,susceptible,unknown,unknown,not_curated,measured_public,SAMN45204650,biosamples_00000.xml:SAMN45204650:9
SAMN45204650,NCBI_SOURCE_UNKNOWN,,,Klebsiella pneumoniae,Nigeria,not applicable,Homo sapiens,not applicable,amikacin,2,<=,mg/L,MIC,Vitek,CLSI,,susceptible,unknown,unknown,not_curated,measured_public,SAMN45204650,biosamples_00000.xml:SAMN45204650:10
SAMN45204650,NCBI_SOURCE_UNKNOWN,,,Klebsiella pneumoniae,Nigeria,not applicable,Homo sapiens,not applicable,gentamicin,16,>=,mg/L,MIC,Vitek,CLSI,,resistant,unknown,unknown,not_curated,measured_public,SAMN45204650,biosamples_00000.xml:SAMN45204650:11
SAMN45204650,NCBI_SOURCE_UNKNOWN,,,Klebsiella pneumoniae,Nigeria,not applicable,Homo sapiens,not applicable,tobramycin,4,==,mg/L,MIC,Vitek,CLSI,,intermediate,unknown,unknown,not_curated,measured_public,SAMN45204650,biosamples_00000.xml:SAMN45204650:12
SAMN45204650,NCBI_SOURCE_UNKNOWN,,,Klebsiella pneumoniae,Nigeria,not applicable,Homo sapiens,not applicable,ciprofloxacin,0.25,<=,mg/L,MIC,Vitek,CLSI,,susceptible,unknown,unknown,not_curated,measured_public,SAMN45204650,biosamples_00000.xml:SAMN45204650:13
SAMN45204650,NCBI_SOURCE_UNKNOWN,,,Klebsiella pneumoniae,Nigeria,not applicable,Homo sapiens,not applicable,levofloxacin,0.12,<=,mg/L,MIC,Vitek,CLSI,,susceptible,unknown,unknown,not_curated,measured_public,SAMN45204650,biosamples_00000.xml:SAMN45204650:14
SAMN45204650,NCBI_SOURCE_UNKNOWN,,,Klebsiella pneumoniae,Nigeria,not applicable,Homo sapiens,not applicable,nitrofurantoin,128,==,mg/L,MIC,Vitek,CLSI,,resistant,unknown,unknown,not_curated,measured_public,SAMN45204650,biosamples_00000.xml:SAMN45204650:15
SAMN45204650,NCBI_SOURCE_UNKNOWN,,,Klebsiella pneumoniae,Nigeria,not applicable,Homo sapiens,not applicable,trimethoprim-sulfamethoxazole,16/304,>=,mg/L,MIC,Vitek,CLSI,,resistant,unknown,unknown,not_curated,measured_public,SAMN45204650,biosamples_00000.xml:SAMN45204650:16
SAMN41558525,NCBI_SOURCE_UNKNOWN,,,Klebsiella pneumoniae,Canada,2023-09-08,,Coconut meat [FOODON:00003856]; Ready-to-eat (RTE) [FOODON:03316636]; Food (chunks) [FOODON:00004555]; Food (frozen) [FOODON:03302148]; Retail environment [ENVO:01001448],cefoxitin,4,==,mg/L,MIC,Sensititre,CLSI,,susceptible,unknown,unknown,not_curated,measured_public,SAMN41558525,biosamples_00000.xml:SAMN41558525:1
SAMN41558525,NCBI_SOURCE_UNKNOWN,,,Klebsiella pneumoniae,Canada,2023-09-08,,Coconut meat [FOODON:00003856]; Ready-to-eat (RTE) [FOODON:03316636]; Food (chunks) [FOODON:00004555]; Food (frozen) [FOODON:03302148]; Retail environment [ENVO:01001448],ceftriaxone,64,>,mg/L,MIC,Sensititre,CLSI,,resistant,unknown,unknown,not_curated,measured_public,SAMN41558525,biosamples_00000.xml:SAMN41558525:2
SAMN41558525,NCBI_SOURCE_UNKNOWN,,,Klebsiella pneumoniae,Canada,2023-09-08,,Coconut meat [FOODON:00003856]; Ready-to-eat (RTE) [FOODON:03316636]; Food (chunks) [FOODON:00004555]; Food (frozen) [FOODON:03302148]; Retail environment [ENVO:01001448],amoxicillin-clavulanic acid,4/2,==,mg/L,MIC,Sensititre,CLSI,,susceptible,unknown,unknown,not_curated,measured_public,SAMN41558525,biosamples_00000.xml:SAMN41558525:3
SAMN41558525,NCBI_SOURCE_UNKNOWN,,,Klebsiella pneumoniae,Canada,2023-09-08,,Coconut meat [FOODON:00003856]; Ready-to-eat (RTE) [FOODON:03316636]; Food (chunks) [FOODON:00004555]; Food (frozen) [FOODON:03302148]; Retail environment [ENVO:01001448],ampicillin,32,>,mg/L,MIC,Sensititre,CLSI,,resistant,unknown,unknown,not_curated,measured_public,SAMN41558525,biosamples_00000.xml:SAMN41558525:4
SAMN41558525,NCBI_SOURCE_UNKNOWN,,,Klebsiella pneumoniae,Canada,2023-09-08,,Coconut meat [FOODON:00003856]; Ready-to-eat (RTE) [FOODON:03316636]; Food (chunks) [FOODON:00004555]; Food (frozen) [FOODON:03302148]; Retail environment [ENVO:01001448],meropenem,0.06,==,mg/L,MIC,Sensititre,CLSI,,susceptible,unknown,unknown,not_curated,measured_public,SAMN41558525,biosamples_00000.xml:SAMN41558525:5
SAMN41558525,NCBI_SOURCE_UNKNOWN,,,Klebsiella pneumoniae,Canada,2023-09-08,,Coconut meat [FOODON:00003856]; Ready-to-eat (RTE) [FOODON:03316636]; Food (chunks) [FOODON:00004555]; Food (frozen) [FOODON:03302148]; Retail environment [ENVO:01001448],azithromycin,64,==,mg/L,MIC,Sensititre,CLSI,,not defined,unknown,unknown,not_curated,measured_public,SAMN41558525,biosamples_00000.xml:SAMN41558525:6
SAMN41558525,NCBI_SOURCE_UNKNOWN,,,Klebsiella pneumoniae,Canada,2023-09-08,,Coconut meat [FOODON:00003856]; Ready-to-eat (RTE) [FOODON:03316636]; Food (chunks) [FOODON:00004555]; Food (frozen) [FOODON:03302148]; Retail environment [ENVO:01001448],chloramphenicol,4,==,mg/L,MIC,Sensititre,CLSI,,susceptible,unknown,unknown,not_curated,measured_public,SAMN41558525,biosamples_00000.xml:SAMN41558525:7
SAMN41558525,NCBI_SOURCE_UNKNOWN,,,Klebsiella pneumoniae,Canada,2023-09-08,,Coconut meat [FOODON:00003856]; Ready-to-eat (RTE) [FOODON:03316636]; Food (chunks) [FOODON:00004555]; Food (frozen) [FOODON:03302148]; Retail environment [ENVO:01001448],tetracycline,4,==,mg/L,MIC,Sensititre,CLSI,,susceptible,unknown,unknown,not_curated,measured_public,SAMN41558525,biosamples_00000.xml:SAMN41558525:8
SAMN41558525,NCBI_SOURCE_UNKNOWN,,,Klebsiella pneumoniae,Canada,2023-09-08,,Coconut meat [FOODON:00003856]; Ready-to-eat (RTE) [FOODON:03316636]; Food (chunks) [FOODON:00004555]; Food (frozen) [FOODON:03302148]; Retail environment [ENVO:01001448],ciprofloxacin,0.5,==,mg/L,MIC,Sensititre,CLSI,,intermediate,unknown,unknown,not_curated,measured_public,SAMN41558525,biosamples_00000.xml:SAMN41558525:9
SAMN41558525,NCBI_SOURCE_UNKNOWN,,,Klebsiella pneumoniae,Canada,2023-09-08,,Coconut meat [FOODON:00003856]; Ready-to-eat (RTE) [FOODON:03316636]; Food (chunks) [FOODON:00004555]; Food (frozen) [FOODON:03302148]; Retail environment [ENVO:01001448],nalidixic acid,8,==,mg/L,MIC,Sensititre,CLSI,,susceptible,unknown,unknown,not_curated,measured_public,SAMN41558525,biosamples_00000.xml:SAMN41558525:10
SAMN41558525,NCBI_SOURCE_UNKNOWN,,,Klebsiella pneumoniae,Canada,2023-09-08,,Coconut meat [FOODON:00003856]; Ready-to-eat (RTE) [FOODON:03316636]; Food (chunks) [FOODON:00004555]; Food (frozen) [FOODON:03302148]; Retail environment [ENVO:01001448],gentamicin,0.25,==,mg/L,MIC,Sensititre,CLSI,,susceptible,unknown,unknown,not_curated,measured_public,SAMN41558525,biosamples_00000.xml:SAMN41558525:11
SAMN41558525,NCBI_SOURCE_UNKNOWN,,,Klebsiella pneumoniae,Canada,2023-09-08,,Coconut meat [FOODON:00003856]; Ready-to-eat (RTE) [FOODON:03316636]; Food (chunks) [FOODON:00004555]; Food (frozen) [FOODON:03302148]; Retail environment [ENVO:01001448],sulfisoxazole,256,>,mg/L,MIC,Sensititre,CLSI,,intermediate,unknown,unknown,not_curated,measured_public,SAMN41558525,biosamples_00000.xml:SAMN41558525:12
SAMN41558525,NCBI_SOURCE_UNKNOWN,,,Klebsiella pneumoniae,Canada,2023-09-08,,Coconut meat [FOODON:00003856]; Ready-to-eat (RTE) [FOODON:03316636]; Food (chunks) [FOODON:00004555]; Food (frozen) [FOODON:03302148]; Retail environment [ENVO:01001448],trimethoprim-sulfamethoxazole,4/76,>,mg/L,MIC,Sensititre,CLSI,,resistant,unknown,unknown,not_curated,measured_public,SAMN41558525,biosamples_00000.xml:SAMN41558525:13
SAMN41558525,NCBI_SOURCE_UNKNOWN,,,Klebsiella pneumoniae,Canada,2023-09-08,,Coconut meat [FOODON:00003856]; Ready-to-eat (RTE) [FOODON:03316636]; Food (chunks) [FOODON:00004555]; Food (frozen) [FOODON:03302148]; Retail environment [ENVO:01001448],colistin,0.25,==,mg/L,MIC,Sensititre,CLSI,,not defined,unknown,unknown,not_curated,measured_public,SAMN41558525,biosamples_00000.xml:SAMN41558525:14
SAMN55933030,NCBI_SOURCE_UNKNOWN,,,Klebsiella pneumoniae,Ireland,2025,Homo sapiens,Wound abdomen,meropenem,0.38,==,mg/L,MIC,,EUCAST,,susceptible,unknown,unknown,not_curated,measured_public,SAMN55933030,biosamples_00000.xml:SAMN55933030:1
SAMN38330147,NCBI_SOURCE_UNKNOWN,,,Klebsiella pneumoniae,Canada,2016,Homo sapiens,not collected,ceftriaxone,1,<=,mg/L,MIC,Vitek,CLSI,,susceptible,unknown,unknown,not_curated,measured_public,SAMN38330147,biosamples_00000.xml:SAMN38330147:1
SAMN38330147,NCBI_SOURCE_UNKNOWN,,,Klebsiella pneumoniae,Canada,2016,Homo sapiens,not collected,ceftazidime,1,<=,mg/L,MIC,Vitek,CLSI,,susceptible,unknown,unknown,not_curated,measured_public,SAMN38330147,biosamples_00000.xml:SAMN38330147:2
SAMN38330147,NCBI_SOURCE_UNKNOWN,,,Klebsiella pneumoniae,Canada,2016,Homo sapiens,not collected,amoxicillin-clavulanic acid,4/2,==,mg/L,MIC,Vitek,CLSI,,susceptible,unknown,unknown,not_curated,measured_public,SAMN38330147,biosamples_00000.xml:SAMN38330147:3
SAMN38330147,NCBI_SOURCE_UNKNOWN,,,Klebsiella pneumoniae,Canada,2016,Homo sapiens,not collected,piperacillin-tazobactam,8/4,==,mg/L,MIC,Vitek,CLSI,,susceptible,unknown,unknown,not_curated,measured_public,SAMN38330147,biosamples_00000.xml:SAMN38330147:4
SAMN38330126,NCBI_SOURCE_UNKNOWN,,,Klebsiella pneumoniae,Canada,2016,Homo sapiens,not collected,ceftriaxone,1,<=,mg/L,MIC,Vitek,CLSI,,susceptible,unknown,unknown,not_curated,measured_public,SAMN38330126,biosamples_00000.xml:SAMN38330126:1
SAMN38330126,NCBI_SOURCE_UNKNOWN,,,Klebsiella pneumoniae,Canada,2016,Homo sapiens,not collected,ceftazidime,1,<=,mg/L,MIC,Vitek,CLSI,,susceptible,unknown,unknown,not_curated,measured_public,SAMN38330126,biosamples_00000.xml:SAMN38330126:2
SAMN38330126,NCBI_SOURCE_UNKNOWN,,,Klebsiella pneumoniae,Canada,2016,Homo sapiens,not collected,piperacillin-tazobactam,4/4,<=,mg/L,MIC,Vitek,CLSI,,susceptible,unknown,unknown,not_curated,measured_public,SAMN38330126,biosamples_00000.xml:SAMN38330126:3
SAMN38330126,NCBI_SOURCE_UNKNOWN,,,Klebsiella pneumoniae,Canada,2016,Homo sapiens,not collected,amoxicillin-clavulanic acid,2/1,<=,mg/L,MIC,Vitek,CLSI,,susceptible,unknown,unknown,not_curated,measured_public,SAMN38330126,biosamples_00000.xml:SAMN38330126:4
SAMN38330116,NCBI_SOURCE_UNKNOWN,,,Klebsiella pneumoniae,Canada,2016,Homo sapiens,not collected,ceftriaxone,1,<=,mg/L,MIC,Vitek,CLSI,,susceptible,unknown,unknown,not_curated,measured_public,SAMN38330116,biosamples_00000.xml:SAMN38330116:1
SAMN38330116,NCBI_SOURCE_UNKNOWN,,,Klebsiella pneumoniae,Canada,2016,Homo sapiens,not collected,ceftazidime,1,<=,mg/L,MIC,Vitek,CLSI,,susceptible,unknown,unknown,not_curated,measured_public,SAMN38330116,biosamples_00000.xml:SAMN38330116:2
SAMN38330116,NCBI_SOURCE_UNKNOWN,,,Klebsiella pneumoniae,Canada,2016,Homo sapiens,not collected,amoxicillin-clavulanic acid,2/1,<=,mg/L,MIC,Vitek,CLSI,,susceptible,unknown,unknown,not_curated,measured_public,SAMN38330116,biosamples_00000.xml:SAMN38330116:3
SAMN38330116,NCBI_SOURCE_UNKNOWN,,,Klebsiella pneumoniae,Canada,2016,Homo sapiens,not collected,piperacillin-tazobactam,8/4,==,mg/L,MIC,Vitek,CLSI,,susceptible,unknown,unknown,not_curated,measured_public,SAMN38330116,biosamples_00000.xml:SAMN38330116:4
SAMN38330111,NCBI_SOURCE_UNKNOWN,,,Klebsiella pneumoniae,Canada,2016,Homo sapiens,not collected,ceftriaxone,1,<=,mg/L,MIC,Vitek,CLSI,,susceptible,unknown,unknown,not_curated,measured_public,SAMN38330111,biosamples_00000.xml:SAMN38330111:1
SAMN38330111,NCBI_SOURCE_UNKNOWN,,,Klebsiella pneumoniae,Canada,2016,Homo sapiens,not collected,ceftazidime,1,<=,mg/L,MIC,Vitek,CLSI,,susceptible,unknown,unknown,not_curated,measured_public,SAMN38330111,biosamples_00000.xml:SAMN38330111:2
SAMN38330111,NCBI_SOURCE_UNKNOWN,,,Klebsiella pneumoniae,Canada,2016,Homo sapiens,not collected,piperacillin-tazobactam,4/4,<=,mg/L,MIC,Vitek,CLSI,,susceptible,unknown,unknown,not_curated,measured_public,SAMN38330111,biosamples_00000.xml:SAMN38330111:3
SAMN38330111,NCBI_SOURCE_UNKNOWN,,,Klebsiella pneumoniae,Canada,2016,Homo sapiens,not collected,amoxicillin-clavulanic acid,2/1,<=,mg/L,MIC,Vitek,CLSI,,susceptible,unknown,unknown,not_curated,measured_public,SAMN38330111,biosamples_00000.xml:SAMN38330111:4
SAMN38330110,NCBI_SOURCE_UNKNOWN,,,Klebsiella pneumoniae,Canada,2016,Homo sapiens,not collected,ceftriaxone,1,<=,mg/L,MIC,Vitek,CLSI,,susceptible,unknown,unknown,not_curated,measured_public,SAMN38330110,biosamples_00000.xml:SAMN38330110:1
SAMN38330110,NCBI_SOURCE_UNKNOWN,,,Klebsiella pneumoniae,Canada,2016,Homo sapiens,not collected,ceftazidime,1,<=,mg/L,MIC,Vitek,CLSI,,susceptible,unknown,unknown,not_curated,measured_public,SAMN38330110,biosamples_00000.xml:SAMN38330110:2
SAMN38330110,NCBI_SOURCE_UNKNOWN,,,Klebsiella pneumoniae,Canada,2016,Homo sapiens,not collected,piperacillin-tazobactam,4/4,<=,mg/L,MIC,Vitek,CLSI,,susceptible,unknown,unknown,not_curated,measured_public,SAMN38330110,biosamples_00000.xml:SAMN38330110:3
SAMN38330110,NCBI_SOURCE_UNKNOWN,,,Klebsiella pneumoniae,Canada,2016,Homo sapiens,not collected,amoxicillin-clavulanic acid,2/1,<=,mg/L,MIC,Vitek,CLSI,,susceptible,unknown,unknown,not_curated,measured_public,SAMN38330110,biosamples_00000.xml:SAMN38330110:4
SAMN38330109,NCBI_SOURCE_UNKNOWN,,,Klebsiella pneumoniae,Canada,2016,Homo sapiens,not collected,ceftriaxone,1,<=,mg/L,MIC,Vitek,CLSI,,susceptible,unknown,unknown,not_curated,measured_public,SAMN38330109,biosamples_00000.xml:SAMN38330109:1
SAMN38330109,NCBI_SOURCE_UNKNOWN,,,Klebsiella pneumoniae,Canada,2016,Homo sapiens,not collected,ceftazidime,1,<=,mg/L,MIC,Vitek,CLSI,,susceptible,unknown,unknown,not_curated,measured_public,SAMN38330109,biosamples_00000.xml:SAMN38330109:2
SAMN38330109,NCBI_SOURCE_UNKNOWN,,,Klebsiella pneumoniae,Canada,2016,Homo sapiens,not collected,piperacillin-tazobactam,4/4,<=,mg/L,MIC,Vitek,CLSI,,susceptible,unknown,unknown,not_curated,measured_public,SAMN38330109,biosamples_00000.xml:SAMN38330109:3
SAMN38330109,NCBI_SOURCE_UNKNOWN,,,Klebsiella pneumoniae,Canada,2016,Homo sapiens,not collected,amoxicillin-clavulanic acid,2/1,<=,mg/L,MIC,Vitek,CLSI,,susceptible,unknown,unknown,not_curated,measured_public,SAMN38330109,biosamples_00000.xml:SAMN38330109:4
SAMN38329998,NCBI_SOURCE_UNKNOWN,,,Klebsiella pneumoniae,Canada,2016,Homo sapiens,not collected,ceftriaxone,1,<=,mg/L,MIC,Vitek,CLSI,,susceptible,unknown,unknown,not_curated,measured_public,SAMN38329998,biosamples_00000.xml:SAMN38329998:1
SAMN38329998,NCBI_SOURCE_UNKNOWN,,,Klebsiella pneumoniae,Canada,2016,Homo sapiens,not collected,ceftazidime,1,<=,mg/L,MIC,Vitek,CLSI,,susceptible,unknown,unknown,not_curated,measured_public,SAMN38329998,biosamples_00000.xml:SAMN38329998:2
SAMN38329998,NCBI_SOURCE_UNKNOWN,,,Klebsiella pneumoniae,Canada,2016,Homo sapiens,not collected,piperacillin-tazobactam,4/4,<=,mg/L,MIC,Vitek,CLSI,,susceptible,unknown,unknown,not_curated,measured_public,SAMN38329998,biosamples_00000.xml:SAMN38329998:3
SAMN38329998,NCBI_SOURCE_UNKNOWN,,,Klebsiella pneumoniae,Canada,2016,Homo sapiens,not collected,amoxicillin-clavulanic acid,2/1,<=,mg/L,MIC,Vitek,CLSI,,susceptible,unknown,unknown,not_curated,measured_public,SAMN38329998,biosamples_00000.xml:SAMN38329998:4
SAMN38329996,NCBI_SOURCE_UNKNOWN,,,Klebsiella pneumoniae,Canada,2016,Homo sapiens,not collected,ceftriaxone,1,<=,mg/L,MIC,Vitek,CLSI,,susceptible,unknown,unknown,not_curated,measured_public,SAMN38329996,biosamples_00000.xml:SAMN38329996:1
SAMN38329996,NCBI_SOURCE_UNKNOWN,,,Klebsiella pneumoniae,Canada,2016,Homo sapiens,not collected,ceftazidime,1,<=,mg/L,MIC,Vitek,CLSI,,susceptible,unknown,unknown,not_curated,measured_public,SAMN38329996,biosamples_00000.xml:SAMN38329996:2
SAMN38329996,NCBI_SOURCE_UNKNOWN,,,Klebsiella pneumoniae,Canada,2016,Homo sapiens,not collected,piperacillin-tazobactam,16/4,==,mg/L,MIC,Vitek,CLSI,,intermediate,unknown,unknown,not_curated,measured_public,SAMN38329996,biosamples_00000.xml:SAMN38329996:3
SAMN38329996,NCBI_SOURCE_UNKNOWN,,,Klebsiella pneumoniae,Canada,2016,Homo sapiens,not collected,amoxicillin-clavulanic acid,4/2,==,mg/L,MIC,Vitek,CLSI,,susceptible,unknown,unknown,not_curated,measured_public,SAMN38329996,biosamples_00000.xml:SAMN38329996:4
SAMN38329994,NCBI_SOURCE_UNKNOWN,,,Klebsiella pneumoniae,Canada,2016,Homo sapiens,not collected,ceftriaxone,1,<=,mg/L,MIC,Vitek,CLSI,,susceptible,unknown,unknown,not_curated,measured_public,SAMN38329994,biosamples_00000.xml:SAMN38329994:1
SAMN38329994,NCBI_SOURCE_UNKNOWN,,,Klebsiella pneumoniae,Canada,2016,Homo sapiens,not collected,ceftazidime,1,<=,mg/L,MIC,Vitek,CLSI,,susceptible,unknown,unknown,not_curated,measured_public,SAMN38329994,biosamples_00000.xml:SAMN38329994:2
SAMN38329994,NCBI_SOURCE_UNKNOWN,,,Klebsiella pneumoniae,Canada,2016,Homo sapiens,not collected,piperacillin-tazobactam,16/4,==,mg/L,MIC,Vitek,CLSI,,intermediate,unknown,unknown,not_curated,measured_public,SAMN38329994,biosamples_00000.xml:SAMN38329994:3
SAMN38329994,NCBI_SOURCE_UNKNOWN,,,Klebsiella pneumoniae,Canada,2016,Homo sapiens,not collected,amoxicillin-clavulanic acid,8/4,==,mg/L,MIC,Vitek,CLSI,,susceptible,unknown,unknown,not_curated,measured_public,SAMN38329994,biosamples_00000.xml:SAMN38329994:4
SAMN38329990,NCBI_SOURCE_UNKNOWN,,,Klebsiella pneumoniae,Canada,2016,Homo sapiens,not collected,ceftriaxone,1,<=,mg/L,MIC,Vitek,CLSI,,susceptible,unknown,unknown,not_curated,measured_public,SAMN38329990,biosamples_00000.xml:SAMN38329990:1
SAMN38329990,NCBI_SOURCE_UNKNOWN,,,Klebsiella pneumoniae,Canada,2016,Homo sapiens,not collected,ceftazidime,1,<=,mg/L,MIC,Vitek,CLSI,,susceptible,unknown,unknown,not_curated,measured_public,SAMN38329990,biosamples_00000.xml:SAMN38329990:2
SAMN38329990,NCBI_SOURCE_UNKNOWN,,,Klebsiella pneumoniae,Canada,2016,Homo sapiens,not collected,piperacillin-tazobactam,4/4,<=,mg/L,MIC,Vitek,CLSI,,susceptible,unknown,unknown,not_curated,measured_public,SAMN38329990,biosamples_00000.xml:SAMN38329990:3
SAMN38329990,NCBI_SOURCE_UNKNOWN,,,Klebsiella pneumoniae,Canada,2016,Homo sapiens,not collected,amoxicillin-clavulanic acid,2/1,<=,mg/L,MIC,Vitek,CLSI,,susceptible,unknown,unknown,not_curated,measured_public,SAMN38329990,biosamples_00000.xml:SAMN38329990:4
SAMN38329989,NCBI_SOURCE_UNKNOWN,,,Klebsiella pneumoniae,Canada,2016,Homo sapiens,not collected,ceftriaxone,1,<=,mg/L,MIC,Vitek,CLSI,,susceptible,unknown,unknown,not_curated,measured_public,SAMN38329989,biosamples_00000.xml:SAMN38329989:1
SAMN38329989,NCBI_SOURCE_UNKNOWN,,,Klebsiella pneumoniae,Canada,2016,Homo sapiens,not collected,ceftazidime,1,<=,mg/L,MIC,Vitek,CLSI,,susceptible,unknown,unknown,not_curated,measured_public,SAMN38329989,biosamples_00000.xml:SAMN38329989:2
SAMN38329989,NCBI_SOURCE_UNKNOWN,,,Klebsiella pneumoniae,Canada,2016,Homo sapiens,not collected,piperacillin-tazobactam,4/4,<=,mg/L,MIC,Vitek,CLSI,,susceptible,unknown,unknown,not_curated,measured_public,SAMN38329989,biosamples_00000.xml:SAMN38329989:3
SAMN38329989,NCBI_SOURCE_UNKNOWN,,,Klebsiella pneumoniae,Canada,2016,Homo sapiens,not collected,amoxicillin-clavulanic acid,2/1,<=,mg/L,MIC,Vitek,CLSI,,susceptible,unknown,unknown,not_curated,measured_public,SAMN38329989,biosamples_00000.xml:SAMN38329989:4
SAMN38329987,NCBI_SOURCE_UNKNOWN,,,Klebsiella pneumoniae,Canada,2016,Homo sapiens,not collected,ceftriaxone,1,<=,mg/L,MIC,Vitek,CLSI,,susceptible,unknown,unknown,not_curated,measured_public,SAMN38329987,biosamples_00000.xml:SAMN38329987:1
SAMN38329987,NCBI_SOURCE_UNKNOWN,,,Klebsiella pneumoniae,Canada,2016,Homo sapiens,not collected,ceftazidime,1,<=,mg/L,MIC,Vitek,CLSI,,susceptible,unknown,unknown,not_curated,measured_public,SAMN38329987,biosamples_00000.xml:SAMN38329987:2
SAMN38329987,NCBI_SOURCE_UNKNOWN,,,Klebsiella pneumoniae,Canada,2016,Homo sapiens,not collected,piperacillin-tazobactam,4/4,<=,mg/L,MIC,Vitek,CLSI,,susceptible,unknown,unknown,not_curated,measured_public,SAMN38329987,biosamples_00000.xml:SAMN38329987:3
SAMN38329987,NCBI_SOURCE_UNKNOWN,,,Klebsiella pneumoniae,Canada,2016,Homo sapiens,not collected,amoxicillin-clavulanic acid,2/1,<=,mg/L,MIC,Vitek,CLSI,,susceptible,unknown,unknown,not_curated,measured_public,SAMN38329987,biosamples_00000.xml:SAMN38329987:4
SAMN38329976,NCBI_SOURCE_UNKNOWN,,,Klebsiella pneumoniae,Canada,2016,Homo sapiens,not collected,ceftriaxone,1,<=,mg/L,MIC,Vitek,CLSI,,susceptible,unknown,unknown,not_curated,measured_public,SAMN38329976,biosamples_00000.xml:SAMN38329976:1
SAMN38329976,NCBI_SOURCE_UNKNOWN,,,Klebsiella pneumoniae,Canada,2016,Homo sapiens,not collected,ceftazidime,1,<=,mg/L,MIC,Vitek,CLSI,,susceptible,unknown,unknown,not_curated,measured_public,SAMN38329976,biosamples_00000.xml:SAMN38329976:2
SAMN38329976,NCBI_SOURCE_UNKNOWN,,,Klebsiella pneumoniae,Canada,2016,Homo sapiens,not collected,piperacillin-tazobactam,4/4,<=,mg/L,MIC,Vitek,CLSI,,susceptible,unknown,unknown,not_curated,measured_public,SAMN38329976,biosamples_00000.xml:SAMN38329976:3
SAMN38329976,NCBI_SOURCE_UNKNOWN,,,Klebsiella pneumoniae,Canada,2016,Homo sapiens,not collected,amoxicillin-clavulanic acid,2/1,<=,mg/L,MIC,Vitek,CLSI,,susceptible,unknown,unknown,not_curated,measured_public,SAMN38329976,biosamples_00000.xml:SAMN38329976:4
SAMN38329969,NCBI_SOURCE_UNKNOWN,,,Klebsiella pneumoniae,Canada,2016,Homo sapiens,not collected,ceftriaxone,1,<=,mg/L,MIC,Vitek,CLSI,,susceptible,unknown,unknown,not_curated,measured_public,SAMN38329969,biosamples_00000.xml:SAMN38329969:1
SAMN38329969,NCBI_SOURCE_UNKNOWN,,,Klebsiella pneumoniae,Canada,2016,Homo sapiens,not collected,ceftazidime,1,<=,mg/L,MIC,Vitek,CLSI,,susceptible,unknown,unknown,not_curated,measured_public,SAMN38329969,biosamples_00000.xml:SAMN38329969:2
SAMN38329969,NCBI_SOURCE_UNKNOWN,,,Klebsiella pneumoniae,Canada,2016,Homo sapiens,not collected,piperacillin-tazobactam,4/4,<=,mg/L,MIC,Vitek,CLSI,,susceptible,unknown,unknown,not_curated,measured_public,SAMN38329969,biosamples_00000.xml:SAMN38329969:3
SAMN38329969,NCBI_SOURCE_UNKNOWN,,,Klebsiella pneumoniae,Canada,2016,Homo sapiens,not collected,amoxicillin-clavulanic acid,2/1,<=,mg/L,MIC,Vitek,CLSI,,susceptible,unknown,unknown,not_curated,measured_public,SAMN38329969,biosamples_00000.xml:SAMN38329969:4
SAMN38329961,NCBI_SOURCE_UNKNOWN,,,Klebsiella pneumoniae,Canada,2016,Homo sapiens,not collected,ceftriaxone,1,<=,mg/L,MIC,Vitek,CLSI,,susceptible,unknown,unknown,not_curated,measured_public,SAMN38329961,biosamples_00000.xml:SAMN38329961:1
SAMN38329961,NCBI_SOURCE_UNKNOWN,,,Klebsiella pneumoniae,Canada,2016,Homo sapiens,not collected,ceftazidime,1,<=,mg/L,MIC,Vitek,CLSI,,susceptible,unknown,unknown,not_curated,measured_public,SAMN38329961,biosamples_00000.xml:SAMN38329961:2
SAMN38329961,NCBI_SOURCE_UNKNOWN,,,Klebsiella pneumoniae,Canada,2016,Homo sapiens,not collected,amoxicillin-clavulanic acid,2/1,<=,mg/L,MIC,Vitek,CLSI,,susceptible,unknown,unknown,not_curated,measured_public,SAMN38329961,biosamples_00000.xml:SAMN38329961:3
SAMN38329961,NCBI_SOURCE_UNKNOWN,,,Klebsiella pneumoniae,Canada,2016,Homo sapiens,not collected,piperacillin-tazobactam,8/4,==,mg/L,MIC,Vitek,CLSI,,susceptible,unknown,unknown,not_curated,measured_public,SAMN38329961,biosamples_00000.xml:SAMN38329961:4
SAMN38329954,NCBI_SOURCE_UNKNOWN,,,Klebsiella pneumoniae,Canada,2016,Homo sapiens,not collected,ceftriaxone,1,<=,mg/L,MIC,Vitek,CLSI,,susceptible,unknown,unknown,not_curated,measured_public,SAMN38329954,biosamples_00000.xml:SAMN38329954:1
SAMN38329954,NCBI_SOURCE_UNKNOWN,,,Klebsiella pneumoniae,Canada,2016,Homo sapiens,not collected,ceftazidime,1,<=,mg/L,MIC,Vitek,CLSI,,susceptible,unknown,unknown,not_curated,measured_public,SAMN38329954,biosamples_00000.xml:SAMN38329954:2
SAMN38329954,NCBI_SOURCE_UNKNOWN,,,Klebsiella pneumoniae,Canada,2016,Homo sapiens,not collected,piperacillin-tazobactam,4/4,<=,mg/L,MIC,Vitek,CLSI,,susceptible,unknown,unknown,not_curated,measured_public,SAMN38329954,biosamples_00000.xml:SAMN38329954:3
SAMN38329954,NCBI_SOURCE_UNKNOWN,,,Klebsiella pneumoniae,Canada,2016,Homo sapiens,not collected,amoxicillin-clavulanic acid,2/1,<=,mg/L,MIC,Vitek,CLSI,,susceptible,unknown,unknown,not_curated,measured_public,SAMN38329954,biosamples_00000.xml:SAMN38329954:4
SAMN38329953,NCBI_SOURCE_UNKNOWN,,,Klebsiella pneumoniae,Canada,2016,Homo sapiens,not collected,ceftriaxone,1,<=,mg/L,MIC,Vitek,CLSI,,susceptible,unknown,unknown,not_curated,measured_public,SAMN38329953,biosamples_00000.xml:SAMN38329953:1
SAMN38329953,NCBI_SOURCE_UNKNOWN,,,Klebsiella pneumoniae,Canada,2016,Homo sapiens,not collected,ceftazidime,1,<=,mg/L,MIC,Vitek,CLSI,,susceptible,unknown,unknown,not_curated,measured_public,SAMN38329953,biosamples_00000.xml:SAMN38329953:2
SAMN38329953,NCBI_SOURCE_UNKNOWN,,,Klebsiella pneumoniae,Canada,2016,Homo sapiens,not collected,piperacillin-tazobactam,4/4,<=,mg/L,MIC,Vitek,CLSI,,susceptible,unknown,unknown,not_curated,measured_public,SAMN38329953,biosamples_00000.xml:SAMN38329953:3
SAMN38329953,NCBI_SOURCE_UNKNOWN,,,Klebsiella pneumoniae,Canada,2016,Homo sapiens,not collected,amoxicillin-clavulanic acid,2/1,<=,mg/L,MIC,Vitek,CLSI,,susceptible,unknown,unknown,not_curated,measured_public,SAMN38329953,biosamples_00000.xml:SAMN38329953:4
SAMN38329949,NCBI_SOURCE_UNKNOWN,,,Klebsiella pneumoniae,Canada,2016,Homo sapiens,not collected,ceftriaxone,1,<=,mg/L,MIC,Vitek,CLSI,,susceptible,unknown,unknown,not_curated,measured_public,SAMN38329949,biosamples_00000.xml:SAMN38329949:1
SAMN38329949,NCBI_SOURCE_UNKNOWN,,,Klebsiella pneumoniae,Canada,2016,Homo sapiens,not collected,ceftazidime,1,<=,mg/L,MIC,Vitek,CLSI,,susceptible,unknown,unknown,not_curated,measured_public,SAMN38329949,biosamples_00000.xml:SAMN38329949:2
SAMN38329949,NCBI_SOURCE_UNKNOWN,,,Klebsiella pneumoniae,Canada,2016,Homo sapiens,not collected,amoxicillin-clavulanic acid,4/2,==,mg/L,MIC,Vitek,CLSI,,susceptible,unknown,unknown,not_curated,measured_public,SAMN38329949,biosamples_00000.xml:SAMN38329949:3
SAMN38329949,NCBI_SOURCE_UNKNOWN,,,Klebsiella pneumoniae,Canada,2016,Homo sapiens,not collected,piperacillin-tazobactam,8/4,==,mg/L,MIC,Vitek,CLSI,,susceptible,unknown,unknown,not_curated,measured_public,SAMN38329949,biosamples_00000.xml:SAMN38329949:4
SAMN38329948,NCBI_SOURCE_UNKNOWN,,,Klebsiella pneumoniae,Canada,2016,Homo sapiens,not collected,ceftriaxone,1,<=,mg/L,MIC,Vitek,CLSI,,susceptible,unknown,unknown,not_curated,measured_public,SAMN38329948,biosamples_00000.xml:SAMN38329948:1
SAMN38329948,NCBI_SOURCE_UNKNOWN,,,Klebsiella pneumoniae,Canada,2016,Homo sapiens,not collected,ceftazidime,1,<=,mg/L,MIC,Vitek,CLSI,,susceptible,unknown,unknown,not_curated,measured_public,SAMN38329948,biosamples_00000.xml:SAMN38329948:2
SAMN38329948,NCBI_SOURCE_UNKNOWN,,,Klebsiella pneumoniae,Canada,2016,Homo sapiens,not collected,piperacillin-tazobactam,4/4,<=,mg/L,MIC,Vitek,CLSI,,susceptible,unknown,unknown,not_curated,measured_public,SAMN38329948,biosamples_00000.xml:SAMN38329948:3
SAMN38329948,NCBI_SOURCE_UNKNOWN,,,Klebsiella pneumoniae,Canada,2016,Homo sapiens,not collected,amoxicillin-clavulanic acid,2/1,<=,mg/L,MIC,Vitek,CLSI,,susceptible,unknown,unknown,not_curated,measured_public,SAMN38329948,biosamples_00000.xml:SAMN38329948:4
SAMN38329941,NCBI_SOURCE_UNKNOWN,,,Klebsiella pneumoniae,Canada,2016,Homo sapiens,not collected,ceftriaxone,1,<=,mg/L,MIC,Vitek,CLSI,,susceptible,unknown,unknown,not_curated,measured_public,SAMN38329941,biosamples_00000.xml:SAMN38329941:1
SAMN38329941,NCBI_SOURCE_UNKNOWN,,,Klebsiella pneumoniae,Canada,2016,Homo sapiens,not collected,ceftazidime,1,<=,mg/L,MIC,Vitek,CLSI,,susceptible,unknown,unknown,not_curated,measured_public,SAMN38329941,biosamples_00000.xml:SAMN38329941:2
SAMN38329941,NCBI_SOURCE_UNKNOWN,,,Klebsiella pneumoniae,Canada,2016,Homo sapiens,not collected,piperacillin-tazobactam,4/4,<=,mg/L,MIC,Vitek,CLSI,,susceptible,unknown,unknown,not_curated,measured_public,SAMN38329941,biosamples_00000.xml:SAMN38329941:3
SAMN38329941,NCBI_SOURCE_UNKNOWN,,,Klebsiella pneumoniae,Canada,2016,Homo sapiens,not collected,amoxicillin-clavulanic acid,2/1,<=,mg/L,MIC,Vitek,CLSI,,susceptible,unknown,unknown,not_curated,measured_public,SAMN38329941,biosamples_00000.xml:SAMN38329941:4
SAMN38329940,NCBI_SOURCE_UNKNOWN,,,Klebsiella pneumoniae,Canada,2016,Homo sapiens,not collected,amoxicillin-clavulanic acid,2/1,<=,mg/L,MIC,Vitek,EUCAST,,susceptible,unknown,unknown,not_curated,measured_public,SAMN38329940,biosamples_00000.xml:SAMN38329940:1
SAMN38329940,NCBI_SOURCE_UNKNOWN,,,Klebsiella pneumoniae,Canada,2016,Homo sapiens,not collected,ceftazidime,1,<=,mg/L,MIC,Vitek,EUCAST,,susceptible,unknown,unknown,not_curated,measured_public,SAMN38329940,biosamples_00000.xml:SAMN38329940:2
SAMN38329940,NCBI_SOURCE_UNKNOWN,,,Klebsiella pneumoniae,Canada,2016,Homo sapiens,not collected,ceftriaxone,1,<=,mg/L,MIC,Vitek,EUCAST,,susceptible,unknown,unknown,not_curated,measured_public,SAMN38329940,biosamples_00000.xml:SAMN38329940:3
SAMN38329940,NCBI_SOURCE_UNKNOWN,,,Klebsiella pneumoniae,Canada,2016,Homo sapiens,not collected,piperacillin-tazobactam,8/4,==,mg/L,MIC,Vitek,CLSI,,susceptible,unknown,unknown,not_curated,measured_public,SAMN38329940,biosamples_00000.xml:SAMN38329940:4
SAMN38329934,NCBI_SOURCE_UNKNOWN,,,Klebsiella pneumoniae,Canada,2016,Homo sapiens,not collected,amoxicillin-clavulanic acid,2/1,<=,mg/L,MIC,Vitek,EUCAST,,susceptible,unknown,unknown,not_curated,measured_public,SAMN38329934,biosamples_00000.xml:SAMN38329934:1
SAMN38329934,NCBI_SOURCE_UNKNOWN,,,Klebsiella pneumoniae,Canada,2016,Homo sapiens,not collected,piperacillin-tazobactam,4/4,<=,mg/L,MIC,Vitek,EUCAST,,susceptible,unknown,unknown,not_curated,measured_public,SAMN38329934,biosamples_00000.xml:SAMN38329934:2
SAMN38329934,NCBI_SOURCE_UNKNOWN,,,Klebsiella pneumoniae,Canada,2016,Homo sapiens,not collected,ceftazidime,1,<=,mg/L,MIC,Vitek,EUCAST,,susceptible,unknown,unknown,not_curated,measured_public,SAMN38329934,biosamples_00000.xml:SAMN38329934:3
SAMN38329934,NCBI_SOURCE_UNKNOWN,,,Klebsiella pneumoniae,Canada,2016,Homo sapiens,not collected,ceftriaxone,1,<=,mg/L,MIC,Vitek,EUCAST,,susceptible,unknown,unknown,not_curated,measured_public,SAMN38329934,biosamples_00000.xml:SAMN38329934:4
SAMN38329929,NCBI_SOURCE_UNKNOWN,,,Klebsiella pneumoniae,Canada,2015,Homo sapiens,not collected,piperacillin-tazobactam,32/4,==,mg/L,MIC,Vitek,EUCAST,,resistant,unknown,unknown,not_curated,measured_public,SAMN38329929,biosamples_00000.xml:SAMN38329929:1
SAMN38329929,NCBI_SOURCE_UNKNOWN,,,Klebsiella pneumoniae,Canada,2015,Homo sapiens,not collected,ceftazidime,1,<=,mg/L,MIC,Vitek,EUCAST,,susceptible,unknown,unknown,not_curated,measured_public,SAMN38329929,biosamples_00000.xml:SAMN38329929:2
SAMN38329929,NCBI_SOURCE_UNKNOWN,,,Klebsiella pneumoniae,Canada,2015,Homo sapiens,not collected,ceftriaxone,1,<=,mg/L,MIC,Vitek,EUCAST,,susceptible,unknown,unknown,not_curated,measured_public,SAMN38329929,biosamples_00000.xml:SAMN38329929:3
SAMN38329929,NCBI_SOURCE_UNKNOWN,,,Klebsiella pneumoniae,Canada,2015,Homo sapiens,not collected,amoxicillin-clavulanic acid,8/4,==,mg/L,MIC,Vitek,EUCAST,,susceptible,unknown,unknown,not_curated,measured_public,SAMN38329929,biosamples_00000.xml:SAMN38329929:4
SAMN38329917,NCBI_SOURCE_UNKNOWN,,,Klebsiella pneumoniae,Canada,2015,Homo sapiens,not collected,amoxicillin-clavulanic acid,2/1,<=,mg/L,MIC,Vitek,EUCAST,,susceptible,unknown,unknown,not_curated,measured_public,SAMN38329917,biosamples_00000.xml:SAMN38329917:1
SAMN38329917,NCBI_SOURCE_UNKNOWN,,,Klebsiella pneumoniae,Canada,2015,Homo sapiens,not collected,piperacillin-tazobactam,4/4,<=,mg/L,MIC,Vitek,EUCAST,,susceptible,unknown,unknown,not_curated,measured_public,SAMN38329917,biosamples_00000.xml:SAMN38329917:2
SAMN38329917,NCBI_SOURCE_UNKNOWN,,,Klebsiella pneumoniae,Canada,2015,Homo sapiens,not collected,ceftazidime,1,<=,mg/L,MIC,Vitek,EUCAST,,susceptible,unknown,unknown,not_curated,measured_public,SAMN38329917,biosamples_00000.xml:SAMN38329917:3
SAMN38329917,NCBI_SOURCE_UNKNOWN,,,Klebsiella pneumoniae,Canada,2015,Homo sapiens,not collected,ceftriaxone,1,<=,mg/L,MIC,Vitek,EUCAST,,susceptible,unknown,unknown,not_curated,measured_public,SAMN38329917,biosamples_00000.xml:SAMN38329917:4
SAMN38329885,NCBI_SOURCE_UNKNOWN,,,Klebsiella pneumoniae,Canada,2015,Homo sapiens,not collected,amoxicillin-clavulanic acid,2/1,<=,mg/L,MIC,Vitek,EUCAST,,susceptible,unknown,unknown,not_curated,measured_public,SAMN38329885,biosamples_00000.xml:SAMN38329885:1
SAMN38329885,NCBI_SOURCE_UNKNOWN,,,Klebsiella pneumoniae,Canada,2015,Homo sapiens,not collected,piperacillin-tazobactam,4/4,<=,mg/L,MIC,Vitek,EUCAST,,susceptible,unknown,unknown,not_curated,measured_public,SAMN38329885,biosamples_00000.xml:SAMN38329885:2
SAMN38329885,NCBI_SOURCE_UNKNOWN,,,Klebsiella pneumoniae,Canada,2015,Homo sapiens,not collected,ceftazidime,1,<=,mg/L,MIC,Vitek,EUCAST,,susceptible,unknown,unknown,not_curated,measured_public,SAMN38329885,biosamples_00000.xml:SAMN38329885:3
SAMN38329885,NCBI_SOURCE_UNKNOWN,,,Klebsiella pneumoniae,Canada,2015,Homo sapiens,not collected,ceftriaxone,1,<=,mg/L,MIC,Vitek,EUCAST,,susceptible,unknown,unknown,not_curated,measured_public,SAMN38329885,biosamples_00000.xml:SAMN38329885:4
SAMN38329884,NCBI_SOURCE_UNKNOWN,,,Klebsiella pneumoniae,Canada,2015,Homo sapiens,not collected,amoxicillin-clavulanic acid,2/1,<=,mg/L,MIC,Vitek,EUCAST,,susceptible,unknown,unknown,not_curated,measured_public,SAMN38329884,biosamples_00000.xml:SAMN38329884:1
SAMN38329884,NCBI_SOURCE_UNKNOWN,,,Klebsiella pneumoniae,Canada,2015,Homo sapiens,not collected,piperacillin-tazobactam,4/4,<=,mg/L,MIC,Vitek,EUCAST,,susceptible,unknown,unknown,not_curated,measured_public,SAMN38329884,biosamples_00000.xml:SAMN38329884:2
SAMN38329884,NCBI_SOURCE_UNKNOWN,,,Klebsiella pneumoniae,Canada,2015,Homo sapiens,not collected,ceftazidime,1,<=,mg/L,MIC,Vitek,EUCAST,,susceptible,unknown,unknown,not_curated,measured_public,SAMN38329884,biosamples_00000.xml:SAMN38329884:3
SAMN38329884,NCBI_SOURCE_UNKNOWN,,,Klebsiella pneumoniae,Canada,2015,Homo sapiens,not collected,ceftriaxone,1,<=,mg/L,MIC,Vitek,EUCAST,,susceptible,unknown,unknown,not_curated,measured_public,SAMN38329884,biosamples_00000.xml:SAMN38329884:4
SAMN38329858,NCBI_SOURCE_UNKNOWN,,,Klebsiella pneumoniae,Canada,2015,Homo sapiens,not collected,amoxicillin-clavulanic acid,2/1,<=,mg/L,MIC,Vitek,EUCAST,,susceptible,unknown,unknown,not_curated,measured_public,SAMN38329858,biosamples_00000.xml:SAMN38329858:1
SAMN38329858,NCBI_SOURCE_UNKNOWN,,,Klebsiella pneumoniae,Canada,2015,Homo sapiens,not collected,ceftazidime,1,<=,mg/L,MIC,Vitek,EUCAST,,susceptible,unknown,unknown,not_curated,measured_public,SAMN38329858,biosamples_00000.xml:SAMN38329858:2
SAMN38329858,NCBI_SOURCE_UNKNOWN,,,Klebsiella pneumoniae,Canada,2015,Homo sapiens,not collected,ceftriaxone,1,<=,mg/L,MIC,Vitek,EUCAST,,susceptible,unknown,unknown,not_curated,measured_public,SAMN38329858,biosamples_00000.xml:SAMN38329858:3
SAMN38329858,NCBI_SOURCE_UNKNOWN,,,Klebsiella pneumoniae,Canada,2015,Homo sapiens,not collected,piperacillin-tazobactam,8/4,==,mg/L,MIC,Vitek,EUCAST,,susceptible,unknown,unknown,not_curated,measured_public,SAMN38329858,biosamples_00000.xml:SAMN38329858:4
SAMN38329829,NCBI_SOURCE_UNKNOWN,,,Klebsiella pneumoniae,Canada,2015,Homo sapiens,not collected,piperacillin-tazobactam,32/4,==,mg/L,MIC,Vitek,EUCAST,,resistant,unknown,unknown,not_curated,measured_public,SAMN38329829,biosamples_00000.xml:SAMN38329829:1
SAMN38329829,NCBI_SOURCE_UNKNOWN,,,Klebsiella pneumoniae,Canada,2015,Homo sapiens,not collected,ceftazidime,1,<=,mg/L,MIC,Vitek,EUCAST,,susceptible,unknown,unknown,not_curated,measured_public,SAMN38329829,biosamples_00000.xml:SAMN38329829:2
SAMN38329829,NCBI_SOURCE_UNKNOWN,,,Klebsiella pneumoniae,Canada,2015,Homo sapiens,not collected,ceftriaxone,1,<=,mg/L,MIC,Vitek,EUCAST,,susceptible,unknown,unknown,not_curated,measured_public,SAMN38329829,biosamples_00000.xml:SAMN38329829:3
SAMN38329829,NCBI_SOURCE_UNKNOWN,,,Klebsiella pneumoniae,Canada,2015,Homo sapiens,not collected,amoxicillin-clavulanic acid,16/8,==,mg/L,MIC,Vitek,EUCAST,,resistant,unknown,unknown,not_curated,measured_public,SAMN38329829,biosamples_00000.xml:SAMN38329829:4
SAMN38329823,NCBI_SOURCE_UNKNOWN,,,Klebsiella pneumoniae,Canada,2015,Homo sapiens,not collected,amoxicillin-clavulanic acid,2/1,<=,mg/L,MIC,Vitek,EUCAST,,susceptible,unknown,unknown,not_curated,measured_public,SAMN38329823,biosamples_00000.xml:SAMN38329823:1
SAMN38329823,NCBI_SOURCE_UNKNOWN,,,Klebsiella pneumoniae,Canada,2015,Homo sapiens,not collected,ceftazidime,1,<=,mg/L,MIC,Vitek,EUCAST,,susceptible,unknown,unknown,not_curated,measured_public,SAMN38329823,biosamples_00000.xml:SAMN38329823:2
SAMN38329823,NCBI_SOURCE_UNKNOWN,,,Klebsiella pneumoniae,Canada,2015,Homo sapiens,not collected,ceftriaxone,1,<=,mg/L,MIC,Vitek,EUCAST,,susceptible,unknown,unknown,not_curated,measured_public,SAMN38329823,biosamples_00000.xml:SAMN38329823:3
SAMN38329823,NCBI_SOURCE_UNKNOWN,,,Klebsiella pneumoniae,Canada,2015,Homo sapiens,not collected,piperacillin-tazobactam,8/4,==,mg/L,MIC,Vitek,EUCAST,,susceptible,unknown,unknown,not_curated,measured_public,SAMN38329823,biosamples_00000.xml:SAMN38329823:4
SAMN38329821,NCBI_SOURCE_UNKNOWN,,,Klebsiella pneumoniae,Canada,2015,Homo sapiens,not collected,piperacillin-tazobactam,32/4,==,mg/L,MIC,Vitek,EUCAST,,resistant,unknown,unknown,not_curated,measured_public,SAMN38329821,biosamples_00000.xml:SAMN38329821:1
SAMN38329821,NCBI_SOURCE_UNKNOWN,,,Klebsiella pneumoniae,Canada,2015,Homo sapiens,not collected,ceftazidime,1,<=,mg/L,MIC,Vitek,EUCAST,,susceptible,unknown,unknown,not_curated,measured_public,SAMN38329821,biosamples_00000.xml:SAMN38329821:2
SAMN38329821,NCBI_SOURCE_UNKNOWN,,,Klebsiella pneumoniae,Canada,2015,Homo sapiens,not collected,ceftriaxone,1,<=,mg/L,MIC,Vitek,EUCAST,,susceptible,unknown,unknown,not_curated,measured_public,SAMN38329821,biosamples_00000.xml:SAMN38329821:3
SAMN38329821,NCBI_SOURCE_UNKNOWN,,,Klebsiella pneumoniae,Canada,2015,Homo sapiens,not collected,amoxicillin-clavulanic acid,8/4,==,mg/L,MIC,Vitek,EUCAST,,susceptible,unknown,unknown,not_curated,measured_public,SAMN38329821,biosamples_00000.xml:SAMN38329821:4
SAMN38329811,NCBI_SOURCE_UNKNOWN,,,Klebsiella pneumoniae,Canada,2015,Homo sapiens,not collected,amoxicillin-clavulanic acid,2/1,<=,mg/L,MIC,Vitek,EUCAST,,susceptible,unknown,unknown,not_curated,measured_public,SAMN38329811,biosamples_00000.xml:SAMN38329811:1
SAMN38329811,NCBI_SOURCE_UNKNOWN,,,Klebsiella pneumoniae,Canada,2015,Homo sapiens,not collected,piperacillin-tazobactam,4/4,<=,mg/L,MIC,Vitek,EUCAST,,susceptible,unknown,unknown,not_curated,measured_public,SAMN38329811,biosamples_00000.xml:SAMN38329811:2
SAMN38329811,NCBI_SOURCE_UNKNOWN,,,Klebsiella pneumoniae,Canada,2015,Homo sapiens,not collected,ceftazidime,1,<=,mg/L,MIC,Vitek,EUCAST,,susceptible,unknown,unknown,not_curated,measured_public,SAMN38329811,biosamples_00000.xml:SAMN38329811:3
SAMN38329811,NCBI_SOURCE_UNKNOWN,,,Klebsiella pneumoniae,Canada,2015,Homo sapiens,not collected,ceftriaxone,1,<=,mg/L,MIC,Vitek,EUCAST,,susceptible,unknown,unknown,not_curated,measured_public,SAMN38329811,biosamples_00000.xml:SAMN38329811:4
SAMN38329798,NCBI_SOURCE_UNKNOWN,,,Klebsiella pneumoniae,Canada,2015,Homo sapiens,not collected,amoxicillin-clavulanic acid,2/1,<=,mg/L,MIC,Vitek,EUCAST,,susceptible,unknown,unknown,not_curated,measured_public,SAMN38329798,biosamples_00000.xml:SAMN38329798:1
SAMN38329798,NCBI_SOURCE_UNKNOWN,,,Klebsiella pneumoniae,Canada,2015,Homo sapiens,not collected,piperacillin-tazobactam,4/4,<=,mg/L,MIC,Vitek,EUCAST,,susceptible,unknown,unknown,not_curated,measured_public,SAMN38329798,biosamples_00000.xml:SAMN38329798:2
SAMN38329798,NCBI_SOURCE_UNKNOWN,,,Klebsiella pneumoniae,Canada,2015,Homo sapiens,not collected,ceftazidime,1,<=,mg/L,MIC,Vitek,EUCAST,,susceptible,unknown,unknown,not_curated,measured_public,SAMN38329798,biosamples_00000.xml:SAMN38329798:3
SAMN38329798,NCBI_SOURCE_UNKNOWN,,,Klebsiella pneumoniae,Canada,2015,Homo sapiens,not collected,ceftriaxone,1,<=,mg/L,MIC,Vitek,EUCAST,,susceptible,unknown,unknown,not_curated,measured_public,SAMN38329798,biosamples_00000.xml:SAMN38329798:4
SAMN38329796,NCBI_SOURCE_UNKNOWN,,,Klebsiella pneumoniae,Canada,2015,Homo sapiens,not collected,amoxicillin-clavulanic acid,2/1,<=,mg/L,MIC,Vitek,EUCAST,,susceptible,unknown,unknown,not_curated,measured_public,SAMN38329796,biosamples_00000.xml:SAMN38329796:1
SAMN38329796,NCBI_SOURCE_UNKNOWN,,,Klebsiella pneumoniae,Canada,2015,Homo sapiens,not collected,piperacillin-tazobactam,4/4,<=,mg/L,MIC,Vitek,EUCAST,,susceptible,unknown,unknown,not_curated,measured_public,SAMN38329796,biosamples_00000.xml:SAMN38329796:2
SAMN38329796,NCBI_SOURCE_UNKNOWN,,,Klebsiella pneumoniae,Canada,2015,Homo sapiens,not collected,ceftazidime,1,<=,mg/L,MIC,Vitek,EUCAST,,susceptible,unknown,unknown,not_curated,measured_public,SAMN38329796,biosamples_00000.xml:SAMN38329796:3
SAMN38329796,NCBI_SOURCE_UNKNOWN,,,Klebsiella pneumoniae,Canada,2015,Homo sapiens,not collected,ceftriaxone,1,<=,mg/L,MIC,Vitek,EUCAST,,susceptible,unknown,unknown,not_curated,measured_public,SAMN38329796,biosamples_00000.xml:SAMN38329796:4
SAMN38329795,NCBI_SOURCE_UNKNOWN,,,Klebsiella pneumoniae,Canada,2015,Homo sapiens,not collected,ceftriaxone,1,<=,mg/L,MIC,Vitek,EUCAST,,susceptible,unknown,unknown,not_curated,measured_public,SAMN38329795,biosamples_00000.xml:SAMN38329795:1
SAMN38329795,NCBI_SOURCE_UNKNOWN,,,Klebsiella pneumoniae,Canada,2015,Homo sapiens,not collected,ceftazidime,2,==,mg/L,MIC,Vitek,EUCAST,,intermediate,unknown,unknown,not_curated,measured_public,SAMN38329795,biosamples_00000.xml:SAMN38329795:2
SAMN38329795,NCBI_SOURCE_UNKNOWN,,,Klebsiella pneumoniae,Canada,2015,Homo sapiens,not collected,amoxicillin-clavulanic acid,16/8,==,mg/L,MIC,Vitek,EUCAST,,resistant,unknown,unknown,not_curated,measured_public,SAMN38329795,biosamples_00000.xml:SAMN38329795:3
SAMN38329795,NCBI_SOURCE_UNKNOWN,,,Klebsiella pneumoniae,Canada,2015,Homo sapiens,not collected,piperacillin-tazobactam,128/4,>=,mg/L,MIC,Vitek,EUCAST,,resistant,unknown,unknown,not_curated,measured_public,SAMN38329795,biosamples_00000.xml:SAMN38329795:4
SAMN38329789,NCBI_SOURCE_UNKNOWN,,,Klebsiella pneumoniae,Canada,2015,Homo sapiens,not collected,amoxicillin-clavulanic acid,2/1,<=,mg/L,MIC,Vitek,EUCAST,,susceptible,unknown,unknown,not_curated,measured_public,SAMN38329789,biosamples_00000.xml:SAMN38329789:1
SAMN38329789,NCBI_SOURCE_UNKNOWN,,,Klebsiella pneumoniae,Canada,2015,Homo sapiens,not collected,ceftazidime,1,<=,mg/L,MIC,Vitek,EUCAST,,susceptible,unknown,unknown,not_curated,measured_public,SAMN38329789,biosamples_00000.xml:SAMN38329789:2
SAMN38329789,NCBI_SOURCE_UNKNOWN,,,Klebsiella pneumoniae,Canada,2015,Homo sapiens,not collected,ceftriaxone,1,<=,mg/L,MIC,Vitek,EUCAST,,susceptible,unknown,unknown,not_curated,measured_public,SAMN38329789,biosamples_00000.xml:SAMN38329789:3
SAMN38329789,NCBI_SOURCE_UNKNOWN,,,Klebsiella pneumoniae,Canada,2015,Homo sapiens,not collected,piperacillin-tazobactam,8/4,==,mg/L,MIC,Vitek,EUCAST,,susceptible,unknown,unknown,not_curated,measured_public,SAMN38329789,biosamples_00000.xml:SAMN38329789:4
SAMN38329774,NCBI_SOURCE_UNKNOWN,,,Klebsiella pneumoniae,Canada,2015,Homo sapiens,not collected,amoxicillin-clavulanic acid,2/1,<=,mg/L,MIC,Vitek,EUCAST,,susceptible,unknown,unknown,not_curated,measured_public,SAMN38329774,biosamples_00000.xml:SAMN38329774:1
SAMN38329774,NCBI_SOURCE_UNKNOWN,,,Klebsiella pneumoniae,Canada,2015,Homo sapiens,not collected,piperacillin-tazobactam,4/4,<=,mg/L,MIC,Vitek,EUCAST,,susceptible,unknown,unknown,not_curated,measured_public,SAMN38329774,biosamples_00000.xml:SAMN38329774:2
SAMN38329774,NCBI_SOURCE_UNKNOWN,,,Klebsiella pneumoniae,Canada,2015,Homo sapiens,not collected,ceftazidime,1,<=,mg/L,MIC,Vitek,EUCAST,,susceptible,unknown,unknown,not_curated,measured_public,SAMN38329774,biosamples_00000.xml:SAMN38329774:3
SAMN38329774,NCBI_SOURCE_UNKNOWN,,,Klebsiella pneumoniae,Canada,2015,Homo sapiens,not collected,ceftriaxone,1,<=,mg/L,MIC,Vitek,EUCAST,,susceptible,unknown,unknown,not_curated,measured_public,SAMN38329774,biosamples_00000.xml:SAMN38329774:4
SAMN38329773,NCBI_SOURCE_UNKNOWN,,,Klebsiella pneumoniae,Canada,2015,Homo sapiens,not collected,ceftazidime,1,<=,mg/L,MIC,Vitek,EUCAST,,susceptible,unknown,unknown,not_curated,measured_public,SAMN38329773,biosamples_00000.xml:SAMN38329773:1
SAMN38329773,NCBI_SOURCE_UNKNOWN,,,Klebsiella pneumoniae,Canada,2015,Homo sapiens,not collected,ceftriaxone,1,<=,mg/L,MIC,Vitek,EUCAST,,susceptible,unknown,unknown,not_curated,measured_public,SAMN38329773,biosamples_00000.xml:SAMN38329773:2
SAMN38329773,NCBI_SOURCE_UNKNOWN,,,Klebsiella pneumoniae,Canada,2015,Homo sapiens,not collected,amoxicillin-clavulanic acid,4/2,==,mg/L,MIC,Vitek,EUCAST,,susceptible,unknown,unknown,not_curated,measured_public,SAMN38329773,biosamples_00000.xml:SAMN38329773:3
SAMN38329773,NCBI_SOURCE_UNKNOWN,,,Klebsiella pneumoniae,Canada,2015,Homo sapiens,not collected,piperacillin-tazobactam,8/4,==,mg/L,MIC,Vitek,EUCAST,,susceptible,unknown,unknown,not_curated,measured_public,SAMN38329773,biosamples_00000.xml:SAMN38329773:4
SAMN38329772,NCBI_SOURCE_UNKNOWN,,,Klebsiella pneumoniae,Canada,2015,Homo sapiens,not collected,amoxicillin-clavulanic acid,2/1,<=,mg/L,MIC,Vitek,EUCAST,,susceptible,unknown,unknown,not_curated,measured_public,SAMN38329772,biosamples_00000.xml:SAMN38329772:1
SAMN38329772,NCBI_SOURCE_UNKNOWN,,,Klebsiella pneumoniae,Canada,2015,Homo sapiens,not collected,piperacillin-tazobactam,4/4,<=,mg/L,MIC,Vitek,EUCAST,,susceptible,unknown,unknown,not_curated,measured_public,SAMN38329772,biosamples_00000.xml:SAMN38329772:2
SAMN38329772,NCBI_SOURCE_UNKNOWN,,,Klebsiella pneumoniae,Canada,2015,Homo sapiens,not collected,ceftazidime,1,<=,mg/L,MIC,Vitek,EUCAST,,susceptible,unknown,unknown,not_curated,measured_public,SAMN38329772,biosamples_00000.xml:SAMN38329772:3
SAMN38329772,NCBI_SOURCE_UNKNOWN,,,Klebsiella pneumoniae,Canada,2015,Homo sapiens,not collected,ceftriaxone,1,<=,mg/L,MIC,Vitek,EUCAST,,susceptible,unknown,unknown,not_curated,measured_public,SAMN38329772,biosamples_00000.xml:SAMN38329772:4
SAMN38329771,NCBI_SOURCE_UNKNOWN,,,Klebsiella pneumoniae,Canada,2015,Homo sapiens,not collected,amoxicillin-clavulanic acid,2/1,<=,mg/L,MIC,Vitek,EUCAST,,susceptible,unknown,unknown,not_curated,measured_public,SAMN38329771,biosamples_00000.xml:SAMN38329771:1
SAMN38329771,NCBI_SOURCE_UNKNOWN,,,Klebsiella pneumoniae,Canada,2015,Homo sapiens,not collected,piperacillin-tazobactam,4/4,<=,mg/L,MIC,Vitek,EUCAST,,susceptible,unknown,unknown,not_curated,measured_public,SAMN38329771,biosamples_00000.xml:SAMN38329771:2
SAMN38329771,NCBI_SOURCE_UNKNOWN,,,Klebsiella pneumoniae,Canada,2015,Homo sapiens,not collected,ceftazidime,1,<=,mg/L,MIC,Vitek,EUCAST,,susceptible,unknown,unknown,not_curated,measured_public,SAMN38329771,biosamples_00000.xml:SAMN38329771:3
SAMN38329771,NCBI_SOURCE_UNKNOWN,,,Klebsiella pneumoniae,Canada,2015,Homo sapiens,not collected,ceftriaxone,1,<=,mg/L,MIC,Vitek,EUCAST,,susceptible,unknown,unknown,not_curated,measured_public,SAMN38329771,biosamples_00000.xml:SAMN38329771:4
SAMN38329761,NCBI_SOURCE_UNKNOWN,,,Klebsiella pneumoniae,Canada,2015,Homo sapiens,not collected,amoxicillin-clavulanic acid,2/1,<=,mg/L,MIC,Vitek,EUCAST,,susceptible,unknown,unknown,not_curated,measured_public,SAMN38329761,biosamples_00000.xml:SAMN38329761:1
SAMN38329761,NCBI_SOURCE_UNKNOWN,,,Klebsiella pneumoniae,Canada,2015,Homo sapiens,not collected,piperacillin-tazobactam,4/4,<=,mg/L,MIC,Vitek,EUCAST,,susceptible,unknown,unknown,not_curated,measured_public,SAMN38329761,biosamples_00000.xml:SAMN38329761:2
SAMN38329761,NCBI_SOURCE_UNKNOWN,,,Klebsiella pneumoniae,Canada,2015,Homo sapiens,not collected,ceftazidime,1,<=,mg/L,MIC,Vitek,EUCAST,,susceptible,unknown,unknown,not_curated,measured_public,SAMN38329761,biosamples_00000.xml:SAMN38329761:3
SAMN38329761,NCBI_SOURCE_UNKNOWN,,,Klebsiella pneumoniae,Canada,2015,Homo sapiens,not collected,ceftriaxone,1,<=,mg/L,MIC,Vitek,EUCAST,,susceptible,unknown,unknown,not_curated,measured_public,SAMN38329761,biosamples_00000.xml:SAMN38329761:4
SAMN38329755,NCBI_SOURCE_UNKNOWN,,,Klebsiella pneumoniae,Canada,2015,Homo sapiens,not collected,ceftazidime,1,<=,mg/L,MIC,Vitek,EUCAST,,susceptible,unknown,unknown,not_curated,measured_public,SAMN38329755,biosamples_00000.xml:SAMN38329755:1
SAMN38329755,NCBI_SOURCE_UNKNOWN,,,Klebsiella pneumoniae,Canada,2015,Homo sapiens,not collected,ceftriaxone,1,<=,mg/L,MIC,Vitek,EUCAST,,susceptible,unknown,unknown,not_curated,measured_public,SAMN38329755,biosamples_00000.xml:SAMN38329755:2
SAMN38329755,NCBI_SOURCE_UNKNOWN,,,Klebsiella pneumoniae,Canada,2015,Homo sapiens,not collected,piperacillin-tazobactam,16/4,==,mg/L,MIC,Vitek,EUCAST,,resistant,unknown,unknown,not_curated,measured_public,SAMN38329755,biosamples_00000.xml:SAMN38329755:3
SAMN38329755,NCBI_SOURCE_UNKNOWN,,,Klebsiella pneumoniae,Canada,2015,Homo sapiens,not collected,amoxicillin-clavulanic acid,8/4,==,mg/L,MIC,Vitek,EUCAST,,susceptible,unknown,unknown,not_curated,measured_public,SAMN38329755,biosamples_00000.xml:SAMN38329755:4
SAMN38329753,NCBI_SOURCE_UNKNOWN,,,Klebsiella pneumoniae,Canada,2015,Homo sapiens,not collected,piperacillin-tazobactam,4/4,<=,mg/L,MIC,Vitek,EUCAST,,susceptible,unknown,unknown,not_curated,measured_public,SAMN38329753,biosamples_00000.xml:SAMN38329753:1
SAMN38329753,NCBI_SOURCE_UNKNOWN,,,Klebsiella pneumoniae,Canada,2015,Homo sapiens,not collected,ceftazidime,1,<=,mg/L,MIC,Vitek,EUCAST,,susceptible,unknown,unknown,not_curated,measured_public,SAMN38329753,biosamples_00000.xml:SAMN38329753:2
SAMN38329753,NCBI_SOURCE_UNKNOWN,,,Klebsiella pneumoniae,Canada,2015,Homo sapiens,not collected,ceftriaxone,1,<=,mg/L,MIC,Vitek,EUCAST,,susceptible,unknown,unknown,not_curated,measured_public,SAMN38329753,biosamples_00000.xml:SAMN38329753:3
SAMN38329753,NCBI_SOURCE_UNKNOWN,,,Klebsiella pneumoniae,Canada,2015,Homo sapiens,not collected,amoxicillin-clavulanic acid,4/2,==,mg/L,MIC,Vitek,EUCAST,,susceptible,unknown,unknown,not_curated,measured_public,SAMN38329753,biosamples_00000.xml:SAMN38329753:4
SAMN38329752,NCBI_SOURCE_UNKNOWN,,,Klebsiella pneumoniae,Canada,2015,Homo sapiens,not collected,piperacillin-tazobactam,4/4,<=,mg/L,MIC,Vitek,EUCAST,,susceptible,unknown,unknown,not_curated,measured_public,SAMN38329752,biosamples_00000.xml:SAMN38329752:1
SAMN38329752,NCBI_SOURCE_UNKNOWN,,,Klebsiella pneumoniae,Canada,2015,Homo sapiens,not collected,ceftazidime,1,<=,mg/L,MIC,Vitek,EUCAST,,susceptible,unknown,unknown,not_curated,measured_public,SAMN38329752,biosamples_00000.xml:SAMN38329752:2
SAMN38329752,NCBI_SOURCE_UNKNOWN,,,Klebsiella pneumoniae,Canada,2015,Homo sapiens,not collected,ceftriaxone,1,<=,mg/L,MIC,Vitek,EUCAST,,susceptible,unknown,unknown,not_curated,measured_public,SAMN38329752,biosamples_00000.xml:SAMN38329752:3
SAMN38329752,NCBI_SOURCE_UNKNOWN,,,Klebsiella pneumoniae,Canada,2015,Homo sapiens,not collected,amoxicillin-clavulanic acid,4/2,==,mg/L,MIC,Vitek,EUCAST,,susceptible,unknown,unknown,not_curated,measured_public,SAMN38329752,biosamples_00000.xml:SAMN38329752:4
SAMN38329751,NCBI_SOURCE_UNKNOWN,,,Klebsiella pneumoniae,Canada,2015,Homo sapiens,not collected,amoxicillin-clavulanic acid,2/1,<=,mg/L,MIC,Vitek,EUCAST,,susceptible,unknown,unknown,not_curated,measured_public,SAMN38329751,biosamples_00000.xml:SAMN38329751:1
SAMN38329751,NCBI_SOURCE_UNKNOWN,,,Klebsiella pneumoniae,Canada,2015,Homo sapiens,not collected,piperacillin-tazobactam,4/4,<=,mg/L,MIC,Vitek,EUCAST,,susceptible,unknown,unknown,not_curated,measured_public,SAMN38329751,biosamples_00000.xml:SAMN38329751:2
SAMN38329751,NCBI_SOURCE_UNKNOWN,,,Klebsiella pneumoniae,Canada,2015,Homo sapiens,not collected,ceftazidime,1,<=,mg/L,MIC,Vitek,EUCAST,,susceptible,unknown,unknown,not_curated,measured_public,SAMN38329751,biosamples_00000.xml:SAMN38329751:3
SAMN38329751,NCBI_SOURCE_UNKNOWN,,,Klebsiella pneumoniae,Canada,2015,Homo sapiens,not collected,ceftriaxone,1,<=,mg/L,MIC,Vitek,EUCAST,,susceptible,unknown,unknown,not_curated,measured_public,SAMN38329751,biosamples_00000.xml:SAMN38329751:4
SAMN31774407,NCBI_SOURCE_UNKNOWN,,,Klebsiella pneumoniae,USA,2022,Homo sapiens,sputum,amikacin,8,<=,mg/L,MIC,Sensititre,CLSI,,susceptible,unknown,unknown,not_curated,measured_public,SAMN31774407,biosamples_00000.xml:SAMN31774407:1
SAMN31774407,NCBI_SOURCE_UNKNOWN,,,Klebsiella pneumoniae,USA,2022,Homo sapiens,sputum,ampicillin,16,>,mg/L,MIC,Sensititre,CLSI,,resistant,unknown,unknown,not_curated,measured_public,SAMN31774407,biosamples_00000.xml:SAMN31774407:2
SAMN31774407,NCBI_SOURCE_UNKNOWN,,,Klebsiella pneumoniae,USA,2022,Homo sapiens,sputum,ampicillin-sulbactam,16/8,>,mg/L,MIC,Sensititre,CLSI,,resistant,unknown,unknown,not_curated,measured_public,SAMN31774407,biosamples_00000.xml:SAMN31774407:3
SAMN31774407,NCBI_SOURCE_UNKNOWN,,,Klebsiella pneumoniae,USA,2022,Homo sapiens,sputum,aztreonam,16,>,mg/L,MIC,Sensititre,CLSI,,resistant,unknown,unknown,not_curated,measured_public,SAMN31774407,biosamples_00000.xml:SAMN31774407:4
SAMN31774407,NCBI_SOURCE_UNKNOWN,,,Klebsiella pneumoniae,USA,2022,Homo sapiens,sputum,cefepime,16,==,mg/L,MIC,Sensititre,CLSI,,resistant,unknown,unknown,not_curated,measured_public,SAMN31774407,biosamples_00000.xml:SAMN31774407:5
SAMN31774407,NCBI_SOURCE_UNKNOWN,,,Klebsiella pneumoniae,USA,2022,Homo sapiens,sputum,cefazolin,16,>,mg/L,MIC,Sensititre,CLSI,,resistant,unknown,unknown,not_curated,measured_public,SAMN31774407,biosamples_00000.xml:SAMN31774407:6
SAMN31774407,NCBI_SOURCE_UNKNOWN,,,Klebsiella pneumoniae,USA,2022,Homo sapiens,sputum,ceftazidime,16,>,mg/L,MIC,Sensititre,CLSI,,resistant,unknown,unknown,not_curated,measured_public,SAMN31774407,biosamples_00000.xml:SAMN31774407:7
SAMN31774407,NCBI_SOURCE_UNKNOWN,,,Klebsiella pneumoniae,USA,2022,Homo sapiens,sputum,ceftazidime-avibactam,16/4,>,mg/L,MIC,Sensititre,CLSI,,resistant,unknown,unknown,not_curated,measured_public,SAMN31774407,biosamples_00000.xml:SAMN31774407:8
SAMN31774407,NCBI_SOURCE_UNKNOWN,,,Klebsiella pneumoniae,USA,2022,Homo sapiens,sputum,ceftolozane-tazobactam,16/4,>,mg/L,MIC,Sensititre,CLSI,,resistant,unknown,unknown,not_curated,measured_public,SAMN31774407,biosamples_00000.xml:SAMN31774407:9
SAMN31774407,NCBI_SOURCE_UNKNOWN,,,Klebsiella pneumoniae,USA,2022,Homo sapiens,sputum,ceftriaxone,32,>,mg/L,MIC,Sensititre,CLSI,,resistant,unknown,unknown,not_curated,measured_public,SAMN31774407,biosamples_00000.xml:SAMN31774407:10
SAMN31774407,NCBI_SOURCE_UNKNOWN,,,Klebsiella pneumoniae,USA,2022,Homo sapiens,sputum,ciprofloxacin,1,==,mg/L,MIC,Sensititre,CLSI,,resistant,unknown,unknown,not_curated,measured_public,SAMN31774407,biosamples_00000.xml:SAMN31774407:11
SAMN31774407,NCBI_SOURCE_UNKNOWN,,,Klebsiella pneumoniae,USA,2022,Homo sapiens,sputum,ertapenem,8,==,mg/L,MIC,Sensititre,CLSI,,resistant,unknown,unknown,not_curated,measured_public,SAMN31774407,biosamples_00000.xml:SAMN31774407:12
SAMN31774407,NCBI_SOURCE_UNKNOWN,,,Klebsiella pneumoniae,USA,2022,Homo sapiens,sputum,gentamicin,2,<=,mg/L,MIC,Sensititre,CLSI,,susceptible,unknown,unknown,not_curated,measured_public,SAMN31774407,biosamples_00000.xml:SAMN31774407:13
SAMN31774407,NCBI_SOURCE_UNKNOWN,,,Klebsiella pneumoniae,USA,2022,Homo sapiens,sputum,imipenem,4,==,mg/L,MIC,Sensititre,CLSI,,resistant,unknown,unknown,not_curated,measured_public,SAMN31774407,biosamples_00000.xml:SAMN31774407:14
SAMN31774407,NCBI_SOURCE_UNKNOWN,,,Klebsiella pneumoniae,USA,2022,Homo sapiens,sputum,levofloxacin,1,==,mg/L,MIC,Sensititre,CLSI,,intermediate,unknown,unknown,not_curated,measured_public,SAMN31774407,biosamples_00000.xml:SAMN31774407:15
SAMN31774407,NCBI_SOURCE_UNKNOWN,,,Klebsiella pneumoniae,USA,2022,Homo sapiens,sputum,meropenem,8,==,mg/L,MIC,Sensititre,CLSI,,resistant,unknown,unknown,not_curated,measured_public,SAMN31774407,biosamples_00000.xml:SAMN31774407:16
SAMN31774407,NCBI_SOURCE_UNKNOWN,,,Klebsiella pneumoniae,USA,2022,Homo sapiens,sputum,piperacillin-tazobactam,64/4,>,mg/L,MIC,Sensititre,CLSI,,resistant,unknown,unknown,not_curated,measured_public,SAMN31774407,biosamples_00000.xml:SAMN31774407:17
SAMN31774407,NCBI_SOURCE_UNKNOWN,,,Klebsiella pneumoniae,USA,2022,Homo sapiens,sputum,tetracycline,4,<=,mg/L,MIC,Sensititre,CLSI,,susceptible,unknown,unknown,not_curated,measured_public,SAMN31774407,biosamples_00000.xml:SAMN31774407:18
SAMN31774407,NCBI_SOURCE_UNKNOWN,,,Klebsiella pneumoniae,USA,2022,Homo sapiens,sputum,tobramycin,8,==,mg/L,MIC,Sensititre,CLSI,,intermediate,unknown,unknown,not_curated,measured_public,SAMN31774407,biosamples_00000.xml:SAMN31774407:19
SAMN31774407,NCBI_SOURCE_UNKNOWN,,,Klebsiella pneumoniae,USA,2022,Homo sapiens,sputum,trimethoprim-sulfamethoxazole,2/38,<=,mg/L,MIC,Sensititre,CLSI,,susceptible,unknown,unknown,not_curated,measured_public,SAMN31774407,biosamples_00000.xml:SAMN31774407:20
SAMN31774407,NCBI_SOURCE_UNKNOWN,,,Klebsiella pneumoniae,USA,2022,Homo sapiens,sputum,cefoxitin,64,>=,mg/L,MIC,Sensititre,CLSI,,resistant,unknown,unknown,not_curated,measured_public,SAMN31774407,biosamples_00000.xml:SAMN31774407:21
SAMN31774407,NCBI_SOURCE_UNKNOWN,,,Klebsiella pneumoniae,USA,2022,Homo sapiens,sputum,nitrofurantoin,64,==,mg/L,MIC,Sensititre,CLSI,,resistant,unknown,unknown,not_curated,measured_public,SAMN31774407,biosamples_00000.xml:SAMN31774407:22
SAMN30926478,NCBI_SOURCE_UNKNOWN,,,Klebsiella pneumoniae,Portugal,2019,Homo sapiens,Pus,amikacin,2,<=,mg/L,MIC,Vitek,EUCAST,,susceptible,unknown,unknown,not_curated,measured_public,SAMN30926478,biosamples_00000.xml:SAMN30926478:1
SAMN30926478,NCBI_SOURCE_UNKNOWN,,,Klebsiella pneumoniae,Portugal,2019,Homo sapiens,Pus,gentamicin,1,<=,mg/L,MIC,Vitek,EUCAST,,susceptible,unknown,unknown,not_curated,measured_public,SAMN30926478,biosamples_00000.xml:SAMN30926478:2
SAMN30926478,NCBI_SOURCE_UNKNOWN,,,Klebsiella pneumoniae,Portugal,2019,Homo sapiens,Pus,ampicillin,32,>=,mg/L,MIC,Vitek,EUCAST,,resistant,unknown,unknown,not_curated,measured_public,SAMN30926478,biosamples_00000.xml:SAMN30926478:3
SAMN30926478,NCBI_SOURCE_UNKNOWN,,,Klebsiella pneumoniae,Portugal,2019,Homo sapiens,Pus,cefuroxime,32,>=,mg/L,MIC,Vitek,EUCAST,,resistant,unknown,unknown,not_curated,measured_public,SAMN30926478,biosamples_00000.xml:SAMN30926478:4
SAMN30926478,NCBI_SOURCE_UNKNOWN,,,Klebsiella pneumoniae,Portugal,2019,Homo sapiens,Pus,cefotaxime,1,<=,mg/L,MIC,Vitek,EUCAST,,susceptible,unknown,unknown,not_curated,measured_public,SAMN30926478,biosamples_00000.xml:SAMN30926478:5
SAMN30926478,NCBI_SOURCE_UNKNOWN,,,Klebsiella pneumoniae,Portugal,2019,Homo sapiens,Pus,cefepime,1,<=,mg/L,MIC,Vitek,EUCAST,,susceptible,unknown,unknown,not_curated,measured_public,SAMN30926478,biosamples_00000.xml:SAMN30926478:6
SAMN30926478,NCBI_SOURCE_UNKNOWN,,,Klebsiella pneumoniae,Portugal,2019,Homo sapiens,Pus,ceftazidime,1,<=,mg/L,MIC,Vitek,EUCAST,,susceptible,unknown,unknown,not_curated,measured_public,SAMN30926478,biosamples_00000.xml:SAMN30926478:7
SAMN30926478,NCBI_SOURCE_UNKNOWN,,,Klebsiella pneumoniae,Portugal,2019,Homo sapiens,Pus,ertapenem,8,>=,mg/L,MIC,Vitek,EUCAST,,resistant,unknown,unknown,not_curated,measured_public,SAMN30926478,biosamples_00000.xml:SAMN30926478:8
SAMN30926478,NCBI_SOURCE_UNKNOWN,,,Klebsiella pneumoniae,Portugal,2019,Homo sapiens,Pus,meropenem,8,>,mg/L,MIC,Vitek,EUCAST,,resistant,unknown,unknown,not_curated,measured_public,SAMN30926478,biosamples_00000.xml:SAMN30926478:9
SAMN30926478,NCBI_SOURCE_UNKNOWN,,,Klebsiella pneumoniae,Portugal,2019,Homo sapiens,Pus,colistin,0.5,<=,mg/L,MIC,Vitek,EUCAST,,susceptible,unknown,unknown,not_curated,measured_public,SAMN30926478,biosamples_00000.xml:SAMN30926478:10
SAMN30926478,NCBI_SOURCE_UNKNOWN,,,Klebsiella pneumoniae,Portugal,2019,Homo sapiens,Pus,ciprofloxacin,0.25,<=,mg/L,MIC,Vitek,EUCAST,,susceptible,unknown,unknown,not_curated,measured_public,SAMN30926478,biosamples_00000.xml:SAMN30926478:11
SAMN30926478,NCBI_SOURCE_UNKNOWN,,,Klebsiella pneumoniae,Portugal,2019,Homo sapiens,Pus,nitrofurantoin,64,<=,mg/L,MIC,Vitek,EUCAST,,susceptible,unknown,unknown,not_curated,measured_public,SAMN30926478,biosamples_00000.xml:SAMN30926478:12
SAMN30926478,NCBI_SOURCE_UNKNOWN,,,Klebsiella pneumoniae,Portugal,2019,Homo sapiens,Pus,fosfomycin,16,<=,mg/L,MIC,Vitek,EUCAST,,susceptible,unknown,unknown,not_curated,measured_public,SAMN30926478,biosamples_00000.xml:SAMN30926478:13
SAMN30886169,NCBI_SOURCE_UNKNOWN,,,Klebsiella pneumoniae,Portugal,2021-09-29,Homo sapiens,urine,amikacin,2,<=,mg/L,MIC,Vitek,EUCAST,,susceptible,unknown,unknown,not_curated,measured_public,SAMN30886169,biosamples_00000.xml:SAMN30886169:1
SAMN30886169,NCBI_SOURCE_UNKNOWN,,,Klebsiella pneumoniae,Portugal,2021-09-29,Homo sapiens,urine,gentamicin,8,==,mg/L,MIC,Vitek,EUCAST,,resistant,unknown,unknown,not_curated,measured_public,SAMN30886169,biosamples_00000.xml:SAMN30886169:2
SAMN30886169,NCBI_SOURCE_UNKNOWN,,,Klebsiella pneumoniae,Portugal,2021-09-29,Homo sapiens,urine,ampicillin,32,>=,mg/L,MIC,Vitek,EUCAST,,resistant,unknown,unknown,not_curated,measured_public,SAMN30886169,biosamples_00000.xml:SAMN30886169:3
SAMN30886169,NCBI_SOURCE_UNKNOWN,,,Klebsiella pneumoniae,Portugal,2021-09-29,Homo sapiens,urine,cefuroxime,64,>=,mg/L,MIC,Vitek,EUCAST,,resistant,unknown,unknown,not_curated,measured_public,SAMN30886169,biosamples_00000.xml:SAMN30886169:4
SAMN30886169,NCBI_SOURCE_UNKNOWN,,,Klebsiella pneumoniae,Portugal,2021-09-29,Homo sapiens,urine,cefotaxime,64,>=,mg/L,MIC,Vitek,EUCAST,,resistant,unknown,unknown,not_curated,measured_public,SAMN30886169,biosamples_00000.xml:SAMN30886169:5
SAMN30886169,NCBI_SOURCE_UNKNOWN,,,Klebsiella pneumoniae,Portugal,2021-09-29,Homo sapiens,urine,cefepime,64,>=,mg/L,MIC,Vitek,EUCAST,,resistant,unknown,unknown,not_curated,measured_public,SAMN30886169,biosamples_00000.xml:SAMN30886169:6
SAMN30886169,NCBI_SOURCE_UNKNOWN,,,Klebsiella pneumoniae,Portugal,2021-09-29,Homo sapiens,urine,ceftazidime,64,>=,mg/L,MIC,Vitek,EUCAST,,resistant,unknown,unknown,not_curated,measured_public,SAMN30886169,biosamples_00000.xml:SAMN30886169:7
SAMN30886169,NCBI_SOURCE_UNKNOWN,,,Klebsiella pneumoniae,Portugal,2021-09-29,Homo sapiens,urine,ertapenem,8,>=,mg/L,MIC,Vitek,EUCAST,,resistant,unknown,unknown,not_curated,measured_public,SAMN30886169,biosamples_00000.xml:SAMN30886169:8
SAMN30886169,NCBI_SOURCE_UNKNOWN,,,Klebsiella pneumoniae,Portugal,2021-09-29,Homo sapiens,urine,meropenem,16,>=,mg/L,MIC,Vitek,EUCAST,,resistant,unknown,unknown,not_curated,measured_public,SAMN30886169,biosamples_00000.xml:SAMN30886169:9
SAMN30886169,NCBI_SOURCE_UNKNOWN,,,Klebsiella pneumoniae,Portugal,2021-09-29,Homo sapiens,urine,colistin,0.5,<=,mg/L,MIC,Vitek,EUCAST,,susceptible,unknown,unknown,not_curated,measured_public,SAMN30886169,biosamples_00000.xml:SAMN30886169:10
SAMN30886169,NCBI_SOURCE_UNKNOWN,,,Klebsiella pneumoniae,Portugal,2021-09-29,Homo sapiens,urine,ciprofloxacin,4,>=,mg/L,MIC,Vitek,EUCAST,,resistant,unknown,unknown,not_curated,measured_public,SAMN30886169,biosamples_00000.xml:SAMN30886169:11
SAMN30886169,NCBI_SOURCE_UNKNOWN,,,Klebsiella pneumoniae,Portugal,2021-09-29,Homo sapiens,urine,sulfamethoxazole,320,>=,mg/L,MIC,Vitek,EUCAST,,resistant,unknown,unknown,not_curated,measured_public,SAMN30886169,biosamples_00000.xml:SAMN30886169:12
SAMN30886168,NCBI_SOURCE_UNKNOWN,,,Klebsiella pneumoniae,Portugal,2021-08-31,Homo sapiens,urine,amikacin,2,<=,mg/L,MIC,Vitek,EUCAST,,susceptible,unknown,unknown,not_curated,measured_public,SAMN30886168,biosamples_00000.xml:SAMN30886168:1
SAMN30886168,NCBI_SOURCE_UNKNOWN,,,Klebsiella pneumoniae,Portugal,2021-08-31,Homo sapiens,urine,gentamicin,8,==,mg/L,MIC,Vitek,EUCAST,,resistant,unknown,unknown,not_curated,measured_public,SAMN30886168,biosamples_00000.xml:SAMN30886168:2
SAMN30886168,NCBI_SOURCE_UNKNOWN,,,Klebsiella pneumoniae,Portugal,2021-08-31,Homo sapiens,urine,ampicillin,32,>=,mg/L,MIC,Vitek,EUCAST,,resistant,unknown,unknown,not_curated,measured_public,SAMN30886168,biosamples_00000.xml:SAMN30886168:3
SAMN30886168,NCBI_SOURCE_UNKNOWN,,,Klebsiella pneumoniae,Portugal,2021-08-31,Homo sapiens,urine,cefuroxime,64,>=,mg/L,MIC,Vitek,EUCAST,,resistant,unknown,unknown,not_curated,measured_public,SAMN30886168,biosamples_00000.xml:SAMN30886168:4
SAMN30886168,NCBI_SOURCE_UNKNOWN,,,Klebsiella pneumoniae,Portugal,2021-08-31,Homo sapiens,urine,cefotaxime,64,>=,mg/L,MIC,Vitek,EUCAST,,resistant,unknown,unknown,not_curated,measured_public,SAMN30886168,biosamples_00000.xml:SAMN30886168:5
SAMN30886168,NCBI_SOURCE_UNKNOWN,,,Klebsiella pneumoniae,Portugal,2021-08-31,Homo sapiens,urine,cefepime,64,>=,mg/L,MIC,Vitek,EUCAST,,resistant,unknown,unknown,not_curated,measured_public,SAMN30886168,biosamples_00000.xml:SAMN30886168:6
SAMN30886168,NCBI_SOURCE_UNKNOWN,,,Klebsiella pneumoniae,Portugal,2021-08-31,Homo sapiens,urine,ceftazidime,64,>=,mg/L,MIC,Vitek,EUCAST,,resistant,unknown,unknown,not_curated,measured_public,SAMN30886168,biosamples_00000.xml:SAMN30886168:7
SAMN30886168,NCBI_SOURCE_UNKNOWN,,,Klebsiella pneumoniae,Portugal,2021-08-31,Homo sapiens,urine,ertapenem,8,>=,mg/L,MIC,Vitek,EUCAST,,resistant,unknown,unknown,not_curated,measured_public,SAMN30886168,biosamples_00000.xml:SAMN30886168:8
SAMN30886168,NCBI_SOURCE_UNKNOWN,,,Klebsiella pneumoniae,Portugal,2021-08-31,Homo sapiens,urine,meropenem,16,>=,mg/L,MIC,Vitek,EUCAST,,resistant,unknown,unknown,not_curated,measured_public,SAMN30886168,biosamples_00000.xml:SAMN30886168:9
SAMN30886168,NCBI_SOURCE_UNKNOWN,,,Klebsiella pneumoniae,Portugal,2021-08-31,Homo sapiens,urine,colistin,0.5,<=,mg/L,MIC,Vitek,EUCAST,,susceptible,unknown,unknown,not_curated,measured_public,SAMN30886168,biosamples_00000.xml:SAMN30886168:10
SAMN30886168,NCBI_SOURCE_UNKNOWN,,,Klebsiella pneumoniae,Portugal,2021-08-31,Homo sapiens,urine,ciprofloxacin,4,>=,mg/L,MIC,Vitek,EUCAST,,resistant,unknown,unknown,not_curated,measured_public,SAMN30886168,biosamples_00000.xml:SAMN30886168:11
SAMN30886168,NCBI_SOURCE_UNKNOWN,,,Klebsiella pneumoniae,Portugal,2021-08-31,Homo sapiens,urine,sulfamethoxazole,320,>=,mg/L,MIC,Vitek,EUCAST,,resistant,unknown,unknown,not_curated,measured_public,SAMN30886168,biosamples_00000.xml:SAMN30886168:12
SAMN26369266,NCBI_SOURCE_UNKNOWN,,,Klebsiella pneumoniae,Australia,2020,Homo sapiens,urine,piperacillin-tazobactam,4/4,<=,mg/L,MIC,Vitek,EUCAST,,susceptible,unknown,unknown,not_curated,measured_public,SAMN26369266,biosamples_00000.xml:SAMN26369266:1
SAMN26369266,NCBI_SOURCE_UNKNOWN,,,Klebsiella pneumoniae,Australia,2020,Homo sapiens,urine,ceftazidime,1,<=,mg/L,MIC,Vitek,EUCAST,,susceptible,unknown,unknown,not_curated,measured_public,SAMN26369266,biosamples_00000.xml:SAMN26369266:2
SAMN26369266,NCBI_SOURCE_UNKNOWN,,,Klebsiella pneumoniae,Australia,2020,Homo sapiens,urine,ceftriaxone,1,<=,mg/L,MIC,Vitek,EUCAST,,susceptible,unknown,unknown,not_curated,measured_public,SAMN26369266,biosamples_00000.xml:SAMN26369266:3
SAMN26369266,NCBI_SOURCE_UNKNOWN,,,Klebsiella pneumoniae,Australia,2020,Homo sapiens,urine,amoxicillin-clavulanic acid,2/2,<=,mg/L,MIC,Vitek,EUCAST,,susceptible,unknown,unknown,not_curated,measured_public,SAMN26369266,biosamples_00000.xml:SAMN26369266:4
SAMN26369265,NCBI_SOURCE_UNKNOWN,,,Klebsiella pneumoniae,Australia,2020,Homo sapiens,urine,piperacillin-tazobactam,4/4,<=,mg/L,MIC,Vitek,EUCAST,,susceptible,unknown,unknown,not_curated,measured_public,SAMN26369265,biosamples_00000.xml:SAMN26369265:1
SAMN26369265,NCBI_SOURCE_UNKNOWN,,,Klebsiella pneumoniae,Australia,2020,Homo sapiens,urine,ceftazidime,1,<=,mg/L,MIC,Vitek,EUCAST,,susceptible,unknown,unknown,not_curated,measured_public,SAMN26369265,biosamples_00000.xml:SAMN26369265:2
SAMN26369265,NCBI_SOURCE_UNKNOWN,,,Klebsiella pneumoniae,Australia,2020,Homo sapiens,urine,ceftriaxone,1,<=,mg/L,MIC,Vitek,EUCAST,,susceptible,unknown,unknown,not_curated,measured_public,SAMN26369265,biosamples_00000.xml:SAMN26369265:3
SAMN26369265,NCBI_SOURCE_UNKNOWN,,,Klebsiella pneumoniae,Australia,2020,Homo sapiens,urine,amoxicillin-clavulanic acid,2/2,<=,mg/L,MIC,Vitek,EUCAST,,susceptible,unknown,unknown,not_curated,measured_public,SAMN26369265,biosamples_00000.xml:SAMN26369265:4
SAMN26369264,NCBI_SOURCE_UNKNOWN,,,Klebsiella pneumoniae,Australia,2020,Homo sapiens,Urine - MSU,piperacillin-tazobactam,4/4,<=,mg/L,MIC,Vitek,EUCAST,,susceptible,unknown,unknown,not_curated,measured_public,SAMN26369264,biosamples_00000.xml:SAMN26369264:1
SAMN26369264,NCBI_SOURCE_UNKNOWN,,,Klebsiella pneumoniae,Australia,2020,Homo sapiens,Urine - MSU,ceftazidime,1,<=,mg/L,MIC,Vitek,EUCAST,,susceptible,unknown,unknown,not_curated,measured_public,SAMN26369264,biosamples_00000.xml:SAMN26369264:2
SAMN26369264,NCBI_SOURCE_UNKNOWN,,,Klebsiella pneumoniae,Australia,2020,Homo sapiens,Urine - MSU,ceftriaxone,1,<=,mg/L,MIC,Vitek,EUCAST,,susceptible,unknown,unknown,not_curated,measured_public,SAMN26369264,biosamples_00000.xml:SAMN26369264:3
SAMN26369264,NCBI_SOURCE_UNKNOWN,,,Klebsiella pneumoniae,Australia,2020,Homo sapiens,Urine - MSU,amoxicillin-clavulanic acid,2/2,<=,mg/L,MIC,Vitek,EUCAST,,susceptible,unknown,unknown,not_curated,measured_public,SAMN26369264,biosamples_00000.xml:SAMN26369264:4
SAMN26369261,NCBI_SOURCE_UNKNOWN,,,Klebsiella pneumoniae,Australia,2020,Homo sapiens,Burn,piperacillin-tazobactam,4/4,<=,mg/L,MIC,Vitek,EUCAST,,susceptible,unknown,unknown,not_curated,measured_public,SAMN26369261,biosamples_00000.xml:SAMN26369261:1
SAMN26369261,NCBI_SOURCE_UNKNOWN,,,Klebsiella pneumoniae,Australia,2020,Homo sapiens,Burn,ceftazidime,1,<=,mg/L,MIC,Vitek,EUCAST,,susceptible,unknown,unknown,not_curated,measured_public,SAMN26369261,biosamples_00000.xml:SAMN26369261:2
SAMN26369261,NCBI_SOURCE_UNKNOWN,,,Klebsiella pneumoniae,Australia,2020,Homo sapiens,Burn,ceftriaxone,1,<=,mg/L,MIC,Vitek,EUCAST,,susceptible,unknown,unknown,not_curated,measured_public,SAMN26369261,biosamples_00000.xml:SAMN26369261:3
SAMN26369261,NCBI_SOURCE_UNKNOWN,,,Klebsiella pneumoniae,Australia,2020,Homo sapiens,Burn,amoxicillin-clavulanic acid,2/2,<=,mg/L,MIC,Vitek,EUCAST,,susceptible,unknown,unknown,not_curated,measured_public,SAMN26369261,biosamples_00000.xml:SAMN26369261:4
SAMN26369260,NCBI_SOURCE_UNKNOWN,,,Klebsiella pneumoniae,Australia,2020,Homo sapiens,Endotrachial Tube,piperacillin-tazobactam,4/4,<=,mg/L,MIC,Vitek,EUCAST,,susceptible,unknown,unknown,not_curated,measured_public,SAMN26369260,biosamples_00000.xml:SAMN26369260:1
SAMN26369260,NCBI_SOURCE_UNKNOWN,,,Klebsiella pneumoniae,Australia,2020,Homo sapiens,Endotrachial Tube,ceftazidime,1,<=,mg/L,MIC,Vitek,EUCAST,,susceptible,unknown,unknown,not_curated,measured_public,SAMN26369260,biosamples_00000.xml:SAMN26369260:2
SAMN26369260,NCBI_SOURCE_UNKNOWN,,,Klebsiella pneumoniae,Australia,2020,Homo sapiens,Endotrachial Tube,ceftriaxone,1,<=,mg/L,MIC,Vitek,EUCAST,,susceptible,unknown,unknown,not_curated,measured_public,SAMN26369260,biosamples_00000.xml:SAMN26369260:3
SAMN26369260,NCBI_SOURCE_UNKNOWN,,,Klebsiella pneumoniae,Australia,2020,Homo sapiens,Endotrachial Tube,amoxicillin-clavulanic acid,2/2,<=,mg/L,MIC,Vitek,EUCAST,,susceptible,unknown,unknown,not_curated,measured_public,SAMN26369260,biosamples_00000.xml:SAMN26369260:4
SAMN26369257,NCBI_SOURCE_UNKNOWN,,,Klebsiella pneumoniae,Australia,2020,Homo sapiens,Endotrachial Tube,piperacillin-tazobactam,4/4,<=,mg/L,MIC,Vitek,EUCAST,,susceptible,unknown,unknown,not_curated,measured_public,SAMN26369257,biosamples_00000.xml:SAMN26369257:1
SAMN26369257,NCBI_SOURCE_UNKNOWN,,,Klebsiella pneumoniae,Australia,2020,Homo sapiens,Endotrachial Tube,ceftazidime,1,<=,mg/L,MIC,Vitek,EUCAST,,susceptible,unknown,unknown,not_curated,measured_public,SAMN26369257,biosamples_00000.xml:SAMN26369257:2
SAMN26369257,NCBI_SOURCE_UNKNOWN,,,Klebsiella pneumoniae,Australia,2020,Homo sapiens,Endotrachial Tube,ceftriaxone,1,<=,mg/L,MIC,Vitek,EUCAST,,susceptible,unknown,unknown,not_curated,measured_public,SAMN26369257,biosamples_00000.xml:SAMN26369257:3
SAMN26369257,NCBI_SOURCE_UNKNOWN,,,Klebsiella pneumoniae,Australia,2020,Homo sapiens,Endotrachial Tube,amoxicillin-clavulanic acid,2/2,<=,mg/L,MIC,Vitek,EUCAST,,susceptible,unknown,unknown,not_curated,measured_public,SAMN26369257,biosamples_00000.xml:SAMN26369257:4
SAMN26369254,NCBI_SOURCE_UNKNOWN,,,Klebsiella pneumoniae,Australia,2020,Homo sapiens,swab,piperacillin-tazobactam,4/4,<=,mg/L,MIC,Vitek,EUCAST,,susceptible,unknown,unknown,not_curated,measured_public,SAMN26369254,biosamples_00000.xml:SAMN26369254:1
SAMN26369254,NCBI_SOURCE_UNKNOWN,,,Klebsiella pneumoniae,Australia,2020,Homo sapiens,swab,ceftazidime,1,<=,mg/L,MIC,Vitek,EUCAST,,susceptible,unknown,unknown,not_curated,measured_public,SAMN26369254,biosamples_00000.xml:SAMN26369254:2
SAMN26369254,NCBI_SOURCE_UNKNOWN,,,Klebsiella pneumoniae,Australia,2020,Homo sapiens,swab,ceftriaxone,1,<=,mg/L,MIC,Vitek,EUCAST,,susceptible,unknown,unknown,not_curated,measured_public,SAMN26369254,biosamples_00000.xml:SAMN26369254:3
SAMN26369254,NCBI_SOURCE_UNKNOWN,,,Klebsiella pneumoniae,Australia,2020,Homo sapiens,swab,amoxicillin-clavulanic acid,2/2,<=,mg/L,MIC,Vitek,EUCAST,,susceptible,unknown,unknown,not_curated,measured_public,SAMN26369254,biosamples_00000.xml:SAMN26369254:4
SAMN26369253,NCBI_SOURCE_UNKNOWN,,,Klebsiella pneumoniae,Australia,2020,Homo sapiens,blood,piperacillin-tazobactam,4/4,<=,mg/L,MIC,Vitek,EUCAST,,susceptible,unknown,unknown,not_curated,measured_public,SAMN26369253,biosamples_00000.xml:SAMN26369253:1
SAMN26369253,NCBI_SOURCE_UNKNOWN,,,Klebsiella pneumoniae,Australia,2020,Homo sapiens,blood,ceftazidime,1,<=,mg/L,MIC,Vitek,EUCAST,,susceptible,unknown,unknown,not_curated,measured_public,SAMN26369253,biosamples_00000.xml:SAMN26369253:2
SAMN26369253,NCBI_SOURCE_UNKNOWN,,,Klebsiella pneumoniae,Australia,2020,Homo sapiens,blood,ceftriaxone,1,<=,mg/L,MIC,Vitek,EUCAST,,susceptible,unknown,unknown,not_curated,measured_public,SAMN26369253,biosamples_00000.xml:SAMN26369253:3
SAMN26369253,NCBI_SOURCE_UNKNOWN,,,Klebsiella pneumoniae,Australia,2020,Homo sapiens,blood,amoxicillin-clavulanic acid,2/2,<=,mg/L,MIC,Vitek,EUCAST,,susceptible,unknown,unknown,not_curated,measured_public,SAMN26369253,biosamples_00000.xml:SAMN26369253:4
SAMN26369250,NCBI_SOURCE_UNKNOWN,,,Klebsiella pneumoniae,Australia,2020,Homo sapiens,urine,ceftazidime,1,<=,mg/L,MIC,Vitek,EUCAST,,susceptible,unknown,unknown,not_curated,measured_public,SAMN26369250,biosamples_00000.xml:SAMN26369250:1
SAMN26369250,NCBI_SOURCE_UNKNOWN,,,Klebsiella pneumoniae,Australia,2020,Homo sapiens,urine,ceftriaxone,1,<=,mg/L,MIC,Vitek,EUCAST,,susceptible,unknown,unknown,not_curated,measured_public,SAMN26369250,biosamples_00000.xml:SAMN26369250:2
SAMN26369250,NCBI_SOURCE_UNKNOWN,,,Klebsiella pneumoniae,Australia,2020,Homo sapiens,urine,amoxicillin-clavulanic acid,4/2,==,mg/L,MIC,Vitek,EUCAST,,susceptible,unknown,unknown,not_curated,measured_public,SAMN26369250,biosamples_00000.xml:SAMN26369250:3
SAMN26369250,NCBI_SOURCE_UNKNOWN,,,Klebsiella pneumoniae,Australia,2020,Homo sapiens,urine,piperacillin-tazobactam,8/4,==,mg/L,MIC,Vitek,EUCAST,,susceptible,unknown,unknown,not_curated,measured_public,SAMN26369250,biosamples_00000.xml:SAMN26369250:4
SAMN26369248,NCBI_SOURCE_UNKNOWN,,,Klebsiella pneumoniae,Australia,2020,Homo sapiens,Blood Peripheral,piperacillin-tazobactam,4/4,<=,mg/L,MIC,Vitek,EUCAST,,susceptible,unknown,unknown,not_curated,measured_public,SAMN26369248,biosamples_00000.xml:SAMN26369248:1
SAMN26369248,NCBI_SOURCE_UNKNOWN,,,Klebsiella pneumoniae,Australia,2020,Homo sapiens,Blood Peripheral,ceftazidime,1,<=,mg/L,MIC,Vitek,EUCAST,,susceptible,unknown,unknown,not_curated,measured_public,SAMN26369248,biosamples_00000.xml:SAMN26369248:2
SAMN26369248,NCBI_SOURCE_UNKNOWN,,,Klebsiella pneumoniae,Australia,2020,Homo sapiens,Blood Peripheral,ceftriaxone,1,<=,mg/L,MIC,Vitek,EUCAST,,susceptible,unknown,unknown,not_curated,measured_public,SAMN26369248,biosamples_00000.xml:SAMN26369248:3
SAMN26369248,NCBI_SOURCE_UNKNOWN,,,Klebsiella pneumoniae,Australia,2020,Homo sapiens,Blood Peripheral,amoxicillin-clavulanic acid,2/2,<=,mg/L,MIC,Vitek,EUCAST,,susceptible,unknown,unknown,not_curated,measured_public,SAMN26369248,biosamples_00000.xml:SAMN26369248:4
SAMN26369247,NCBI_SOURCE_UNKNOWN,,,Klebsiella pneumoniae,Australia,2020,Homo sapiens,Urine - MSU,piperacillin-tazobactam,4/4,<=,mg/L,MIC,Vitek,EUCAST,,susceptible,unknown,unknown,not_curated,measured_public,SAMN26369247,biosamples_00000.xml:SAMN26369247:1
SAMN26369247,NCBI_SOURCE_UNKNOWN,,,Klebsiella pneumoniae,Australia,2020,Homo sapiens,Urine - MSU,ceftazidime,1,<=,mg/L,MIC,Vitek,EUCAST,,susceptible,unknown,unknown,not_curated,measured_public,SAMN26369247,biosamples_00000.xml:SAMN26369247:2
SAMN26369247,NCBI_SOURCE_UNKNOWN,,,Klebsiella pneumoniae,Australia,2020,Homo sapiens,Urine - MSU,ceftriaxone,1,<=,mg/L,MIC,Vitek,EUCAST,,susceptible,unknown,unknown,not_curated,measured_public,SAMN26369247,biosamples_00000.xml:SAMN26369247:3
SAMN26369247,NCBI_SOURCE_UNKNOWN,,,Klebsiella pneumoniae,Australia,2020,Homo sapiens,Urine - MSU,amoxicillin-clavulanic acid,2/2,<=,mg/L,MIC,Vitek,EUCAST,,susceptible,unknown,unknown,not_curated,measured_public,SAMN26369247,biosamples_00000.xml:SAMN26369247:4
SAMN26369244,NCBI_SOURCE_UNKNOWN,,,Klebsiella pneumoniae,Australia,2020,Homo sapiens,Urine - Catheter,piperacillin-tazobactam,4/4,<=,mg/L,MIC,Vitek,EUCAST,,susceptible,unknown,unknown,not_curated,measured_public,SAMN26369244,biosamples_00100.xml:SAMN26369244:1
SAMN26369244,NCBI_SOURCE_UNKNOWN,,,Klebsiella pneumoniae,Australia,2020,Homo sapiens,Urine - Catheter,ceftazidime,1,<=,mg/L,MIC,Vitek,EUCAST,,susceptible,unknown,unknown,not_curated,measured_public,SAMN26369244,biosamples_00100.xml:SAMN26369244:2
SAMN26369244,NCBI_SOURCE_UNKNOWN,,,Klebsiella pneumoniae,Australia,2020,Homo sapiens,Urine - Catheter,ceftriaxone,1,<=,mg/L,MIC,Vitek,EUCAST,,susceptible,unknown,unknown,not_curated,measured_public,SAMN26369244,biosamples_00100.xml:SAMN26369244:3
SAMN26369244,NCBI_SOURCE_UNKNOWN,,,Klebsiella pneumoniae,Australia,2020,Homo sapiens,Urine - Catheter,amoxicillin-clavulanic acid,2/2,<=,mg/L,MIC,Vitek,EUCAST,,susceptible,unknown,unknown,not_curated,measured_public,SAMN26369244,biosamples_00100.xml:SAMN26369244:4
SAMN26369243,NCBI_SOURCE_UNKNOWN,,,Klebsiella pneumoniae,Australia,2020,Homo sapiens,urine,piperacillin-tazobactam,4/4,<=,mg/L,MIC,Vitek,EUCAST,,susceptible,unknown,unknown,not_curated,measured_public,SAMN26369243,biosamples_00100.xml:SAMN26369243:1
SAMN26369243,NCBI_SOURCE_UNKNOWN,,,Klebsiella pneumoniae,Australia,2020,Homo sapiens,urine,ceftazidime,1,<=,mg/L,MIC,Vitek,EUCAST,,susceptible,unknown,unknown,not_curated,measured_public,SAMN26369243,biosamples_00100.xml:SAMN26369243:2
SAMN26369243,NCBI_SOURCE_UNKNOWN,,,Klebsiella pneumoniae,Australia,2020,Homo sapiens,urine,ceftriaxone,1,<=,mg/L,MIC,Vitek,EUCAST,,susceptible,unknown,unknown,not_curated,measured_public,SAMN26369243,biosamples_00100.xml:SAMN26369243:3
SAMN26369243,NCBI_SOURCE_UNKNOWN,,,Klebsiella pneumoniae,Australia,2020,Homo sapiens,urine,amoxicillin-clavulanic acid,2/2,<=,mg/L,MIC,Vitek,EUCAST,,susceptible,unknown,unknown,not_curated,measured_public,SAMN26369243,biosamples_00100.xml:SAMN26369243:4
SAMN26369241,NCBI_SOURCE_UNKNOWN,,,Klebsiella pneumoniae,Australia,2020,Homo sapiens,Donor Site,piperacillin-tazobactam,4/4,<=,mg/L,MIC,Vitek,EUCAST,,susceptible,unknown,unknown,not_curated,measured_public,SAMN26369241,biosamples_00100.xml:SAMN26369241:1
SAMN26369241,NCBI_SOURCE_UNKNOWN,,,Klebsiella pneumoniae,Australia,2020,Homo sapiens,Donor Site,ceftazidime,1,<=,mg/L,MIC,Vitek,EUCAST,,susceptible,unknown,unknown,not_curated,measured_public,SAMN26369241,biosamples_00100.xml:SAMN26369241:2
SAMN26369241,NCBI_SOURCE_UNKNOWN,,,Klebsiella pneumoniae,Australia,2020,Homo sapiens,Donor Site,ceftriaxone,1,<=,mg/L,MIC,Vitek,EUCAST,,susceptible,unknown,unknown,not_curated,measured_public,SAMN26369241,biosamples_00100.xml:SAMN26369241:3
SAMN26369241,NCBI_SOURCE_UNKNOWN,,,Klebsiella pneumoniae,Australia,2020,Homo sapiens,Donor Site,amoxicillin-clavulanic acid,2/2,<=,mg/L,MIC,Vitek,EUCAST,,susceptible,unknown,unknown,not_curated,measured_public,SAMN26369241,biosamples_00100.xml:SAMN26369241:4
SAMN26369240,NCBI_SOURCE_UNKNOWN,,,Klebsiella pneumoniae,Australia,2020,Homo sapiens,urine,piperacillin-tazobactam,4/4,<=,mg/L,MIC,Vitek,EUCAST,,susceptible,unknown,unknown,not_curated,measured_public,SAMN26369240,biosamples_00100.xml:SAMN26369240:1
SAMN26369240,NCBI_SOURCE_UNKNOWN,,,Klebsiella pneumoniae,Australia,2020,Homo sapiens,urine,ceftazidime,1,<=,mg/L,MIC,Vitek,EUCAST,,susceptible,unknown,unknown,not_curated,measured_public,SAMN26369240,biosamples_00100.xml:SAMN26369240:2
SAMN26369240,NCBI_SOURCE_UNKNOWN,,,Klebsiella pneumoniae,Australia,2020,Homo sapiens,urine,ceftriaxone,1,<=,mg/L,MIC,Vitek,EUCAST,,susceptible,unknown,unknown,not_curated,measured_public,SAMN26369240,biosamples_00100.xml:SAMN26369240:3
SAMN26369240,NCBI_SOURCE_UNKNOWN,,,Klebsiella pneumoniae,Australia,2020,Homo sapiens,urine,amoxicillin-clavulanic acid,2/2,<=,mg/L,MIC,Vitek,EUCAST,,susceptible,unknown,unknown,not_curated,measured_public,SAMN26369240,biosamples_00100.xml:SAMN26369240:4
SAMN26369234,NCBI_SOURCE_UNKNOWN,,,Klebsiella pneumoniae,Australia,2020,Homo sapiens,Urine - MSU,piperacillin-tazobactam,4/4,<=,mg/L,MIC,Vitek,EUCAST,,susceptible,unknown,unknown,not_curated,measured_public,SAMN26369234,biosamples_00100.xml:SAMN26369234:1
SAMN26369234,NCBI_SOURCE_UNKNOWN,,,Klebsiella pneumoniae,Australia,2020,Homo sapiens,Urine - MSU,ceftazidime,1,<=,mg/L,MIC,Vitek,EUCAST,,susceptible,unknown,unknown,not_curated,measured_public,SAMN26369234,biosamples_00100.xml:SAMN26369234:2
SAMN26369234,NCBI_SOURCE_UNKNOWN,,,Klebsiella pneumoniae,Australia,2020,Homo sapiens,Urine - MSU,ceftriaxone,1,<=,mg/L,MIC,Vitek,EUCAST,,susceptible,unknown,unknown,not_curated,measured_public,SAMN26369234,biosamples_00100.xml:SAMN26369234:3
SAMN26369234,NCBI_SOURCE_UNKNOWN,,,Klebsiella pneumoniae,Australia,2020,Homo sapiens,Urine - MSU,amoxicillin-clavulanic acid,4/2,==,mg/L,MIC,Vitek,EUCAST,,susceptible,unknown,unknown,not_curated,measured_public,SAMN26369234,biosamples_00100.xml:SAMN26369234:4
SAMN26369233,NCBI_SOURCE_UNKNOWN,,,Klebsiella pneumoniae,Australia,2020,Homo sapiens,other,piperacillin-tazobactam,4/4,<=,mg/L,MIC,Vitek,EUCAST,,susceptible,unknown,unknown,not_curated,measured_public,SAMN26369233,biosamples_00100.xml:SAMN26369233:1
SAMN26369233,NCBI_SOURCE_UNKNOWN,,,Klebsiella pneumoniae,Australia,2020,Homo sapiens,other,ceftazidime,1,<=,mg/L,MIC,Vitek,EUCAST,,susceptible,unknown,unknown,not_curated,measured_public,SAMN26369233,biosamples_00100.xml:SAMN26369233:2
SAMN26369233,NCBI_SOURCE_UNKNOWN,,,Klebsiella pneumoniae,Australia,2020,Homo sapiens,other,ceftriaxone,1,<=,mg/L,MIC,Vitek,EUCAST,,susceptible,unknown,unknown,not_curated,measured_public,SAMN26369233,biosamples_00100.xml:SAMN26369233:3
SAMN26369233,NCBI_SOURCE_UNKNOWN,,,Klebsiella pneumoniae,Australia,2020,Homo sapiens,other,amoxicillin-clavulanic acid,2/2,<=,mg/L,MIC,Vitek,EUCAST,,susceptible,unknown,unknown,not_curated,measured_public,SAMN26369233,biosamples_00100.xml:SAMN26369233:4
SAMN26369229,NCBI_SOURCE_UNKNOWN,,,Klebsiella pneumoniae,Australia,2020,Homo sapiens,urine,piperacillin-tazobactam,4/4,<=,mg/L,MIC,Vitek,EUCAST,,susceptible,unknown,unknown,not_curated,measured_public,SAMN26369229,biosamples_00100.xml:SAMN26369229:1
SAMN26369229,NCBI_SOURCE_UNKNOWN,,,Klebsiella pneumoniae,Australia,2020,Homo sapiens,urine,ceftazidime,1,<=,mg/L,MIC,Vitek,EUCAST,,susceptible,unknown,unknown,not_curated,measured_public,SAMN26369229,biosamples_00100.xml:SAMN26369229:2
SAMN26369229,NCBI_SOURCE_UNKNOWN,,,Klebsiella pneumoniae,Australia,2020,Homo sapiens,urine,ceftriaxone,1,<=,mg/L,MIC,Vitek,EUCAST,,susceptible,unknown,unknown,not_curated,measured_public,SAMN26369229,biosamples_00100.xml:SAMN26369229:3
SAMN26369229,NCBI_SOURCE_UNKNOWN,,,Klebsiella pneumoniae,Australia,2020,Homo sapiens,urine,amoxicillin-clavulanic acid,2/2,<=,mg/L,MIC,Vitek,EUCAST,,susceptible,unknown,unknown,not_curated,measured_public,SAMN26369229,biosamples_00100.xml:SAMN26369229:4
SAMN26369228,NCBI_SOURCE_UNKNOWN,,,Klebsiella pneumoniae,Australia,2020,Homo sapiens,urine,piperacillin-tazobactam,4/4,<=,mg/L,MIC,Vitek,EUCAST,,susceptible,unknown,unknown,not_curated,measured_public,SAMN26369228,biosamples_00100.xml:SAMN26369228:1
SAMN26369228,NCBI_SOURCE_UNKNOWN,,,Klebsiella pneumoniae,Australia,2020,Homo sapiens,urine,ceftazidime,1,<=,mg/L,MIC,Vitek,EUCAST,,susceptible,unknown,unknown,not_curated,measured_public,SAMN26369228,biosamples_00100.xml:SAMN26369228:2
SAMN26369228,NCBI_SOURCE_UNKNOWN,,,Klebsiella pneumoniae,Australia,2020,Homo sapiens,urine,ceftriaxone,1,<=,mg/L,MIC,Vitek,EUCAST,,susceptible,unknown,unknown,not_curated,measured_public,SAMN26369228,biosamples_00100.xml:SAMN26369228:3
SAMN26369228,NCBI_SOURCE_UNKNOWN,,,Klebsiella pneumoniae,Australia,2020,Homo sapiens,urine,amoxicillin-clavulanic acid,2/2,<=,mg/L,MIC,Vitek,EUCAST,,susceptible,unknown,unknown,not_curated,measured_public,SAMN26369228,biosamples_00100.xml:SAMN26369228:4
SAMN26369225,NCBI_SOURCE_UNKNOWN,,,Klebsiella pneumoniae,Australia,2020,Homo sapiens,urine,piperacillin-tazobactam,4/4,<=,mg/L,MIC,Vitek,EUCAST,,susceptible,unknown,unknown,not_curated,measured_public,SAMN26369225,biosamples_00100.xml:SAMN26369225:1
SAMN26369225,NCBI_SOURCE_UNKNOWN,,,Klebsiella pneumoniae,Australia,2020,Homo sapiens,urine,ceftazidime,1,<=,mg/L,MIC,Vitek,EUCAST,,susceptible,unknown,unknown,not_curated,measured_public,SAMN26369225,biosamples_00100.xml:SAMN26369225:2
SAMN26369225,NCBI_SOURCE_UNKNOWN,,,Klebsiella pneumoniae,Australia,2020,Homo sapiens,urine,ceftriaxone,1,<=,mg/L,MIC,Vitek,EUCAST,,susceptible,unknown,unknown,not_curated,measured_public,SAMN26369225,biosamples_00100.xml:SAMN26369225:3
SAMN26369225,NCBI_SOURCE_UNKNOWN,,,Klebsiella pneumoniae,Australia,2020,Homo sapiens,urine,amoxicillin-clavulanic acid,2/2,<=,mg/L,MIC,Vitek,EUCAST,,susceptible,unknown,unknown,not_curated,measured_public,SAMN26369225,biosamples_00100.xml:SAMN26369225:4
SAMN26369221,NCBI_SOURCE_UNKNOWN,,,Klebsiella pneumoniae,Australia,2020,Homo sapiens,sputum,piperacillin-tazobactam,4/4,<=,mg/L,MIC,Vitek,EUCAST,,susceptible,unknown,unknown,not_curated,measured_public,SAMN26369221,biosamples_00100.xml:SAMN26369221:1
SAMN26369221,NCBI_SOURCE_UNKNOWN,,,Klebsiella pneumoniae,Australia,2020,Homo sapiens,sputum,ceftazidime,1,<=,mg/L,MIC,Vitek,EUCAST,,susceptible,unknown,unknown,not_curated,measured_public,SAMN26369221,biosamples_00100.xml:SAMN26369221:2
SAMN26369221,NCBI_SOURCE_UNKNOWN,,,Klebsiella pneumoniae,Australia,2020,Homo sapiens,sputum,ceftriaxone,1,<=,mg/L,MIC,Vitek,EUCAST,,susceptible,unknown,unknown,not_curated,measured_public,SAMN26369221,biosamples_00100.xml:SAMN26369221:3
SAMN26369221,NCBI_SOURCE_UNKNOWN,,,Klebsiella pneumoniae,Australia,2020,Homo sapiens,sputum,amoxicillin-clavulanic acid,2/2,<=,mg/L,MIC,Vitek,EUCAST,,susceptible,unknown,unknown,not_curated,measured_public,SAMN26369221,biosamples_00100.xml:SAMN26369221:4
SAMN26369218,NCBI_SOURCE_UNKNOWN,,,Klebsiella pneumoniae,Australia,2020,Homo sapiens,Biopsy,piperacillin-tazobactam,4/4,<=,mg/L,MIC,Vitek,EUCAST,,susceptible,unknown,unknown,not_curated,measured_public,SAMN26369218,biosamples_00100.xml:SAMN26369218:1
SAMN26369218,NCBI_SOURCE_UNKNOWN,,,Klebsiella pneumoniae,Australia,2020,Homo sapiens,Biopsy,ceftazidime,1,<=,mg/L,MIC,Vitek,EUCAST,,susceptible,unknown,unknown,not_curated,measured_public,SAMN26369218,biosamples_00100.xml:SAMN26369218:2
SAMN26369218,NCBI_SOURCE_UNKNOWN,,,Klebsiella pneumoniae,Australia,2020,Homo sapiens,Biopsy,ceftriaxone,1,<=,mg/L,MIC,Vitek,EUCAST,,susceptible,unknown,unknown,not_curated,measured_public,SAMN26369218,biosamples_00100.xml:SAMN26369218:3
SAMN26369218,NCBI_SOURCE_UNKNOWN,,,Klebsiella pneumoniae,Australia,2020,Homo sapiens,Biopsy,amoxicillin-clavulanic acid,2/2,<=,mg/L,MIC,Vitek,EUCAST,,susceptible,unknown,unknown,not_curated,measured_public,SAMN26369218,biosamples_00100.xml:SAMN26369218:4
SAMN26369217,NCBI_SOURCE_UNKNOWN,,,Klebsiella pneumoniae,Australia,2020,Homo sapiens,Urine - MSU,piperacillin-tazobactam,4/4,<=,mg/L,MIC,Vitek,EUCAST,,susceptible,unknown,unknown,not_curated,measured_public,SAMN26369217,biosamples_00100.xml:SAMN26369217:1
SAMN26369217,NCBI_SOURCE_UNKNOWN,,,Klebsiella pneumoniae,Australia,2020,Homo sapiens,Urine - MSU,ceftazidime,1,<=,mg/L,MIC,Vitek,EUCAST,,susceptible,unknown,unknown,not_curated,measured_public,SAMN26369217,biosamples_00100.xml:SAMN26369217:2
SAMN26369217,NCBI_SOURCE_UNKNOWN,,,Klebsiella pneumoniae,Australia,2020,Homo sapiens,Urine - MSU,ceftriaxone,1,<=,mg/L,MIC,Vitek,EUCAST,,susceptible,unknown,unknown,not_curated,measured_public,SAMN26369217,biosamples_00100.xml:SAMN26369217:3
SAMN26369217,NCBI_SOURCE_UNKNOWN,,,Klebsiella pneumoniae,Australia,2020,Homo sapiens,Urine - MSU,amoxicillin-clavulanic acid,2/2,<=,mg/L,MIC,Vitek,EUCAST,,susceptible,unknown,unknown,not_curated,measured_public,SAMN26369217,biosamples_00100.xml:SAMN26369217:4
SAMN26369216,NCBI_SOURCE_UNKNOWN,,,Klebsiella pneumoniae,Australia,2020,Homo sapiens,Urine - MSU,piperacillin-tazobactam,4/4,<=,mg/L,MIC,Vitek,EUCAST,,susceptible,unknown,unknown,not_curated,measured_public,SAMN26369216,biosamples_00100.xml:SAMN26369216:1
SAMN26369216,NCBI_SOURCE_UNKNOWN,,,Klebsiella pneumoniae,Australia,2020,Homo sapiens,Urine - MSU,ceftazidime,1,<=,mg/L,MIC,Vitek,EUCAST,,susceptible,unknown,unknown,not_curated,measured_public,SAMN26369216,biosamples_00100.xml:SAMN26369216:2
SAMN26369216,NCBI_SOURCE_UNKNOWN,,,Klebsiella pneumoniae,Australia,2020,Homo sapiens,Urine - MSU,ceftriaxone,1,<=,mg/L,MIC,Vitek,EUCAST,,susceptible,unknown,unknown,not_curated,measured_public,SAMN26369216,biosamples_00100.xml:SAMN26369216:3
SAMN26369216,NCBI_SOURCE_UNKNOWN,,,Klebsiella pneumoniae,Australia,2020,Homo sapiens,Urine - MSU,amoxicillin-clavulanic acid,2/2,<=,mg/L,MIC,Vitek,EUCAST,,susceptible,unknown,unknown,not_curated,measured_public,SAMN26369216,biosamples_00100.xml:SAMN26369216:4
SAMN26369215,NCBI_SOURCE_UNKNOWN,,,Klebsiella pneumoniae,Australia,2020,Homo sapiens,urine,piperacillin-tazobactam,4/4,<=,mg/L,MIC,Vitek,EUCAST,,susceptible,unknown,unknown,not_curated,measured_public,SAMN26369215,biosamples_00100.xml:SAMN26369215:1
SAMN26369215,NCBI_SOURCE_UNKNOWN,,,Klebsiella pneumoniae,Australia,2020,Homo sapiens,urine,ceftazidime,1,<=,mg/L,MIC,Vitek,EUCAST,,susceptible,unknown,unknown,not_curated,measured_public,SAMN26369215,biosamples_00100.xml:SAMN26369215:2
SAMN26369215,NCBI_SOURCE_UNKNOWN,,,Klebsiella pneumoniae,Australia,2020,Homo sapiens,urine,ceftriaxone,1,<=,mg/L,MIC,Vitek,EUCAST,,susceptible,unknown,unknown,not_curated,measured_public,SAMN26369215,biosamples_00100.xml:SAMN26369215:3
SAMN26369215,NCBI_SOURCE_UNKNOWN,,,Klebsiella pneumoniae,Australia,2020,Homo sapiens,urine,amoxicillin-clavulanic acid,2/2,<=,mg/L,MIC,Vitek,EUCAST,,susceptible,unknown,unknown,not_curated,measured_public,SAMN26369215,biosamples_00100.xml:SAMN26369215:4
SAMN26369214,NCBI_SOURCE_UNKNOWN,,,Klebsiella pneumoniae,Australia,2020,Homo sapiens,Urine - MSU,piperacillin-tazobactam,4/4,<=,mg/L,MIC,Vitek,EUCAST,,susceptible,unknown,unknown,not_curated,measured_public,SAMN26369214,biosamples_00100.xml:SAMN26369214:1
SAMN26369214,NCBI_SOURCE_UNKNOWN,,,Klebsiella pneumoniae,Australia,2020,Homo sapiens,Urine - MSU,ceftazidime,1,<=,mg/L,MIC,Vitek,EUCAST,,susceptible,unknown,unknown,not_curated,measured_public,SAMN26369214,biosamples_00100.xml:SAMN26369214:2
SAMN26369214,NCBI_SOURCE_UNKNOWN,,,Klebsiella pneumoniae,Australia,2020,Homo sapiens,Urine - MSU,ceftriaxone,1,<=,mg/L,MIC,Vitek,EUCAST,,susceptible,unknown,unknown,not_curated,measured_public,SAMN26369214,biosamples_00100.xml:SAMN26369214:3
SAMN26369214,NCBI_SOURCE_UNKNOWN,,,Klebsiella pneumoniae,Australia,2020,Homo sapiens,Urine - MSU,amoxicillin-clavulanic acid,8/2,==,mg/L,MIC,Vitek,EUCAST,,susceptible,unknown,unknown,not_curated,measured_public,SAMN26369214,biosamples_00100.xml:SAMN26369214:4
SAMN26369212,NCBI_SOURCE_UNKNOWN,,,Klebsiella pneumoniae,Australia,2020,Homo sapiens,blood,piperacillin-tazobactam,4/4,<=,mg/L,MIC,Vitek,EUCAST,,susceptible,unknown,unknown,not_curated,measured_public,SAMN26369212,biosamples_00100.xml:SAMN26369212:1
SAMN26369212,NCBI_SOURCE_UNKNOWN,,,Klebsiella pneumoniae,Australia,2020,Homo sapiens,blood,ceftazidime,1,<=,mg/L,MIC,Vitek,EUCAST,,susceptible,unknown,unknown,not_curated,measured_public,SAMN26369212,biosamples_00100.xml:SAMN26369212:2
SAMN26369212,NCBI_SOURCE_UNKNOWN,,,Klebsiella pneumoniae,Australia,2020,Homo sapiens,blood,ceftriaxone,1,<=,mg/L,MIC,Vitek,EUCAST,,susceptible,unknown,unknown,not_curated,measured_public,SAMN26369212,biosamples_00100.xml:SAMN26369212:3
SAMN26369212,NCBI_SOURCE_UNKNOWN,,,Klebsiella pneumoniae,Australia,2020,Homo sapiens,blood,amoxicillin-clavulanic acid,2/2,<=,mg/L,MIC,Vitek,EUCAST,,susceptible,unknown,unknown,not_curated,measured_public,SAMN26369212,biosamples_00100.xml:SAMN26369212:4
SAMN26369211,NCBI_SOURCE_UNKNOWN,,,Klebsiella pneumoniae,Australia,2020,Homo sapiens,urine,ceftazidime,1,<=,mg/L,MIC,Vitek,EUCAST,,susceptible,unknown,unknown,not_curated,measured_public,SAMN26369211,biosamples_00100.xml:SAMN26369211:1
SAMN26369211,NCBI_SOURCE_UNKNOWN,,,Klebsiella pneumoniae,Australia,2020,Homo sapiens,urine,ceftriaxone,1,<=,mg/L,MIC,Vitek,EUCAST,,susceptible,unknown,unknown,not_curated,measured_public,SAMN26369211,biosamples_00100.xml:SAMN26369211:2
SAMN26369211,NCBI_SOURCE_UNKNOWN,,,Klebsiella pneumoniae,Australia,2020,Homo sapiens,urine,piperacillin-tazobactam,16/4,==,mg/L,MIC,Vitek,EUCAST,,resistant,unknown,unknown,not_curated,measured_public,SAMN26369211,biosamples_00100.xml:SAMN26369211:3
SAMN26369211,NCBI_SOURCE_UNKNOWN,,,Klebsiella pneumoniae,Australia,2020,Homo sapiens,urine,amoxicillin-clavulanic acid,4/2,==,mg/L,MIC,Vitek,EUCAST,,susceptible,unknown,unknown,not_curated,measured_public,SAMN26369211,biosamples_00100.xml:SAMN26369211:4
SAMN26369210,NCBI_SOURCE_UNKNOWN,,,Klebsiella pneumoniae,Australia,2020,Homo sapiens,urine,ceftazidime,1,<=,mg/L,MIC,Vitek,EUCAST,,susceptible,unknown,unknown,not_curated,measured_public,SAMN26369210,biosamples_00100.xml:SAMN26369210:1
SAMN26369210,NCBI_SOURCE_UNKNOWN,,,Klebsiella pneumoniae,Australia,2020,Homo sapiens,urine,ceftriaxone,1,<=,mg/L,MIC,Vitek,EUCAST,,susceptible,unknown,unknown,not_curated,measured_public,SAMN26369210,biosamples_00100.xml:SAMN26369210:2
SAMN26369210,NCBI_SOURCE_UNKNOWN,,,Klebsiella pneumoniae,Australia,2020,Homo sapiens,urine,amoxicillin-clavulanic acid,2/2,<=,mg/L,MIC,Vitek,EUCAST,,susceptible,unknown,unknown,not_curated,measured_public,SAMN26369210,biosamples_00100.xml:SAMN26369210:3
SAMN26369210,NCBI_SOURCE_UNKNOWN,,,Klebsiella pneumoniae,Australia,2020,Homo sapiens,urine,piperacillin-tazobactam,8/4,==,mg/L,MIC,Vitek,EUCAST,,susceptible,unknown,unknown,not_curated,measured_public,SAMN26369210,biosamples_00100.xml:SAMN26369210:4
SAMN26369208,NCBI_SOURCE_UNKNOWN,,,Klebsiella pneumoniae,Australia,2020,Homo sapiens,urine,piperacillin-tazobactam,4/4,<=,mg/L,MIC,Vitek,EUCAST,,susceptible,unknown,unknown,not_curated,measured_public,SAMN26369208,biosamples_00100.xml:SAMN26369208:1
SAMN26369208,NCBI_SOURCE_UNKNOWN,,,Klebsiella pneumoniae,Australia,2020,Homo sapiens,urine,ceftazidime,1,<=,mg/L,MIC,Vitek,EUCAST,,susceptible,unknown,unknown,not_curated,measured_public,SAMN26369208,biosamples_00100.xml:SAMN26369208:2
SAMN26369208,NCBI_SOURCE_UNKNOWN,,,Klebsiella pneumoniae,Australia,2020,Homo sapiens,urine,ceftriaxone,1,<=,mg/L,MIC,Vitek,EUCAST,,susceptible,unknown,unknown,not_curated,measured_public,SAMN26369208,biosamples_00100.xml:SAMN26369208:3
SAMN26369208,NCBI_SOURCE_UNKNOWN,,,Klebsiella pneumoniae,Australia,2020,Homo sapiens,urine,amoxicillin-clavulanic acid,2/2,<=,mg/L,MIC,Vitek,EUCAST,,susceptible,unknown,unknown,not_curated,measured_public,SAMN26369208,biosamples_00100.xml:SAMN26369208:4
SAMN26369207,NCBI_SOURCE_UNKNOWN,,,Klebsiella pneumoniae,Australia,2020,Homo sapiens,urine,amoxicillin-clavulanic acid,32/2,>=,mg/L,MIC,Vitek,EUCAST,,resistant,unknown,unknown,not_curated,measured_public,SAMN26369207,biosamples_00100.xml:SAMN26369207:1
SAMN26369207,NCBI_SOURCE_UNKNOWN,,,Klebsiella pneumoniae,Australia,2020,Homo sapiens,urine,ceftazidime,1,<=,mg/L,MIC,Vitek,EUCAST,,susceptible,unknown,unknown,not_curated,measured_public,SAMN26369207,biosamples_00100.xml:SAMN26369207:2
SAMN26369207,NCBI_SOURCE_UNKNOWN,,,Klebsiella pneumoniae,Australia,2020,Homo sapiens,urine,ceftriaxone,1,<=,mg/L,MIC,Vitek,EUCAST,,susceptible,unknown,unknown,not_curated,measured_public,SAMN26369207,biosamples_00100.xml:SAMN26369207:3
SAMN26369207,NCBI_SOURCE_UNKNOWN,,,Klebsiella pneumoniae,Australia,2020,Homo sapiens,urine,piperacillin-tazobactam,128/4,>=,mg/L,MIC,Vitek,EUCAST,,resistant,unknown,unknown,not_curated,measured_public,SAMN26369207,biosamples_00100.xml:SAMN26369207:4
SAMN26369206,NCBI_SOURCE_UNKNOWN,,,Klebsiella pneumoniae,Australia,2020,Homo sapiens,urine,piperacillin-tazobactam,4/4,<=,mg/L,MIC,Vitek,EUCAST,,susceptible,unknown,unknown,not_curated,measured_public,SAMN26369206,biosamples_00100.xml:SAMN26369206:1
SAMN26369206,NCBI_SOURCE_UNKNOWN,,,Klebsiella pneumoniae,Australia,2020,Homo sapiens,urine,ceftazidime,1,<=,mg/L,MIC,Vitek,EUCAST,,susceptible,unknown,unknown,not_curated,measured_public,SAMN26369206,biosamples_00100.xml:SAMN26369206:2
SAMN26369206,NCBI_SOURCE_UNKNOWN,,,Klebsiella pneumoniae,Australia,2020,Homo sapiens,urine,ceftriaxone,1,<=,mg/L,MIC,Vitek,EUCAST,,susceptible,unknown,unknown,not_curated,measured_public,SAMN26369206,biosamples_00100.xml:SAMN26369206:3
SAMN26369206,NCBI_SOURCE_UNKNOWN,,,Klebsiella pneumoniae,Australia,2020,Homo sapiens,urine,amoxicillin-clavulanic acid,2/2,<=,mg/L,MIC,Vitek,EUCAST,,susceptible,unknown,unknown,not_curated,measured_public,SAMN26369206,biosamples_00100.xml:SAMN26369206:4
SAMN26369205,NCBI_SOURCE_UNKNOWN,,,Klebsiella pneumoniae,Australia,2020,Homo sapiens,Urine - MSU,piperacillin-tazobactam,4/4,<=,mg/L,MIC,Vitek,EUCAST,,susceptible,unknown,unknown,not_curated,measured_public,SAMN26369205,biosamples_00100.xml:SAMN26369205:1
SAMN26369205,NCBI_SOURCE_UNKNOWN,,,Klebsiella pneumoniae,Australia,2020,Homo sapiens,Urine - MSU,ceftazidime,1,<=,mg/L,MIC,Vitek,EUCAST,,susceptible,unknown,unknown,not_curated,measured_public,SAMN26369205,biosamples_00100.xml:SAMN26369205:2
SAMN26369205,NCBI_SOURCE_UNKNOWN,,,Klebsiella pneumoniae,Australia,2020,Homo sapiens,Urine - MSU,ceftriaxone,1,<=,mg/L,MIC,Vitek,EUCAST,,susceptible,unknown,unknown,not_curated,measured_public,SAMN26369205,biosamples_00100.xml:SAMN26369205:3
SAMN26369205,NCBI_SOURCE_UNKNOWN,,,Klebsiella pneumoniae,Australia,2020,Homo sapiens,Urine - MSU,amoxicillin-clavulanic acid,2/2,<=,mg/L,MIC,Vitek,EUCAST,,susceptible,unknown,unknown,not_curated,measured_public,SAMN26369205,biosamples_00100.xml:SAMN26369205:4
SAMN26369204,NCBI_SOURCE_UNKNOWN,,,Klebsiella pneumoniae,Australia,2020,Homo sapiens,wound,piperacillin-tazobactam,4/4,<=,mg/L,MIC,Vitek,EUCAST,,susceptible,unknown,unknown,not_curated,measured_public,SAMN26369204,biosamples_00100.xml:SAMN26369204:1
SAMN26369204,NCBI_SOURCE_UNKNOWN,,,Klebsiella pneumoniae,Australia,2020,Homo sapiens,wound,ceftazidime,1,<=,mg/L,MIC,Vitek,EUCAST,,susceptible,unknown,unknown,not_curated,measured_public,SAMN26369204,biosamples_00100.xml:SAMN26369204:2
SAMN26369204,NCBI_SOURCE_UNKNOWN,,,Klebsiella pneumoniae,Australia,2020,Homo sapiens,wound,ceftriaxone,1,<=,mg/L,MIC,Vitek,EUCAST,,susceptible,unknown,unknown,not_curated,measured_public,SAMN26369204,biosamples_00100.xml:SAMN26369204:3
SAMN26369204,NCBI_SOURCE_UNKNOWN,,,Klebsiella pneumoniae,Australia,2020,Homo sapiens,wound,amoxicillin-clavulanic acid,2/2,<=,mg/L,MIC,Vitek,EUCAST,,susceptible,unknown,unknown,not_curated,measured_public,SAMN26369204,biosamples_00100.xml:SAMN26369204:4
SAMN26369203,NCBI_SOURCE_UNKNOWN,,,Klebsiella pneumoniae,Australia,2020,Homo sapiens,Hickman red lumen,piperacillin-tazobactam,4/4,<=,mg/L,MIC,Vitek,EUCAST,,susceptible,unknown,unknown,not_curated,measured_public,SAMN26369203,biosamples_00100.xml:SAMN26369203:1
SAMN26369203,NCBI_SOURCE_UNKNOWN,,,Klebsiella pneumoniae,Australia,2020,Homo sapiens,Hickman red lumen,ceftazidime,1,<=,mg/L,MIC,Vitek,EUCAST,,susceptible,unknown,unknown,not_curated,measured_public,SAMN26369203,biosamples_00100.xml:SAMN26369203:2
SAMN26369203,NCBI_SOURCE_UNKNOWN,,,Klebsiella pneumoniae,Australia,2020,Homo sapiens,Hickman red lumen,ceftriaxone,1,<=,mg/L,MIC,Vitek,EUCAST,,susceptible,unknown,unknown,not_curated,measured_public,SAMN26369203,biosamples_00100.xml:SAMN26369203:3
SAMN26369203,NCBI_SOURCE_UNKNOWN,,,Klebsiella pneumoniae,Australia,2020,Homo sapiens,Hickman red lumen,amoxicillin-clavulanic acid,2/2,<=,mg/L,MIC,Vitek,EUCAST,,susceptible,unknown,unknown,not_curated,measured_public,SAMN26369203,biosamples_00100.xml:SAMN26369203:4
SAMN26369199,NCBI_SOURCE_UNKNOWN,,,Klebsiella pneumoniae,Australia,2020,Homo sapiens,Hick Brown Lumen,piperacillin-tazobactam,4/4,<=,mg/L,MIC,Vitek,EUCAST,,susceptible,unknown,unknown,not_curated,measured_public,SAMN26369199,biosamples_00100.xml:SAMN26369199:1
SAMN26369199,NCBI_SOURCE_UNKNOWN,,,Klebsiella pneumoniae,Australia,2020,Homo sapiens,Hick Brown Lumen,ceftazidime,1,<=,mg/L,MIC,Vitek,EUCAST,,susceptible,unknown,unknown,not_curated,measured_public,SAMN26369199,biosamples_00100.xml:SAMN26369199:2
SAMN26369199,NCBI_SOURCE_UNKNOWN,,,Klebsiella pneumoniae,Australia,2020,Homo sapiens,Hick Brown Lumen,ceftriaxone,1,<=,mg/L,MIC,Vitek,EUCAST,,susceptible,unknown,unknown,not_curated,measured_public,SAMN26369199,biosamples_00100.xml:SAMN26369199:3
SAMN26369199,NCBI_SOURCE_UNKNOWN,,,Klebsiella pneumoniae,Australia,2020,Homo sapiens,Hick Brown Lumen,amoxicillin-clavulanic acid,2/2,<=,mg/L,MIC,Vitek,EUCAST,,susceptible,unknown,unknown,not_curated,measured_public,SAMN26369199,biosamples_00100.xml:SAMN26369199:4
SAMN26369197,NCBI_SOURCE_UNKNOWN,,,Klebsiella pneumoniae,Australia,2020,Homo sapiens,urine,piperacillin-tazobactam,4/4,<=,mg/L,MIC,Vitek,EUCAST,,susceptible,unknown,unknown,not_curated,measured_public,SAMN26369197,biosamples_00100.xml:SAMN26369197:1
SAMN26369197,NCBI_SOURCE_UNKNOWN,,,Klebsiella pneumoniae,Australia,2020,Homo sapiens,urine,ceftazidime,1,<=,mg/L,MIC,Vitek,EUCAST,,susceptible,unknown,unknown,not_curated,measured_public,SAMN26369197,biosamples_00100.xml:SAMN26369197:2
SAMN26369197,NCBI_SOURCE_UNKNOWN,,,Klebsiella pneumoniae,Australia,2020,Homo sapiens,urine,ceftriaxone,1,<=,mg/L,MIC,Vitek,EUCAST,,susceptible,unknown,unknown,not_curated,measured_public,SAMN26369197,biosamples_00100.xml:SAMN26369197:3
SAMN26369197,NCBI_SOURCE_UNKNOWN,,,Klebsiella pneumoniae,Australia,2020,Homo sapiens,urine,amoxicillin-clavulanic acid,2/2,<=,mg/L,MIC,Vitek,EUCAST,,susceptible,unknown,unknown,not_curated,measured_public,SAMN26369197,biosamples_00100.xml:SAMN26369197:4
SAMN26369194,NCBI_SOURCE_UNKNOWN,,,Klebsiella pneumoniae,Australia,2020,Homo sapiens,urine,piperacillin-tazobactam,4/4,<=,mg/L,MIC,Vitek,EUCAST,,susceptible,unknown,unknown,not_curated,measured_public,SAMN26369194,biosamples_00100.xml:SAMN26369194:1
SAMN26369194,NCBI_SOURCE_UNKNOWN,,,Klebsiella pneumoniae,Australia,2020,Homo sapiens,urine,ceftazidime,1,<=,mg/L,MIC,Vitek,EUCAST,,susceptible,unknown,unknown,not_curated,measured_public,SAMN26369194,biosamples_00100.xml:SAMN26369194:2
SAMN26369194,NCBI_SOURCE_UNKNOWN,,,Klebsiella pneumoniae,Australia,2020,Homo sapiens,urine,ceftriaxone,1,<=,mg/L,MIC,Vitek,EUCAST,,susceptible,unknown,unknown,not_curated,measured_public,SAMN26369194,biosamples_00100.xml:SAMN26369194:3
SAMN26369194,NCBI_SOURCE_UNKNOWN,,,Klebsiella pneumoniae,Australia,2020,Homo sapiens,urine,amoxicillin-clavulanic acid,2/2,<=,mg/L,MIC,Vitek,EUCAST,,susceptible,unknown,unknown,not_curated,measured_public,SAMN26369194,biosamples_00100.xml:SAMN26369194:4
SAMN26369193,NCBI_SOURCE_UNKNOWN,,,Klebsiella pneumoniae,Australia,2020,Homo sapiens,tracheal aspirate,piperacillin-tazobactam,4/4,<=,mg/L,MIC,Vitek,EUCAST,,susceptible,unknown,unknown,not_curated,measured_public,SAMN26369193,biosamples_00100.xml:SAMN26369193:1
SAMN26369193,NCBI_SOURCE_UNKNOWN,,,Klebsiella pneumoniae,Australia,2020,Homo sapiens,tracheal aspirate,ceftazidime,1,<=,mg/L,MIC,Vitek,EUCAST,,susceptible,unknown,unknown,not_curated,measured_public,SAMN26369193,biosamples_00100.xml:SAMN26369193:2
SAMN26369193,NCBI_SOURCE_UNKNOWN,,,Klebsiella pneumoniae,Australia,2020,Homo sapiens,tracheal aspirate,ceftriaxone,1,<=,mg/L,MIC,Vitek,EUCAST,,susceptible,unknown,unknown,not_curated,measured_public,SAMN26369193,biosamples_00100.xml:SAMN26369193:3
SAMN26369193,NCBI_SOURCE_UNKNOWN,,,Klebsiella pneumoniae,Australia,2020,Homo sapiens,tracheal aspirate,amoxicillin-clavulanic acid,2/2,<=,mg/L,MIC,Vitek,EUCAST,,susceptible,unknown,unknown,not_curated,measured_public,SAMN26369193,biosamples_00100.xml:SAMN26369193:4
SAMN26369192,NCBI_SOURCE_UNKNOWN,,,Klebsiella pneumoniae,Australia,2020,Homo sapiens,Urine - Catheter,piperacillin-tazobactam,4/4,<=,mg/L,MIC,Vitek,EUCAST,,susceptible,unknown,unknown,not_curated,measured_public,SAMN26369192,biosamples_00100.xml:SAMN26369192:1
SAMN26369192,NCBI_SOURCE_UNKNOWN,,,Klebsiella pneumoniae,Australia,2020,Homo sapiens,Urine - Catheter,ceftazidime,1,<=,mg/L,MIC,Vitek,EUCAST,,susceptible,unknown,unknown,not_curated,measured_public,SAMN26369192,biosamples_00100.xml:SAMN26369192:2
SAMN26369192,NCBI_SOURCE_UNKNOWN,,,Klebsiella pneumoniae,Australia,2020,Homo sapiens,Urine - Catheter,ceftriaxone,1,<=,mg/L,MIC,Vitek,EUCAST,,susceptible,unknown,unknown,not_curated,measured_public,SAMN26369192,biosamples_00100.xml:SAMN26369192:3
SAMN26369192,NCBI_SOURCE_UNKNOWN,,,Klebsiella pneumoniae,Australia,2020,Homo sapiens,Urine - Catheter,amoxicillin-clavulanic acid,2/2,<=,mg/L,MIC,Vitek,EUCAST,,susceptible,unknown,unknown,not_curated,measured_public,SAMN26369192,biosamples_00100.xml:SAMN26369192:4
SAMN26369190,NCBI_SOURCE_UNKNOWN,,,Klebsiella pneumoniae,Australia,2020,Homo sapiens,urine,piperacillin-tazobactam,4/4,<=,mg/L,MIC,Vitek,EUCAST,,susceptible,unknown,unknown,not_curated,measured_public,SAMN26369190,biosamples_00100.xml:SAMN26369190:1
SAMN26369190,NCBI_SOURCE_UNKNOWN,,,Klebsiella pneumoniae,Australia,2020,Homo sapiens,urine,ceftazidime,1,<=,mg/L,MIC,Vitek,EUCAST,,susceptible,unknown,unknown,not_curated,measured_public,SAMN26369190,biosamples_00100.xml:SAMN26369190:2
SAMN26369190,NCBI_SOURCE_UNKNOWN,,,Klebsiella pneumoniae,Australia,2020,Homo sapiens,urine,ceftriaxone,1,<=,mg/L,MIC,Vitek,EUCAST,,susceptible,unknown,unknown,not_curated,measured_public,SAMN26369190,biosamples_00100.xml:SAMN26369190:3
SAMN26369190,NCBI_SOURCE_UNKNOWN,,,Klebsiella pneumoniae,Australia,2020,Homo sapiens,urine,amoxicillin-clavulanic acid,2/2,<=,mg/L,MIC,Vitek,EUCAST,,susceptible,unknown,unknown,not_curated,measured_public,SAMN26369190,biosamples_00100.xml:SAMN26369190:4
SAMN26369188,NCBI_SOURCE_UNKNOWN,,,Klebsiella pneumoniae,Australia,2020,Homo sapiens,urine,ceftazidime,1,<=,mg/L,MIC,Vitek,EUCAST,,susceptible,unknown,unknown,not_curated,measured_public,SAMN26369188,biosamples_00100.xml:SAMN26369188:1
SAMN26369188,NCBI_SOURCE_UNKNOWN,,,Klebsiella pneumoniae,Australia,2020,Homo sapiens,urine,ceftriaxone,1,<=,mg/L,MIC,Vitek,EUCAST,,susceptible,unknown,unknown,not_curated,measured_public,SAMN26369188,biosamples_00100.xml:SAMN26369188:2
SAMN26369188,NCBI_SOURCE_UNKNOWN,,,Klebsiella pneumoniae,Australia,2020,Homo sapiens,urine,amoxicillin-clavulanic acid,2/2,<=,mg/L,MIC,Vitek,EUCAST,,susceptible,unknown,unknown,not_curated,measured_public,SAMN26369188,biosamples_00100.xml:SAMN26369188:3
SAMN26369188,NCBI_SOURCE_UNKNOWN,,,Klebsiella pneumoniae,Australia,2020,Homo sapiens,urine,piperacillin-tazobactam,8/4,==,mg/L,MIC,Vitek,EUCAST,,susceptible,unknown,unknown,not_curated,measured_public,SAMN26369188,biosamples_00100.xml:SAMN26369188:4
SAMN26369187,NCBI_SOURCE_UNKNOWN,,,Klebsiella pneumoniae,Australia,2020,Homo sapiens,urine,piperacillin-tazobactam,4/4,<=,mg/L,MIC,Vitek,EUCAST,,susceptible,unknown,unknown,not_curated,measured_public,SAMN26369187,biosamples_00100.xml:SAMN26369187:1
SAMN26369187,NCBI_SOURCE_UNKNOWN,,,Klebsiella pneumoniae,Australia,2020,Homo sapiens,urine,ceftazidime,1,<=,mg/L,MIC,Vitek,EUCAST,,susceptible,unknown,unknown,not_curated,measured_public,SAMN26369187,biosamples_00100.xml:SAMN26369187:2
SAMN26369187,NCBI_SOURCE_UNKNOWN,,,Klebsiella pneumoniae,Australia,2020,Homo sapiens,urine,ceftriaxone,1,<=,mg/L,MIC,Vitek,EUCAST,,susceptible,unknown,unknown,not_curated,measured_public,SAMN26369187,biosamples_00100.xml:SAMN26369187:3
SAMN26369187,NCBI_SOURCE_UNKNOWN,,,Klebsiella pneumoniae,Australia,2020,Homo sapiens,urine,amoxicillin-clavulanic acid,2/2,<=,mg/L,MIC,Vitek,EUCAST,,susceptible,unknown,unknown,not_curated,measured_public,SAMN26369187,biosamples_00100.xml:SAMN26369187:4
SAMN26369185,NCBI_SOURCE_UNKNOWN,,,Klebsiella pneumoniae,Australia,2020,Homo sapiens,urine,piperacillin-tazobactam,4/4,<=,mg/L,MIC,Vitek,EUCAST,,susceptible,unknown,unknown,not_curated,measured_public,SAMN26369185,biosamples_00100.xml:SAMN26369185:1
SAMN26369185,NCBI_SOURCE_UNKNOWN,,,Klebsiella pneumoniae,Australia,2020,Homo sapiens,urine,ceftazidime,1,<=,mg/L,MIC,Vitek,EUCAST,,susceptible,unknown,unknown,not_curated,measured_public,SAMN26369185,biosamples_00100.xml:SAMN26369185:2
SAMN26369185,NCBI_SOURCE_UNKNOWN,,,Klebsiella pneumoniae,Australia,2020,Homo sapiens,urine,ceftriaxone,1,<=,mg/L,MIC,Vitek,EUCAST,,susceptible,unknown,unknown,not_curated,measured_public,SAMN26369185,biosamples_00100.xml:SAMN26369185:3
SAMN26369185,NCBI_SOURCE_UNKNOWN,,,Klebsiella pneumoniae,Australia,2020,Homo sapiens,urine,amoxicillin-clavulanic acid,2/2,<=,mg/L,MIC,Vitek,EUCAST,,susceptible,unknown,unknown,not_curated,measured_public,SAMN26369185,biosamples_00100.xml:SAMN26369185:4
SAMN26369184,NCBI_SOURCE_UNKNOWN,,,Klebsiella pneumoniae,Australia,2020,Homo sapiens,blood,piperacillin-tazobactam,4/4,<=,mg/L,MIC,Vitek,EUCAST,,susceptible,unknown,unknown,not_curated,measured_public,SAMN26369184,biosamples_00100.xml:SAMN26369184:1
SAMN26369184,NCBI_SOURCE_UNKNOWN,,,Klebsiella pneumoniae,Australia,2020,Homo sapiens,blood,ceftazidime,1,<=,mg/L,MIC,Vitek,EUCAST,,susceptible,unknown,unknown,not_curated,measured_public,SAMN26369184,biosamples_00100.xml:SAMN26369184:2
SAMN26369184,NCBI_SOURCE_UNKNOWN,,,Klebsiella pneumoniae,Australia,2020,Homo sapiens,blood,ceftriaxone,1,<=,mg/L,MIC,Vitek,EUCAST,,susceptible,unknown,unknown,not_curated,measured_public,SAMN26369184,biosamples_00100.xml:SAMN26369184:3
SAMN26369184,NCBI_SOURCE_UNKNOWN,,,Klebsiella pneumoniae,Australia,2020,Homo sapiens,blood,amoxicillin-clavulanic acid,2/2,<=,mg/L,MIC,Vitek,EUCAST,,susceptible,unknown,unknown,not_curated,measured_public,SAMN26369184,biosamples_00100.xml:SAMN26369184:4
SAMN26369182,NCBI_SOURCE_UNKNOWN,,,Klebsiella pneumoniae,Australia,2020,Homo sapiens,urine,piperacillin-tazobactam,64/4,==,mg/L,MIC,Vitek,EUCAST,,resistant,unknown,unknown,not_curated,measured_public,SAMN26369182,biosamples_00100.xml:SAMN26369182:1
SAMN26369182,NCBI_SOURCE_UNKNOWN,,,Klebsiella pneumoniae,Australia,2020,Homo sapiens,urine,ceftazidime,1,<=,mg/L,MIC,Vitek,EUCAST,,susceptible,unknown,unknown,not_curated,measured_public,SAMN26369182,biosamples_00100.xml:SAMN26369182:2
SAMN26369182,NCBI_SOURCE_UNKNOWN,,,Klebsiella pneumoniae,Australia,2020,Homo sapiens,urine,ceftriaxone,1,<=,mg/L,MIC,Vitek,EUCAST,,susceptible,unknown,unknown,not_curated,measured_public,SAMN26369182,biosamples_00100.xml:SAMN26369182:3
SAMN26369182,NCBI_SOURCE_UNKNOWN,,,Klebsiella pneumoniae,Australia,2020,Homo sapiens,urine,amoxicillin-clavulanic acid,4/2,==,mg/L,MIC,Vitek,EUCAST,,susceptible,unknown,unknown,not_curated,measured_public,SAMN26369182,biosamples_00100.xml:SAMN26369182:4
SAMN26369181,NCBI_SOURCE_UNKNOWN,,,Klebsiella pneumoniae,Australia,2020,Homo sapiens,Urine - Cystoscopy,piperacillin-tazobactam,4/4,<=,mg/L,MIC,Vitek,EUCAST,,susceptible,unknown,unknown,not_curated,measured_public,SAMN26369181,biosamples_00100.xml:SAMN26369181:1
SAMN26369181,NCBI_SOURCE_UNKNOWN,,,Klebsiella pneumoniae,Australia,2020,Homo sapiens,Urine - Cystoscopy,ceftazidime,1,<=,mg/L,MIC,Vitek,EUCAST,,susceptible,unknown,unknown,not_curated,measured_public,SAMN26369181,biosamples_00100.xml:SAMN26369181:2
SAMN26369181,NCBI_SOURCE_UNKNOWN,,,Klebsiella pneumoniae,Australia,2020,Homo sapiens,Urine - Cystoscopy,ceftriaxone,1,<=,mg/L,MIC,Vitek,EUCAST,,susceptible,unknown,unknown,not_curated,measured_public,SAMN26369181,biosamples_00100.xml:SAMN26369181:3
SAMN26369181,NCBI_SOURCE_UNKNOWN,,,Klebsiella pneumoniae,Australia,2020,Homo sapiens,Urine - Cystoscopy,amoxicillin-clavulanic acid,2/2,<=,mg/L,MIC,Vitek,EUCAST,,susceptible,unknown,unknown,not_curated,measured_public,SAMN26369181,biosamples_00100.xml:SAMN26369181:4
SAMN26369180,NCBI_SOURCE_UNKNOWN,,,Klebsiella pneumoniae,Australia,2020,Homo sapiens,urine,piperacillin-tazobactam,4/4,<=,mg/L,MIC,Vitek,EUCAST,,susceptible,unknown,unknown,not_curated,measured_public,SAMN26369180,biosamples_00100.xml:SAMN26369180:1
SAMN26369180,NCBI_SOURCE_UNKNOWN,,,Klebsiella pneumoniae,Australia,2020,Homo sapiens,urine,ceftazidime,1,<=,mg/L,MIC,Vitek,EUCAST,,susceptible,unknown,unknown,not_curated,measured_public,SAMN26369180,biosamples_00100.xml:SAMN26369180:2
SAMN26369180,NCBI_SOURCE_UNKNOWN,,,Klebsiella pneumoniae,Australia,2020,Homo sapiens,urine,ceftriaxone,1,<=,mg/L,MIC,Vitek,EUCAST,,susceptible,unknown,unknown,not_curated,measured_public,SAMN26369180,biosamples_00100.xml:SAMN26369180:3
SAMN26369180,NCBI_SOURCE_UNKNOWN,,,Klebsiella pneumoniae,Australia,2020,Homo sapiens,urine,amoxicillin-clavulanic acid,2/2,<=,mg/L,MIC,Vitek,EUCAST,,susceptible,unknown,unknown,not_curated,measured_public,SAMN26369180,biosamples_00100.xml:SAMN26369180:4
SAMN26369178,NCBI_SOURCE_UNKNOWN,,,Klebsiella pneumoniae,Australia,2020,Homo sapiens,Duct,piperacillin-tazobactam,4/4,<=,mg/L,MIC,Vitek,EUCAST,,susceptible,unknown,unknown,not_curated,measured_public,SAMN26369178,biosamples_00100.xml:SAMN26369178:1
SAMN26369178,NCBI_SOURCE_UNKNOWN,,,Klebsiella pneumoniae,Australia,2020,Homo sapiens,Duct,ceftazidime,1,<=,mg/L,MIC,Vitek,EUCAST,,susceptible,unknown,unknown,not_curated,measured_public,SAMN26369178,biosamples_00100.xml:SAMN26369178:2
SAMN26369178,NCBI_SOURCE_UNKNOWN,,,Klebsiella pneumoniae,Australia,2020,Homo sapiens,Duct,ceftriaxone,1,<=,mg/L,MIC,Vitek,EUCAST,,susceptible,unknown,unknown,not_curated,measured_public,SAMN26369178,biosamples_00100.xml:SAMN26369178:3
SAMN26369178,NCBI_SOURCE_UNKNOWN,,,Klebsiella pneumoniae,Australia,2020,Homo sapiens,Duct,amoxicillin-clavulanic acid,2/2,<=,mg/L,MIC,Vitek,EUCAST,,susceptible,unknown,unknown,not_curated,measured_public,SAMN26369178,biosamples_00100.xml:SAMN26369178:4
SAMN26369177,NCBI_SOURCE_UNKNOWN,,,Klebsiella pneumoniae,Australia,2020,Homo sapiens,blood,piperacillin-tazobactam,4/4,<=,mg/L,MIC,Vitek,EUCAST,,susceptible,unknown,unknown,not_curated,measured_public,SAMN26369177,biosamples_00100.xml:SAMN26369177:1
SAMN26369177,NCBI_SOURCE_UNKNOWN,,,Klebsiella pneumoniae,Australia,2020,Homo sapiens,blood,ceftazidime,1,<=,mg/L,MIC,Vitek,EUCAST,,susceptible,unknown,unknown,not_curated,measured_public,SAMN26369177,biosamples_00100.xml:SAMN26369177:2
SAMN26369177,NCBI_SOURCE_UNKNOWN,,,Klebsiella pneumoniae,Australia,2020,Homo sapiens,blood,ceftriaxone,1,<=,mg/L,MIC,Vitek,EUCAST,,susceptible,unknown,unknown,not_curated,measured_public,SAMN26369177,biosamples_00100.xml:SAMN26369177:3
SAMN26369177,NCBI_SOURCE_UNKNOWN,,,Klebsiella pneumoniae,Australia,2020,Homo sapiens,blood,amoxicillin-clavulanic acid,2/2,<=,mg/L,MIC,Vitek,EUCAST,,susceptible,unknown,unknown,not_curated,measured_public,SAMN26369177,biosamples_00100.xml:SAMN26369177:4
SAMN26369176,NCBI_SOURCE_UNKNOWN,,,Klebsiella pneumoniae,Australia,2020,Homo sapiens,Fluid - Pancreas,piperacillin-tazobactam,4/4,<=,mg/L,MIC,Vitek,EUCAST,,susceptible,unknown,unknown,not_curated,measured_public,SAMN26369176,biosamples_00100.xml:SAMN26369176:1
SAMN26369176,NCBI_SOURCE_UNKNOWN,,,Klebsiella pneumoniae,Australia,2020,Homo sapiens,Fluid - Pancreas,ceftazidime,1,<=,mg/L,MIC,Vitek,EUCAST,,susceptible,unknown,unknown,not_curated,measured_public,SAMN26369176,biosamples_00100.xml:SAMN26369176:2
SAMN26369176,NCBI_SOURCE_UNKNOWN,,,Klebsiella pneumoniae,Australia,2020,Homo sapiens,Fluid - Pancreas,ceftriaxone,1,<=,mg/L,MIC,Vitek,EUCAST,,susceptible,unknown,unknown,not_curated,measured_public,SAMN26369176,biosamples_00100.xml:SAMN26369176:3
SAMN26369176,NCBI_SOURCE_UNKNOWN,,,Klebsiella pneumoniae,Australia,2020,Homo sapiens,Fluid - Pancreas,amoxicillin-clavulanic acid,2/2,<=,mg/L,MIC,Vitek,EUCAST,,susceptible,unknown,unknown,not_curated,measured_public,SAMN26369176,biosamples_00100.xml:SAMN26369176:4
SAMN26369175,NCBI_SOURCE_UNKNOWN,,,Klebsiella pneumoniae,Australia,2020,Homo sapiens,urine,ceftazidime,1,<=,mg/L,MIC,Vitek,EUCAST,,susceptible,unknown,unknown,not_curated,measured_public,SAMN26369175,biosamples_00100.xml:SAMN26369175:1
SAMN26369175,NCBI_SOURCE_UNKNOWN,,,Klebsiella pneumoniae,Australia,2020,Homo sapiens,urine,ceftriaxone,1,<=,mg/L,MIC,Vitek,EUCAST,,susceptible,unknown,unknown,not_curated,measured_public,SAMN26369175,biosamples_00100.xml:SAMN26369175:2
SAMN26369175,NCBI_SOURCE_UNKNOWN,,,Klebsiella pneumoniae,Australia,2020,Homo sapiens,urine,piperacillin-tazobactam,16/4,==,mg/L,MIC,Vitek,EUCAST,,resistant,unknown,unknown,not_curated,measured_public,SAMN26369175,biosamples_00100.xml:SAMN26369175:3
SAMN26369175,NCBI_SOURCE_UNKNOWN,,,Klebsiella pneumoniae,Australia,2020,Homo sapiens,urine,amoxicillin-clavulanic acid,8/2,==,mg/L,MIC,Vitek,EUCAST,,susceptible,unknown,unknown,not_curated,measured_public,SAMN26369175,biosamples_00100.xml:SAMN26369175:4
SAMN26369174,NCBI_SOURCE_UNKNOWN,,,Klebsiella pneumoniae,Australia,2020,Homo sapiens,urine,piperacillin-tazobactam,32/4,==,mg/L,MIC,Vitek,EUCAST,,resistant,unknown,unknown,not_curated,measured_public,SAMN26369174,biosamples_00100.xml:SAMN26369174:1
SAMN26369174,NCBI_SOURCE_UNKNOWN,,,Klebsiella pneumoniae,Australia,2020,Homo sapiens,urine,ceftazidime,1,<=,mg/L,MIC,Vitek,EUCAST,,susceptible,unknown,unknown,not_curated,measured_public,SAMN26369174,biosamples_00100.xml:SAMN26369174:2
SAMN26369174,NCBI_SOURCE_UNKNOWN,,,Klebsiella pneumoniae,Australia,2020,Homo sapiens,urine,ceftriaxone,1,<=,mg/L,MIC,Vitek,EUCAST,,susceptible,unknown,unknown,not_curated,measured_public,SAMN26369174,biosamples_00100.xml:SAMN26369174:3
SAMN26369174,NCBI_SOURCE_UNKNOWN,,,Klebsiella pneumoniae,Australia,2020,Homo sapiens,urine,amoxicillin-clavulanic acid,4/2,==,mg/L,MIC,Vitek,EUCAST,,susceptible,unknown,unknown,not_curated,measured_public,SAMN26369174,biosamples_00100.xml:SAMN26369174:4
SAMN26369173,NCBI_SOURCE_UNKNOWN,,,Klebsiella pneumoniae,Australia,2020,Homo sapiens,urine,ceftazidime,1,<=,mg/L,MIC,Vitek,EUCAST,,susceptible,unknown,unknown,not_curated,measured_public,SAMN26369173,biosamples_00100.xml:SAMN26369173:1
SAMN26369173,NCBI_SOURCE_UNKNOWN,,,Klebsiella pneumoniae,Australia,2020,Homo sapiens,urine,ceftriaxone,1,<=,mg/L,MIC,Vitek,EUCAST,,susceptible,unknown,unknown,not_curated,measured_public,SAMN26369173,biosamples_00100.xml:SAMN26369173:2
SAMN26369173,NCBI_SOURCE_UNKNOWN,,,Klebsiella pneumoniae,Australia,2020,Homo sapiens,urine,amoxicillin-clavulanic acid,8/2,==,mg/L,MIC,Vitek,EUCAST,,susceptible,unknown,unknown,not_curated,measured_public,SAMN26369173,biosamples_00100.xml:SAMN26369173:3
SAMN26369173,NCBI_SOURCE_UNKNOWN,,,Klebsiella pneumoniae,Australia,2020,Homo sapiens,urine,piperacillin-tazobactam,128/4,>=,mg/L,MIC,Vitek,EUCAST,,resistant,unknown,unknown,not_curated,measured_public,SAMN26369173,biosamples_00100.xml:SAMN26369173:4
SAMN26369171,NCBI_SOURCE_UNKNOWN,,,Klebsiella pneumoniae,Australia,2020,Homo sapiens,Abscess,piperacillin-tazobactam,4/4,<=,mg/L,MIC,Vitek,EUCAST,,susceptible,unknown,unknown,not_curated,measured_public,SAMN26369171,biosamples_00100.xml:SAMN26369171:1
SAMN26369171,NCBI_SOURCE_UNKNOWN,,,Klebsiella pneumoniae,Australia,2020,Homo sapiens,Abscess,ceftazidime,1,<=,mg/L,MIC,Vitek,EUCAST,,susceptible,unknown,unknown,not_curated,measured_public,SAMN26369171,biosamples_00100.xml:SAMN26369171:2
SAMN26369171,NCBI_SOURCE_UNKNOWN,,,Klebsiella pneumoniae,Australia,2020,Homo sapiens,Abscess,ceftriaxone,1,<=,mg/L,MIC,Vitek,EUCAST,,susceptible,unknown,unknown,not_curated,measured_public,SAMN26369171,biosamples_00100.xml:SAMN26369171:3
SAMN26369171,NCBI_SOURCE_UNKNOWN,,,Klebsiella pneumoniae,Australia,2020,Homo sapiens,Abscess,amoxicillin-clavulanic acid,2/2,<=,mg/L,MIC,Vitek,EUCAST,,susceptible,unknown,unknown,not_curated,measured_public,SAMN26369171,biosamples_00100.xml:SAMN26369171:4
SAMN26369170,NCBI_SOURCE_UNKNOWN,,,Klebsiella pneumoniae,Australia,2020,Homo sapiens,urine,piperacillin-tazobactam,4/4,<=,mg/L,MIC,Vitek,EUCAST,,susceptible,unknown,unknown,not_curated,measured_public,SAMN26369170,biosamples_00100.xml:SAMN26369170:1
SAMN26369170,NCBI_SOURCE_UNKNOWN,,,Klebsiella pneumoniae,Australia,2020,Homo sapiens,urine,ceftazidime,1,<=,mg/L,MIC,Vitek,EUCAST,,susceptible,unknown,unknown,not_curated,measured_public,SAMN26369170,biosamples_00100.xml:SAMN26369170:2
SAMN26369170,NCBI_SOURCE_UNKNOWN,,,Klebsiella pneumoniae,Australia,2020,Homo sapiens,urine,ceftriaxone,1,<=,mg/L,MIC,Vitek,EUCAST,,susceptible,unknown,unknown,not_curated,measured_public,SAMN26369170,biosamples_00100.xml:SAMN26369170:3
SAMN26369170,NCBI_SOURCE_UNKNOWN,,,Klebsiella pneumoniae,Australia,2020,Homo sapiens,urine,amoxicillin-clavulanic acid,2/2,<=,mg/L,MIC,Vitek,EUCAST,,susceptible,unknown,unknown,not_curated,measured_public,SAMN26369170,biosamples_00100.xml:SAMN26369170:4
SAMN26369169,NCBI_SOURCE_UNKNOWN,,,Klebsiella pneumoniae,Australia,2020,Homo sapiens,Blood Peripheral,piperacillin-tazobactam,4/4,<=,mg/L,MIC,Vitek,EUCAST,,susceptible,unknown,unknown,not_curated,measured_public,SAMN26369169,biosamples_00100.xml:SAMN26369169:1
SAMN26369169,NCBI_SOURCE_UNKNOWN,,,Klebsiella pneumoniae,Australia,2020,Homo sapiens,Blood Peripheral,ceftazidime,1,<=,mg/L,MIC,Vitek,EUCAST,,susceptible,unknown,unknown,not_curated,measured_public,SAMN26369169,biosamples_00100.xml:SAMN26369169:2
SAMN26369169,NCBI_SOURCE_UNKNOWN,,,Klebsiella pneumoniae,Australia,2020,Homo sapiens,Blood Peripheral,ceftriaxone,1,<=,mg/L,MIC,Vitek,EUCAST,,susceptible,unknown,unknown,not_curated,measured_public,SAMN26369169,biosamples_00100.xml:SAMN26369169:3
SAMN26369169,NCBI_SOURCE_UNKNOWN,,,Klebsiella pneumoniae,Australia,2020,Homo sapiens,Blood Peripheral,amoxicillin-clavulanic acid,4/2,==,mg/L,MIC,Vitek,EUCAST,,susceptible,unknown,unknown,not_curated,measured_public,SAMN26369169,biosamples_00100.xml:SAMN26369169:4
SAMN26369168,NCBI_SOURCE_UNKNOWN,,,Klebsiella pneumoniae,Australia,2020,Homo sapiens,wound,piperacillin-tazobactam,4/4,<=,mg/L,MIC,Vitek,EUCAST,,susceptible,unknown,unknown,not_curated,measured_public,SAMN26369168,biosamples_00100.xml:SAMN26369168:1
SAMN26369168,NCBI_SOURCE_UNKNOWN,,,Klebsiella pneumoniae,Australia,2020,Homo sapiens,wound,ceftazidime,1,<=,mg/L,MIC,Vitek,EUCAST,,susceptible,unknown,unknown,not_curated,measured_public,SAMN26369168,biosamples_00100.xml:SAMN26369168:2
SAMN26369168,NCBI_SOURCE_UNKNOWN,,,Klebsiella pneumoniae,Australia,2020,Homo sapiens,wound,ceftriaxone,1,<=,mg/L,MIC,Vitek,EUCAST,,susceptible,unknown,unknown,not_curated,measured_public,SAMN26369168,biosamples_00100.xml:SAMN26369168:3
SAMN26369168,NCBI_SOURCE_UNKNOWN,,,Klebsiella pneumoniae,Australia,2020,Homo sapiens,wound,amoxicillin-clavulanic acid,2/2,<=,mg/L,MIC,Vitek,EUCAST,,susceptible,unknown,unknown,not_curated,measured_public,SAMN26369168,biosamples_00100.xml:SAMN26369168:4
SAMN26369166,NCBI_SOURCE_UNKNOWN,,,Klebsiella pneumoniae,Australia,2020,Homo sapiens,sputum,piperacillin-tazobactam,4/4,<=,mg/L,MIC,Vitek,EUCAST,,susceptible,unknown,unknown,not_curated,measured_public,SAMN26369166,biosamples_00100.xml:SAMN26369166:1
SAMN26369166,NCBI_SOURCE_UNKNOWN,,,Klebsiella pneumoniae,Australia,2020,Homo sapiens,sputum,ceftazidime,1,<=,mg/L,MIC,Vitek,EUCAST,,susceptible,unknown,unknown,not_curated,measured_public,SAMN26369166,biosamples_00100.xml:SAMN26369166:2
SAMN26369166,NCBI_SOURCE_UNKNOWN,,,Klebsiella pneumoniae,Australia,2020,Homo sapiens,sputum,ceftriaxone,1,<=,mg/L,MIC,Vitek,EUCAST,,susceptible,unknown,unknown,not_curated,measured_public,SAMN26369166,biosamples_00100.xml:SAMN26369166:3
SAMN26369166,NCBI_SOURCE_UNKNOWN,,,Klebsiella pneumoniae,Australia,2020,Homo sapiens,sputum,amoxicillin-clavulanic acid,2/2,<=,mg/L,MIC,Vitek,EUCAST,,susceptible,unknown,unknown,not_curated,measured_public,SAMN26369166,biosamples_00100.xml:SAMN26369166:4
SAMN26369162,NCBI_SOURCE_UNKNOWN,,,Klebsiella pneumoniae,Australia,2020,Homo sapiens,Bronchial Alveolar Lavage,piperacillin-tazobactam,4/4,<=,mg/L,MIC,Vitek,EUCAST,,susceptible,unknown,unknown,not_curated,measured_public,SAMN26369162,biosamples_00100.xml:SAMN26369162:1
SAMN26369162,NCBI_SOURCE_UNKNOWN,,,Klebsiella pneumoniae,Australia,2020,Homo sapiens,Bronchial Alveolar Lavage,ceftazidime,1,<=,mg/L,MIC,Vitek,EUCAST,,susceptible,unknown,unknown,not_curated,measured_public,SAMN26369162,biosamples_00100.xml:SAMN26369162:2
SAMN26369162,NCBI_SOURCE_UNKNOWN,,,Klebsiella pneumoniae,Australia,2020,Homo sapiens,Bronchial Alveolar Lavage,ceftriaxone,1,<=,mg/L,MIC,Vitek,EUCAST,,susceptible,unknown,unknown,not_curated,measured_public,SAMN26369162,biosamples_00100.xml:SAMN26369162:3
SAMN26369162,NCBI_SOURCE_UNKNOWN,,,Klebsiella pneumoniae,Australia,2020,Homo sapiens,Bronchial Alveolar Lavage,amoxicillin-clavulanic acid,2/2,<=,mg/L,MIC,Vitek,EUCAST,,susceptible,unknown,unknown,not_curated,measured_public,SAMN26369162,biosamples_00100.xml:SAMN26369162:4
SAMN26369160,NCBI_SOURCE_UNKNOWN,,,Klebsiella pneumoniae,Australia,2020,Homo sapiens,wound,piperacillin-tazobactam,4/4,<=,mg/L,MIC,Vitek,EUCAST,,susceptible,unknown,unknown,not_curated,measured_public,SAMN26369160,biosamples_00100.xml:SAMN26369160:1
SAMN26369160,NCBI_SOURCE_UNKNOWN,,,Klebsiella pneumoniae,Australia,2020,Homo sapiens,wound,ceftazidime,1,<=,mg/L,MIC,Vitek,EUCAST,,susceptible,unknown,unknown,not_curated,measured_public,SAMN26369160,biosamples_00100.xml:SAMN26369160:2
SAMN26369160,NCBI_SOURCE_UNKNOWN,,,Klebsiella pneumoniae,Australia,2020,Homo sapiens,wound,ceftriaxone,1,<=,mg/L,MIC,Vitek,EUCAST,,susceptible,unknown,unknown,not_curated,measured_public,SAMN26369160,biosamples_00100.xml:SAMN26369160:3
SAMN26369160,NCBI_SOURCE_UNKNOWN,,,Klebsiella pneumoniae,Australia,2020,Homo sapiens,wound,amoxicillin-clavulanic acid,16/2,==,mg/L,MIC,Vitek,EUCAST,,resistant,unknown,unknown,not_curated,measured_public,SAMN26369160,biosamples_00100.xml:SAMN26369160:4
SAMN26369159,NCBI_SOURCE_UNKNOWN,,,Klebsiella pneumoniae,Australia,2020,Homo sapiens,urine,piperacillin-tazobactam,4/4,<=,mg/L,MIC,Vitek,EUCAST,,susceptible,unknown,unknown,not_curated,measured_public,SAMN26369159,biosamples_00100.xml:SAMN26369159:1
SAMN26369159,NCBI_SOURCE_UNKNOWN,,,Klebsiella pneumoniae,Australia,2020,Homo sapiens,urine,ceftazidime,1,<=,mg/L,MIC,Vitek,EUCAST,,susceptible,unknown,unknown,not_curated,measured_public,SAMN26369159,biosamples_00100.xml:SAMN26369159:2
SAMN26369159,NCBI_SOURCE_UNKNOWN,,,Klebsiella pneumoniae,Australia,2020,Homo sapiens,urine,ceftriaxone,1,<=,mg/L,MIC,Vitek,EUCAST,,susceptible,unknown,unknown,not_curated,measured_public,SAMN26369159,biosamples_00100.xml:SAMN26369159:3
SAMN26369159,NCBI_SOURCE_UNKNOWN,,,Klebsiella pneumoniae,Australia,2020,Homo sapiens,urine,amoxicillin-clavulanic acid,2/2,<=,mg/L,MIC,Vitek,EUCAST,,susceptible,unknown,unknown,not_curated,measured_public,SAMN26369159,biosamples_00100.xml:SAMN26369159:4
SAMN26369158,NCBI_SOURCE_UNKNOWN,,,Klebsiella pneumoniae,Australia,2020,Homo sapiens,urine,piperacillin-tazobactam,4/4,<=,mg/L,MIC,Vitek,EUCAST,,susceptible,unknown,unknown,not_curated,measured_public,SAMN26369158,biosamples_00100.xml:SAMN26369158:1
SAMN26369158,NCBI_SOURCE_UNKNOWN,,,Klebsiella pneumoniae,Australia,2020,Homo sapiens,urine,ceftazidime,1,<=,mg/L,MIC,Vitek,EUCAST,,susceptible,unknown,unknown,not_curated,measured_public,SAMN26369158,biosamples_00100.xml:SAMN26369158:2
SAMN26369158,NCBI_SOURCE_UNKNOWN,,,Klebsiella pneumoniae,Australia,2020,Homo sapiens,urine,ceftriaxone,1,<=,mg/L,MIC,Vitek,EUCAST,,susceptible,unknown,unknown,not_curated,measured_public,SAMN26369158,biosamples_00100.xml:SAMN26369158:3
SAMN26369158,NCBI_SOURCE_UNKNOWN,,,Klebsiella pneumoniae,Australia,2020,Homo sapiens,urine,amoxicillin-clavulanic acid,2/2,<=,mg/L,MIC,Vitek,EUCAST,,susceptible,unknown,unknown,not_curated,measured_public,SAMN26369158,biosamples_00100.xml:SAMN26369158:4
SAMN26369156,NCBI_SOURCE_UNKNOWN,,,Klebsiella pneumoniae,Australia,2020,Homo sapiens,urine,piperacillin-tazobactam,4/4,<=,mg/L,MIC,Vitek,EUCAST,,susceptible,unknown,unknown,not_curated,measured_public,SAMN26369156,biosamples_00100.xml:SAMN26369156:1
SAMN26369156,NCBI_SOURCE_UNKNOWN,,,Klebsiella pneumoniae,Australia,2020,Homo sapiens,urine,ceftazidime,1,<=,mg/L,MIC,Vitek,EUCAST,,susceptible,unknown,unknown,not_curated,measured_public,SAMN26369156,biosamples_00100.xml:SAMN26369156:2
SAMN26369156,NCBI_SOURCE_UNKNOWN,,,Klebsiella pneumoniae,Australia,2020,Homo sapiens,urine,ceftriaxone,1,<=,mg/L,MIC,Vitek,EUCAST,,susceptible,unknown,unknown,not_curated,measured_public,SAMN26369156,biosamples_00100.xml:SAMN26369156:3
SAMN26369156,NCBI_SOURCE_UNKNOWN,,,Klebsiella pneumoniae,Australia,2020,Homo sapiens,urine,amoxicillin-clavulanic acid,2/2,<=,mg/L,MIC,Vitek,EUCAST,,susceptible,unknown,unknown,not_curated,measured_public,SAMN26369156,biosamples_00100.xml:SAMN26369156:4
SAMN26369155,NCBI_SOURCE_UNKNOWN,,,Klebsiella pneumoniae,Australia,2020,Homo sapiens,Abscess,piperacillin-tazobactam,4/4,<=,mg/L,MIC,Vitek,EUCAST,,susceptible,unknown,unknown,not_curated,measured_public,SAMN26369155,biosamples_00100.xml:SAMN26369155:1
SAMN26369155,NCBI_SOURCE_UNKNOWN,,,Klebsiella pneumoniae,Australia,2020,Homo sapiens,Abscess,ceftazidime,1,<=,mg/L,MIC,Vitek,EUCAST,,susceptible,unknown,unknown,not_curated,measured_public,SAMN26369155,biosamples_00100.xml:SAMN26369155:2
SAMN26369155,NCBI_SOURCE_UNKNOWN,,,Klebsiella pneumoniae,Australia,2020,Homo sapiens,Abscess,ceftriaxone,1,<=,mg/L,MIC,Vitek,EUCAST,,susceptible,unknown,unknown,not_curated,measured_public,SAMN26369155,biosamples_00100.xml:SAMN26369155:3
SAMN26369155,NCBI_SOURCE_UNKNOWN,,,Klebsiella pneumoniae,Australia,2020,Homo sapiens,Abscess,amoxicillin-clavulanic acid,2/2,<=,mg/L,MIC,Vitek,EUCAST,,susceptible,unknown,unknown,not_curated,measured_public,SAMN26369155,biosamples_00100.xml:SAMN26369155:4
SAMN26369152,NCBI_SOURCE_UNKNOWN,,,Klebsiella pneumoniae,Australia,2020,Homo sapiens,Urine - MSU,ceftazidime,1,<=,mg/L,MIC,Vitek,EUCAST,,susceptible,unknown,unknown,not_curated,measured_public,SAMN26369152,biosamples_00100.xml:SAMN26369152:1
SAMN26369152,NCBI_SOURCE_UNKNOWN,,,Klebsiella pneumoniae,Australia,2020,Homo sapiens,Urine - MSU,ceftriaxone,1,<=,mg/L,MIC,Vitek,EUCAST,,susceptible,unknown,unknown,not_curated,measured_public,SAMN26369152,biosamples_00100.xml:SAMN26369152:2
SAMN26369152,NCBI_SOURCE_UNKNOWN,,,Klebsiella pneumoniae,Australia,2020,Homo sapiens,Urine - MSU,amoxicillin-clavulanic acid,16/2,==,mg/L,MIC,Vitek,EUCAST,,resistant,unknown,unknown,not_curated,measured_public,SAMN26369152,biosamples_00100.xml:SAMN26369152:3
SAMN26369152,NCBI_SOURCE_UNKNOWN,,,Klebsiella pneumoniae,Australia,2020,Homo sapiens,Urine - MSU,piperacillin-tazobactam,128/4,>=,mg/L,MIC,Vitek,EUCAST,,resistant,unknown,unknown,not_curated,measured_public,SAMN26369152,biosamples_00100.xml:SAMN26369152:4
SAMN26369148,NCBI_SOURCE_UNKNOWN,,,Klebsiella pneumoniae,Australia,2020,Homo sapiens,Urine - Catheter,piperacillin-tazobactam,4/4,<=,mg/L,MIC,Vitek,EUCAST,,susceptible,unknown,unknown,not_curated,measured_public,SAMN26369148,biosamples_00100.xml:SAMN26369148:1
SAMN26369148,NCBI_SOURCE_UNKNOWN,,,Klebsiella pneumoniae,Australia,2020,Homo sapiens,Urine - Catheter,ceftazidime,1,<=,mg/L,MIC,Vitek,EUCAST,,susceptible,unknown,unknown,not_curated,measured_public,SAMN26369148,biosamples_00100.xml:SAMN26369148:2
SAMN26369148,NCBI_SOURCE_UNKNOWN,,,Klebsiella pneumoniae,Australia,2020,Homo sapiens,Urine - Catheter,ceftriaxone,1,<=,mg/L,MIC,Vitek,EUCAST,,susceptible,unknown,unknown,not_curated,measured_public,SAMN26369148,biosamples_00100.xml:SAMN26369148:3
SAMN26369148,NCBI_SOURCE_UNKNOWN,,,Klebsiella pneumoniae,Australia,2020,Homo sapiens,Urine - Catheter,amoxicillin-clavulanic acid,2/2,<=,mg/L,MIC,Vitek,EUCAST,,susceptible,unknown,unknown,not_curated,measured_public,SAMN26369148,biosamples_00100.xml:SAMN26369148:4
SAMN26369147,NCBI_SOURCE_UNKNOWN,,,Klebsiella pneumoniae,Australia,2020,Homo sapiens,Fluid - Bile,piperacillin-tazobactam,4/4,<=,mg/L,MIC,Vitek,EUCAST,,susceptible,unknown,unknown,not_curated,measured_public,SAMN26369147,biosamples_00100.xml:SAMN26369147:1
SAMN26369147,NCBI_SOURCE_UNKNOWN,,,Klebsiella pneumoniae,Australia,2020,Homo sapiens,Fluid - Bile,ceftazidime,1,<=,mg/L,MIC,Vitek,EUCAST,,susceptible,unknown,unknown,not_curated,measured_public,SAMN26369147,biosamples_00100.xml:SAMN26369147:2
SAMN26369147,NCBI_SOURCE_UNKNOWN,,,Klebsiella pneumoniae,Australia,2020,Homo sapiens,Fluid - Bile,ceftriaxone,1,<=,mg/L,MIC,Vitek,EUCAST,,susceptible,unknown,unknown,not_curated,measured_public,SAMN26369147,biosamples_00100.xml:SAMN26369147:3
SAMN26369147,NCBI_SOURCE_UNKNOWN,,,Klebsiella pneumoniae,Australia,2020,Homo sapiens,Fluid - Bile,amoxicillin-clavulanic acid,2/2,<=,mg/L,MIC,Vitek,EUCAST,,susceptible,unknown,unknown,not_curated,measured_public,SAMN26369147,biosamples_00100.xml:SAMN26369147:4
SAMN26369146,NCBI_SOURCE_UNKNOWN,,,Klebsiella pneumoniae,Australia,2020,Homo sapiens,Central Line White,piperacillin-tazobactam,4/4,<=,mg/L,MIC,Vitek,EUCAST,,susceptible,unknown,unknown,not_curated,measured_public,SAMN26369146,biosamples_00100.xml:SAMN26369146:1
SAMN26369146,NCBI_SOURCE_UNKNOWN,,,Klebsiella pneumoniae,Australia,2020,Homo sapiens,Central Line White,ceftazidime,1,<=,mg/L,MIC,Vitek,EUCAST,,susceptible,unknown,unknown,not_curated,measured_public,SAMN26369146,biosamples_00100.xml:SAMN26369146:2
SAMN26369146,NCBI_SOURCE_UNKNOWN,,,Klebsiella pneumoniae,Australia,2020,Homo sapiens,Central Line White,ceftriaxone,1,<=,mg/L,MIC,Vitek,EUCAST,,susceptible,unknown,unknown,not_curated,measured_public,SAMN26369146,biosamples_00100.xml:SAMN26369146:3
SAMN26369146,NCBI_SOURCE_UNKNOWN,,,Klebsiella pneumoniae,Australia,2020,Homo sapiens,Central Line White,amoxicillin-clavulanic acid,2/2,<=,mg/L,MIC,Vitek,EUCAST,,susceptible,unknown,unknown,not_curated,measured_public,SAMN26369146,biosamples_00100.xml:SAMN26369146:4
SAMN26369145,NCBI_SOURCE_UNKNOWN,,,Klebsiella pneumoniae,Australia,2020,Homo sapiens,urine,piperacillin-tazobactam,4/4,<=,mg/L,MIC,Vitek,EUCAST,,susceptible,unknown,unknown,not_curated,measured_public,SAMN26369145,biosamples_00100.xml:SAMN26369145:1
SAMN26369145,NCBI_SOURCE_UNKNOWN,,,Klebsiella pneumoniae,Australia,2020,Homo sapiens,urine,ceftazidime,1,<=,mg/L,MIC,Vitek,EUCAST,,susceptible,unknown,unknown,not_curated,measured_public,SAMN26369145,biosamples_00100.xml:SAMN26369145:2
SAMN26369145,NCBI_SOURCE_UNKNOWN,,,Klebsiella pneumoniae,Australia,2020,Homo sapiens,urine,ceftriaxone,1,<=,mg/L,MIC,Vitek,EUCAST,,susceptible,unknown,unknown,not_curated,measured_public,SAMN26369145,biosamples_00100.xml:SAMN26369145:3
SAMN26369145,NCBI_SOURCE_UNKNOWN,,,Klebsiella pneumoniae,Australia,2020,Homo sapiens,urine,amoxicillin-clavulanic acid,2/2,<=,mg/L,MIC,Vitek,EUCAST,,susceptible,unknown,unknown,not_curated,measured_public,SAMN26369145,biosamples_00100.xml:SAMN26369145:4
SAMN26369144,NCBI_SOURCE_UNKNOWN,,,Klebsiella pneumoniae,Australia,2020,Homo sapiens,urine,piperacillin-tazobactam,4/4,<=,mg/L,MIC,Vitek,EUCAST,,susceptible,unknown,unknown,not_curated,measured_public,SAMN26369144,biosamples_00100.xml:SAMN26369144:1
SAMN26369144,NCBI_SOURCE_UNKNOWN,,,Klebsiella pneumoniae,Australia,2020,Homo sapiens,urine,ceftazidime,1,<=,mg/L,MIC,Vitek,EUCAST,,susceptible,unknown,unknown,not_curated,measured_public,SAMN26369144,biosamples_00100.xml:SAMN26369144:2
SAMN26369144,NCBI_SOURCE_UNKNOWN,,,Klebsiella pneumoniae,Australia,2020,Homo sapiens,urine,ceftriaxone,1,<=,mg/L,MIC,Vitek,EUCAST,,susceptible,unknown,unknown,not_curated,measured_public,SAMN26369144,biosamples_00100.xml:SAMN26369144:3
SAMN26369144,NCBI_SOURCE_UNKNOWN,,,Klebsiella pneumoniae,Australia,2020,Homo sapiens,urine,amoxicillin-clavulanic acid,2/2,<=,mg/L,MIC,Vitek,EUCAST,,susceptible,unknown,unknown,not_curated,measured_public,SAMN26369144,biosamples_00100.xml:SAMN26369144:4
SAMN26369141,NCBI_SOURCE_UNKNOWN,,,Klebsiella pneumoniae,Australia,2020,Homo sapiens,urine,piperacillin-tazobactam,4/4,<=,mg/L,MIC,Vitek,EUCAST,,susceptible,unknown,unknown,not_curated,measured_public,SAMN26369141,biosamples_00100.xml:SAMN26369141:1
SAMN26369141,NCBI_SOURCE_UNKNOWN,,,Klebsiella pneumoniae,Australia,2020,Homo sapiens,urine,ceftazidime,1,<=,mg/L,MIC,Vitek,EUCAST,,susceptible,unknown,unknown,not_curated,measured_public,SAMN26369141,biosamples_00100.xml:SAMN26369141:2
SAMN26369141,NCBI_SOURCE_UNKNOWN,,,Klebsiella pneumoniae,Australia,2020,Homo sapiens,urine,ceftriaxone,1,<=,mg/L,MIC,Vitek,EUCAST,,susceptible,unknown,unknown,not_curated,measured_public,SAMN26369141,biosamples_00100.xml:SAMN26369141:3
SAMN26369141,NCBI_SOURCE_UNKNOWN,,,Klebsiella pneumoniae,Australia,2020,Homo sapiens,urine,amoxicillin-clavulanic acid,2/2,<=,mg/L,MIC,Vitek,EUCAST,,susceptible,unknown,unknown,not_curated,measured_public,SAMN26369141,biosamples_00100.xml:SAMN26369141:4
SAMN26369140,NCBI_SOURCE_UNKNOWN,,,Klebsiella pneumoniae,Australia,2020,Homo sapiens,urine,piperacillin-tazobactam,4/4,<=,mg/L,MIC,Vitek,EUCAST,,susceptible,unknown,unknown,not_curated,measured_public,SAMN26369140,biosamples_00100.xml:SAMN26369140:1
SAMN26369140,NCBI_SOURCE_UNKNOWN,,,Klebsiella pneumoniae,Australia,2020,Homo sapiens,urine,ceftazidime,1,<=,mg/L,MIC,Vitek,EUCAST,,susceptible,unknown,unknown,not_curated,measured_public,SAMN26369140,biosamples_00100.xml:SAMN26369140:2
SAMN26369140,NCBI_SOURCE_UNKNOWN,,,Klebsiella pneumoniae,Australia,2020,Homo sapiens,urine,ceftriaxone,1,<=,mg/L,MIC,Vitek,EUCAST,,susceptible,unknown,unknown,not_curated,measured_public,SAMN26369140,biosamples_00100.xml:SAMN26369140:3
SAMN26369140,NCBI_SOURCE_UNKNOWN,,,Klebsiella pneumoniae,Australia,2020,Homo sapiens,urine,amoxicillin-clavulanic acid,2/2,<=,mg/L,MIC,Vitek,EUCAST,,susceptible,unknown,unknown,not_curated,measured_public,SAMN26369140,biosamples_00100.xml:SAMN26369140:4
SAMN26369139,NCBI_SOURCE_UNKNOWN,,,Klebsiella pneumoniae,Australia,2020,Homo sapiens,urine,ceftazidime,1,<=,mg/L,MIC,Vitek,EUCAST,,susceptible,unknown,unknown,not_curated,measured_public,SAMN26369139,biosamples_00100.xml:SAMN26369139:1
SAMN26369139,NCBI_SOURCE_UNKNOWN,,,Klebsiella pneumoniae,Australia,2020,Homo sapiens,urine,ceftriaxone,1,<=,mg/L,MIC,Vitek,EUCAST,,susceptible,unknown,unknown,not_curated,measured_public,SAMN26369139,biosamples_00100.xml:SAMN26369139:2
SAMN26369139,NCBI_SOURCE_UNKNOWN,,,Klebsiella pneumoniae,Australia,2020,Homo sapiens,urine,amoxicillin-clavulanic acid,4/2,==,mg/L,MIC,Vitek,EUCAST,,susceptible,unknown,unknown,not_curated,measured_public,SAMN26369139,biosamples_00100.xml:SAMN26369139:3
SAMN26369139,NCBI_SOURCE_UNKNOWN,,,Klebsiella pneumoniae,Australia,2020,Homo sapiens,urine,piperacillin-tazobactam,8/4,==,mg/L,MIC,Vitek,EUCAST,,susceptible,unknown,unknown,not_curated,measured_public,SAMN26369139,biosamples_00100.xml:SAMN26369139:4
SAMN26369138,NCBI_SOURCE_UNKNOWN,,,Klebsiella pneumoniae,Australia,2020,Homo sapiens,Central venous catheter,piperacillin-tazobactam,4/4,<=,mg/L,MIC,Vitek,EUCAST,,susceptible,unknown,unknown,not_curated,measured_public,SAMN26369138,biosamples_00100.xml:SAMN26369138:1
SAMN26369138,NCBI_SOURCE_UNKNOWN,,,Klebsiella pneumoniae,Australia,2020,Homo sapiens,Central venous catheter,ceftazidime,1,<=,mg/L,MIC,Vitek,EUCAST,,susceptible,unknown,unknown,not_curated,measured_public,SAMN26369138,biosamples_00100.xml:SAMN26369138:2
SAMN26369138,NCBI_SOURCE_UNKNOWN,,,Klebsiella pneumoniae,Australia,2020,Homo sapiens,Central venous catheter,ceftriaxone,1,<=,mg/L,MIC,Vitek,EUCAST,,susceptible,unknown,unknown,not_curated,measured_public,SAMN26369138,biosamples_00100.xml:SAMN26369138:3
SAMN26369138,NCBI_SOURCE_UNKNOWN,,,Klebsiella pneumoniae,Australia,2020,Homo sapiens,Central venous catheter,amoxicillin-clavulanic acid,2/2,<=,mg/L,MIC,Vitek,EUCAST,,susceptible,unknown,unknown,not_curated,measured_public,SAMN26369138,biosamples_00100.xml:SAMN26369138:4
SAMN26369137,NCBI_SOURCE_UNKNOWN,,,Klebsiella pneumoniae,Australia,2020,Homo sapiens,blood,piperacillin-tazobactam,4/4,<=,mg/L,MIC,Vitek,EUCAST,,susceptible,unknown,unknown,not_curated,measured_public,SAMN26369137,biosamples_00100.xml:SAMN26369137:1
SAMN26369137,NCBI_SOURCE_UNKNOWN,,,Klebsiella pneumoniae,Australia,2020,Homo sapiens,blood,ceftazidime,1,<=,mg/L,MIC,Vitek,EUCAST,,susceptible,unknown,unknown,not_curated,measured_public,SAMN26369137,biosamples_00100.xml:SAMN26369137:2
SAMN26369137,NCBI_SOURCE_UNKNOWN,,,Klebsiella pneumoniae,Australia,2020,Homo sapiens,blood,ceftriaxone,1,<=,mg/L,MIC,Vitek,EUCAST,,susceptible,unknown,unknown,not_curated,measured_public,SAMN26369137,biosamples_00100.xml:SAMN26369137:3
SAMN26369137,NCBI_SOURCE_UNKNOWN,,,Klebsiella pneumoniae,Australia,2020,Homo sapiens,blood,amoxicillin-clavulanic acid,2/2,<=,mg/L,MIC,Vitek,EUCAST,,susceptible,unknown,unknown,not_curated,measured_public,SAMN26369137,biosamples_00100.xml:SAMN26369137:4
SAMN26369136,NCBI_SOURCE_UNKNOWN,,,Klebsiella pneumoniae,Australia,2020,Homo sapiens,Burn,ceftazidime,1,<=,mg/L,MIC,Vitek,EUCAST,,susceptible,unknown,unknown,not_curated,measured_public,SAMN26369136,biosamples_00100.xml:SAMN26369136:1
SAMN26369136,NCBI_SOURCE_UNKNOWN,,,Klebsiella pneumoniae,Australia,2020,Homo sapiens,Burn,ceftriaxone,1,<=,mg/L,MIC,Vitek,EUCAST,,susceptible,unknown,unknown,not_curated,measured_public,SAMN26369136,biosamples_00100.xml:SAMN26369136:2
SAMN26369136,NCBI_SOURCE_UNKNOWN,,,Klebsiella pneumoniae,Australia,2020,Homo sapiens,Burn,amoxicillin-clavulanic acid,4/2,==,mg/L,MIC,Vitek,EUCAST,,susceptible,unknown,unknown,not_curated,measured_public,SAMN26369136,biosamples_00100.xml:SAMN26369136:3
SAMN26369136,NCBI_SOURCE_UNKNOWN,,,Klebsiella pneumoniae,Australia,2020,Homo sapiens,Burn,piperacillin-tazobactam,8/4,==,mg/L,MIC,Vitek,EUCAST,,susceptible,unknown,unknown,not_curated,measured_public,SAMN26369136,biosamples_00100.xml:SAMN26369136:4
SAMN26369135,NCBI_SOURCE_UNKNOWN,,,Klebsiella pneumoniae,Australia,2020,Homo sapiens,blood,piperacillin-tazobactam,4/4,<=,mg/L,MIC,Vitek,EUCAST,,susceptible,unknown,unknown,not_curated,measured_public,SAMN26369135,biosamples_00100.xml:SAMN26369135:1
SAMN26369135,NCBI_SOURCE_UNKNOWN,,,Klebsiella pneumoniae,Australia,2020,Homo sapiens,blood,ceftazidime,1,<=,mg/L,MIC,Vitek,EUCAST,,susceptible,unknown,unknown,not_curated,measured_public,SAMN26369135,biosamples_00100.xml:SAMN26369135:2
SAMN26369135,NCBI_SOURCE_UNKNOWN,,,Klebsiella pneumoniae,Australia,2020,Homo sapiens,blood,ceftriaxone,1,<=,mg/L,MIC,Vitek,EUCAST,,susceptible,unknown,unknown,not_curated,measured_public,SAMN26369135,biosamples_00100.xml:SAMN26369135:3
SAMN26369135,NCBI_SOURCE_UNKNOWN,,,Klebsiella pneumoniae,Australia,2020,Homo sapiens,blood,amoxicillin-clavulanic acid,2/2,<=,mg/L,MIC,Vitek,EUCAST,,susceptible,unknown,unknown,not_curated,measured_public,SAMN26369135,biosamples_00100.xml:SAMN26369135:4
SAMN26369134,NCBI_SOURCE_UNKNOWN,,,Klebsiella pneumoniae,Australia,2020,Homo sapiens,swab,piperacillin-tazobactam,4/4,<=,mg/L,MIC,Vitek,EUCAST,,susceptible,unknown,unknown,not_curated,measured_public,SAMN26369134,biosamples_00100.xml:SAMN26369134:1
SAMN26369134,NCBI_SOURCE_UNKNOWN,,,Klebsiella pneumoniae,Australia,2020,Homo sapiens,swab,ceftazidime,1,<=,mg/L,MIC,Vitek,EUCAST,,susceptible,unknown,unknown,not_curated,measured_public,SAMN26369134,biosamples_00100.xml:SAMN26369134:2
SAMN26369134,NCBI_SOURCE_UNKNOWN,,,Klebsiella pneumoniae,Australia,2020,Homo sapiens,swab,ceftriaxone,1,<=,mg/L,MIC,Vitek,EUCAST,,susceptible,unknown,unknown,not_curated,measured_public,SAMN26369134,biosamples_00100.xml:SAMN26369134:3
SAMN26369134,NCBI_SOURCE_UNKNOWN,,,Klebsiella pneumoniae,Australia,2020,Homo sapiens,swab,amoxicillin-clavulanic acid,2/2,<=,mg/L,MIC,Vitek,EUCAST,,susceptible,unknown,unknown,not_curated,measured_public,SAMN26369134,biosamples_00100.xml:SAMN26369134:4
SAMN26369133,NCBI_SOURCE_UNKNOWN,,,Klebsiella pneumoniae,Australia,2020,Homo sapiens,Endotrachial Tube,piperacillin-tazobactam,4/4,<=,mg/L,MIC,Vitek,EUCAST,,susceptible,unknown,unknown,not_curated,measured_public,SAMN26369133,biosamples_00100.xml:SAMN26369133:1
SAMN26369133,NCBI_SOURCE_UNKNOWN,,,Klebsiella pneumoniae,Australia,2020,Homo sapiens,Endotrachial Tube,ceftazidime,1,<=,mg/L,MIC,Vitek,EUCAST,,susceptible,unknown,unknown,not_curated,measured_public,SAMN26369133,biosamples_00100.xml:SAMN26369133:2
SAMN26369133,NCBI_SOURCE_UNKNOWN,,,Klebsiella pneumoniae,Australia,2020,Homo sapiens,Endotrachial Tube,ceftriaxone,1,<=,mg/L,MIC,Vitek,EUCAST,,susceptible,unknown,unknown,not_curated,measured_public,SAMN26369133,biosamples_00100.xml:SAMN26369133:3
SAMN26369133,NCBI_SOURCE_UNKNOWN,,,Klebsiella pneumoniae,Australia,2020,Homo sapiens,Endotrachial Tube,amoxicillin-clavulanic acid,2/2,<=,mg/L,MIC,Vitek,EUCAST,,susceptible,unknown,unknown,not_curated,measured_public,SAMN26369133,biosamples_00100.xml:SAMN26369133:4
SAMN26369131,NCBI_SOURCE_UNKNOWN,,,Klebsiella pneumoniae,Australia,2020,Homo sapiens,Blood Peripheral,piperacillin-tazobactam,4/4,<=,mg/L,MIC,Vitek,EUCAST,,susceptible,unknown,unknown,not_curated,measured_public,SAMN26369131,biosamples_00100.xml:SAMN26369131:1
SAMN26369131,NCBI_SOURCE_UNKNOWN,,,Klebsiella pneumoniae,Australia,2020,Homo sapiens,Blood Peripheral,ceftazidime,1,<=,mg/L,MIC,Vitek,EUCAST,,susceptible,unknown,unknown,not_curated,measured_public,SAMN26369131,biosamples_00100.xml:SAMN26369131:2
SAMN26369131,NCBI_SOURCE_UNKNOWN,,,Klebsiella pneumoniae,Australia,2020,Homo sapiens,Blood Peripheral,ceftriaxone,1,<=,mg/L,MIC,Vitek,EUCAST,,susceptible,unknown,unknown,not_curated,measured_public,SAMN26369131,biosamples_00100.xml:SAMN26369131:3
SAMN26369131,NCBI_SOURCE_UNKNOWN,,,Klebsiella pneumoniae,Australia,2020,Homo sapiens,Blood Peripheral,amoxicillin-clavulanic acid,2/2,<=,mg/L,MIC,Vitek,EUCAST,,susceptible,unknown,unknown,not_curated,measured_public,SAMN26369131,biosamples_00100.xml:SAMN26369131:4
SAMN26369130,NCBI_SOURCE_UNKNOWN,,,Klebsiella pneumoniae,Australia,2020,Homo sapiens,urine,piperacillin-tazobactam,4/4,<=,mg/L,MIC,Vitek,EUCAST,,susceptible,unknown,unknown,not_curated,measured_public,SAMN26369130,biosamples_00100.xml:SAMN26369130:1
SAMN26369130,NCBI_SOURCE_UNKNOWN,,,Klebsiella pneumoniae,Australia,2020,Homo sapiens,urine,ceftazidime,1,<=,mg/L,MIC,Vitek,EUCAST,,susceptible,unknown,unknown,not_curated,measured_public,SAMN26369130,biosamples_00100.xml:SAMN26369130:2
SAMN26369130,NCBI_SOURCE_UNKNOWN,,,Klebsiella pneumoniae,Australia,2020,Homo sapiens,urine,ceftriaxone,1,<=,mg/L,MIC,Vitek,EUCAST,,susceptible,unknown,unknown,not_curated,measured_public,SAMN26369130,biosamples_00100.xml:SAMN26369130:3
SAMN26369130,NCBI_SOURCE_UNKNOWN,,,Klebsiella pneumoniae,Australia,2020,Homo sapiens,urine,amoxicillin-clavulanic acid,2/2,<=,mg/L,MIC,Vitek,EUCAST,,susceptible,unknown,unknown,not_curated,measured_public,SAMN26369130,biosamples_00100.xml:SAMN26369130:4
SAMN26369127,NCBI_SOURCE_UNKNOWN,,,Klebsiella pneumoniae,Australia,2020,Homo sapiens,swab,piperacillin-tazobactam,4/4,<=,mg/L,MIC,Vitek,EUCAST,,susceptible,unknown,unknown,not_curated,measured_public,SAMN26369127,biosamples_00100.xml:SAMN26369127:1
SAMN26369127,NCBI_SOURCE_UNKNOWN,,,Klebsiella pneumoniae,Australia,2020,Homo sapiens,swab,ceftazidime,1,<=,mg/L,MIC,Vitek,EUCAST,,susceptible,unknown,unknown,not_curated,measured_public,SAMN26369127,biosamples_00100.xml:SAMN26369127:2
SAMN26369127,NCBI_SOURCE_UNKNOWN,,,Klebsiella pneumoniae,Australia,2020,Homo sapiens,swab,ceftriaxone,1,<=,mg/L,MIC,Vitek,EUCAST,,susceptible,unknown,unknown,not_curated,measured_public,SAMN26369127,biosamples_00100.xml:SAMN26369127:3
SAMN26369127,NCBI_SOURCE_UNKNOWN,,,Klebsiella pneumoniae,Australia,2020,Homo sapiens,swab,amoxicillin-clavulanic acid,2/2,<=,mg/L,MIC,Vitek,EUCAST,,susceptible,unknown,unknown,not_curated,measured_public,SAMN26369127,biosamples_00100.xml:SAMN26369127:4
SAMN26369126,NCBI_SOURCE_UNKNOWN,,,Klebsiella pneumoniae,Australia,2020,Homo sapiens,wound,piperacillin-tazobactam,4/4,<=,mg/L,MIC,Vitek,EUCAST,,susceptible,unknown,unknown,not_curated,measured_public,SAMN26369126,biosamples_00100.xml:SAMN26369126:1
SAMN26369126,NCBI_SOURCE_UNKNOWN,,,Klebsiella pneumoniae,Australia,2020,Homo sapiens,wound,ceftazidime,1,<=,mg/L,MIC,Vitek,EUCAST,,susceptible,unknown,unknown,not_curated,measured_public,SAMN26369126,biosamples_00100.xml:SAMN26369126:2
SAMN26369126,NCBI_SOURCE_UNKNOWN,,,Klebsiella pneumoniae,Australia,2020,Homo sapiens,wound,ceftriaxone,1,<=,mg/L,MIC,Vitek,EUCAST,,susceptible,unknown,unknown,not_curated,measured_public,SAMN26369126,biosamples_00100.xml:SAMN26369126:3
SAMN26369126,NCBI_SOURCE_UNKNOWN,,,Klebsiella pneumoniae,Australia,2020,Homo sapiens,wound,amoxicillin-clavulanic acid,2/2,<=,mg/L,MIC,Vitek,EUCAST,,susceptible,unknown,unknown,not_curated,measured_public,SAMN26369126,biosamples_00100.xml:SAMN26369126:4
SAMN26369125,NCBI_SOURCE_UNKNOWN,,,Klebsiella pneumoniae,Australia,2020,Homo sapiens,urine,piperacillin-tazobactam,4/4,<=,mg/L,MIC,Vitek,EUCAST,,susceptible,unknown,unknown,not_curated,measured_public,SAMN26369125,biosamples_00100.xml:SAMN26369125:1
SAMN26369125,NCBI_SOURCE_UNKNOWN,,,Klebsiella pneumoniae,Australia,2020,Homo sapiens,urine,ceftazidime,1,<=,mg/L,MIC,Vitek,EUCAST,,susceptible,unknown,unknown,not_curated,measured_public,SAMN26369125,biosamples_00100.xml:SAMN26369125:2
SAMN26369125,NCBI_SOURCE_UNKNOWN,,,Klebsiella pneumoniae,Australia,2020,Homo sapiens,urine,ceftriaxone,1,<=,mg/L,MIC,Vitek,EUCAST,,susceptible,unknown,unknown,not_curated,measured_public,SAMN26369125,biosamples_00100.xml:SAMN26369125:3
SAMN26369125,NCBI_SOURCE_UNKNOWN,,,Klebsiella pneumoniae,Australia,2020,Homo sapiens,urine,amoxicillin-clavulanic acid,2/2,<=,mg/L,MIC,Vitek,EUCAST,,susceptible,unknown,unknown,not_curated,measured_public,SAMN26369125,biosamples_00100.xml:SAMN26369125:4
SAMN26369122,NCBI_SOURCE_UNKNOWN,,,Klebsiella pneumoniae,Australia,2020,Homo sapiens,wound,piperacillin-tazobactam,4/4,<=,mg/L,MIC,Vitek,EUCAST,,susceptible,unknown,unknown,not_curated,measured_public,SAMN26369122,biosamples_00100.xml:SAMN26369122:1
SAMN26369122,NCBI_SOURCE_UNKNOWN,,,Klebsiella pneumoniae,Australia,2020,Homo sapiens,wound,ceftazidime,1,<=,mg/L,MIC,Vitek,EUCAST,,susceptible,unknown,unknown,not_curated,measured_public,SAMN26369122,biosamples_00100.xml:SAMN26369122:2
SAMN26369122,NCBI_SOURCE_UNKNOWN,,,Klebsiella pneumoniae,Australia,2020,Homo sapiens,wound,ceftriaxone,1,<=,mg/L,MIC,Vitek,EUCAST,,susceptible,unknown,unknown,not_curated,measured_public,SAMN26369122,biosamples_00100.xml:SAMN26369122:3
SAMN26369122,NCBI_SOURCE_UNKNOWN,,,Klebsiella pneumoniae,Australia,2020,Homo sapiens,wound,amoxicillin-clavulanic acid,8/2,==,mg/L,MIC,Vitek,EUCAST,,susceptible,unknown,unknown,not_curated,measured_public,SAMN26369122,biosamples_00100.xml:SAMN26369122:4
SAMN26369120,NCBI_SOURCE_UNKNOWN,,,Klebsiella pneumoniae,Australia,2020,Homo sapiens,urine,ceftazidime,1,<=,mg/L,MIC,Vitek,EUCAST,,susceptible,unknown,unknown,not_curated,measured_public,SAMN26369120,biosamples_00100.xml:SAMN26369120:1
SAMN26369120,NCBI_SOURCE_UNKNOWN,,,Klebsiella pneumoniae,Australia,2020,Homo sapiens,urine,ceftriaxone,1,<=,mg/L,MIC,Vitek,EUCAST,,susceptible,unknown,unknown,not_curated,measured_public,SAMN26369120,biosamples_00100.xml:SAMN26369120:2
SAMN26369120,NCBI_SOURCE_UNKNOWN,,,Klebsiella pneumoniae,Australia,2020,Homo sapiens,urine,amoxicillin-clavulanic acid,8/2,==,mg/L,MIC,Vitek,EUCAST,,susceptible,unknown,unknown,not_curated,measured_public,SAMN26369120,biosamples_00100.xml:SAMN26369120:3
SAMN26369120,NCBI_SOURCE_UNKNOWN,,,Klebsiella pneumoniae,Australia,2020,Homo sapiens,urine,piperacillin-tazobactam,8/4,==,mg/L,MIC,Vitek,EUCAST,,susceptible,unknown,unknown,not_curated,measured_public,SAMN26369120,biosamples_00100.xml:SAMN26369120:4
SAMN26369118,NCBI_SOURCE_UNKNOWN,,,Klebsiella pneumoniae,Australia,2020,Homo sapiens,CSF- Extra-ventricular drain,ceftazidime,1,<=,mg/L,MIC,Vitek,EUCAST,,susceptible,unknown,unknown,not_curated,measured_public,SAMN26369118,biosamples_00100.xml:SAMN26369118:1
SAMN26369118,NCBI_SOURCE_UNKNOWN,,,Klebsiella pneumoniae,Australia,2020,Homo sapiens,CSF- Extra-ventricular drain,ceftriaxone,1,<=,mg/L,MIC,Vitek,EUCAST,,susceptible,unknown,unknown,not_curated,measured_public,SAMN26369118,biosamples_00100.xml:SAMN26369118:2
SAMN26369118,NCBI_SOURCE_UNKNOWN,,,Klebsiella pneumoniae,Australia,2020,Homo sapiens,CSF- Extra-ventricular drain,piperacillin-tazobactam,16/4,==,mg/L,MIC,Vitek,EUCAST,,resistant,unknown,unknown,not_curated,measured_public,SAMN26369118,biosamples_00100.xml:SAMN26369118:3
SAMN26369118,NCBI_SOURCE_UNKNOWN,,,Klebsiella pneumoniae,Australia,2020,Homo sapiens,CSF- Extra-ventricular drain,amoxicillin-clavulanic acid,8/2,==,mg/L,MIC,Vitek,EUCAST,,susceptible,unknown,unknown,not_curated,measured_public,SAMN26369118,biosamples_00100.xml:SAMN26369118:4
SAMN26369116,NCBI_SOURCE_UNKNOWN,,,Klebsiella pneumoniae,Australia,2020,Homo sapiens,Urine - MSU,piperacillin-tazobactam,4/4,<=,mg/L,MIC,Vitek,EUCAST,,susceptible,unknown,unknown,not_curated,measured_public,SAMN26369116,biosamples_00100.xml:SAMN26369116:1
SAMN26369116,NCBI_SOURCE_UNKNOWN,,,Klebsiella pneumoniae,Australia,2020,Homo sapiens,Urine - MSU,ceftazidime,1,<=,mg/L,MIC,Vitek,EUCAST,,susceptible,unknown,unknown,not_curated,measured_public,SAMN26369116,biosamples_00100.xml:SAMN26369116:2
SAMN26369116,NCBI_SOURCE_UNKNOWN,,,Klebsiella pneumoniae,Australia,2020,Homo sapiens,Urine - MSU,ceftriaxone,1,<=,mg/L,MIC,Vitek,EUCAST,,susceptible,unknown,unknown,not_curated,measured_public,SAMN26369116,biosamples_00100.xml:SAMN26369116:3
SAMN26369116,NCBI_SOURCE_UNKNOWN,,,Klebsiella pneumoniae,Australia,2020,Homo sapiens,Urine - MSU,amoxicillin-clavulanic acid,2/2,<=,mg/L,MIC,Vitek,EUCAST,,susceptible,unknown,unknown,not_curated,measured_public,SAMN26369116,biosamples_00100.xml:SAMN26369116:4
SAMN26369115,NCBI_SOURCE_UNKNOWN,,,Klebsiella pneumoniae,Australia,2020,Homo sapiens,sputum,piperacillin-tazobactam,4/4,<=,mg/L,MIC,Vitek,EUCAST,,susceptible,unknown,unknown,not_curated,measured_public,SAMN26369115,biosamples_00100.xml:SAMN26369115:1
SAMN26369115,NCBI_SOURCE_UNKNOWN,,,Klebsiella pneumoniae,Australia,2020,Homo sapiens,sputum,ceftazidime,1,<=,mg/L,MIC,Vitek,EUCAST,,susceptible,unknown,unknown,not_curated,measured_public,SAMN26369115,biosamples_00100.xml:SAMN26369115:2
SAMN26369115,NCBI_SOURCE_UNKNOWN,,,Klebsiella pneumoniae,Australia,2020,Homo sapiens,sputum,ceftriaxone,1,<=,mg/L,MIC,Vitek,EUCAST,,susceptible,unknown,unknown,not_curated,measured_public,SAMN26369115,biosamples_00100.xml:SAMN26369115:3
SAMN26369115,NCBI_SOURCE_UNKNOWN,,,Klebsiella pneumoniae,Australia,2020,Homo sapiens,sputum,amoxicillin-clavulanic acid,2/2,<=,mg/L,MIC,Vitek,EUCAST,,susceptible,unknown,unknown,not_curated,measured_public,SAMN26369115,biosamples_00100.xml:SAMN26369115:4
SAMN26369112,NCBI_SOURCE_UNKNOWN,,,Klebsiella pneumoniae,Australia,2020,Homo sapiens,sputum,piperacillin-tazobactam,4/4,<=,mg/L,MIC,Vitek,EUCAST,,susceptible,unknown,unknown,not_curated,measured_public,SAMN26369112,biosamples_00100.xml:SAMN26369112:1
SAMN26369112,NCBI_SOURCE_UNKNOWN,,,Klebsiella pneumoniae,Australia,2020,Homo sapiens,sputum,ceftazidime,1,<=,mg/L,MIC,Vitek,EUCAST,,susceptible,unknown,unknown,not_curated,measured_public,SAMN26369112,biosamples_00100.xml:SAMN26369112:2
SAMN26369112,NCBI_SOURCE_UNKNOWN,,,Klebsiella pneumoniae,Australia,2020,Homo sapiens,sputum,ceftriaxone,1,<=,mg/L,MIC,Vitek,EUCAST,,susceptible,unknown,unknown,not_curated,measured_public,SAMN26369112,biosamples_00100.xml:SAMN26369112:3
SAMN26369112,NCBI_SOURCE_UNKNOWN,,,Klebsiella pneumoniae,Australia,2020,Homo sapiens,sputum,amoxicillin-clavulanic acid,2/2,<=,mg/L,MIC,Vitek,EUCAST,,susceptible,unknown,unknown,not_curated,measured_public,SAMN26369112,biosamples_00100.xml:SAMN26369112:4
SAMN26369111,NCBI_SOURCE_UNKNOWN,,,Klebsiella pneumoniae,Australia,2020,Homo sapiens,urine,ceftazidime,1,<=,mg/L,MIC,Vitek,EUCAST,,susceptible,unknown,unknown,not_curated,measured_public,SAMN26369111,biosamples_00100.xml:SAMN26369111:1
SAMN26369111,NCBI_SOURCE_UNKNOWN,,,Klebsiella pneumoniae,Australia,2020,Homo sapiens,urine,ceftriaxone,1,<=,mg/L,MIC,Vitek,EUCAST,,susceptible,unknown,unknown,not_curated,measured_public,SAMN26369111,biosamples_00100.xml:SAMN26369111:2
SAMN26369111,NCBI_SOURCE_UNKNOWN,,,Klebsiella pneumoniae,Australia,2020,Homo sapiens,urine,piperacillin-tazobactam,16/4,==,mg/L,MIC,Vitek,EUCAST,,resistant,unknown,unknown,not_curated,measured_public,SAMN26369111,biosamples_00100.xml:SAMN26369111:3
SAMN26369111,NCBI_SOURCE_UNKNOWN,,,Klebsiella pneumoniae,Australia,2020,Homo sapiens,urine,amoxicillin-clavulanic acid,4/2,==,mg/L,MIC,Vitek,EUCAST,,susceptible,unknown,unknown,not_curated,measured_public,SAMN26369111,biosamples_00100.xml:SAMN26369111:4
SAMN26369110,NCBI_SOURCE_UNKNOWN,,,Klebsiella pneumoniae,Australia,2020,Homo sapiens,urine,piperacillin-tazobactam,4/4,<=,mg/L,MIC,Vitek,EUCAST,,susceptible,unknown,unknown,not_curated,measured_public,SAMN26369110,biosamples_00100.xml:SAMN26369110:1
SAMN26369110,NCBI_SOURCE_UNKNOWN,,,Klebsiella pneumoniae,Australia,2020,Homo sapiens,urine,ceftazidime,1,<=,mg/L,MIC,Vitek,EUCAST,,susceptible,unknown,unknown,not_curated,measured_public,SAMN26369110,biosamples_00100.xml:SAMN26369110:2
SAMN26369110,NCBI_SOURCE_UNKNOWN,,,Klebsiella pneumoniae,Australia,2020,Homo sapiens,urine,ceftriaxone,1,<=,mg/L,MIC,Vitek,EUCAST,,susceptible,unknown,unknown,not_curated,measured_public,SAMN26369110,biosamples_00100.xml:SAMN26369110:3
SAMN26369110,NCBI_SOURCE_UNKNOWN,,,Klebsiella pneumoniae,Australia,2020,Homo sapiens,urine,amoxicillin-clavulanic acid,2/2,<=,mg/L,MIC,Vitek,EUCAST,,susceptible,unknown,unknown,not_curated,measured_public,SAMN26369110,biosamples_00100.xml:SAMN26369110:4
SAMN26369109,NCBI_SOURCE_UNKNOWN,,,Klebsiella pneumoniae,Australia,2020,Homo sapiens,sputum,piperacillin-tazobactam,4/4,<=,mg/L,MIC,Vitek,EUCAST,,susceptible,unknown,unknown,not_curated,measured_public,SAMN26369109,biosamples_00100.xml:SAMN26369109:1
SAMN26369109,NCBI_SOURCE_UNKNOWN,,,Klebsiella pneumoniae,Australia,2020,Homo sapiens,sputum,ceftazidime,1,<=,mg/L,MIC,Vitek,EUCAST,,susceptible,unknown,unknown,not_curated,measured_public,SAMN26369109,biosamples_00100.xml:SAMN26369109:2
SAMN26369109,NCBI_SOURCE_UNKNOWN,,,Klebsiella pneumoniae,Australia,2020,Homo sapiens,sputum,ceftriaxone,1,<=,mg/L,MIC,Vitek,EUCAST,,susceptible,unknown,unknown,not_curated,measured_public,SAMN26369109,biosamples_00100.xml:SAMN26369109:3
SAMN26369109,NCBI_SOURCE_UNKNOWN,,,Klebsiella pneumoniae,Australia,2020,Homo sapiens,sputum,amoxicillin-clavulanic acid,2/2,<=,mg/L,MIC,Vitek,EUCAST,,susceptible,unknown,unknown,not_curated,measured_public,SAMN26369109,biosamples_00100.xml:SAMN26369109:4
SAMN26369108,NCBI_SOURCE_UNKNOWN,,,Klebsiella pneumoniae,Australia,2020,Homo sapiens,Urine - MSU,piperacillin-tazobactam,4/4,<=,mg/L,MIC,Vitek,EUCAST,,susceptible,unknown,unknown,not_curated,measured_public,SAMN26369108,biosamples_00100.xml:SAMN26369108:1
SAMN26369108,NCBI_SOURCE_UNKNOWN,,,Klebsiella pneumoniae,Australia,2020,Homo sapiens,Urine - MSU,ceftazidime,1,<=,mg/L,MIC,Vitek,EUCAST,,susceptible,unknown,unknown,not_curated,measured_public,SAMN26369108,biosamples_00100.xml:SAMN26369108:2
SAMN26369108,NCBI_SOURCE_UNKNOWN,,,Klebsiella pneumoniae,Australia,2020,Homo sapiens,Urine - MSU,ceftriaxone,1,<=,mg/L,MIC,Vitek,EUCAST,,susceptible,unknown,unknown,not_curated,measured_public,SAMN26369108,biosamples_00100.xml:SAMN26369108:3
SAMN26369108,NCBI_SOURCE_UNKNOWN,,,Klebsiella pneumoniae,Australia,2020,Homo sapiens,Urine - MSU,amoxicillin-clavulanic acid,2/2,<=,mg/L,MIC,Vitek,EUCAST,,susceptible,unknown,unknown,not_curated,measured_public,SAMN26369108,biosamples_00100.xml:SAMN26369108:4
SAMN26369107,NCBI_SOURCE_UNKNOWN,,,Klebsiella pneumoniae,Australia,2020,Homo sapiens,urine,piperacillin-tazobactam,4/4,<=,mg/L,MIC,Vitek,EUCAST,,susceptible,unknown,unknown,not_curated,measured_public,SAMN26369107,biosamples_00100.xml:SAMN26369107:1
SAMN26369107,NCBI_SOURCE_UNKNOWN,,,Klebsiella pneumoniae,Australia,2020,Homo sapiens,urine,ceftazidime,1,<=,mg/L,MIC,Vitek,EUCAST,,susceptible,unknown,unknown,not_curated,measured_public,SAMN26369107,biosamples_00100.xml:SAMN26369107:2
SAMN26369107,NCBI_SOURCE_UNKNOWN,,,Klebsiella pneumoniae,Australia,2020,Homo sapiens,urine,ceftriaxone,1,<=,mg/L,MIC,Vitek,EUCAST,,susceptible,unknown,unknown,not_curated,measured_public,SAMN26369107,biosamples_00100.xml:SAMN26369107:3
SAMN26369107,NCBI_SOURCE_UNKNOWN,,,Klebsiella pneumoniae,Australia,2020,Homo sapiens,urine,amoxicillin-clavulanic acid,2/2,<=,mg/L,MIC,Vitek,EUCAST,,susceptible,unknown,unknown,not_curated,measured_public,SAMN26369107,biosamples_00100.xml:SAMN26369107:4
SAMN26369106,NCBI_SOURCE_UNKNOWN,,,Klebsiella pneumoniae,Australia,2020,Homo sapiens,urine,piperacillin-tazobactam,4/4,<=,mg/L,MIC,Vitek,EUCAST,,susceptible,unknown,unknown,not_curated,measured_public,SAMN26369106,biosamples_00100.xml:SAMN26369106:1
SAMN26369106,NCBI_SOURCE_UNKNOWN,,,Klebsiella pneumoniae,Australia,2020,Homo sapiens,urine,ceftazidime,1,<=,mg/L,MIC,Vitek,EUCAST,,susceptible,unknown,unknown,not_curated,measured_public,SAMN26369106,biosamples_00100.xml:SAMN26369106:2
SAMN26369106,NCBI_SOURCE_UNKNOWN,,,Klebsiella pneumoniae,Australia,2020,Homo sapiens,urine,ceftriaxone,1,<=,mg/L,MIC,Vitek,EUCAST,,susceptible,unknown,unknown,not_curated,measured_public,SAMN26369106,biosamples_00100.xml:SAMN26369106:3
SAMN26369106,NCBI_SOURCE_UNKNOWN,,,Klebsiella pneumoniae,Australia,2020,Homo sapiens,urine,amoxicillin-clavulanic acid,2/2,<=,mg/L,MIC,Vitek,EUCAST,,susceptible,unknown,unknown,not_curated,measured_public,SAMN26369106,biosamples_00100.xml:SAMN26369106:4
SAMN26369104,NCBI_SOURCE_UNKNOWN,,,Klebsiella pneumoniae,Australia,2020,Homo sapiens,blood,piperacillin-tazobactam,4/4,<=,mg/L,MIC,Vitek,EUCAST,,susceptible,unknown,unknown,not_curated,measured_public,SAMN26369104,biosamples_00100.xml:SAMN26369104:1
SAMN26369104,NCBI_SOURCE_UNKNOWN,,,Klebsiella pneumoniae,Australia,2020,Homo sapiens,blood,ceftazidime,1,<=,mg/L,MIC,Vitek,EUCAST,,susceptible,unknown,unknown,not_curated,measured_public,SAMN26369104,biosamples_00100.xml:SAMN26369104:2
SAMN26369104,NCBI_SOURCE_UNKNOWN,,,Klebsiella pneumoniae,Australia,2020,Homo sapiens,blood,ceftriaxone,1,<=,mg/L,MIC,Vitek,EUCAST,,susceptible,unknown,unknown,not_curated,measured_public,SAMN26369104,biosamples_00100.xml:SAMN26369104:3
SAMN26369104,NCBI_SOURCE_UNKNOWN,,,Klebsiella pneumoniae,Australia,2020,Homo sapiens,blood,amoxicillin-clavulanic acid,8/2,==,mg/L,MIC,Vitek,EUCAST,,susceptible,unknown,unknown,not_curated,measured_public,SAMN26369104,biosamples_00100.xml:SAMN26369104:4
SAMN26369103,NCBI_SOURCE_UNKNOWN,,,Klebsiella pneumoniae,Australia,2020,Homo sapiens,blood,piperacillin-tazobactam,4/4,<=,mg/L,MIC,Vitek,EUCAST,,susceptible,unknown,unknown,not_curated,measured_public,SAMN26369103,biosamples_00100.xml:SAMN26369103:1
SAMN26369103,NCBI_SOURCE_UNKNOWN,,,Klebsiella pneumoniae,Australia,2020,Homo sapiens,blood,ceftazidime,1,<=,mg/L,MIC,Vitek,EUCAST,,susceptible,unknown,unknown,not_curated,measured_public,SAMN26369103,biosamples_00100.xml:SAMN26369103:2
SAMN26369103,NCBI_SOURCE_UNKNOWN,,,Klebsiella pneumoniae,Australia,2020,Homo sapiens,blood,ceftriaxone,1,<=,mg/L,MIC,Vitek,EUCAST,,susceptible,unknown,unknown,not_curated,measured_public,SAMN26369103,biosamples_00100.xml:SAMN26369103:3
SAMN26369103,NCBI_SOURCE_UNKNOWN,,,Klebsiella pneumoniae,Australia,2020,Homo sapiens,blood,amoxicillin-clavulanic acid,2/2,<=,mg/L,MIC,Vitek,EUCAST,,susceptible,unknown,unknown,not_curated,measured_public,SAMN26369103,biosamples_00100.xml:SAMN26369103:4
SAMN26369101,NCBI_SOURCE_UNKNOWN,,,Klebsiella pneumoniae,Australia,2020,Homo sapiens,urine,piperacillin-tazobactam,4/4,<=,mg/L,MIC,Vitek,EUCAST,,susceptible,unknown,unknown,not_curated,measured_public,SAMN26369101,biosamples_00100.xml:SAMN26369101:1
SAMN26369101,NCBI_SOURCE_UNKNOWN,,,Klebsiella pneumoniae,Australia,2020,Homo sapiens,urine,ceftazidime,1,<=,mg/L,MIC,Vitek,EUCAST,,susceptible,unknown,unknown,not_curated,measured_public,SAMN26369101,biosamples_00100.xml:SAMN26369101:2
SAMN26369101,NCBI_SOURCE_UNKNOWN,,,Klebsiella pneumoniae,Australia,2020,Homo sapiens,urine,ceftriaxone,1,<=,mg/L,MIC,Vitek,EUCAST,,susceptible,unknown,unknown,not_curated,measured_public,SAMN26369101,biosamples_00100.xml:SAMN26369101:3
SAMN26369101,NCBI_SOURCE_UNKNOWN,,,Klebsiella pneumoniae,Australia,2020,Homo sapiens,urine,amoxicillin-clavulanic acid,8/2,==,mg/L,MIC,Vitek,EUCAST,,susceptible,unknown,unknown,not_curated,measured_public,SAMN26369101,biosamples_00100.xml:SAMN26369101:4
SAMN26369099,NCBI_SOURCE_UNKNOWN,,,Klebsiella pneumoniae,Australia,2020,Homo sapiens,urine,piperacillin-tazobactam,4/4,<=,mg/L,MIC,Vitek,EUCAST,,susceptible,unknown,unknown,not_curated,measured_public,SAMN26369099,biosamples_00100.xml:SAMN26369099:1
SAMN26369099,NCBI_SOURCE_UNKNOWN,,,Klebsiella pneumoniae,Australia,2020,Homo sapiens,urine,ceftazidime,1,<=,mg/L,MIC,Vitek,EUCAST,,susceptible,unknown,unknown,not_curated,measured_public,SAMN26369099,biosamples_00100.xml:SAMN26369099:2
SAMN26369099,NCBI_SOURCE_UNKNOWN,,,Klebsiella pneumoniae,Australia,2020,Homo sapiens,urine,ceftriaxone,1,<=,mg/L,MIC,Vitek,EUCAST,,susceptible,unknown,unknown,not_curated,measured_public,SAMN26369099,biosamples_00100.xml:SAMN26369099:3
SAMN26369099,NCBI_SOURCE_UNKNOWN,,,Klebsiella pneumoniae,Australia,2020,Homo sapiens,urine,amoxicillin-clavulanic acid,2/2,<=,mg/L,MIC,Vitek,EUCAST,,susceptible,unknown,unknown,not_curated,measured_public,SAMN26369099,biosamples_00100.xml:SAMN26369099:4
SAMN26369098,NCBI_SOURCE_UNKNOWN,,,Klebsiella pneumoniae,Australia,2020,Homo sapiens,Endotrachial Tube,piperacillin-tazobactam,4/4,<=,mg/L,MIC,Vitek,EUCAST,,susceptible,unknown,unknown,not_curated,measured_public,SAMN26369098,biosamples_00100.xml:SAMN26369098:1
SAMN26369098,NCBI_SOURCE_UNKNOWN,,,Klebsiella pneumoniae,Australia,2020,Homo sapiens,Endotrachial Tube,ceftazidime,1,<=,mg/L,MIC,Vitek,EUCAST,,susceptible,unknown,unknown,not_curated,measured_public,SAMN26369098,biosamples_00100.xml:SAMN26369098:2
SAMN26369098,NCBI_SOURCE_UNKNOWN,,,Klebsiella pneumoniae,Australia,2020,Homo sapiens,Endotrachial Tube,ceftriaxone,1,<=,mg/L,MIC,Vitek,EUCAST,,susceptible,unknown,unknown,not_curated,measured_public,SAMN26369098,biosamples_00100.xml:SAMN26369098:3
SAMN26369098,NCBI_SOURCE_UNKNOWN,,,Klebsiella pneumoniae,Australia,2020,Homo sapiens,Endotrachial Tube,amoxicillin-clavulanic acid,2/2,<=,mg/L,MIC,Vitek,EUCAST,,susceptible,unknown,unknown,not_curated,measured_public,SAMN26369098,biosamples_00100.xml:SAMN26369098:4
SAMN26369097,NCBI_SOURCE_UNKNOWN,,,Klebsiella pneumoniae,Australia,2020,Homo sapiens,urine,piperacillin-tazobactam,4/4,<=,mg/L,MIC,Vitek,EUCAST,,susceptible,unknown,unknown,not_curated,measured_public,SAMN26369097,biosamples_00100.xml:SAMN26369097:1
SAMN26369097,NCBI_SOURCE_UNKNOWN,,,Klebsiella pneumoniae,Australia,2020,Homo sapiens,urine,ceftazidime,1,<=,mg/L,MIC,Vitek,EUCAST,,susceptible,unknown,unknown,not_curated,measured_public,SAMN26369097,biosamples_00100.xml:SAMN26369097:2
SAMN26369097,NCBI_SOURCE_UNKNOWN,,,Klebsiella pneumoniae,Australia,2020,Homo sapiens,urine,ceftriaxone,1,<=,mg/L,MIC,Vitek,EUCAST,,susceptible,unknown,unknown,not_curated,measured_public,SAMN26369097,biosamples_00100.xml:SAMN26369097:3
SAMN26369097,NCBI_SOURCE_UNKNOWN,,,Klebsiella pneumoniae,Australia,2020,Homo sapiens,urine,amoxicillin-clavulanic acid,2/2,<=,mg/L,MIC,Vitek,EUCAST,,susceptible,unknown,unknown,not_curated,measured_public,SAMN26369097,biosamples_00100.xml:SAMN26369097:4
SAMN26369092,NCBI_SOURCE_UNKNOWN,,,Klebsiella pneumoniae,Australia,2020,Homo sapiens,urine,piperacillin-tazobactam,4/4,<=,mg/L,MIC,Vitek,EUCAST,,susceptible,unknown,unknown,not_curated,measured_public,SAMN26369092,biosamples_00100.xml:SAMN26369092:1
SAMN26369092,NCBI_SOURCE_UNKNOWN,,,Klebsiella pneumoniae,Australia,2020,Homo sapiens,urine,ceftazidime,1,<=,mg/L,MIC,Vitek,EUCAST,,susceptible,unknown,unknown,not_curated,measured_public,SAMN26369092,biosamples_00100.xml:SAMN26369092:2
SAMN26369092,NCBI_SOURCE_UNKNOWN,,,Klebsiella pneumoniae,Australia,2020,Homo sapiens,urine,ceftriaxone,1,<=,mg/L,MIC,Vitek,EUCAST,,susceptible,unknown,unknown,not_curated,measured_public,SAMN26369092,biosamples_00100.xml:SAMN26369092:3
SAMN26369092,NCBI_SOURCE_UNKNOWN,,,Klebsiella pneumoniae,Australia,2020,Homo sapiens,urine,amoxicillin-clavulanic acid,2/2,<=,mg/L,MIC,Vitek,EUCAST,,susceptible,unknown,unknown,not_curated,measured_public,SAMN26369092,biosamples_00100.xml:SAMN26369092:4
SAMN26369091,NCBI_SOURCE_UNKNOWN,,,Klebsiella pneumoniae,Australia,2020,Homo sapiens,swab,piperacillin-tazobactam,4/4,<=,mg/L,MIC,Vitek,EUCAST,,susceptible,unknown,unknown,not_curated,measured_public,SAMN26369091,biosamples_00100.xml:SAMN26369091:1
SAMN26369091,NCBI_SOURCE_UNKNOWN,,,Klebsiella pneumoniae,Australia,2020,Homo sapiens,swab,ceftazidime,1,<=,mg/L,MIC,Vitek,EUCAST,,susceptible,unknown,unknown,not_curated,measured_public,SAMN26369091,biosamples_00100.xml:SAMN26369091:2
SAMN26369091,NCBI_SOURCE_UNKNOWN,,,Klebsiella pneumoniae,Australia,2020,Homo sapiens,swab,ceftriaxone,1,<=,mg/L,MIC,Vitek,EUCAST,,susceptible,unknown,unknown,not_curated,measured_public,SAMN26369091,biosamples_00100.xml:SAMN26369091:3
SAMN26369091,NCBI_SOURCE_UNKNOWN,,,Klebsiella pneumoniae,Australia,2020,Homo sapiens,swab,amoxicillin-clavulanic acid,2/2,<=,mg/L,MIC,Vitek,EUCAST,,susceptible,unknown,unknown,not_curated,measured_public,SAMN26369091,biosamples_00100.xml:SAMN26369091:4
SAMN26369090,NCBI_SOURCE_UNKNOWN,,,Klebsiella pneumoniae,Australia,2020,Homo sapiens,urine,piperacillin-tazobactam,4/4,<=,mg/L,MIC,Vitek,EUCAST,,susceptible,unknown,unknown,not_curated,measured_public,SAMN26369090,biosamples_00100.xml:SAMN26369090:1
SAMN26369090,NCBI_SOURCE_UNKNOWN,,,Klebsiella pneumoniae,Australia,2020,Homo sapiens,urine,ceftazidime,1,<=,mg/L,MIC,Vitek,EUCAST,,susceptible,unknown,unknown,not_curated,measured_public,SAMN26369090,biosamples_00100.xml:SAMN26369090:2
SAMN26369090,NCBI_SOURCE_UNKNOWN,,,Klebsiella pneumoniae,Australia,2020,Homo sapiens,urine,ceftriaxone,1,<=,mg/L,MIC,Vitek,EUCAST,,susceptible,unknown,unknown,not_curated,measured_public,SAMN26369090,biosamples_00100.xml:SAMN26369090:3
SAMN26369090,NCBI_SOURCE_UNKNOWN,,,Klebsiella pneumoniae,Australia,2020,Homo sapiens,urine,amoxicillin-clavulanic acid,2/2,<=,mg/L,MIC,Vitek,EUCAST,,susceptible,unknown,unknown,not_curated,measured_public,SAMN26369090,biosamples_00100.xml:SAMN26369090:4
SAMN26369089,NCBI_SOURCE_UNKNOWN,,,Klebsiella pneumoniae,Australia,2020,Homo sapiens,Urine - MSU,piperacillin-tazobactam,4/4,<=,mg/L,MIC,Vitek,EUCAST,,susceptible,unknown,unknown,not_curated,measured_public,SAMN26369089,biosamples_00100.xml:SAMN26369089:1
SAMN26369089,NCBI_SOURCE_UNKNOWN,,,Klebsiella pneumoniae,Australia,2020,Homo sapiens,Urine - MSU,ceftazidime,1,<=,mg/L,MIC,Vitek,EUCAST,,susceptible,unknown,unknown,not_curated,measured_public,SAMN26369089,biosamples_00100.xml:SAMN26369089:2
SAMN26369089,NCBI_SOURCE_UNKNOWN,,,Klebsiella pneumoniae,Australia,2020,Homo sapiens,Urine - MSU,ceftriaxone,1,<=,mg/L,MIC,Vitek,EUCAST,,susceptible,unknown,unknown,not_curated,measured_public,SAMN26369089,biosamples_00100.xml:SAMN26369089:3
SAMN26369089,NCBI_SOURCE_UNKNOWN,,,Klebsiella pneumoniae,Australia,2020,Homo sapiens,Urine - MSU,amoxicillin-clavulanic acid,2/2,<=,mg/L,MIC,Vitek,EUCAST,,susceptible,unknown,unknown,not_curated,measured_public,SAMN26369089,biosamples_00100.xml:SAMN26369089:4
SAMN26369084,NCBI_SOURCE_UNKNOWN,,,Klebsiella pneumoniae,Australia,2020,Homo sapiens,urine,piperacillin-tazobactam,4/4,<=,mg/L,MIC,Vitek,EUCAST,,susceptible,unknown,unknown,not_curated,measured_public,SAMN26369084,biosamples_00100.xml:SAMN26369084:1
SAMN26369084,NCBI_SOURCE_UNKNOWN,,,Klebsiella pneumoniae,Australia,2020,Homo sapiens,urine,ceftazidime,1,<=,mg/L,MIC,Vitek,EUCAST,,susceptible,unknown,unknown,not_curated,measured_public,SAMN26369084,biosamples_00100.xml:SAMN26369084:2
SAMN26369084,NCBI_SOURCE_UNKNOWN,,,Klebsiella pneumoniae,Australia,2020,Homo sapiens,urine,ceftriaxone,1,<=,mg/L,MIC,Vitek,EUCAST,,susceptible,unknown,unknown,not_curated,measured_public,SAMN26369084,biosamples_00100.xml:SAMN26369084:3
SAMN26369084,NCBI_SOURCE_UNKNOWN,,,Klebsiella pneumoniae,Australia,2020,Homo sapiens,urine,amoxicillin-clavulanic acid,2/2,<=,mg/L,MIC,Vitek,EUCAST,,susceptible,unknown,unknown,not_curated,measured_public,SAMN26369084,biosamples_00100.xml:SAMN26369084:4
SAMN26369082,NCBI_SOURCE_UNKNOWN,,,Klebsiella pneumoniae,Australia,2020,Homo sapiens,sputum,ceftazidime,1,<=,mg/L,MIC,Vitek,EUCAST,,susceptible,unknown,unknown,not_curated,measured_public,SAMN26369082,biosamples_00100.xml:SAMN26369082:1
SAMN26369082,NCBI_SOURCE_UNKNOWN,,,Klebsiella pneumoniae,Australia,2020,Homo sapiens,sputum,ceftriaxone,1,<=,mg/L,MIC,Vitek,EUCAST,,susceptible,unknown,unknown,not_curated,measured_public,SAMN26369082,biosamples_00100.xml:SAMN26369082:2
SAMN26369082,NCBI_SOURCE_UNKNOWN,,,Klebsiella pneumoniae,Australia,2020,Homo sapiens,sputum,piperacillin-tazobactam,16/4,==,mg/L,MIC,Vitek,EUCAST,,resistant,unknown,unknown,not_curated,measured_public,SAMN26369082,biosamples_00100.xml:SAMN26369082:3
SAMN26369082,NCBI_SOURCE_UNKNOWN,,,Klebsiella pneumoniae,Australia,2020,Homo sapiens,sputum,amoxicillin-clavulanic acid,8/2,==,mg/L,MIC,Vitek,EUCAST,,susceptible,unknown,unknown,not_curated,measured_public,SAMN26369082,biosamples_00100.xml:SAMN26369082:4
SAMN26369080,NCBI_SOURCE_UNKNOWN,,,Klebsiella pneumoniae,Australia,2020,Homo sapiens,urine,piperacillin-tazobactam,32/4,==,mg/L,MIC,Vitek,EUCAST,,resistant,unknown,unknown,not_curated,measured_public,SAMN26369080,biosamples_00100.xml:SAMN26369080:1
SAMN26369080,NCBI_SOURCE_UNKNOWN,,,Klebsiella pneumoniae,Australia,2020,Homo sapiens,urine,ceftazidime,1,<=,mg/L,MIC,Vitek,EUCAST,,susceptible,unknown,unknown,not_curated,measured_public,SAMN26369080,biosamples_00100.xml:SAMN26369080:2
SAMN26369080,NCBI_SOURCE_UNKNOWN,,,Klebsiella pneumoniae,Australia,2020,Homo sapiens,urine,ceftriaxone,1,<=,mg/L,MIC,Vitek,EUCAST,,susceptible,unknown,unknown,not_curated,measured_public,SAMN26369080,biosamples_00100.xml:SAMN26369080:3
SAMN26369080,NCBI_SOURCE_UNKNOWN,,,Klebsiella pneumoniae,Australia,2020,Homo sapiens,urine,amoxicillin-clavulanic acid,16/2,==,mg/L,MIC,Vitek,EUCAST,,resistant,unknown,unknown,not_curated,measured_public,SAMN26369080,biosamples_00100.xml:SAMN26369080:4
SAMN26369079,NCBI_SOURCE_UNKNOWN,,,Klebsiella pneumoniae,Australia,2020,Homo sapiens,Urine - Catheter,ceftazidime,1,<=,mg/L,MIC,Vitek,EUCAST,,susceptible,unknown,unknown,not_curated,measured_public,SAMN26369079,biosamples_00100.xml:SAMN26369079:1
SAMN26369079,NCBI_SOURCE_UNKNOWN,,,Klebsiella pneumoniae,Australia,2020,Homo sapiens,Urine - Catheter,ceftriaxone,1,<=,mg/L,MIC,Vitek,EUCAST,,susceptible,unknown,unknown,not_curated,measured_public,SAMN26369079,biosamples_00100.xml:SAMN26369079:2
SAMN26369079,NCBI_SOURCE_UNKNOWN,,,Klebsiella pneumoniae,Australia,2020,Homo sapiens,Urine - Catheter,amoxicillin-clavulanic acid,2/2,<=,mg/L,MIC,Vitek,EUCAST,,susceptible,unknown,unknown,not_curated,measured_public,SAMN26369079,biosamples_00100.xml:SAMN26369079:3
SAMN26369079,NCBI_SOURCE_UNKNOWN,,,Klebsiella pneumoniae,Australia,2020,Homo sapiens,Urine - Catheter,piperacillin-tazobactam,8/4,==,mg/L,MIC,Vitek,EUCAST,,susceptible,unknown,unknown,not_curated,measured_public,SAMN26369079,biosamples_00100.xml:SAMN26369079:4
