source_id,species,country,collection_date,patient_id,duplicate_group,host,ndm,oxa48,kpc,vim,imp,mechanism_evidence,region,hospital_id,lab_id,isolate_id,y,target_sir,label_standard,label_version,imipenem__log2_bound,imipenem__left_censored,imipenem__right_censored,imipenem__strict_bound,imipenem__missing,ertapenem__log2_bound,ertapenem__left_censored,ertapenem__right_censored,ertapenem__strict_bound,ertapenem__missing,doripenem__log2_bound,doripenem__left_censored,doripenem__right_censored,doripenem__strict_bound,doripenem__missing,cefepime__log2_bound,cefepime__left_censored,cefepime__right_censored,cefepime__strict_bound,cefepime__missing,ceftazidime__log2_bound,ceftazidime__left_censored,ceftazidime__right_censored,ceftazidime__strict_bound,ceftazidime__missing,cefotaxime__log2_bound,cefotaxime__left_censored,cefotaxime__right_censored,cefotaxime__strict_bound,cefotaxime__missing,ceftriaxone__log2_bound,ceftriaxone__left_censored,ceftriaxone__right_censored,ceftriaxone__strict_bound,ceftriaxone__missing,aztreonam__log2_bound,aztreonam__left_censored,aztreonam__right_censored,aztreonam__strict_bound,aztreonam__missing,amikacin__log2_bound,amikacin__left_censored,amikacin__right_censored,amikacin__strict_bound,amikacin__missing,gentamicin__log2_bound,gentamicin__left_censored,gentamicin__right_censored,gentamicin__strict_bound,gentamicin__missing,tobramycin__log2_bound,tobramycin__left_censored,tobramycin__right_censored,tobramycin__strict_bound,tobramycin__missing,ciprofloxacin__log2_bound,ciprofloxacin__left_censored,ciprofloxacin__right_censored,ciprofloxacin__strict_bound,ciprofloxacin__missing,levofloxacin__log2_bound,levofloxacin__left_censored,levofloxacin__right_censored,levofloxacin__strict_bound,levofloxacin__missing,colistin__log2_bound,colistin__left_censored,colistin__right_censored,colistin__strict_bound,colistin__missing,tigecycline__log2_bound,tigecycline__left_censored,tigecycline__right_censored,tigecycline__strict_bound,tigecycline__missing,observed_features,mechanism,group_id
PRJNA278886,Klebsiella pneumoniae,USA,2015,,,Homo sapiens,unknown,unknown,unknown,unknown,unknown,not_curated,,,,SAMN04096279,1,R,CLSI,,,0.0,0.0,0.0,1.0,2.0,0.0,0.0,0.0,0.0,,0.0,0.0,0.0,1.0,1.0,0.0,0.0,0.0,0.0,6.0,0.0,1.0,0.0,0.0,,0.0,0.0,0.0,1.0,4.0,0.0,0.0,0.0,0.0,,0.0,0.0,0.0,1.0,1.0,1.0,0.0,0.0,0.0,0.0,1.0,0.0,0.0,0.0,0.0,1.0,0.0,0.0,0.0,2.0,0.0,1.0,0.0,0.0,3.0,0.0,1.0,0.0,0.0,,0.0,0.0,0.0,1.0,,0.0,0.0,0.0,1.0,9,unknown,G0
PRJNA278886,Klebsiella pneumoniae,USA,2015,,,Homo sapiens,unknown,unknown,unknown,unknown,unknown,not_curated,,,,SAMN04122809,0,S,CLSI,,,0.0,0.0,0.0,1.0,2.0,0.0,0.0,0.0,0.0,,0.0,0.0,0.0,1.0,1.0,0.0,0.0,0.0,0.0,2.0,0.0,0.0,0.0,0.0,,0.0,0.0,0.0,1.0,4.0,0.0,0.0,0.0,0.0,,0.0,0.0,0.0,1.0,1.0,1.0,0.0,0.0,0.0,0.0,1.0,0.0,0.0,0.0,0.0,1.0,0.0,0.0,0.0,1.0,0.0,0.0,0.0,0.0,2.0,0.0,0.0,0.0,0.0,,0.0,0.0,0.0,1.0,,0.0,0.0,0.0,1.0,9,unknown,G1
PRJNA278886,Klebsiella pneumoniae,USA,2015,,,Homo sapiens,unknown,unknown,unknown,unknown,unknown,not_curated,,,,SAMN04339714,1,R,CLSI,,,0.0,0.0,0.0,1.0,2.0,0.0,0.0,0.0,0.0,,0.0,0.0,0.0,1.0,1.0,0.0,0.0,0.0,0.0,6.0,0.0,1.0,0.0,0.0,,0.0,0.0,0.0,1.0,6.0,0.0,1.0,0.0,0.0,,0.0,0.0,0.0,1.0,1.0,1.0,0.0,0.0,0.0,4.0,0.0,1.0,0.0,0.0,3.0,0.0,0.0,0.0,0.0,-2.0,1.0,0.0,0.0,0.0,0.0,0.0,0.0,0.0,0.0,,0.0,0.0,0.0,1.0,,0.0,0.0,0.0,1.0,9,unknown,G2
PRJNA278886,Klebsiella pneumoniae,USA,2015,,,Homo sapiens,unknown,unknown,unknown,unknown,unknown,not_curated,,,,SAMN04339715,0,S,CLSI,,,0.0,0.0,0.0,1.0,-1.0,1.0,0.0,0.0,0.0,,0.0,0.0,0.0,1.0,0.0,1.0,0.0,0.0,0.0,0.0,1.0,0.0,0.0,0.0,,0.0,0.0,0.0,1.0,0.0,1.0,0.0,0.0,0.0,,0.0,0.0,0.0,1.0,1.0,1.0,0.0,0.0,0.0,0.0,1.0,0.0,0.0,0.0,0.0,1.0,0.0,0.0,0.0,-2.0,1.0,0.0,0.0,0.0,0.0,0.0,0.0,0.0,0.0,,0.0,0.0,0.0,1.0,,0.0,0.0,0.0,1.0,9,unknown,G3
PRJNA296771,Klebsiella pneumoniae,USA,2010-06-14,,,Homo sapiens,unknown,unknown,unknown,unknown,unknown,not_curated,,,,SAMN04448219,1,R,CLSI,,2.0,0.0,0.0,0.0,0.0,2.0,0.0,1.0,1.0,0.0,2.0,0.0,0.0,0.0,0.0,5.0,0.0,1.0,1.0,0.0,5.0,0.0,1.0,1.0,0.0,6.0,0.0,1.0,1.0,0.0,5.0,0.0,1.0,1.0,0.0,6.0,0.0,1.0,1.0,0.0,2.0,0.0,0.0,0.0,0.0,3.0,0.0,0.0,0.0,0.0,3.0,0.0,0.0,0.0,0.0,3.0,0.0,1.0,1.0,0.0,3.0,0.0,1.0,1.0,0.0,-2.0,1.0,0.0,1.0,0.0,1.0,0.0,0.0,0.0,0.0,15,unknown,G4
PRJNA296771,Klebsiella pneumoniae,USA,2011-01-21,,,Homo sapiens,unknown,unknown,unknown,unknown,unknown,not_curated,,,,SAMN04448220,1,R,CLSI,,1.0,0.0,0.0,0.0,0.0,3.0,0.0,1.0,1.0,0.0,2.0,0.0,0.0,0.0,0.0,5.0,0.0,1.0,1.0,0.0,7.0,0.0,1.0,1.0,0.0,7.0,0.0,1.0,1.0,0.0,5.0,0.0,1.0,1.0,0.0,6.0,0.0,1.0,1.0,0.0,6.0,0.0,1.0,1.0,0.0,4.0,0.0,1.0,1.0,0.0,4.0,0.0,1.0,1.0,0.0,3.0,0.0,1.0,1.0,0.0,3.0,0.0,1.0,1.0,0.0,-1.0,1.0,0.0,1.0,0.0,1.0,0.0,0.0,0.0,0.0,15,unknown,G5
PRJNA296771,Klebsiella pneumoniae,USA,2011-02-28,,,Homo sapiens,unknown,unknown,unknown,unknown,unknown,not_curated,,,,SAMN04448221,1,R,CLSI,,1.0,0.0,0.0,0.0,0.0,3.0,0.0,1.0,1.0,0.0,2.0,0.0,0.0,0.0,0.0,5.0,0.0,1.0,1.0,0.0,7.0,0.0,1.0,1.0,0.0,7.0,0.0,1.0,1.0,0.0,5.0,0.0,1.0,1.0,0.0,6.0,0.0,1.0,1.0,0.0,6.0,0.0,1.0,1.0,0.0,4.0,0.0,1.0,1.0,0.0,4.0,0.0,1.0,1.0,0.0,3.0,0.0,1.0,1.0,0.0,3.0,0.0,0.0,0.0,0.0,0.0,0.0,0.0,0.0,0.0,0.0,0.0,0.0,0.0,0.0,15,unknown,G6
PRJNA296771,Klebsiella pneumoniae,USA,2011-08-18,,,Homo sapiens,unknown,unknown,unknown,unknown,unknown,not_curated,,,,SAMN04448225,1,R,CLSI,,2.0,0.0,0.0,0.0,0.0,3.0,0.0,1.0,1.0,0.0,3.0,0.0,1.0,1.0,0.0,5.0,0.0,1.0,1.0,0.0,7.0,0.0,1.0,1.0,0.0,7.0,0.0,1.0,1.0,0.0,5.0,0.0,1.0,1.0,0.0,6.0,0.0,1.0,1.0,0.0,5.0,0.0,0.0,0.0,0.0,4.0,0.0,1.0,1.0,0.0,4.0,0.0,1.0,1.0,0.0,3.0,0.0,1.0,1.0,0.0,3.0,0.0,1.0,1.0,0.0,0.0,0.0,0.0,0.0,0.0,2.0,0.0,0.0,0.0,0.0,15,unknown,G7
PRJNA296771,Klebsiella pneumoniae,USA,2012-07-25,,,Homo sapiens,unknown,unknown,unknown,unknown,unknown,not_curated,,,,SAMN04448226,1,R,CLSI,,2.0,0.0,0.0,0.0,0.0,3.0,0.0,1.0,1.0,0.0,3.0,0.0,0.0,0.0,0.0,5.0,0.0,1.0,1.0,0.0,7.0,0.0,1.0,1.0,0.0,6.0,0.0,1.0,1.0,0.0,5.0,0.0,1.0,1.0,0.0,6.0,0.0,1.0,1.0,0.0,4.0,0.0,0.0,0.0,0.0,4.0,0.0,1.0,1.0,0.0,4.0,0.0,1.0,1.0,0.0,3.0,0.0,1.0,1.0,0.0,3.0,0.0,1.0,1.0,0.0,-1.0,0.0,0.0,0.0,0.0,0.0,0.0,0.0,0.0,0.0,15,unknown,G8
PRJNA296771,Klebsiella pneumoniae,USA,2012-10-08,,,Homo sapiens,unknown,unknown,unknown,unknown,unknown,not_curated,,,,SAMN04448227,1,R,CLSI,,6.0,0.0,1.0,1.0,0.0,3.0,0.0,1.0,1.0,0.0,3.0,0.0,1.0,1.0,0.0,5.0,0.0,1.0,1.0,0.0,7.0,0.0,1.0,1.0,0.0,6.0,0.0,1.0,1.0,0.0,5.0,0.0,1.0,1.0,0.0,6.0,0.0,1.0,1.0,0.0,6.0,0.0,1.0,1.0,0.0,4.0,0.0,1.0,1.0,0.0,4.0,0.0,1.0,1.0,0.0,3.0,0.0,1.0,1.0,0.0,3.0,0.0,1.0,1.0,0.0,-1.0,0.0,0.0,0.0,0.0,1.0,0.0,0.0,0.0,0.0,15,unknown,G9
PRJNA296771,Klebsiella pneumoniae,USA,2012-10-28,,,Homo sapiens,unknown,unknown,unknown,unknown,unknown,not_curated,,,,SAMN04448228,1,R,CLSI,,6.0,0.0,0.0,0.0,0.0,3.0,0.0,1.0,1.0,0.0,3.0,0.0,1.0,1.0,0.0,5.0,0.0,1.0,1.0,0.0,7.0,0.0,1.0,1.0,0.0,6.0,0.0,1.0,1.0,0.0,5.0,0.0,1.0,1.0,0.0,6.0,0.0,1.0,1.0,0.0,6.0,0.0,1.0,1.0,0.0,4.0,0.0,1.0,1.0,0.0,4.0,0.0,1.0,1.0,0.0,3.0,0.0,1.0,1.0,0.0,3.0,0.0,1.0,1.0,0.0,0.0,0.0,0.0,0.0,0.0,1.0,0.0,0.0,0.0,0.0,15,unknown,G10
PRJNA296771,Klebsiella pneumoniae,USA,2013-03-14,,,Homo sapiens,unknown,unknown,unknown,unknown,unknown,not_curated,,,,SAMN04448229,1,R,CLSI,,6.0,0.0,0.0,0.0,0.0,3.0,0.0,1.0,1.0,0.0,3.0,0.0,1.0,1.0,0.0,5.0,0.0,1.0,1.0,0.0,7.0,0.0,1.0,1.0,0.0,6.0,0.0,1.0,1.0,0.0,5.0,0.0,1.0,1.0,0.0,6.0,0.0,1.0,1.0,0.0,6.0,0.0,1.0,1.0,0.0,4.0,0.0,1.0,1.0,0.0,4.0,0.0,1.0,1.0,0.0,3.0,0.0,1.0,1.0,0.0,3.0,0.0,1.0,1.0,0.0,-1.0,0.0,0.0,0.0,0.0,1.0,0.0,0.0,0.0,0.0,15,unknown,G11
PRJNA296771,Klebsiella pneumoniae,USA,2013-05-01,,,Homo sapiens,unknown,unknown,unknown,unknown,unknown,not_curated,,,,SAMN04448230,1,R,CLSI,,6.0,0.0,1.0,1.0,0.0,3.0,0.0,1.0,1.0,0.0,3.0,0.0,1.0,1.0,0.0,5.0,0.0,1.0,1.0,0.0,7.0,0.0,1.0,1.0,0.0,6.0,0.0,1.0,1.0,0.0,5.0,0.0,1.0,1.0,0.0,6.0,0.0,1.0,1.0,0.0,6.0,0.0,1.0,1.0,0.0,4.0,0.0,1.0,1.0,0.0,4.0,0.0,1.0,1.0,0.0,3.0,0.0,1.0,1.0,0.0,3.0,0.0,1.0,1.0,0.0,-1.0,0.0,0.0,0.0,0.0,1.0,0.0,0.0,0.0,0.0,15,unknown,G12
PRJNA296771,Klebsiella pneumoniae,USA,2013-04-29,,,Homo sapiens,unknown,unknown,unknown,unknown,unknown,not_curated,,,,SAMN04448231,1,R,CLSI,,2.0,0.0,0.0,0.0,0.0,3.0,0.0,1.0,1.0,0.0,3.0,0.0,0.0,0.0,0.0,5.0,0.0,1.0,1.0,0.0,7.0,0.0,0.0,0.0,0.0,6.0,0.0,1.0,1.0,0.0,5.0,0.0,1.0,1.0,0.0,6.0,0.0,1.0,1.0,0.0,6.0,0.0,1.0,1.0,0.0,4.0,0.0,1.0,1.0,0.0,4.0,0.0,1.0,1.0,0.0,3.0,0.0,1.0,1.0,0.0,3.0,0.0,1.0,1.0,0.0,-1.0,0.0,0.0,0.0,0.0,2.0,0.0,0.0,0.0,0.0,15,unknown,G13
PRJNA296771,Klebsiella pneumoniae,USA,2013-06-25,,,Homo sapiens,unknown,unknown,unknown,unknown,unknown,not_curated,,,,SAMN04448233,1,R,CLSI,,3.0,0.0,0.0,0.0,0.0,3.0,0.0,1.0,1.0,0.0,3.0,0.0,1.0,1.0,0.0,5.0,0.0,1.0,1.0,0.0,7.0,0.0,1.0,1.0,0.0,6.0,0.0,1.0,1.0,0.0,5.0,0.0,1.0,1.0,0.0,6.0,0.0,1.0,1.0,0.0,6.0,0.0,1.0,1.0,0.0,4.0,0.0,1.0,1.0,0.0,4.0,0.0,1.0,1.0,0.0,3.0,0.0,1.0,1.0,0.0,3.0,0.0,1.0,1.0,0.0,-1.0,0.0,0.0,0.0,0.0,2.0,0.0,0.0,0.0,0.0,15,unknown,G14
PRJNA296771,Klebsiella pneumoniae,USA,2013-07-01,,,Homo sapiens,unknown,unknown,unknown,unknown,unknown,not_curated,,,,SAMN04448234,1,R,CLSI,,3.0,0.0,0.0,0.0,0.0,3.0,0.0,1.0,1.0,0.0,3.0,0.0,1.0,1.0,0.0,5.0,0.0,1.0,1.0,0.0,7.0,0.0,1.0,1.0,0.0,6.0,0.0,1.0,1.0,0.0,5.0,0.0,1.0,1.0,0.0,6.0,0.0,1.0,1.0,0.0,6.0,0.0,1.0,1.0,0.0,4.0,0.0,1.0,1.0,0.0,4.0,0.0,1.0,1.0,0.0,3.0,0.0,1.0,1.0,0.0,3.0,0.0,1.0,1.0,0.0,-1.0,0.0,0.0,0.0,0.0,2.0,0.0,0.0,0.0,0.0,15,unknown,G15
PRJNA296771,Klebsiella pneumoniae,USA,2013-07-01,,,Homo sapiens,unknown,unknown,unknown,unknown,unknown,not_curated,,,,SAMN04448235,1,R,CLSI,,1.0,0.0,0.0,0.0,0.0,3.0,0.0,1.0,1.0,0.0,3.0,0.0,0.0,0.0,0.0,5.0,0.0,1.0,1.0,0.0,7.0,0.0,1.0,1.0,0.0,6.0,0.0,1.0,1.0,0.0,5.0,0.0,1.0,1.0,0.0,6.0,0.0,1.0,1.0,0.0,6.0,0.0,1.0,1.0,0.0,4.0,0.0,1.0,1.0,0.0,4.0,0.0,1.0,1.0,0.0,3.0,0.0,1.0,1.0,0.0,3.0,0.0,1.0,1.0,0.0,-1.0,0.0,0.0,0.0,0.0,2.0,0.0,0.0,0.0,0.0,15,unknown,G16
PRJNA296771,Klebsiella pneumoniae,USA,2013-09-22,,,Homo sapiens,unknown,unknown,unknown,unknown,unknown,not_curated,,,,SAMN04448236,1,R,CLSI,,6.0,0.0,0.0,0.0,0.0,3.0,0.0,1.0,1.0,0.0,3.0,0.0,1.0,1.0,0.0,5.0,0.0,1.0,1.0,0.0,7.0,0.0,1.0,1.0,0.0,6.0,0.0,1.0,1.0,0.0,5.0,0.0,1.0,1.0,0.0,6.0,0.0,1.0,1.0,0.0,6.0,0.0,1.0,1.0,0.0,4.0,0.0,1.0,1.0,0.0,4.0,0.0,1.0,1.0,0.0,3.0,0.0,1.0,1.0,0.0,3.0,0.0,1.0,1.0,0.0,-1.0,0.0,0.0,0.0,0.0,1.0,0.0,0.0,0.0,0.0,15,unknown,G17
PRJNA296771,Klebsiella pneumoniae,USA,2013-11-12,,,Homo sapiens,unknown,unknown,unknown,unknown,unknown,not_curated,,,,SAMN04448237,1,R,CLSI,,3.0,0.0,0.0,0.0,0.0,3.0,0.0,1.0,1.0,0.0,3.0,0.0,1.0,1.0,0.0,5.0,0.0,1.0,1.0,0.0,7.0,0.0,1.0,1.0,0.0,6.0,0.0,1.0,1.0,0.0,5.0,0.0,1.0,1.0,0.0,6.0,0.0,1.0,1.0,0.0,0.0,1.0,0.0,1.0,0.0,-2.0,1.0,0.0,1.0,0.0,-1.0,1.0,0.0,1.0,0.0,3.0,0.0,1.0,1.0,0.0,3.0,0.0,1.0,1.0,0.0,1.0,0.0,0.0,0.0,0.0,0.0,0.0,0.0,0.0,0.0,15,unknown,G18
PRJNA296771,Klebsiella pneumoniae,USA,2013-11-12,,,Homo sapiens,unknown,unknown,unknown,unknown,unknown,not_curated,,,,SAMN04448238,1,R,CLSI,,3.0,0.0,0.0,0.0,0.0,3.0,0.0,1.0,1.0,0.0,3.0,0.0,1.0,1.0,0.0,5.0,0.0,1.0,1.0,0.0,7.0,0.0,1.0,1.0,0.0,6.0,0.0,1.0,1.0,0.0,5.0,0.0,1.0,1.0,0.0,6.0,0.0,1.0,1.0,0.0,0.0,1.0,0.0,1.0,0.0,-2.0,1.0,0.0,1.0,0.0,-1.0,1.0,0.0,1.0,0.0,3.0,0.0,1.0,1.0,0.0,3.0,0.0,1.0,1.0,0.0,1.0,0.0,0.0,0.0,0.0,0.0,0.0,0.0,0.0,0.0,15,unknown,G19
PRJNA296771,Klebsiella pneumoniae,USA,2013-11-05,,,Homo sapiens,unknown,unknown,unknown,unknown,unknown,not_curated,,,,SAMN04448239,0,S,CLSI,,1.0,0.0,0.0,0.0,0.0,1.0,0.0,0.0,0.0,0.0,-1.0,0.0,0.0,0.0,0.0,5.0,0.0,1.0,1.0,0.0,6.0,0.0,0.0,0.0,0.0,6.0,0.0,1.0,1.0,0.0,5.0,0.0,1.0,1.0,0.0,6.0,0.0,0.0,0.0,0.0,6.0,0.0,1.0,1.0,0.0,4.0,0.0,0.0,0.0,0.0,4.0,0.0,0.0,0.0,0.0,3.0,0.0,1.0,1.0,0.0,3.0,0.0,0.0,0.0,0.0,-1.0,0.0,0.0,0.0,0.0,0.0,0.0,0.0,0.0,0.0,15,unknown,G20
PRJNA296771,Klebsiella pneumoniae,USA,2014-03-01,,,Homo sapiens,unknown,unknown,unknown,unknown,unknown,not_curated,,,,SAMN04448240,1,R,CLSI,,5.0,0.0,0.0,0.0,0.0,3.0,0.0,1.0,1.0,0.0,3.0,0.0,1.0,1.0,0.0,5.0,0.0,1.0,1.0,0.0,7.0,0.0,1.0,1.0,0.0,6.0,0.0,1.0,1.0,0.0,5.0,0.0,1.0,1.0,0.0,6.0,0.0,1.0,1.0,0.0,6.0,0.0,1.0,1.0,0.0,4.0,0.0,1.0,1.0,0.0,4.0,0.0,1.0,1.0,0.0,3.0,0.0,1.0,1.0,0.0,3.0,0.0,1.0,1.0,0.0,-1.0,0.0,0.0,0.0,0.0,2.0,0.0,0.0,0.0,0.0,15,unknown,G21
PRJNA296771,Klebsiella pneumoniae,USA,2014-03-08,,,Homo sapiens,unknown,unknown,unknown,unknown,unknown,not_curated,,,,SAMN04448241,1,R,CLSI,,2.0,0.0,0.0,0.0,0.0,3.0,0.0,1.0,1.0,0.0,2.0,0.0,0.0,0.0,0.0,5.0,0.0,1.0,1.0,0.0,7.0,0.0,0.0,0.0,0.0,6.0,0.0,1.0,1.0,0.0,5.0,0.0,1.0,1.0,0.0,6.0,0.0,1.0,1.0,0.0,6.0,0.0,0.0,0.0,0.0,-2.0,1.0,0.0,1.0,0.0,-1.0,1.0,0.0,1.0,0.0,3.0,0.0,1.0,1.0,0.0,3.0,0.0,1.0,1.0,0.0,-1.0,0.0,0.0,0.0,0.0,2.0,0.0,0.0,0.0,0.0,15,unknown,G22
PRJNA296771,Klebsiella pneumoniae,USA,missing,,,Homo sapiens,unknown,unknown,unknown,unknown,unknown,not_curated,,,,SAMN04448243,1,R,CLSI,,2.0,0.0,0.0,0.0,0.0,3.0,0.0,1.0,1.0,0.0,3.0,0.0,0.0,0.0,0.0,1.0,0.0,0.0,0.0,0.0,0.0,1.0,0.0,1.0,0.0,3.0,0.0,0.0,0.0,0.0,1.0,0.0,0.0,0.0,0.0,1.0,1.0,0.0,1.0,0.0,0.0,1.0,0.0,1.0,0.0,-1.0,0.0,0.0,0.0,0.0,-1.0,1.0,0.0,1.0,0.0,-2.0,1.0,0.0,1.0,0.0,-3.0,1.0,0.0,1.0,0.0,0.0,0.0,0.0,0.0,0.0,-1.0,1.0,0.0,1.0,0.0,15,unknown,G23
PRJNA296771,Klebsiella pneumoniae,USA,2013-04-30,,,Homo sapiens,unknown,unknown,unknown,unknown,unknown,not_curated,,,,SAMN04448244,1,R,CLSI,,2.0,0.0,0.0,0.0,0.0,3.0,0.0,1.0,1.0,0.0,3.0,0.0,0.0,0.0,0.0,5.0,0.0,1.0,1.0,0.0,7.0,0.0,1.0,1.0,0.0,6.0,0.0,1.0,1.0,0.0,5.0,0.0,1.0,1.0,0.0,6.0,0.0,1.0,1.0,0.0,6.0,0.0,1.0,1.0,0.0,4.0,0.0,1.0,1.0,0.0,4.0,0.0,1.0,1.0,0.0,3.0,0.0,1.0,1.0,0.0,3.0,0.0,1.0,1.0,0.0,-1.0,0.0,0.0,0.0,0.0,0.0,0.0,0.0,0.0,0.0,15,unknown,G24
PRJNA296771,Klebsiella pneumoniae,USA,2013-09-07,,,Homo sapiens,unknown,unknown,unknown,unknown,unknown,not_curated,,,,SAMN04448246,1,R,CLSI,,0.0,0.0,0.0,0.0,0.0,3.0,0.0,1.0,1.0,0.0,2.0,0.0,0.0,0.0,0.0,5.0,0.0,1.0,1.0,0.0,7.0,0.0,1.0,1.0,0.0,6.0,0.0,1.0,1.0,0.0,5.0,0.0,1.0,1.0,0.0,6.0,0.0,1.0,1.0,0.0,0.0,1.0,0.0,1.0,0.0,4.0,0.0,1.0,1.0,0.0,4.0,0.0,0.0,0.0,0.0,3.0,0.0,1.0,1.0,0.0,3.0,0.0,1.0,1.0,0.0,-1.0,0.0,0.0,0.0,0.0,2.0,0.0,0.0,0.0,0.0,15,unknown,G25
PRJNA296771,Klebsiella pneumoniae,USA,2014-08-03,,,Homo sapiens,unknown,unknown,unknown,unknown,unknown,not_curated,,,,SAMN04448247,1,R,CLSI,,2.0,0.0,0.0,0.0,0.0,3.0,0.0,1.0,1.0,0.0,3.0,0.0,1.0,1.0,0.0,5.0,0.0,1.0,1.0,0.0,7.0,0.0,1.0,1.0,0.0,6.0,0.0,1.0,1.0,0.0,5.0,0.0,1.0,1.0,0.0,6.0,0.0,1.0,1.0,0.0,3.0,0.0,0.0,0.0,0.0,4.0,0.0,1.0,1.0,0.0,4.0,0.0,1.0,1.0,0.0,3.0,0.0,1.0,1.0,0.0,3.0,0.0,1.0,1.0,0.0,0.0,0.0,0.0,0.0,0.0,0.0,0.0,0.0,0.0,0.0,15,unknown,G26
PRJNA296771,Klebsiella pneumoniae,USA,2014-08-03,,,Homo sapiens,unknown,unknown,unknown,unknown,unknown,not_curated,,,,SAMN04448248,1,R,CLSI,,5.0,0.0,0.0,0.0,0.0,3.0,0.0,1.0,1.0,0.0,3.0,0.0,1.0,1.0,0.0,5.0,0.0,1.0,1.0,0.0,7.0,0.0,1.0,1.0,0.0,6.0,0.0,1.0,1.0,0.0,5.0,0.0,1.0,1.0,0.0,6.0,0.0,1.0,1.0,0.0,3.0,0.0,0.0,0.0,0.0,4.0,0.0,1.0,1.0,0.0,4.0,0.0,1.0,1.0,0.0,3.0,0.0,1.0,1.0,0.0,3.0,0.0,1.0,1.0,0.0,-1.0,0.0,0.0,0.0,0.0,-1.0,1.0,0.0,1.0,0.0,15,unknown,G27
PRJNA296771,Klebsiella pneumoniae,USA,2014-09-12,,,Homo sapiens,unknown,unknown,unknown,unknown,unknown,not_curated,,,,SAMN04448249,1,R,CLSI,,3.0,0.0,0.0,0.0,0.0,3.0,0.0,1.0,1.0,0.0,3.0,0.0,1.0,1.0,0.0,5.0,0.0,1.0,1.0,0.0,7.0,0.0,1.0,1.0,0.0,6.0,0.0,1.0,1.0,0.0,5.0,0.0,1.0,1.0,0.0,6.0,0.0,1.0,1.0,0.0,3.0,0.0,0.0,0.0,0.0,4.0,0.0,1.0,1.0,0.0,4.0,0.0,0.0,0.0,0.0,3.0,0.0,1.0,1.0,0.0,3.0,0.0,1.0,1.0,0.0,-1.0,0.0,0.0,0.0,0.0,0.0,0.0,0.0,0.0,0.0,15,unknown,G28
PRJNA278886,Klebsiella pneumoniae,USA,2015,,,Homo sapiens,unknown,unknown,unknown,unknown,unknown,not_curated,,,,SAMN04456590,0,S,CLSI,,,0.0,0.0,0.0,1.0,-1.0,1.0,0.0,0.0,0.0,,0.0,0.0,0.0,1.0,0.0,1.0,0.0,0.0,0.0,0.0,1.0,0.0,0.0,0.0,,0.0,0.0,0.0,1.0,0.0,1.0,0.0,0.0,0.0,,0.0,0.0,0.0,1.0,1.0,1.0,0.0,0.0,0.0,0.0,1.0,0.0,0.0,0.0,0.0,1.0,0.0,0.0,0.0,-2.0,1.0,0.0,0.0,0.0,-3.0588936890535687,1.0,0.0,0.0,0.0,,0.0,0.0,0.0,1.0,,0.0,0.0,0.0,1.0,9,unknown,G29
PRJNA312972,Klebsiella pneumoniae,Afghanistan,2012-12-20,,,Homo sapiens,unknown,unknown,unknown,unknown,unknown,not_curated,,,,SAMN04514120,1,R,CLSI,,4.0,0.0,1.0,0.0,0.0,2.0,0.0,1.0,1.0,0.0,,0.0,0.0,0.0,1.0,,0.0,0.0,0.0,1.0,4.0,0.0,1.0,1.0,0.0,5.0,0.0,1.0,1.0,0.0,5.0,0.0,1.0,1.0,0.0,4.0,0.0,1.0,1.0,0.0,5.0,0.0,1.0,1.0,0.0,3.0,0.0,1.0,1.0,0.0,3.0,0.0,1.0,1.0,0.0,1.0,0.0,1.0,1.0,0.0,2.0,0.0,1.0,1.0,0.0,,0.0,0.0,0.0,1.0,3.0,0.0,1.0,0.0,0.0,12,unknown,G30
PRJNA312972,Klebsiella pneumoniae,Honduras,2012-12-20,,,Homo sapiens,unknown,unknown,unknown,unknown,unknown,not_curated,,,,SAMN04514121,1,R,CLSI,,4.0,0.0,1.0,0.0,0.0,2.0,0.0,1.0,1.0,0.0,,0.0,0.0,0.0,1.0,,0.0,0.0,0.0,1.0,4.0,0.0,1.0,1.0,0.0,5.0,0.0,1.0,1.0,0.0,5.0,0.0,1.0,1.0,0.0,4.0,0.0,1.0,1.0,0.0,5.0,0.0,0.0,0.0,0.0,3.0,0.0,1.0,1.0,0.0,3.0,0.0,1.0,1.0,0.0,1.0,0.0,1.0,1.0,0.0,2.0,0.0,1.0,1.0,0.0,,0.0,0.0,0.0,1.0,1.0,0.0,0.0,0.0,0.0,12,unknown,G31
PRJNA312972,Klebsiella pneumoniae,Honduras,2013-08-13,,,Homo sapiens,unknown,unknown,unknown,unknown,unknown,not_curated,,,,SAMN04514122,1,R,CLSI,,4.0,0.0,1.0,0.0,0.0,2.0,0.0,1.0,1.0,0.0,,0.0,0.0,0.0,1.0,,0.0,0.0,0.0,1.0,4.0,0.0,1.0,1.0,0.0,5.0,0.0,1.0,1.0,0.0,5.0,0.0,1.0,1.0,0.0,4.0,0.0,1.0,1.0,0.0,5.0,0.0,1.0,1.0,0.0,3.0,0.0,1.0,1.0,0.0,3.0,0.0,1.0,1.0,0.0,1.0,0.0,1.0,1.0,0.0,2.0,0.0,1.0,1.0,0.0,,0.0,0.0,0.0,1.0,2.0,0.0,0.0,0.0,0.0,12,unknown,G32
PRJNA312972,Klebsiella pneumoniae,USA,2014-01-02,,,Homo sapiens,unknown,unknown,unknown,unknown,unknown,not_curated,,,,SAMN04514123,1,R,CLSI,,4.0,0.0,1.0,0.0,0.0,2.0,0.0,1.0,1.0,0.0,,0.0,0.0,0.0,1.0,,0.0,0.0,0.0,1.0,4.0,0.0,1.0,1.0,0.0,5.0,0.0,1.0,1.0,0.0,5.0,0.0,1.0,1.0,0.0,4.0,0.0,1.0,1.0,0.0,4.0,0.0,0.0,0.0,0.0,1.0,0.0,0.0,0.0,0.0,3.0,0.0,1.0,1.0,0.0,1.0,0.0,1.0,1.0,0.0,2.0,0.0,1.0,1.0,0.0,,0.0,0.0,0.0,1.0,2.0,0.0,0.0,0.0,0.0,12,unknown,G33
PRJNA312972,Klebsiella pneumoniae,Germany,2013-12-25,,,Homo sapiens,unknown,unknown,unknown,unknown,unknown,not_curated,,,,SAMN04514124,1,R,CLSI,,4.0,0.0,1.0,0.0,0.0,2.0,0.0,1.0,1.0,0.0,,0.0,0.0,0.0,1.0,,0.0,0.0,0.0,1.0,4.0,0.0,1.0,1.0,0.0,5.0,0.0,1.0,1.0,0.0,5.0,0.0,1.0,1.0,0.0,4.0,0.0,1.0,1.0,0.0,4.0,0.0,0.0,0.0,0.0,1.0,0.0,0.0,0.0,0.0,3.0,0.0,1.0,1.0,0.0,1.0,0.0,1.0,1.0,0.0,2.0,0.0,1.0,1.0,0.0,,0.0,0.0,0.0,1.0,2.0,0.0,0.0,0.0,0.0,12,unknown,G34
PRJNA288601,Klebsiella pneumoniae,USA,2011-12-20,,,Homo sapiens,unknown,unknown,unknown,unknown,unknown,not_curated,,,,SAMN05170055,1,R,CLSI,,3.0,0.0,1.0,1.0,0.0,3.0,0.0,1.0,1.0,0.0,2.0,0.0,1.0,0.0,0.0,5.0,0.0,1.0,1.0,0.0,7.0,0.0,1.0,1.0,0.0,7.0,0.0,1.0,1.0,0.0,5.0,0.0,1.0,1.0,0.0,6.0,0.0,1.0,1.0,0.0,0.0,1.0,0.0,1.0,0.0,-2.0,1.0,0.0,1.0,0.0,-2.0,1.0,0.0,1.0,0.0,-2.0,1.0,0.0,1.0,0.0,-2.0,1.0,0.0,1.0,0.0,-1.0,0.0,0.0,0.0,0.0,-1.0,1.0,0.0,1.0,0.0,15,unknown,G35
PRJNA288601,Klebsiella pneumoniae,USA,2012-02-01,,,Homo sapiens,unknown,unknown,unknown,unknown,unknown,not_curated,,,,SAMN05170057,1,R,CLSI,,6.0,0.0,1.0,1.0,0.0,3.0,0.0,1.0,1.0,0.0,3.0,0.0,1.0,1.0,0.0,5.0,0.0,1.0,1.0,0.0,7.0,0.0,1.0,1.0,0.0,7.0,0.0,1.0,1.0,0.0,5.0,0.0,1.0,1.0,0.0,6.0,0.0,1.0,1.0,0.0,5.0,0.0,0.0,0.0,0.0,1.0,1.0,0.0,1.0,0.0,4.0,0.0,1.0,0.0,0.0,3.0,0.0,1.0,1.0,0.0,3.0,0.0,1.0,1.0,0.0,-1.0,0.0,0.0,0.0,0.0,0.0,1.0,0.0,1.0,0.0,15,unknown,G36
PRJNA288601,Klebsiella pneumoniae,USA,2012-02-01,,,Homo sapiens,unknown,unknown,unknown,unknown,unknown,not_curated,,,,SAMN05170058,1,R,CLSI,,5.0,0.0,1.0,1.0,0.0,3.0,0.0,1.0,1.0,0.0,3.0,0.0,1.0,1.0,0.0,5.0,0.0,1.0,1.0,0.0,7.0,0.0,1.0,1.0,0.0,7.0,0.0,1.0,1.0,0.0,5.0,0.0,1.0,1.0,0.0,6.0,0.0,1.0,1.0,0.0,4.0,1.0,0.0,0.0,0.0,4.0,0.0,1.0,0.0,0.0,4.0,0.0,1.0,1.0,0.0,3.0,0.0,1.0,1.0,0.0,3.0,0.0,1.0,1.0,0.0,0.0,0.0,0.0,0.0,0.0,1.0,1.0,0.0,0.0,0.0,15,unknown,G37
PRJNA288601,Klebsiella pneumoniae,USA,2012-02-14,,,Homo sapiens,unknown,unknown,unknown,unknown,unknown,not_curated,,,,SAMN05170061,1,R,CLSI,,3.0,0.0,1.0,1.0,0.0,3.0,0.0,1.0,1.0,0.0,2.0,0.0,1.0,0.0,0.0,5.0,0.0,1.0,1.0,0.0,7.0,0.0,1.0,1.0,0.0,6.0,0.0,1.0,1.0,0.0,5.0,0.0,1.0,1.0,0.0,6.0,0.0,1.0,1.0,0.0,4.0,1.0,0.0,0.0,0.0,4.0,0.0,1.0,1.0,0.0,4.0,0.0,1.0,1.0,0.0,3.0,0.0,1.0,1.0,0.0,3.0,0.0,1.0,1.0,0.0,0.0,0.0,0.0,0.0,0.0,0.0,1.0,0.0,1.0,0.0,15,unknown,G38
PRJNA288601,Klebsiella pneumoniae,USA,2012-02-14,,,Homo sapiens,unknown,unknown,unknown,unknown,unknown,not_curated,,,,SAMN05170062,1,R,CLSI,,6.0,0.0,1.0,1.0,0.0,3.0,0.0,1.0,1.0,0.0,3.0,0.0,1.0,1.0,0.0,5.0,0.0,1.0,1.0,0.0,7.0,0.0,1.0,1.0,0.0,6.0,0.0,1.0,1.0,0.0,5.0,0.0,1.0,1.0,0.0,6.0,0.0,1.0,1.0,0.0,0.0,1.0,0.0,1.0,0.0,2.0,1.0,0.0,0.0,0.0,2.0,1.0,0.0,0.0,0.0,3.0,0.0,1.0,1.0,0.0,3.0,0.0,1.0,1.0,0.0,0.0,0.0,0.0,0.0,0.0,1.0,1.0,0.0,0.0,0.0,15,unknown,G39
PRJNA288601,Klebsiella pneumoniae,USA,2012-05-02,,,Homo sapiens,unknown,unknown,unknown,unknown,unknown,not_curated,,,,SAMN05170064,0,S,CLSI,,-1.0,1.0,0.0,1.0,0.0,-3.0588936890535687,1.0,0.0,1.0,0.0,-3.0588936890535687,1.0,0.0,1.0,0.0,-1.0,1.0,0.0,1.0,0.0,6.0,0.0,1.0,1.0,0.0,2.0,0.0,1.0,0.0,0.0,2.0,0.0,1.0,0.0,0.0,6.0,0.0,1.0,1.0,0.0,0.0,1.0,0.0,1.0,0.0,2.0,1.0,0.0,0.0,0.0,3.0,0.0,0.0,0.0,0.0,3.0,0.0,1.0,1.0,0.0,3.0,0.0,1.0,1.0,0.0,0.0,0.0,0.0,0.0,0.0,0.0,1.0,0.0,1.0,0.0,15,unknown,G40
PRJNA288601,Klebsiella pneumoniae,USA,2012-11-07,,,Homo sapiens,unknown,unknown,unknown,unknown,unknown,not_curated,,,,SAMN05170075,1,R,CLSI,,4.0,0.0,1.0,1.0,0.0,3.0,0.0,1.0,1.0,0.0,3.0,0.0,1.0,1.0,0.0,5.0,0.0,1.0,1.0,0.0,7.0,0.0,1.0,1.0,0.0,6.0,0.0,1.0,1.0,0.0,5.0,0.0,1.0,1.0,0.0,6.0,0.0,1.0,1.0,0.0,5.0,0.0,0.0,0.0,0.0,0.0,1.0,0.0,1.0,0.0,4.0,0.0,1.0,1.0,0.0,3.0,0.0,1.0,1.0,0.0,3.0,0.0,1.0,1.0,0.0,-1.0,0.0,0.0,0.0,0.0,1.0,1.0,0.0,0.0,0.0,15,unknown,G41
PRJNA288601,Klebsiella pneumoniae,USA,2012-11-07,,,Homo sapiens,unknown,unknown,unknown,unknown,unknown,not_curated,,,,SAMN05170076,1,R,CLSI,,6.0,0.0,1.0,1.0,0.0,3.0,0.0,1.0,1.0,0.0,3.0,0.0,1.0,1.0,0.0,5.0,0.0,1.0,1.0,0.0,7.0,0.0,1.0,1.0,0.0,6.0,0.0,1.0,1.0,0.0,5.0,0.0,1.0,1.0,0.0,6.0,0.0,1.0,1.0,0.0,1.0,1.0,0.0,1.0,0.0,4.0,0.0,1.0,1.0,0.0,4.0,0.0,1.0,1.0,0.0,3.0,0.0,1.0,1.0,0.0,3.0,0.0,1.0,1.0,0.0,-1.0,0.0,0.0,0.0,0.0,1.0,1.0,0.0,0.0,0.0,15,unknown,G42
PRJNA288601,Klebsiella pneumoniae,USA,2012-11-15,,,Homo sapiens,unknown,unknown,unknown,unknown,unknown,not_curated,,,,SAMN05170077,1,R,CLSI,,5.0,0.0,1.0,1.0,0.0,3.0,0.0,1.0,1.0,0.0,3.0,0.0,1.0,1.0,0.0,5.0,0.0,1.0,1.0,0.0,7.0,0.0,1.0,1.0,0.0,6.0,0.0,1.0,1.0,0.0,5.0,0.0,1.0,1.0,0.0,6.0,0.0,1.0,1.0,0.0,4.0,1.0,0.0,0.0,0.0,0.0,1.0,0.0,1.0,0.0,4.0,0.0,1.0,1.0,0.0,3.0,0.0,1.0,1.0,0.0,3.0,0.0,1.0,1.0,0.0,2.0,0.0,0.0,0.0,0.0,0.0,1.0,0.0,1.0,0.0,15,unknown,G43
PRJNA288601,Klebsiella pneumoniae,USA,2013-02-06,,,Homo sapiens,unknown,unknown,unknown,unknown,unknown,not_curated,,,,SAMN05170082,1,R,CLSI,,4.0,0.0,1.0,1.0,0.0,3.0,0.0,1.0,1.0,0.0,3.0,0.0,1.0,1.0,0.0,5.0,0.0,1.0,1.0,0.0,7.0,0.0,1.0,1.0,0.0,6.0,0.0,1.0,1.0,0.0,5.0,0.0,1.0,1.0,0.0,6.0,0.0,1.0,1.0,0.0,5.0,0.0,0.0,0.0,0.0,0.0,1.0,0.0,1.0,0.0,4.0,0.0,1.0,1.0,0.0,3.0,0.0,1.0,1.0,0.0,3.0,0.0,1.0,1.0,0.0,-2.0,0.0,0.0,0.0,0.0,0.0,1.0,0.0,1.0,0.0,15,unknown,G44
PRJNA288601,Klebsiella pneumoniae,USA,2013-02-06,,,Homo sapiens,unknown,unknown,unknown,unknown,unknown,not_curated,,,,SAMN05170084,1,R,CLSI,,4.0,0.0,1.0,1.0,0.0,3.0,0.0,1.0,1.0,0.0,3.0,0.0,1.0,1.0,0.0,5.0,0.0,1.0,1.0,0.0,7.0,0.0,1.0,1.0,0.0,6.0,0.0,1.0,1.0,0.0,5.0,0.0,1.0,1.0,0.0,6.0,0.0,1.0,1.0,0.0,4.0,1.0,0.0,0.0,0.0,0.0,1.0,0.0,1.0,0.0,4.0,0.0,1.0,0.0,0.0,3.0,0.0,1.0,1.0,0.0,3.0,0.0,1.0,1.0,0.0,-1.0,0.0,0.0,0.0,0.0,0.0,1.0,0.0,1.0,0.0,15,unknown,G45
PRJNA288601,Klebsiella pneumoniae,USA,2013-02-13,,,Homo sapiens,unknown,unknown,unknown,unknown,unknown,not_curated,,,,SAMN05170088,0,S,CLSI,,1.0,0.0,0.0,0.0,0.0,0.0,0.0,0.0,0.0,0.0,-3.0588936890535687,1.0,0.0,1.0,0.0,5.0,0.0,1.0,1.0,0.0,6.0,0.0,1.0,1.0,0.0,6.0,0.0,1.0,1.0,0.0,5.0,0.0,1.0,1.0,0.0,6.0,0.0,1.0,1.0,0.0,1.0,1.0,0.0,1.0,0.0,-1.0,1.0,0.0,1.0,0.0,3.0,0.0,0.0,0.0,0.0,3.0,0.0,1.0,1.0,0.0,3.0,0.0,1.0,1.0,0.0,-1.0,0.0,0.0,0.0,0.0,0.0,1.0,0.0,1.0,0.0,15,unknown,G46
PRJNA288601,Klebsiella pneumoniae,USA,2013-02-19,,,Homo sapiens,unknown,unknown,unknown,unknown,unknown,not_curated,,,,SAMN05170095,1,R,CLSI,,3.0,0.0,1.0,1.0,0.0,3.0,0.0,1.0,1.0,0.0,2.0,0.0,1.0,0.0,0.0,4.0,0.0,1.0,0.0,0.0,7.0,0.0,1.0,1.0,0.0,5.0,0.0,1.0,1.0,0.0,5.0,0.0,1.0,1.0,0.0,6.0,0.0,1.0,1.0,0.0,3.0,1.0,0.0,1.0,0.0,4.0,0.0,1.0,1.0,0.0,4.0,0.0,1.0,1.0,0.0,3.0,0.0,1.0,1.0,0.0,3.0,0.0,1.0,1.0,0.0,2.0,0.0,0.0,0.0,0.0,2.0,0.0,0.0,0.0,0.0,15,unknown,G47
PRJNA288601,Klebsiella pneumoniae,USA,2013-02-19,,,Homo sapiens,unknown,unknown,unknown,unknown,unknown,not_curated,,,,SAMN05170098,1,R,CLSI,,6.0,0.0,1.0,1.0,0.0,3.0,0.0,1.0,1.0,0.0,3.0,0.0,1.0,1.0,0.0,5.0,0.0,1.0,1.0,0.0,7.0,0.0,1.0,1.0,0.0,6.0,0.0,1.0,1.0,0.0,5.0,0.0,1.0,1.0,0.0,6.0,0.0,1.0,1.0,0.0,2.0,1.0,0.0,1.0,0.0,3.0,0.0,0.0,0.0,0.0,4.0,0.0,1.0,0.0,0.0,3.0,0.0,1.0,1.0,0.0,3.0,0.0,1.0,1.0,0.0,0.0,0.0,0.0,0.0,0.0,1.0,1.0,0.0,0.0,0.0,15,unknown,G48
PRJNA288601,Klebsiella pneumoniae,USA,2013-05-01,,,Homo sapiens,unknown,unknown,unknown,unknown,unknown,not_curated,,,,SAMN05170101,1,R,CLSI,,4.0,0.0,1.0,1.0,0.0,3.0,0.0,1.0,1.0,0.0,3.0,0.0,1.0,1.0,0.0,5.0,0.0,1.0,1.0,0.0,7.0,0.0,1.0,1.0,0.0,6.0,0.0,1.0,1.0,0.0,5.0,0.0,1.0,1.0,0.0,6.0,0.0,1.0,1.0,0.0,5.0,0.0,0.0,0.0,0.0,0.0,1.0,0.0,1.0,0.0,4.0,0.0,1.0,1.0,0.0,3.0,0.0,1.0,1.0,0.0,3.0,0.0,1.0,1.0,0.0,-1.0,0.0,0.0,0.0,0.0,1.0,1.0,0.0,0.0,0.0,15,unknown,G49
PRJNA288601,Klebsiella pneumoniae,USA,2013-05-01,,,Homo sapiens,unknown,unknown,unknown,unknown,unknown,not_curated,,,,SAMN05170102,1,R,CLSI,,6.0,0.0,1.0,1.0,0.0,3.0,0.0,1.0,1.0,0.0,3.0,0.0,1.0,1.0,0.0,5.0,0.0,1.0,1.0,0.0,7.0,0.0,1.0,1.0,0.0,6.0,0.0,1.0,1.0,0.0,5.0,0.0,1.0,1.0,0.0,6.0,0.0,1.0,1.0,0.0,0.0,1.0,0.0,1.0,0.0,-2.0,1.0,0.0,1.0,0.0,-1.0,1.0,0.0,1.0,0.0,3.0,0.0,1.0,1.0,0.0,3.0,0.0,1.0,1.0,0.0,0.0,0.0,0.0,0.0,0.0,0.0,1.0,0.0,1.0,0.0,15,unknown,G50
PRJNA288601,Klebsiella pneumoniae,USA,2013-05-01,,,Homo sapiens,unknown,unknown,unknown,unknown,unknown,not_curated,,,,SAMN05170103,1,R,CLSI,,6.0,0.0,1.0,1.0,0.0,3.0,0.0,1.0,1.0,0.0,3.0,0.0,1.0,1.0,0.0,5.0,0.0,1.0,1.0,0.0,7.0,0.0,1.0,1.0,0.0,6.0,0.0,1.0,1.0,0.0,5.0,0.0,1.0,1.0,0.0,6.0,0.0,1.0,1.0,0.0,5.0,0.0,0.0,0.0,0.0,1.0,1.0,0.0,1.0,0.0,4.0,0.0,1.0,0.0,0.0,3.0,0.0,1.0,1.0,0.0,3.0,0.0,1.0,1.0,0.0,-1.0,0.0,0.0,0.0,0.0,1.0,1.0,0.0,0.0,0.0,15,unknown,G51
PRJNA288601,Klebsiella pneumoniae,USA,2013-05-01,,,Homo sapiens,unknown,unknown,unknown,unknown,unknown,not_curated,,,,SAMN05170104,1,R,CLSI,,6.0,0.0,1.0,1.0,0.0,3.0,0.0,1.0,1.0,0.0,3.0,0.0,1.0,1.0,0.0,5.0,0.0,1.0,1.0,0.0,7.0,0.0,1.0,1.0,0.0,6.0,0.0,1.0,1.0,0.0,5.0,0.0,1.0,1.0,0.0,6.0,0.0,1.0,1.0,0.0,5.0,0.0,0.0,0.0,0.0,1.0,1.0,0.0,1.0,0.0,4.0,0.0,1.0,0.0,0.0,3.0,0.0,1.0,1.0,0.0,3.0,0.0,1.0,1.0,0.0,-1.0,0.0,0.0,0.0,0.0,1.0,1.0,0.0,0.0,0.0,15,unknown,G52
PRJNA288601,Klebsiella pneumoniae,USA,2013-05-01,,,Homo sapiens,unknown,unknown,unknown,unknown,unknown,not_curated,,,,SAMN05170105,1,R,CLSI,,6.0,0.0,1.0,1.0,0.0,3.0,0.0,1.0,1.0,0.0,3.0,0.0,1.0,1.0,0.0,5.0,0.0,1.0,1.0,0.0,7.0,0.0,1.0,1.0,0.0,6.0,0.0,1.0,1.0,0.0,5.0,0.0,1.0,1.0,0.0,6.0,0.0,1.0,1.0,0.0,0.0,1.0,0.0,1.0,0.0,-2.0,1.0,0.0,1.0,0.0,-1.0,1.0,0.0,1.0,0.0,3.0,0.0,1.0,1.0,0.0,3.0,0.0,1.0,1.0,0.0,-1.0,0.0,0.0,0.0,0.0,0.0,1.0,0.0,1.0,0.0,15,unknown,G53
PRJNA288601,Klebsiella pneumoniae,USA,2013-05-01,,,Homo sapiens,unknown,unknown,unknown,unknown,unknown,not_curated,,,,SAMN05170106,1,R,CLSI,,3.0,0.0,1.0,1.0,0.0,3.0,0.0,1.0,1.0,0.0,2.0,0.0,1.0,0.0,0.0,5.0,0.0,1.0,1.0,0.0,7.0,0.0,1.0,1.0,0.0,6.0,0.0,1.0,1.0,0.0,5.0,0.0,1.0,1.0,0.0,6.0,0.0,1.0,1.0,0.0,5.0,0.0,0.0,0.0,0.0,0.0,1.0,0.0,1.0,0.0,4.0,0.0,1.0,1.0,0.0,3.0,0.0,1.0,1.0,0.0,3.0,0.0,1.0,1.0,0.0,-2.0,0.0,0.0,0.0,0.0,-1.0,1.0,0.0,1.0,0.0,15,unknown,G54
PRJNA288601,Klebsiella pneumoniae,USA,2013-05-01,,,Homo sapiens,unknown,unknown,unknown,unknown,unknown,not_curated,,,,SAMN05170107,1,R,CLSI,,4.0,0.0,1.0,1.0,0.0,3.0,0.0,1.0,1.0,0.0,3.0,0.0,1.0,1.0,0.0,5.0,0.0,1.0,1.0,0.0,7.0,0.0,1.0,1.0,0.0,6.0,0.0,1.0,1.0,0.0,5.0,0.0,1.0,1.0,0.0,6.0,0.0,1.0,1.0,0.0,5.0,0.0,0.0,0.0,0.0,4.0,0.0,1.0,0.0,0.0,4.0,0.0,1.0,1.0,0.0,3.0,0.0,1.0,1.0,0.0,3.0,0.0,1.0,1.0,0.0,-1.0,0.0,0.0,0.0,0.0,0.0,1.0,0.0,1.0,0.0,15,unknown,G55
PRJNA288601,Klebsiella pneumoniae,USA,2013-05-01,,,Homo sapiens,unknown,unknown,unknown,unknown,unknown,not_curated,,,,SAMN05170108,1,R,CLSI,,4.0,0.0,1.0,1.0,0.0,3.0,0.0,1.0,1.0,0.0,3.0,0.0,1.0,1.0,0.0,5.0,0.0,1.0,1.0,0.0,7.0,0.0,1.0,1.0,0.0,6.0,0.0,1.0,1.0,0.0,5.0,0.0,1.0,1.0,0.0,6.0,0.0,1.0,1.0,0.0,0.0,1.0,0.0,1.0,0.0,4.0,0.0,1.0,1.0,0.0,4.0,0.0,1.0,1.0,0.0,3.0,0.0,1.0,1.0,0.0,3.0,0.0,1.0,1.0,0.0,2.0,0.0,0.0,0.0,0.0,-1.0,1.0,0.0,1.0,0.0,15,unknown,G56
PRJNA288601,Klebsiella pneumoniae,USA,2013-05-01,,,Homo sapiens,unknown,unknown,unknown,unknown,unknown,not_curated,,,,SAMN05170109,1,R,CLSI,,2.0,0.0,1.0,0.0,0.0,3.0,0.0,1.0,1.0,0.0,1.0,0.0,0.0,0.0,0.0,3.0,0.0,0.0,0.0,0.0,7.0,0.0,1.0,1.0,0.0,6.0,0.0,1.0,1.0,0.0,5.0,0.0,1.0,1.0,0.0,6.0,0.0,1.0,1.0,0.0,1.0,1.0,0.0,1.0,0.0,2.0,1.0,0.0,0.0,0.0,4.0,0.0,1.0,0.0,0.0,3.0,0.0,1.0,1.0,0.0,3.0,0.0,1.0,1.0,0.0,-1.0,0.0,0.0,0.0,0.0,1.0,1.0,0.0,0.0,0.0,15,unknown,G57
PRJNA288601,Klebsiella pneumoniae,USA,2013-05-01,,,Homo sapiens,unknown,unknown,unknown,unknown,unknown,not_curated,,,,SAMN05170110,1,R,CLSI,,6.0,0.0,1.0,1.0,0.0,3.0,0.0,1.0,1.0,0.0,3.0,0.0,1.0,1.0,0.0,5.0,0.0,1.0,1.0,0.0,7.0,0.0,1.0,1.0,0.0,6.0,0.0,1.0,1.0,0.0,5.0,0.0,1.0,1.0,0.0,6.0,0.0,1.0,1.0,0.0,4.0,1.0,0.0,0.0,0.0,0.0,1.0,0.0,1.0,0.0,4.0,0.0,1.0,0.0,0.0,3.0,0.0,1.0,1.0,0.0,3.0,0.0,1.0,1.0,0.0,-1.0,0.0,0.0,0.0,0.0,0.0,1.0,0.0,1.0,0.0,15,unknown,G58
PRJNA288601,Klebsiella pneumoniae,USA,2013-05-01,,,Homo sapiens,unknown,unknown,unknown,unknown,unknown,not_curated,,,,SAMN05170111,1,R,CLSI,,2.0,0.0,1.0,0.0,0.0,3.0,0.0,1.0,1.0,0.0,2.0,0.0,1.0,0.0,0.0,5.0,0.0,1.0,1.0,0.0,7.0,0.0,1.0,1.0,0.0,6.0,0.0,1.0,1.0,0.0,5.0,0.0,1.0,1.0,0.0,6.0,0.0,1.0,1.0,0.0,2.0,1.0,0.0,1.0,0.0,4.0,0.0,1.0,1.0,0.0,4.0,0.0,1.0,1.0,0.0,3.0,0.0,1.0,1.0,0.0,3.0,0.0,1.0,1.0,0.0,2.0,0.0,0.0,0.0,0.0,0.0,1.0,0.0,1.0,0.0,15,unknown,G59
PRJNA288601,Klebsiella pneumoniae,USA,2013-05-01,,,Homo sapiens,unknown,unknown,unknown,unknown,unknown,not_curated,,,,SAMN05170112,1,R,CLSI,,4.0,0.0,1.0,1.0,0.0,3.0,0.0,1.0,1.0,0.0,3.0,0.0,1.0,1.0,0.0,5.0,0.0,1.0,1.0,0.0,7.0,0.0,1.0,1.0,0.0,6.0,0.0,1.0,1.0,0.0,5.0,0.0,1.0,1.0,0.0,6.0,0.0,1.0,1.0,0.0,5.0,0.0,0.0,0.0,0.0,1.0,1.0,0.0,1.0,0.0,4.0,0.0,1.0,0.0,0.0,3.0,0.0,1.0,1.0,0.0,3.0,0.0,1.0,1.0,0.0,-1.0,0.0,0.0,0.0,0.0,1.0,1.0,0.0,0.0,0.0,15,unknown,G60
PRJNA288601,Klebsiella pneumoniae,USA,2013-05-06,,,Homo sapiens,unknown,unknown,unknown,unknown,unknown,not_curated,,,,SAMN05170118,1,R,CLSI,,3.0,0.0,1.0,1.0,0.0,2.0,0.0,1.0,1.0,0.0,1.0,0.0,0.0,0.0,0.0,5.0,0.0,1.0,1.0,0.0,7.0,0.0,1.0,1.0,0.0,6.0,0.0,1.0,1.0,0.0,5.0,0.0,1.0,1.0,0.0,6.0,0.0,1.0,1.0,0.0,6.0,0.0,1.0,0.0,0.0,4.0,0.0,1.0,1.0,0.0,4.0,0.0,1.0,1.0,0.0,3.0,0.0,1.0,1.0,0.0,3.0,0.0,1.0,1.0,0.0,-1.0,0.0,0.0,0.0,0.0,-1.0,1.0,0.0,1.0,0.0,15,unknown,G61
PRJNA288601,Klebsiella pneumoniae,USA,2013-05-13,,,Homo sapiens,unknown,unknown,unknown,unknown,unknown,not_curated,,,,SAMN05170119,1,R,CLSI,,4.0,0.0,1.0,1.0,0.0,3.0,0.0,1.0,1.0,0.0,3.0,0.0,1.0,1.0,0.0,5.0,0.0,1.0,1.0,0.0,6.0,0.0,1.0,1.0,0.0,6.0,0.0,1.0,1.0,0.0,5.0,0.0,1.0,1.0,0.0,6.0,0.0,1.0,1.0,0.0,4.0,1.0,0.0,0.0,0.0,4.0,0.0,1.0,1.0,0.0,4.0,0.0,1.0,1.0,0.0,3.0,0.0,1.0,1.0,0.0,3.0,0.0,1.0,1.0,0.0,2.0,0.0,0.0,0.0,0.0,0.0,1.0,0.0,1.0,0.0,15,unknown,G62
PRJNA288601,Klebsiella pneumoniae,USA,2013-05-15,,,Homo sapiens,unknown,unknown,unknown,unknown,unknown,not_curated,,,,SAMN05170121,1,R,CLSI,,2.0,0.0,1.0,0.0,0.0,3.0,0.0,1.0,1.0,0.0,2.0,0.0,1.0,0.0,0.0,4.0,0.0,1.0,0.0,0.0,7.0,0.0,1.0,1.0,0.0,6.0,0.0,1.0,1.0,0.0,5.0,0.0,1.0,1.0,0.0,6.0,0.0,1.0,1.0,0.0,5.0,0.0,0.0,0.0,0.0,0.0,1.0,0.0,1.0,0.0,4.0,0.0,1.0,1.0,0.0,3.0,0.0,1.0,1.0,0.0,3.0,0.0,1.0,1.0,0.0,-1.0,0.0,0.0,0.0,0.0,-1.0,1.0,0.0,1.0,0.0,15,unknown,G63
PRJNA288601,Klebsiella pneumoniae,USA,2013-05-15,,,Homo sapiens,unknown,unknown,unknown,unknown,unknown,not_curated,,,,SAMN05170122,1,R,CLSI,,2.0,0.0,1.0,0.0,0.0,2.0,0.0,1.0,1.0,0.0,1.0,0.0,0.0,0.0,0.0,4.0,0.0,1.0,0.0,0.0,7.0,0.0,1.0,1.0,0.0,6.0,0.0,1.0,1.0,0.0,5.0,0.0,1.0,1.0,0.0,6.0,0.0,1.0,1.0,0.0,5.0,0.0,0.0,0.0,0.0,1.0,1.0,0.0,1.0,0.0,4.0,0.0,1.0,1.0,0.0,3.0,0.0,1.0,1.0,0.0,3.0,0.0,1.0,1.0,0.0,-1.0,0.0,0.0,0.0,0.0,2.0,0.0,0.0,0.0,0.0,15,unknown,G64
PRJNA288601,Klebsiella pneumoniae,USA,2013-05-29,,,Homo sapiens,unknown,unknown,unknown,unknown,unknown,not_curated,,,,SAMN05170123,1,R,CLSI,,3.0,0.0,1.0,1.0,0.0,2.0,0.0,1.0,1.0,0.0,2.0,0.0,1.0,0.0,0.0,3.0,0.0,0.0,0.0,0.0,7.0,0.0,1.0,1.0,0.0,5.0,0.0,1.0,1.0,0.0,5.0,0.0,1.0,1.0,0.0,6.0,0.0,1.0,1.0,0.0,3.0,1.0,0.0,1.0,0.0,4.0,0.0,1.0,0.0,0.0,4.0,0.0,1.0,1.0,0.0,3.0,0.0,1.0,1.0,0.0,3.0,0.0,1.0,1.0,0.0,-1.0,0.0,0.0,0.0,0.0,1.0,1.0,0.0,0.0,0.0,15,unknown,G65
PRJNA288601,Klebsiella pneumoniae,USA,2013-05-29,,,Homo sapiens,unknown,unknown,unknown,unknown,unknown,not_curated,,,,SAMN05170124,1,R,CLSI,,2.0,0.0,1.0,0.0,0.0,3.0,0.0,1.0,1.0,0.0,1.0,0.0,0.0,0.0,0.0,5.0,0.0,1.0,1.0,0.0,7.0,0.0,1.0,1.0,0.0,6.0,0.0,1.0,1.0,0.0,5.0,0.0,1.0,1.0,0.0,6.0,0.0,1.0,1.0,0.0,3.0,1.0,0.0,1.0,0.0,4.0,0.0,1.0,1.0,0.0,4.0,0.0,1.0,1.0,0.0,3.0,0.0,1.0,1.0,0.0,2.0,0.0,0.0,0.0,0.0,-1.0,0.0,0.0,0.0,0.0,0.0,1.0,0.0,1.0,0.0,15,unknown,G66
PRJNA288601,Klebsiella pneumoniae,USA,2013-05-29,,,Homo sapiens,unknown,unknown,unknown,unknown,unknown,not_curated,,,,SAMN05170125,1,R,CLSI,,4.0,0.0,1.0,1.0,0.0,3.0,0.0,1.0,1.0,0.0,3.0,0.0,1.0,1.0,0.0,5.0,0.0,1.0,1.0,0.0,7.0,0.0,1.0,1.0,0.0,6.0,0.0,1.0,1.0,0.0,5.0,0.0,1.0,1.0,0.0,6.0,0.0,1.0,1.0,0.0,0.0,1.0,0.0,1.0,0.0,4.0,0.0,1.0,0.0,0.0,4.0,0.0,1.0,1.0,0.0,3.0,0.0,1.0,1.0,0.0,3.0,0.0,1.0,1.0,0.0,-1.0,0.0,0.0,0.0,0.0,1.0,1.0,0.0,0.0,0.0,15,unknown,G67
PRJNA288601,Klebsiella pneumoniae,USA,2013-05-21,,,Homo sapiens,unknown,unknown,unknown,unknown,unknown,not_curated,,,,SAMN05170128,1,R,CLSI,,6.0,0.0,1.0,1.0,0.0,3.0,0.0,1.0,1.0,0.0,3.0,0.0,1.0,1.0,0.0,5.0,0.0,1.0,1.0,0.0,7.0,0.0,1.0,1.0,0.0,6.0,0.0,1.0,1.0,0.0,5.0,0.0,1.0,1.0,0.0,6.0,0.0,1.0,1.0,0.0,4.0,1.0,0.0,0.0,0.0,2.0,1.0,0.0,0.0,0.0,4.0,0.0,1.0,1.0,0.0,3.0,0.0,1.0,1.0,0.0,3.0,0.0,1.0,1.0,0.0,2.0,0.0,0.0,0.0,0.0,1.0,1.0,0.0,0.0,0.0,15,unknown,G68
PRJNA288601,Klebsiella pneumoniae,USA,2013-05-21,,,Homo sapiens,unknown,unknown,unknown,unknown,unknown,not_curated,,,,SAMN05170129,1,R,CLSI,,3.0,0.0,1.0,1.0,0.0,3.0,0.0,1.0,1.0,0.0,2.0,0.0,1.0,0.0,0.0,5.0,0.0,1.0,1.0,0.0,7.0,0.0,1.0,1.0,0.0,6.0,0.0,1.0,1.0,0.0,5.0,0.0,1.0,1.0,0.0,6.0,0.0,1.0,1.0,0.0,4.0,1.0,0.0,0.0,0.0,2.0,1.0,0.0,0.0,0.0,4.0,0.0,1.0,0.0,0.0,3.0,0.0,1.0,1.0,0.0,3.0,0.0,1.0,1.0,0.0,-1.0,0.0,0.0,0.0,0.0,0.0,1.0,0.0,1.0,0.0,15,unknown,G69
PRJNA288601,Klebsiella pneumoniae,USA,2013-08-07,,,Homo sapiens,unknown,unknown,unknown,unknown,unknown,not_curated,,,,SAMN05170131,1,R,CLSI,,6.0,0.0,1.0,1.0,0.0,3.0,0.0,1.0,1.0,0.0,3.0,0.0,1.0,1.0,0.0,5.0,0.0,1.0,1.0,0.0,7.0,0.0,1.0,1.0,0.0,6.0,0.0,1.0,1.0,0.0,5.0,0.0,1.0,1.0,0.0,6.0,0.0,1.0,1.0,0.0,5.0,0.0,0.0,0.0,0.0,1.0,1.0,0.0,1.0,0.0,4.0,0.0,1.0,1.0,0.0,3.0,0.0,1.0,1.0,0.0,3.0,0.0,1.0,1.0,0.0,-1.0,0.0,0.0,0.0,0.0,1.0,1.0,0.0,0.0,0.0,15,unknown,G70
PRJNA288601,Klebsiella pneumoniae,USA,2013-08-07,,,Homo sapiens,unknown,unknown,unknown,unknown,unknown,not_curated,,,,SAMN05170133,1,R,CLSI,,6.0,0.0,1.0,1.0,0.0,3.0,0.0,1.0,1.0,0.0,3.0,0.0,1.0,1.0,0.0,5.0,0.0,1.0,1.0,0.0,7.0,0.0,1.0,1.0,0.0,6.0,0.0,1.0,1.0,0.0,5.0,0.0,1.0,1.0,0.0,6.0,0.0,1.0,1.0,0.0,5.0,0.0,0.0,0.0,0.0,0.0,1.0,0.0,1.0,0.0,4.0,0.0,1.0,1.0,0.0,3.0,0.0,1.0,1.0,0.0,3.0,0.0,1.0,1.0,0.0,-1.0,0.0,0.0,0.0,0.0,0.0,1.0,0.0,1.0,0.0,15,unknown,G71
PRJNA288601,Klebsiella pneumoniae,USA,2013-08-07,,,Homo sapiens,unknown,unknown,unknown,unknown,unknown,not_curated,,,,SAMN05170134,1,R,CLSI,,5.0,0.0,1.0,1.0,0.0,3.0,0.0,1.0,1.0,0.0,3.0,0.0,1.0,1.0,0.0,5.0,0.0,1.0,1.0,0.0,7.0,0.0,1.0,1.0,0.0,6.0,0.0,1.0,1.0,0.0,5.0,0.0,1.0,1.0,0.0,6.0,0.0,1.0,1.0,0.0,4.0,1.0,0.0,0.0,0.0,0.0,1.0,0.0,1.0,0.0,4.0,0.0,1.0,0.0,0.0,3.0,0.0,1.0,1.0,0.0,3.0,0.0,1.0,1.0,0.0,-1.0,0.0,0.0,0.0,0.0,1.0,1.0,0.0,0.0,0.0,15,unknown,G72
PRJNA288601,Klebsiella pneumoniae,USA,2013-08-07,,,Homo sapiens,unknown,unknown,unknown,unknown,unknown,not_curated,,,,SAMN05170135,1,R,CLSI,,4.0,0.0,1.0,1.0,0.0,3.0,0.0,1.0,1.0,0.0,3.0,0.0,1.0,1.0,0.0,5.0,0.0,1.0,1.0,0.0,7.0,0.0,1.0,1.0,0.0,6.0,0.0,1.0,1.0,0.0,5.0,0.0,1.0,1.0,0.0,6.0,0.0,1.0,1.0,0.0,5.0,0.0,0.0,0.0,0.0,4.0,0.0,1.0,0.0,0.0,4.0,0.0,1.0,1.0,0.0,3.0,0.0,1.0,1.0,0.0,3.0,0.0,1.0,1.0,0.0,-1.0,0.0,0.0,0.0,0.0,-1.0,1.0,0.0,1.0,0.0,15,unknown,G73
PRJNA288601,Klebsiella pneumoniae,USA,2013-08-07,,,Homo sapiens,unknown,unknown,unknown,unknown,unknown,not_curated,,,,SAMN05170136,1,R,CLSI,,3.0,0.0,1.0,1.0,0.0,3.0,0.0,1.0,1.0,0.0,3.0,0.0,1.0,1.0,0.0,4.0,0.0,1.0,0.0,0.0,5.0,0.0,1.0,1.0,0.0,4.0,0.0,1.0,1.0,0.0,5.0,0.0,1.0,1.0,0.0,6.0,0.0,1.0,1.0,0.0,0.0,1.0,0.0,1.0,0.0,-1.0,1.0,0.0,1.0,0.0,-1.0,1.0,0.0,1.0,0.0,3.0,0.0,1.0,1.0,0.0,3.0,0.0,1.0,1.0,0.0,1.0,0.0,0.0,0.0,0.0,1.0,1.0,0.0,0.0,0.0,15,unknown,G74
PRJNA288601,Klebsiella pneumoniae,USA,2013-08-06,,,Homo sapiens,unknown,unknown,unknown,unknown,unknown,not_curated,,,,SAMN05170137,1,R,CLSI,,3.0,0.0,1.0,1.0,0.0,3.0,0.0,1.0,1.0,0.0,3.0,0.0,1.0,1.0,0.0,5.0,0.0,1.0,1.0,0.0,7.0,0.0,1.0,1.0,0.0,6.0,0.0,1.0,1.0,0.0,5.0,0.0,1.0,1.0,0.0,6.0,0.0,1.0,1.0,0.0,6.0,0.0,1.0,0.0,0.0,4.0,0.0,1.0,0.0,0.0,4.0,0.0,1.0,1.0,0.0,3.0,0.0,1.0,1.0,0.0,3.0,0.0,1.0,1.0,0.0,-1.0,0.0,0.0,0.0,0.0,0.0,1.0,0.0,1.0,0.0,15,unknown,G75
PRJNA288601,Klebsiella pneumoniae,USA,2013-09-03,,,Homo sapiens,unknown,unknown,unknown,unknown,unknown,not_curated,,,,SAMN05170141,0,S,CLSI,,-1.0,1.0,0.0,1.0,0.0,2.0,0.0,1.0,1.0,0.0,0.0,1.0,0.0,0.0,0.0,5.0,0.0,1.0,1.0,0.0,7.0,0.0,1.0,1.0,0.0,6.0,0.0,1.0,1.0,0.0,5.0,0.0,1.0,1.0,0.0,6.0,0.0,1.0,1.0,0.0,0.0,1.0,0.0,1.0,0.0,-2.0,1.0,0.0,1.0,0.0,-1.0,1.0,0.0,1.0,0.0,3.0,0.0,1.0,1.0,0.0,3.0,0.0,1.0,1.0,0.0,-1.0,0.0,0.0,0.0,0.0,1.0,1.0,0.0,0.0,0.0,15,unknown,G76
PRJNA288601,Klebsiella pneumoniae,USA,2013-09-03,,,Homo sapiens,unknown,unknown,unknown,unknown,unknown,not_curated,,,,SAMN05170143,1,R,CLSI,,6.0,0.0,1.0,1.0,0.0,3.0,0.0,1.0,1.0,0.0,3.0,0.0,1.0,1.0,0.0,5.0,0.0,1.0,1.0,0.0,7.0,0.0,1.0,1.0,0.0,6.0,0.0,1.0,1.0,0.0,5.0,0.0,1.0,1.0,0.0,6.0,0.0,1.0,1.0,0.0,0.0,1.0,0.0,1.0,0.0,3.0,0.0,0.0,0.0,0.0,3.0,0.0,0.0,0.0,0.0,3.0,0.0,1.0,1.0,0.0,3.0,0.0,1.0,1.0,0.0,0.0,0.0,0.0,0.0,0.0,0.0,1.0,0.0,1.0,0.0,15,unknown,G77
PRJNA288601,Klebsiella pneumoniae,USA,2013-09-03,,,Homo sapiens,unknown,unknown,unknown,unknown,unknown,not_curated,,,,SAMN05170144,1,R,CLSI,,6.0,0.0,1.0,1.0,0.0,3.0,0.0,1.0,1.0,0.0,3.0,0.0,1.0,1.0,0.0,5.0,0.0,1.0,1.0,0.0,7.0,0.0,1.0,1.0,0.0,6.0,0.0,1.0,1.0,0.0,5.0,0.0,1.0,1.0,0.0,6.0,0.0,1.0,1.0,0.0,4.0,1.0,0.0,0.0,0.0,0.0,1.0,0.0,1.0,0.0,4.0,0.0,1.0,0.0,0.0,3.0,0.0,1.0,1.0,0.0,3.0,0.0,1.0,1.0,0.0,-1.0,0.0,0.0,0.0,0.0,0.0,1.0,0.0,1.0,0.0,15,unknown,G78
PRJNA288601,Klebsiella pneumoniae,USA,2013-09-03,,,Homo sapiens,unknown,unknown,unknown,unknown,unknown,not_curated,,,,SAMN05170145,0,S,CLSI,,-1.0,1.0,0.0,1.0,0.0,-2.0,1.0,0.0,1.0,0.0,-3.0588936890535687,1.0,0.0,1.0,0.0,5.0,0.0,1.0,1.0,0.0,7.0,0.0,1.0,1.0,0.0,6.0,0.0,1.0,1.0,0.0,5.0,0.0,1.0,1.0,0.0,6.0,0.0,1.0,1.0,0.0,0.0,1.0,0.0,1.0,0.0,-2.0,1.0,0.0,1.0,0.0,-1.0,1.0,0.0,1.0,0.0,3.0,0.0,1.0,1.0,0.0,3.0,0.0,1.0,1.0,0.0,2.0,0.0,0.0,0.0,0.0,2.0,0.0,0.0,0.0,0.0,15,unknown,G79
PRJNA288601,Klebsiella pneumoniae,USA,2013-08-26,,,Homo sapiens,unknown,unknown,unknown,unknown,unknown,not_curated,,,,SAMN05170156,1,R,CLSI,,4.0,0.0,1.0,1.0,0.0,3.0,0.0,1.0,1.0,0.0,2.0,0.0,1.0,0.0,0.0,4.0,0.0,1.0,0.0,0.0,7.0,0.0,1.0,1.0,0.0,5.0,0.0,1.0,1.0,0.0,5.0,0.0,1.0,1.0,0.0,6.0,0.0,1.0,1.0,0.0,3.0,1.0,0.0,1.0,0.0,4.0,0.0,1.0,1.0,0.0,4.0,0.0,1.0,1.0,0.0,3.0,0.0,1.0,1.0,0.0,3.0,0.0,1.0,1.0,0.0,2.0,0.0,0.0,0.0,0.0,2.0,0.0,0.0,0.0,0.0,15,unknown,G80
PRJNA288601,Klebsiella pneumoniae,USA,2013-08-26,,,Homo sapiens,unknown,unknown,unknown,unknown,unknown,not_curated,,,,SAMN05170158,1,R,CLSI,,3.0,0.0,1.0,1.0,0.0,3.0,0.0,1.0,1.0,0.0,2.0,0.0,1.0,0.0,0.0,5.0,0.0,1.0,1.0,0.0,7.0,0.0,1.0,1.0,0.0,6.0,0.0,1.0,1.0,0.0,5.0,0.0,1.0,1.0,0.0,3.0,0.0,0.0,0.0,0.0,2.0,1.0,0.0,1.0,0.0,0.0,1.0,0.0,1.0,0.0,4.0,0.0,1.0,0.0,0.0,3.0,0.0,1.0,1.0,0.0,3.0,0.0,1.0,1.0,0.0,3.0,0.0,0.0,0.0,0.0,0.0,1.0,0.0,1.0,0.0,15,unknown,G81
PRJNA288601,Klebsiella pneumoniae,USA,2013-12-02,,,Homo sapiens,unknown,unknown,unknown,unknown,unknown,not_curated,,,,SAMN05170171,1,R,CLSI,,4.0,0.0,1.0,1.0,0.0,3.0,0.0,1.0,1.0,0.0,3.0,0.0,1.0,1.0,0.0,5.0,0.0,1.0,1.0,0.0,7.0,0.0,1.0,1.0,0.0,6.0,0.0,1.0,1.0,0.0,5.0,0.0,1.0,1.0,0.0,6.0,0.0,1.0,1.0,0.0,3.0,1.0,0.0,1.0,0.0,4.0,0.0,1.0,1.0,0.0,4.0,0.0,1.0,1.0,0.0,3.0,0.0,1.0,1.0,0.0,3.0,0.0,1.0,1.0,0.0,-2.0,0.0,0.0,0.0,0.0,2.0,0.0,0.0,0.0,0.0,15,unknown,G82
PRJNA288601,Klebsiella pneumoniae,USA,2013-11-06,,,Homo sapiens,unknown,unknown,unknown,unknown,unknown,not_curated,,,,SAMN05170172,1,R,CLSI,,4.0,0.0,1.0,1.0,0.0,3.0,0.0,1.0,1.0,0.0,3.0,0.0,1.0,1.0,0.0,5.0,0.0,1.0,1.0,0.0,7.0,0.0,1.0,1.0,0.0,6.0,0.0,1.0,1.0,0.0,5.0,0.0,1.0,1.0,0.0,6.0,0.0,1.0,1.0,0.0,6.0,0.0,1.0,0.0,0.0,1.0,1.0,0.0,1.0,0.0,4.0,0.0,1.0,1.0,0.0,3.0,0.0,1.0,1.0,0.0,3.0,0.0,1.0,1.0,0.0,-1.0,0.0,0.0,0.0,0.0,0.0,1.0,0.0,1.0,0.0,15,unknown,G83
PRJNA288601,Klebsiella pneumoniae,USA,2013-11-06,,,Homo sapiens,unknown,unknown,unknown,unknown,unknown,not_curated,,,,SAMN05170173,1,R,CLSI,,3.0,0.0,1.0,1.0,0.0,3.0,0.0,1.0,1.0,0.0,2.0,0.0,1.0,0.0,0.0,5.0,0.0,1.0,1.0,0.0,7.0,0.0,1.0,1.0,0.0,6.0,0.0,1.0,1.0,0.0,5.0,0.0,1.0,1.0,0.0,6.0,0.0,1.0,1.0,0.0,5.0,0.0,0.0,0.0,0.0,4.0,0.0,1.0,0.0,0.0,4.0,0.0,1.0,1.0,0.0,3.0,0.0,1.0,1.0,0.0,3.0,0.0,1.0,1.0,0.0,-2.0,0.0,0.0,0.0,0.0,-1.0,1.0,0.0,1.0,0.0,15,unknown,G84
PRJNA288601,Klebsiella pneumoniae,USA,2013-11-06,,,Homo sapiens,unknown,unknown,unknown,unknown,unknown,not_curated,,,,SAMN05170174,1,R,CLSI,,6.0,0.0,1.0,1.0,0.0,3.0,0.0,1.0,1.0,0.0,3.0,0.0,1.0,1.0,0.0,5.0,0.0,1.0,1.0,0.0,7.0,0.0,1.0,1.0,0.0,6.0,0.0,1.0,1.0,0.0,5.0,0.0,1.0,1.0,0.0,6.0,0.0,1.0,1.0,0.0,5.0,0.0,0.0,0.0,0.0,1.0,1.0,0.0,1.0,0.0,4.0,0.0,1.0,1.0,0.0,3.0,0.0,1.0,1.0,0.0,3.0,0.0,1.0,1.0,0.0,-1.0,0.0,0.0,0.0,0.0,0.0,1.0,0.0,1.0,0.0,15,unknown,G85
PRJNA288601,Klebsiella pneumoniae,USA,2013-11-06,,,Homo sapiens,unknown,unknown,unknown,unknown,unknown,not_curated,,,,SAMN05170175,1,R,CLSI,,3.0,0.0,1.0,1.0,0.0,3.0,0.0,1.0,1.0,0.0,3.0,0.0,1.0,1.0,0.0,5.0,0.0,1.0,1.0,0.0,7.0,0.0,1.0,1.0,0.0,6.0,0.0,1.0,1.0,0.0,5.0,0.0,1.0,1.0,0.0,6.0,0.0,1.0,1.0,0.0,5.0,0.0,0.0,0.0,0.0,0.0,1.0,0.0,1.0,0.0,4.0,0.0,1.0,1.0,0.0,3.0,0.0,1.0,1.0,0.0,3.0,0.0,1.0,1.0,0.0,2.0,0.0,0.0,0.0,0.0,0.0,1.0,0.0,1.0,0.0,15,unknown,G86
PRJNA288601,Klebsiella pneumoniae,USA,2013-11-06,,,Homo sapiens,unknown,unknown,unknown,unknown,unknown,not_curated,,,,SAMN05170176,1,R,CLSI,,6.0,0.0,1.0,1.0,0.0,3.0,0.0,1.0,1.0,0.0,3.0,0.0,1.0,1.0,0.0,5.0,0.0,1.0,1.0,0.0,7.0,0.0,1.0,1.0,0.0,6.0,0.0,1.0,1.0,0.0,5.0,0.0,1.0,1.0,0.0,6.0,0.0,1.0,1.0,0.0,5.0,0.0,0.0,0.0,0.0,1.0,1.0,0.0,1.0,0.0,4.0,0.0,1.0,1.0,0.0,3.0,0.0,1.0,1.0,0.0,3.0,0.0,1.0,1.0,0.0,-2.0,0.0,0.0,0.0,0.0,0.0,1.0,0.0,1.0,0.0,15,unknown,G87
PRJNA288601,Klebsiella pneumoniae,USA,2013-11-05,,,Homo sapiens,unknown,unknown,unknown,unknown,unknown,not_curated,,,,SAMN05170178,1,R,CLSI,,2.0,0.0,1.0,0.0,0.0,3.0,0.0,1.0,1.0,0.0,2.0,0.0,1.0,0.0,0.0,5.0,0.0,1.0,1.0,0.0,7.0,0.0,1.0,1.0,0.0,6.0,0.0,1.0,1.0,0.0,5.0,0.0,1.0,1.0,0.0,6.0,0.0,1.0,1.0,0.0,0.0,1.0,0.0,1.0,0.0,-1.0,1.0,0.0,1.0,0.0,-1.0,1.0,0.0,1.0,0.0,3.0,0.0,1.0,1.0,0.0,3.0,0.0,1.0,1.0,0.0,-1.0,0.0,0.0,0.0,0.0,0.0,1.0,0.0,1.0,0.0,15,unknown,G88
PRJNA288601,Klebsiella pneumoniae,USA,2013-12-02,,,Homo sapiens,unknown,unknown,unknown,unknown,unknown,not_curated,,,,SAMN05170179,1,R,CLSI,,2.0,0.0,1.0,0.0,0.0,3.0,0.0,1.0,1.0,0.0,1.0,0.0,0.0,0.0,0.0,5.0,0.0,1.0,1.0,0.0,7.0,0.0,1.0,1.0,0.0,6.0,0.0,1.0,1.0,0.0,5.0,0.0,1.0,1.0,0.0,6.0,0.0,1.0,1.0,0.0,0.0,1.0,0.0,1.0,0.0,3.0,0.0,0.0,0.0,0.0,4.0,0.0,1.0,1.0,0.0,3.0,0.0,1.0,1.0,0.0,3.0,0.0,1.0,1.0,0.0,-2.0,0.0,0.0,0.0,0.0,-1.0,1.0,0.0,1.0,0.0,15,unknown,G89
PRJNA288601,Klebsiella pneumoniae,USA,2013-12-02,,,Homo sapiens,unknown,unknown,unknown,unknown,unknown,not_curated,,,,SAMN05170180,1,R,CLSI,,4.0,0.0,1.0,1.0,0.0,3.0,0.0,1.0,1.0,0.0,3.0,0.0,1.0,1.0,0.0,5.0,0.0,1.0,1.0,0.0,7.0,0.0,1.0,1.0,0.0,6.0,0.0,1.0,1.0,0.0,5.0,0.0,1.0,1.0,0.0,6.0,0.0,1.0,1.0,0.0,5.0,0.0,0.0,0.0,0.0,4.0,0.0,1.0,1.0,0.0,4.0,0.0,1.0,1.0,0.0,3.0,0.0,1.0,1.0,0.0,3.0,0.0,1.0,1.0,0.0,-2.0,0.0,0.0,0.0,0.0,0.0,1.0,0.0,1.0,0.0,15,unknown,G90
PRJNA288601,Klebsiella pneumoniae,USA,2014-02-05,,,Homo sapiens,unknown,unknown,unknown,unknown,unknown,not_curated,,,,SAMN05170181,1,R,CLSI,,3.0,0.0,1.0,1.0,0.0,3.0,0.0,1.0,1.0,0.0,3.0,0.0,1.0,1.0,0.0,5.0,0.0,1.0,1.0,0.0,7.0,0.0,1.0,1.0,0.0,6.0,0.0,1.0,1.0,0.0,5.0,0.0,1.0,1.0,0.0,6.0,0.0,1.0,1.0,0.0,5.0,0.0,0.0,0.0,0.0,3.0,0.0,0.0,0.0,0.0,4.0,0.0,1.0,1.0,0.0,3.0,0.0,1.0,1.0,0.0,3.0,0.0,1.0,1.0,0.0,-1.0,0.0,0.0,0.0,0.0,-1.0,1.0,0.0,1.0,0.0,15,unknown,G91
PRJNA288601,Klebsiella pneumoniae,USA,2014-02-05,,,Homo sapiens,unknown,unknown,unknown,unknown,unknown,not_curated,,,,SAMN05170182,1,R,CLSI,,2.0,0.0,1.0,0.0,0.0,3.0,0.0,1.0,1.0,0.0,2.0,0.0,1.0,0.0,0.0,4.0,0.0,1.0,0.0,0.0,6.0,0.0,1.0,1.0,0.0,4.0,0.0,1.0,1.0,0.0,5.0,0.0,1.0,1.0,0.0,6.0,0.0,1.0,1.0,0.0,0.0,1.0,0.0,1.0,0.0,-2.0,1.0,0.0,1.0,0.0,-1.0,1.0,0.0,1.0,0.0,0.0,1.0,0.0,0.0,0.0,1.0,1.0,0.0,0.0,0.0,-1.0,0.0,0.0,0.0,0.0,1.0,1.0,0.0,0.0,0.0,15,unknown,G92
PRJNA288601,Klebsiella pneumoniae,USA,2014-01-15,,,Homo sapiens,unknown,unknown,unknown,unknown,unknown,not_curated,,,,SAMN05170185,1,R,CLSI,,3.0,0.0,1.0,1.0,0.0,3.0,0.0,1.0,1.0,0.0,3.0,0.0,1.0,1.0,0.0,5.0,0.0,1.0,1.0,0.0,7.0,0.0,1.0,1.0,0.0,5.0,0.0,1.0,1.0,0.0,5.0,0.0,1.0,1.0,0.0,6.0,0.0,1.0,1.0,0.0,5.0,0.0,0.0,0.0,0.0,3.0,0.0,0.0,0.0,0.0,4.0,0.0,1.0,1.0,0.0,3.0,0.0,1.0,1.0,0.0,3.0,0.0,1.0,1.0,0.0,-1.0,0.0,0.0,0.0,0.0,0.0,1.0,0.0,1.0,0.0,15,unknown,G93
PRJNA288601,Klebsiella pneumoniae,USA,2014-02-05,,,Homo sapiens,unknown,unknown,unknown,unknown,unknown,not_curated,,,,SAMN05170187,1,R,CLSI,,6.0,0.0,1.0,1.0,0.0,3.0,0.0,1.0,1.0,0.0,3.0,0.0,1.0,1.0,0.0,5.0,0.0,1.0,1.0,0.0,7.0,0.0,1.0,1.0,0.0,6.0,0.0,1.0,1.0,0.0,5.0,0.0,1.0,1.0,0.0,6.0,0.0,1.0,1.0,0.0,0.0,1.0,0.0,1.0,0.0,3.0,0.0,0.0,0.0,0.0,3.0,0.0,0.0,0.0,0.0,3.0,0.0,1.0,1.0,0.0,3.0,0.0,1.0,1.0,0.0,-1.0,0.0,0.0,0.0,0.0,0.0,1.0,0.0,1.0,0.0,15,unknown,G94
PRJNA288601,Klebsiella pneumoniae,USA,2014-02-05,,,Homo sapiens,unknown,unknown,unknown,unknown,unknown,not_curated,,,,SAMN05170188,1,R,CLSI,,5.0,0.0,1.0,1.0,0.0,3.0,0.0,1.0,1.0,0.0,3.0,0.0,1.0,1.0,0.0,5.0,0.0,1.0,1.0,0.0,7.0,0.0,1.0,1.0,0.0,6.0,0.0,1.0,1.0,0.0,5.0,0.0,1.0,1.0,0.0,6.0,0.0,1.0,1.0,0.0,3.0,1.0,0.0,1.0,0.0,4.0,0.0,1.0,1.0,0.0,4.0,0.0,1.0,0.0,0.0,3.0,0.0,1.0,1.0,0.0,3.0,0.0,1.0,1.0,0.0,0.0,0.0,0.0,0.0,0.0,-1.0,1.0,0.0,1.0,0.0,15,unknown,G95
PRJNA288601,Klebsiella pneumoniae,USA,2014-02-05,,,Homo sapiens,unknown,unknown,unknown,unknown,unknown,not_curated,,,,SAMN05170189,1,R,CLSI,,6.0,0.0,1.0,1.0,0.0,3.0,0.0,1.0,1.0,0.0,3.0,0.0,1.0,1.0,0.0,5.0,0.0,1.0,1.0,0.0,7.0,0.0,1.0,1.0,0.0,6.0,0.0,1.0,1.0,0.0,5.0,0.0,1.0,1.0,0.0,6.0,0.0,1.0,1.0,0.0,6.0,0.0,1.0,1.0,0.0,4.0,0.0,1.0,1.0,0.0,4.0,0.0,1.0,1.0,0.0,3.0,0.0,1.0,1.0,0.0,3.0,0.0,1.0,1.0,0.0,-1.0,0.0,0.0,0.0,0.0,0.0,1.0,0.0,1.0,0.0,15,unknown,G96
PRJNA288601,Klebsiella pneumoniae,USA,2014-02-05,,,Homo sapiens,unknown,unknown,unknown,unknown,unknown,not_curated,,,,SAMN05170191,0,S,CLSI,,0.0,1.0,0.0,0.0,0.0,-2.0,1.0,0.0,1.0,0.0,-2.0,1.0,0.0,1.0,0.0,5.0,0.0,1.0,1.0,0.0,7.0,0.0,1.0,1.0,0.0,6.0,0.0,1.0,1.0,0.0,5.0,0.0,1.0,1.0,0.0,6.0,0.0,1.0,1.0,0.0,5.0,0.0,0.0,0.0,0.0,4.0,0.0,1.0,1.0,0.0,4.0,0.0,1.0,1.0,0.0,3.0,0.0,1.0,1.0,0.0,3.0,0.0,1.0,1.0,0.0,0.0,0.0,0.0,0.0,0.0,2.0,0.0,0.0,0.0,0.0,15,unknown,G97
PRJNA288601,Klebsiella pneumoniae,USA,2014-02-05,,,Homo sapiens,unknown,unknown,unknown,unknown,unknown,not_curated,,,,SAMN05170192,1,R,CLSI,,6.0,0.0,1.0,1.0,0.0,3.0,0.0,1.0,1.0,0.0,3.0,0.0,1.0,1.0,0.0,5.0,0.0,1.0,1.0,0.0,7.0,0.0,1.0,1.0,0.0,6.0,0.0,1.0,1.0,0.0,5.0,0.0,1.0,1.0,0.0,6.0,0.0,1.0,1.0,0.0,0.0,1.0,0.0,1.0,0.0,-2.0,1.0,0.0,1.0,0.0,-1.0,1.0,0.0,1.0,0.0,3.0,0.0,1.0,1.0,0.0,3.0,0.0,1.0,1.0,0.0,-1.0,0.0,0.0,0.0,0.0,1.0,1.0,0.0,0.0,0.0,15,unknown,G98
PRJNA288601,Klebsiella pneumoniae,USA,2014-02-05,,,Homo sapiens,unknown,unknown,unknown,unknown,unknown,not_curated,,,,SAMN05170193,1,R,CLSI,,6.0,0.0,1.0,1.0,0.0,3.0,0.0,1.0,1.0,0.0,3.0,0.0,1.0,1.0,0.0,5.0,0.0,1.0,1.0,0.0,7.0,0.0,1.0,1.0,0.0,6.0,0.0,1.0,1.0,0.0,5.0,0.0,1.0,1.0,0.0,6.0,0.0,1.0,1.0,0.0,6.0,0.0,1.0,0.0,0.0,1.0,1.0,0.0,1.0,0.0,4.0,0.0,1.0,1.0,0.0,3.0,0.0,1.0,1.0,0.0,3.0,0.0,1.0,1.0,0.0,1.0,0.0,0.0,0.0,0.0,1.0,1.0,0.0,0.0,0.0,15,unknown,G99
PRJNA288601,Klebsiella pneumoniae,USA,2014-02-05,,,Homo sapiens,unknown,unknown,unknown,unknown,unknown,not_curated,,,,SAMN05170194,1,R,CLSI,,2.0,0.0,1.0,0.0,0.0,2.0,0.0,1.0,1.0,0.0,1.0,0.0,0.0,0.0,0.0,1.0,1.0,0.0,0.0,0.0,5.0,0.0,1.0,1.0,0.0,2.0,0.0,1.0,0.0,0.0,5.0,0.0,1.0,1.0,0.0,6.0,0.0,1.0,1.0,0.0,4.0,1.0,0.0,0.0,0.0,3.0,0.0,0.0,0.0,0.0,4.0,0.0,1.0,0.0,0.0,0.0,1.0,0.0,0.0,0.0,0.0,1.0,0.0,1.0,0.0,-1.0,0.0,0.0,0.0,0.0,0.0,1.0,0.0,1.0,0.0,15,unknown,G100
PRJNA288601,Klebsiella pneumoniae,USA,2014-02-05,,,Homo sapiens,unknown,unknown,unknown,unknown,unknown,not_curated,,,,SAMN05170195,1,R,CLSI,,4.0,0.0,1.0,1.0,0.0,3.0,0.0,1.0,1.0,0.0,3.0,0.0,1.0,1.0,0.0,5.0,0.0,1.0,1.0,0.0,7.0,0.0,1.0,1.0,0.0,6.0,0.0,1.0,1.0,0.0,5.0,0.0,1.0,1.0,0.0,6.0,0.0,1.0,1.0,0.0,5.0,0.0,0.0,0.0,0.0,0.0,1.0,0.0,1.0,0.0,4.0,0.0,1.0,0.0,0.0,3.0,0.0,1.0,1.0,0.0,3.0,0.0,1.0,1.0,0.0,0.0,0.0,0.0,0.0,0.0,1.0,1.0,0.0,0.0,0.0,15,unknown,G101
PRJNA288601,Klebsiella pneumoniae,USA,2014-02-05,,,Homo sapiens,unknown,unknown,unknown,unknown,unknown,not_curated,,,,SAMN05170196,1,R,CLSI,,5.0,0.0,1.0,1.0,0.0,3.0,0.0,1.0,1.0,0.0,3.0,0.0,1.0,1.0,0.0,5.0,0.0,1.0,1.0,0.0,7.0,0.0,1.0,1.0,0.0,6.0,0.0,1.0,1.0,0.0,5.0,0.0,1.0,1.0,0.0,6.0,0.0,1.0,1.0,0.0,0.0,1.0,0.0,1.0,0.0,-2.0,1.0,0.0,1.0,0.0,-1.0,1.0,0.0,1.0,0.0,3.0,0.0,1.0,1.0,0.0,3.0,0.0,1.0,1.0,0.0,0.0,0.0,0.0,0.0,0.0,0.0,1.0,0.0,1.0,0.0,15,unknown,G102
PRJNA288601,Klebsiella pneumoniae,USA,2014-02-05,,,Homo sapiens,unknown,unknown,unknown,unknown,unknown,not_curated,,,,SAMN05170197,1,R,CLSI,,4.0,0.0,1.0,1.0,0.0,3.0,0.0,1.0,1.0,0.0,3.0,0.0,1.0,1.0,0.0,5.0,0.0,1.0,1.0,0.0,7.0,0.0,1.0,1.0,0.0,6.0,0.0,1.0,1.0,0.0,5.0,0.0,1.0,1.0,0.0,6.0,0.0,1.0,1.0,0.0,5.0,0.0,0.0,0.0,0.0,0.0,1.0,0.0,1.0,0.0,4.0,0.0,1.0,1.0,0.0,3.0,0.0,1.0,1.0,0.0,3.0,0.0,1.0,1.0,0.0,2.0,0.0,0.0,0.0,0.0,-1.0,1.0,0.0,1.0,0.0,15,unknown,G103
PRJNA288601,Klebsiella pneumoniae,USA,2014-02-18,,,Homo sapiens,unknown,unknown,unknown,unknown,unknown,not_curated,,,,SAMN05170201,1,R,CLSI,,3.0,0.0,1.0,1.0,0.0,3.0,0.0,1.0,1.0,0.0,3.0,0.0,1.0,1.0,0.0,5.0,0.0,1.0,1.0,0.0,7.0,0.0,1.0,1.0,0.0,6.0,0.0,1.0,1.0,0.0,5.0,0.0,1.0,1.0,0.0,6.0,0.0,1.0,1.0,0.0,3.0,1.0,0.0,1.0,0.0,1.0,1.0,0.0,1.0,0.0,4.0,0.0,1.0,0.0,0.0,3.0,0.0,1.0,1.0,0.0,3.0,0.0,1.0,1.0,0.0,2.0,0.0,0.0,0.0,0.0,1.0,1.0,0.0,0.0,0.0,15,unknown,G104
PRJNA288601,Klebsiella pneumoniae,USA,2014-05-07,,,Homo sapiens,unknown,unknown,unknown,unknown,unknown,not_curated,,,,SAMN05170209,1,R,CLSI,,6.0,0.0,1.0,1.0,0.0,3.0,0.0,1.0,1.0,0.0,3.0,0.0,1.0,1.0,0.0,5.0,0.0,1.0,1.0,0.0,7.0,0.0,1.0,1.0,0.0,6.0,0.0,1.0,1.0,0.0,5.0,0.0,1.0,1.0,0.0,6.0,0.0,1.0,1.0,0.0,4.0,1.0,0.0,0.0,0.0,0.0,1.0,0.0,1.0,0.0,4.0,0.0,1.0,0.0,0.0,3.0,0.0,1.0,1.0,0.0,3.0,0.0,1.0,1.0,0.0,-1.0,0.0,0.0,0.0,0.0,-1.0,1.0,0.0,1.0,0.0,15,unknown,G105
PRJNA288601,Klebsiella pneumoniae,USA,2014-05-07,,,Homo sapiens,unknown,unknown,unknown,unknown,unknown,not_curated,,,,SAMN05170211,0,S,CLSI,,-1.0,1.0,0.0,1.0,0.0,-3.0588936890535687,1.0,0.0,1.0,0.0,-3.0588936890535687,1.0,0.0,1.0,0.0,-1.0,1.0,0.0,1.0,0.0,0.0,1.0,0.0,1.0,0.0,-1.0,1.0,0.0,1.0,0.0,0.0,1.0,0.0,1.0,0.0,1.0,1.0,0.0,1.0,0.0,0.0,1.0,0.0,1.0,0.0,-1.0,1.0,0.0,1.0,0.0,-1.0,1.0,0.0,1.0,0.0,-2.0,1.0,0.0,1.0,0.0,-3.0588936890535687,1.0,0.0,1.0,0.0,-1.0,0.0,0.0,0.0,0.0,-1.0,1.0,0.0,1.0,0.0,15,unknown,G106
PRJNA288601,Klebsiella pneumoniae,USA,2014-05-07,,,Homo sapiens,unknown,unknown,unknown,unknown,unknown,not_curated,,,,SAMN05170214,1,R,CLSI,,6.0,0.0,1.0,1.0,0.0,3.0,0.0,1.0,1.0,0.0,3.0,0.0,1.0,1.0,0.0,5.0,0.0,1.0,1.0,0.0,7.0,0.0,1.0,1.0,0.0,6.0,0.0,1.0,1.0,0.0,5.0,0.0,1.0,1.0,0.0,6.0,0.0,1.0,1.0,0.0,5.0,0.0,0.0,0.0,0.0,1.0,1.0,0.0,1.0,0.0,4.0,0.0,1.0,0.0,0.0,3.0,0.0,1.0,1.0,0.0,3.0,0.0,1.0,1.0,0.0,3.0,0.0,0.0,0.0,0.0,1.0,1.0,0.0,0.0,0.0,15,unknown,G107
PRJNA288601,Klebsiella pneumoniae,USA,2014-05-07,,,Homo sapiens,unknown,unknown,unknown,unknown,unknown,not_curated,,,,SAMN05170216,1,R,CLSI,,4.0,0.0,1.0,1.0,0.0,3.0,0.0,1.0,1.0,0.0,3.0,0.0,1.0,1.0,0.0,5.0,0.0,1.0,1.0,0.0,7.0,0.0,1.0,1.0,0.0,6.0,0.0,1.0,1.0,0.0,5.0,0.0,1.0,1.0,0.0,6.0,0.0,1.0,1.0,0.0,6.0,0.0,1.0,0.0,0.0,1.0,1.0,0.0,1.0,0.0,4.0,0.0,1.0,1.0,0.0,3.0,0.0,1.0,1.0,0.0,3.0,0.0,1.0,1.0,0.0,3.0,0.0,0.0,0.0,0.0,1.0,1.0,0.0,0.0,0.0,15,unknown,G108
PRJNA288601,Klebsiella pneumoniae,USA,2014-05-07,,,Homo sapiens,unknown,unknown,unknown,unknown,unknown,not_curated,,,,SAMN05170217,1,R,CLSI,,6.0,0.0,1.0,1.0,0.0,3.0,0.0,1.0,1.0,0.0,3.0,0.0,1.0,1.0,0.0,5.0,0.0,1.0,1.0,0.0,7.0,0.0,1.0,1.0,0.0,6.0,0.0,1.0,1.0,0.0,5.0,0.0,1.0,1.0,0.0,6.0,0.0,1.0,1.0,0.0,4.0,1.0,0.0,0.0,0.0,0.0,1.0,0.0,1.0,0.0,4.0,0.0,1.0,0.0,0.0,3.0,0.0,1.0,1.0,0.0,3.0,0.0,1.0,1.0,0.0,-1.0,0.0,0.0,0.0,0.0,0.0,1.0,0.0,1.0,0.0,15,unknown,G109
PRJNA288601,Klebsiella pneumoniae,USA,2014-05-07,,,Homo sapiens,unknown,unknown,unknown,unknown,unknown,not_curated,,,,SAMN05170218,1,R,CLSI,,4.0,0.0,1.0,1.0,0.0,3.0,0.0,1.0,1.0,0.0,3.0,0.0,1.0,1.0,0.0,5.0,0.0,1.0,1.0,0.0,7.0,0.0,1.0,1.0,0.0,6.0,0.0,1.0,1.0,0.0,5.0,0.0,1.0,1.0,0.0,6.0,0.0,1.0,1.0,0.0,6.0,0.0,1.0,0.0,0.0,0.0,1.0,0.0,1.0,0.0,4.0,0.0,1.0,1.0,0.0,3.0,0.0,1.0,1.0,0.0,3.0,0.0,1.0,1.0,0.0,-1.0,0.0,0.0,0.0,0.0,0.0,1.0,0.0,1.0,0.0,15,unknown,G110
PRJNA288601,Klebsiella pneumoniae,USA,2014-05-07,,,Homo sapiens,unknown,unknown,unknown,unknown,unknown,not_curated,,,,SAMN05170219,1,R,CLSI,,6.0,0.0,1.0,1.0,0.0,3.0,0.0,1.0,1.0,0.0,3.0,0.0,1.0,1.0,0.0,5.0,0.0,1.0,1.0,0.0,7.0,0.0,1.0,1.0,0.0,6.0,0.0,1.0,1.0,0.0,5.0,0.0,1.0,1.0,0.0,6.0,0.0,1.0,1.0,0.0,5.0,0.0,0.0,0.0,0.0,0.0,1.0,0.0,1.0,0.0,4.0,0.0,1.0,0.0,0.0,3.0,0.0,1.0,1.0,0.0,3.0,0.0,1.0,1.0,0.0,-1.0,0.0,0.0,0.0,0.0,0.0,1.0,0.0,1.0,0.0,15,unknown,G111
PRJNA288601,Klebsiella pneumoniae,USA,2014-05-06,,,Homo sapiens,unknown,unknown,unknown,unknown,unknown,not_curated,,,,SAMN05170221,1,R,CLSI,,4.0,0.0,1.0,1.0,0.0,3.0,0.0,1.0,1.0,0.0,2.0,0.0,1.0,0.0,0.0,5.0,0.0,1.0,1.0,0.0,7.0,0.0,1.0,1.0,0.0,6.0,0.0,1.0,1.0,0.0,5.0,0.0,1.0,1.0,0.0,6.0,0.0,1.0,1.0,0.0,3.0,1.0,0.0,1.0,0.0,4.0,0.0,1.0,1.0,0.0,4.0,0.0,1.0,1.0,0.0,-2.0,1.0,0.0,1.0,0.0,-3.0588936890535687,1.0,0.0,1.0,0.0,-1.0,0.0,0.0,0.0,0.0,-1.0,1.0,0.0,1.0,0.0,15,unknown,G112
PRJNA288601,Klebsiella pneumoniae,USA,2014-05-06,,,Homo sapiens,unknown,unknown,unknown,unknown,unknown,not_curated,,,,SAMN05170222,1,R,CLSI,,3.0,0.0,1.0,1.0,0.0,3.0,0.0,1.0,1.0,0.0,2.0,0.0,1.0,0.0,0.0,5.0,0.0,1.0,1.0,0.0,7.0,0.0,1.0,1.0,0.0,6.0,0.0,1.0,1.0,0.0,5.0,0.0,1.0,1.0,0.0,6.0,0.0,1.0,1.0,0.0,5.0,0.0,0.0,0.0,0.0,1.0,1.0,0.0,1.0,0.0,4.0,0.0,1.0,1.0,0.0,3.0,0.0,1.0,1.0,0.0,3.0,0.0,1.0,1.0,0.0,-1.0,0.0,0.0,0.0,0.0,1.0,1.0,0.0,0.0,0.0,15,unknown,G113
PRJNA288601,Klebsiella pneumoniae,USA,2014-05-13,,,Homo sapiens,unknown,unknown,unknown,unknown,unknown,not_curated,,,,SAMN05170226,1,R,CLSI,,3.0,0.0,1.0,1.0,0.0,3.0,0.0,1.0,1.0,0.0,3.0,0.0,1.0,1.0,0.0,5.0,0.0,1.0,1.0,0.0,7.0,0.0,1.0,1.0,0.0,6.0,0.0,1.0,1.0,0.0,5.0,0.0,1.0,1.0,0.0,6.0,0.0,1.0,1.0,0.0,5.0,0.0,0.0,0.0,0.0,3.0,0.0,0.0,0.0,0.0,4.0,0.0,1.0,1.0,0.0,3.0,0.0,1.0,1.0,0.0,3.0,0.0,1.0,1.0,0.0,0.0,0.0,0.0,0.0,0.0,0.0,1.0,0.0,1.0,0.0,15,unknown,G114
PRJNA288601,Klebsiella pneumoniae,USA,2014-05-06,,,Homo sapiens,unknown,unknown,unknown,unknown,unknown,not_curated,,,,SAMN05170230,1,R,CLSI,,2.0,0.0,1.0,0.0,0.0,3.0,0.0,1.0,1.0,0.0,0.0,1.0,0.0,0.0,0.0,5.0,0.0,1.0,1.0,0.0,7.0,0.0,1.0,1.0,0.0,6.0,0.0,1.0,1.0,0.0,5.0,0.0,1.0,1.0,0.0,6.0,0.0,1.0,1.0,0.0,3.0,1.0,0.0,1.0,0.0,4.0,0.0,1.0,0.0,0.0,4.0,0.0,1.0,1.0,0.0,3.0,0.0,1.0,1.0,0.0,3.0,0.0,1.0,1.0,0.0,-1.0,0.0,0.0,0.0,0.0,1.0,1.0,0.0,0.0,0.0,15,unknown,G115
PRJNA288601,Klebsiella pneumoniae,USA,2014-06-04,,,Homo sapiens,unknown,unknown,unknown,unknown,unknown,not_curated,,,,SAMN05170239,1,R,CLSI,,2.0,0.0,1.0,0.0,0.0,3.0,0.0,1.0,1.0,0.0,1.0,0.0,0.0,0.0,0.0,5.0,0.0,1.0,1.0,0.0,7.0,0.0,1.0,1.0,0.0,6.0,0.0,1.0,1.0,0.0,5.0,0.0,1.0,1.0,0.0,6.0,0.0,1.0,1.0,0.0,1.0,1.0,0.0,1.0,0.0,2.0,1.0,0.0,0.0,0.0,4.0,0.0,1.0,0.0,0.0,2.0,0.0,1.0,0.0,0.0,2.0,0.0,0.0,0.0,0.0,1.0,0.0,0.0,0.0,0.0,3.0,0.0,1.0,0.0,0.0,15,unknown,G116
PRJNA288601,Klebsiella pneumoniae,USA,2014-06-04,,,Homo sapiens,unknown,unknown,unknown,unknown,unknown,not_curated,,,,SAMN05170240,1,R,CLSI,,3.0,0.0,1.0,1.0,0.0,3.0,0.0,1.0,1.0,0.0,3.0,0.0,1.0,1.0,0.0,5.0,0.0,1.0,1.0,0.0,7.0,0.0,1.0,1.0,0.0,6.0,0.0,1.0,1.0,0.0,5.0,0.0,1.0,1.0,0.0,6.0,0.0,1.0,1.0,0.0,5.0,0.0,0.0,0.0,0.0,0.0,1.0,0.0,1.0,0.0,4.0,0.0,1.0,1.0,0.0,3.0,0.0,1.0,1.0,0.0,3.0,0.0,1.0,1.0,0.0,0.0,0.0,0.0,0.0,0.0,1.0,1.0,0.0,0.0,0.0,15,unknown,G117
PRJNA288601,Klebsiella pneumoniae,USA,2014-06-09,,,Homo sapiens,unknown,unknown,unknown,unknown,unknown,not_curated,,,,SAMN05170242,1,R,CLSI,,2.0,0.0,1.0,0.0,0.0,3.0,0.0,1.0,1.0,0.0,2.0,0.0,1.0,0.0,0.0,4.0,0.0,1.0,0.0,0.0,6.0,0.0,1.0,1.0,0.0,6.0,0.0,1.0,1.0,0.0,5.0,0.0,1.0,1.0,0.0,6.0,0.0,1.0,1.0,0.0,0.0,1.0,0.0,1.0,0.0,4.0,0.0,1.0,0.0,0.0,4.0,0.0,1.0,1.0,0.0,3.0,0.0,1.0,1.0,0.0,3.0,0.0,1.0,1.0,0.0,3.0,0.0,0.0,0.0,0.0,1.0,1.0,0.0,0.0,0.0,15,unknown,G118
PRJNA288601,Klebsiella pneumoniae,USA,2014-06-09,,,Homo sapiens,unknown,unknown,unknown,unknown,unknown,not_curated,,,,SAMN05170243,1,R,CLSI,,3.0,0.0,1.0,1.0,0.0,3.0,0.0,1.0,1.0,0.0,3.0,0.0,1.0,1.0,0.0,5.0,0.0,1.0,1.0,0.0,7.0,0.0,1.0,1.0,0.0,6.0,0.0,1.0,1.0,0.0,5.0,0.0,1.0,1.0,0.0,6.0,0.0,1.0,1.0,0.0,0.0,1.0,0.0,1.0,0.0,4.0,0.0,1.0,0.0,0.0,4.0,0.0,1.0,1.0,0.0,3.0,0.0,1.0,1.0,0.0,3.0,0.0,1.0,1.0,0.0,3.0,0.0,0.0,0.0,0.0,0.0,1.0,0.0,1.0,0.0,15,unknown,G119
PRJNA288601,Klebsiella pneumoniae,USA,2014-06-09,,,Homo sapiens,unknown,unknown,unknown,unknown,unknown,not_curated,,,,SAMN05170245,1,R,CLSI,,4.0,0.0,1.0,1.0,0.0,3.0,0.0,1.0,1.0,0.0,3.0,0.0,1.0,1.0,0.0,5.0,0.0,1.0,1.0,0.0,6.0,0.0,1.0,1.0,0.0,6.0,0.0,1.0,1.0,0.0,5.0,0.0,1.0,1.0,0.0,6.0,0.0,1.0,1.0,0.0,4.0,1.0,0.0,0.0,0.0,4.0,0.0,1.0,1.0,0.0,4.0,0.0,1.0,1.0,0.0,3.0,0.0,1.0,1.0,0.0,3.0,0.0,1.0,1.0,0.0,-1.0,0.0,0.0,0.0,0.0,0.0,1.0,0.0,1.0,0.0,15,unknown,G120
PRJNA288601,Klebsiella pneumoniae,USA,2014-06-09,,,Homo sapiens,unknown,unknown,unknown,unknown,unknown,not_curated,,,,SAMN05170246,1,R,CLSI,,2.0,0.0,1.0,0.0,0.0,3.0,0.0,1.0,1.0,0.0,1.0,0.0,0.0,0.0,0.0,5.0,0.0,1.0,1.0,0.0,6.0,0.0,1.0,1.0,0.0,6.0,0.0,1.0,1.0,0.0,5.0,0.0,1.0,1.0,0.0,6.0,0.0,1.0,1.0,0.0,1.0,1.0,0.0,1.0,0.0,-1.0,1.0,0.0,1.0,0.0,4.0,0.0,1.0,0.0,0.0,3.0,0.0,1.0,1.0,0.0,3.0,0.0,1.0,1.0,0.0,-1.0,0.0,0.0,0.0,0.0,-1.0,1.0,0.0,1.0,0.0,15,unknown,G121
PRJNA288601,Klebsiella pneumoniae,USA,2014-06-09,,,Homo sapiens,unknown,unknown,unknown,unknown,unknown,not_curated,,,,SAMN05170247,0,S,CLSI,,-1.0,1.0,0.0,1.0,0.0,-3.0588936890535687,1.0,0.0,1.0,0.0,-3.0588936890535687,1.0,0.0,1.0,0.0,0.0,1.0,0.0,1.0,0.0,2.0,1.0,0.0,0.0,0.0,-1.0,1.0,0.0,1.0,0.0,0.0,1.0,0.0,1.0,0.0,1.0,1.0,0.0,1.0,0.0,5.0,0.0,0.0,0.0,0.0,0.0,1.0,0.0,1.0,0.0,4.0,0.0,1.0,0.0,0.0,3.0,0.0,1.0,1.0,0.0,3.0,0.0,1.0,1.0,0.0,0.0,0.0,0.0,0.0,0.0,0.0,1.0,0.0,1.0,0.0,15,unknown,G122
PRJNA288601,Klebsiella pneumoniae,USA,2014-06-09,,,Homo sapiens,unknown,unknown,unknown,unknown,unknown,not_curated,,,,SAMN05170248,1,R,CLSI,,4.0,0.0,1.0,1.0,0.0,3.0,0.0,1.0,1.0,0.0,3.0,0.0,1.0,1.0,0.0,5.0,0.0,1.0,1.0,0.0,7.0,0.0,1.0,1.0,0.0,6.0,0.0,1.0,1.0,0.0,5.0,0.0,1.0,1.0,0.0,6.0,0.0,1.0,1.0,0.0,5.0,0.0,0.0,0.0,0.0,4.0,0.0,1.0,1.0,0.0,4.0,0.0,1.0,1.0,0.0,3.0,0.0,1.0,1.0,0.0,3.0,0.0,1.0,1.0,0.0,0.0,0.0,0.0,0.0,0.0,1.0,1.0,0.0,0.0,0.0,15,unknown,G123
PRJNA288601,Klebsiella pneumoniae,USA,2014-06-09,,,Homo sapiens,unknown,unknown,unknown,unknown,unknown,not_curated,,,,SAMN05170249,1,R,CLSI,,2.0,0.0,1.0,0.0,0.0,3.0,0.0,1.0,1.0,0.0,2.0,0.0,1.0,0.0,0.0,5.0,0.0,1.0,1.0,0.0,5.0,0.0,1.0,1.0,0.0,6.0,0.0,1.0,1.0,0.0,5.0,0.0,1.0,1.0,0.0,6.0,0.0,1.0,1.0,0.0,0.0,1.0,0.0,1.0,0.0,-2.0,1.0,0.0,1.0,0.0,-1.0,1.0,0.0,1.0,0.0,-1.0,1.0,0.0,1.0,0.0,-3.0588936890535687,1.0,0.0,1.0,0.0,0.0,0.0,0.0,0.0,0.0,-1.0,1.0,0.0,1.0,0.0,15,unknown,G124
PRJNA288601,Klebsiella pneumoniae,USA,2014-06-09,,,Homo sapiens,unknown,unknown,unknown,unknown,unknown,not_curated,,,,SAMN05170251,1,R,CLSI,,4.0,0.0,1.0,1.0,0.0,3.0,0.0,1.0,1.0,0.0,3.0,0.0,1.0,1.0,0.0,5.0,0.0,1.0,1.0,0.0,6.0,0.0,1.0,1.0,0.0,6.0,0.0,1.0,1.0,0.0,5.0,0.0,1.0,1.0,0.0,6.0,0.0,1.0,1.0,0.0,5.0,0.0,0.0,0.0,0.0,4.0,0.0,1.0,0.0,0.0,4.0,0.0,1.0,1.0,0.0,3.0,0.0,1.0,1.0,0.0,3.0,0.0,1.0,1.0,0.0,-1.0,0.0,0.0,0.0,0.0,0.0,1.0,0.0,1.0,0.0,15,unknown,G125
PRJNA288601,Klebsiella pneumoniae,USA,2014-06-09,,,Homo sapiens,unknown,unknown,unknown,unknown,unknown,not_curated,,,,SAMN05170252,1,R,CLSI,,4.0,0.0,1.0,1.0,0.0,3.0,0.0,1.0,1.0,0.0,3.0,0.0,1.0,1.0,0.0,5.0,0.0,1.0,1.0,0.0,7.0,0.0,1.0,1.0,0.0,6.0,0.0,1.0,1.0,0.0,5.0,0.0,1.0,1.0,0.0,6.0,0.0,1.0,1.0,0.0,3.0,1.0,0.0,1.0,0.0,3.0,0.0,0.0,0.0,0.0,4.0,0.0,1.0,1.0,0.0,3.0,0.0,1.0,1.0,0.0,3.0,0.0,1.0,1.0,0.0,-1.0,0.0,0.0,0.0,0.0,3.0,0.0,1.0,0.0,0.0,15,unknown,G126
PRJNA288601,Klebsiella pneumoniae,USA,2014-06-09,,,Homo sapiens,unknown,unknown,unknown,unknown,unknown,not_curated,,,,SAMN05170253,0,S,CLSI,,1.0,0.0,0.0,0.0,0.0,1.0,0.0,1.0,0.0,0.0,-1.0,1.0,0.0,1.0,0.0,5.0,0.0,1.0,1.0,0.0,7.0,0.0,1.0,1.0,0.0,6.0,0.0,1.0,1.0,0.0,5.0,0.0,1.0,1.0,0.0,6.0,0.0,1.0,1.0,0.0,2.0,1.0,0.0,1.0,0.0,4.0,0.0,1.0,1.0,0.0,4.0,0.0,1.0,1.0,0.0,3.0,0.0,1.0,1.0,0.0,3.0,0.0,1.0,0.0,0.0,-1.0,0.0,0.0,0.0,0.0,1.0,1.0,0.0,0.0,0.0,15,unknown,G127
PRJNA288601,Klebsiella pneumoniae,USA,2014-06-09,,,Homo sapiens,unknown,unknown,unknown,unknown,unknown,not_curated,,,,SAMN05170254,0,S,CLSI,,-1.0,1.0,0.0,1.0,0.0,-3.0588936890535687,1.0,0.0,1.0,0.0,-3.0588936890535687,1.0,0.0,1.0,0.0,-1.0,1.0,0.0,1.0,0.0,5.0,0.0,1.0,1.0,0.0,2.0,0.0,1.0,0.0,0.0,3.0,0.0,1.0,1.0,0.0,6.0,0.0,1.0,1.0,0.0,0.0,1.0,0.0,1.0,0.0,-2.0,1.0,0.0,1.0,0.0,-1.0,1.0,0.0,1.0,0.0,2.0,0.0,1.0,0.0,0.0,1.0,1.0,0.0,0.0,0.0,-1.0,0.0,0.0,0.0,0.0,1.0,1.0,0.0,0.0,0.0,15,unknown,G128
PRJNA288601,Klebsiella pneumoniae,USA,2014-06-09,,,Homo sapiens,unknown,unknown,unknown,unknown,unknown,not_curated,,,,SAMN05170255,1,R,CLSI,,4.0,0.0,1.0,1.0,0.0,3.0,0.0,1.0,1.0,0.0,3.0,0.0,1.0,1.0,0.0,5.0,0.0,1.0,1.0,0.0,7.0,0.0,1.0,1.0,0.0,6.0,0.0,1.0,1.0,0.0,5.0,0.0,1.0,1.0,0.0,6.0,0.0,1.0,1.0,0.0,0.0,1.0,0.0,1.0,0.0,4.0,0.0,1.0,0.0,0.0,4.0,0.0,1.0,1.0,0.0,3.0,0.0,1.0,1.0,0.0,3.0,0.0,1.0,1.0,0.0,3.0,0.0,0.0,0.0,0.0,1.0,1.0,0.0,0.0,0.0,15,unknown,G129
PRJNA288601,Klebsiella pneumoniae,USA,2014-08-06,,,Homo sapiens,unknown,unknown,unknown,unknown,unknown,not_curated,,,,SAMN05170256,1,R,CLSI,,4.0,0.0,1.0,1.0,0.0,3.0,0.0,1.0,1.0,0.0,3.0,0.0,1.0,1.0,0.0,5.0,0.0,1.0,1.0,0.0,7.0,0.0,1.0,1.0,0.0,6.0,0.0,1.0,1.0,0.0,5.0,0.0,1.0,1.0,0.0,6.0,0.0,1.0,1.0,0.0,4.0,1.0,0.0,0.0,0.0,-1.0,1.0,0.0,1.0,0.0,4.0,0.0,1.0,0.0,0.0,3.0,0.0,1.0,1.0,0.0,3.0,0.0,1.0,1.0,0.0,-1.0,0.0,0.0,0.0,0.0,0.0,1.0,0.0,1.0,0.0,15,unknown,G130
PRJNA288601,Klebsiella pneumoniae,USA,2014-08-06,,,Homo sapiens,unknown,unknown,unknown,unknown,unknown,not_curated,,,,SAMN05170258,1,R,CLSI,,6.0,0.0,1.0,1.0,0.0,3.0,0.0,1.0,1.0,0.0,3.0,0.0,1.0,1.0,0.0,5.0,0.0,1.0,1.0,0.0,7.0,0.0,1.0,1.0,0.0,6.0,0.0,1.0,1.0,0.0,5.0,0.0,1.0,1.0,0.0,6.0,0.0,1.0,1.0,0.0,5.0,0.0,0.0,0.0,0.0,0.0,1.0,0.0,1.0,0.0,4.0,0.0,1.0,0.0,0.0,3.0,0.0,1.0,1.0,0.0,3.0,0.0,1.0,1.0,0.0,3.0,0.0,0.0,0.0,0.0,0.0,1.0,0.0,1.0,0.0,15,unknown,G131
PRJNA288601,Klebsiella pneumoniae,USA,2014-08-06,,,Homo sapiens,unknown,unknown,unknown,unknown,unknown,not_curated,,,,SAMN05170263,1,R,CLSI,,6.0,0.0,1.0,1.0,0.0,3.0,0.0,1.0,1.0,0.0,3.0,0.0,1.0,1.0,0.0,5.0,0.0,1.0,1.0,0.0,7.0,0.0,1.0,1.0,0.0,6.0,0.0,1.0,1.0,0.0,5.0,0.0,1.0,1.0,0.0,6.0,0.0,1.0,1.0,0.0,0.0,1.0,0.0,1.0,0.0,4.0,0.0,1.0,0.0,0.0,4.0,0.0,1.0,0.0,0.0,3.0,0.0,1.0,1.0,0.0,3.0,0.0,1.0,1.0,0.0,-1.0,0.0,0.0,0.0,0.0,1.0,1.0,0.0,0.0,0.0,15,unknown,G132
PRJNA288601,Klebsiella pneumoniae,USA,2014-08-06,,,Homo sapiens,unknown,unknown,unknown,unknown,unknown,not_curated,,,,SAMN05170264,1,R,CLSI,,6.0,0.0,1.0,1.0,0.0,3.0,0.0,1.0,1.0,0.0,3.0,0.0,1.0,1.0,0.0,5.0,0.0,1.0,1.0,0.0,7.0,0.0,1.0,1.0,0.0,6.0,0.0,1.0,1.0,0.0,5.0,0.0,1.0,1.0,0.0,6.0,0.0,1.0,1.0,0.0,4.0,1.0,0.0,0.0,0.0,0.0,1.0,0.0,1.0,0.0,4.0,0.0,1.0,0.0,0.0,3.0,0.0,1.0,1.0,0.0,3.0,0.0,1.0,1.0,0.0,-1.0,0.0,0.0,0.0,0.0,0.0,1.0,0.0,1.0,0.0,15,unknown,G133
PRJNA288601,Klebsiella pneumoniae,USA,2014-08-06,,,Homo sapiens,unknown,unknown,unknown,unknown,unknown,not_curated,,,,SAMN05170265,1,R,CLSI,,4.0,0.0,1.0,1.0,0.0,3.0,0.0,1.0,1.0,0.0,3.0,0.0,1.0,1.0,0.0,5.0,0.0,1.0,1.0,0.0,7.0,0.0,1.0,1.0,0.0,6.0,0.0,1.0,1.0,0.0,5.0,0.0,1.0,1.0,0.0,6.0,0.0,1.0,1.0,0.0,5.0,0.0,0.0,0.0,0.0,0.0,1.0,0.0,1.0,0.0,4.0,0.0,1.0,0.0,0.0,3.0,0.0,1.0,1.0,0.0,3.0,0.0,1.0,1.0,0.0,-1.0,0.0,0.0,0.0,0.0,0.0,1.0,0.0,1.0,0.0,15,unknown,G134
PRJNA288601,Klebsiella pneumoniae,USA,2014-08-06,,,Homo sapiens,unknown,unknown,unknown,unknown,unknown,not_curated,,,,SAMN05170266,1,R,CLSI,,2.0,0.0,1.0,0.0,0.0,3.0,0.0,1.0,1.0,0.0,2.0,0.0,1.0,0.0,0.0,4.0,0.0,1.0,0.0,0.0,6.0,0.0,1.0,1.0,0.0,3.0,0.0,1.0,1.0,0.0,5.0,0.0,1.0,1.0,0.0,6.0,0.0,1.0,1.0,0.0,0.0,1.0,0.0,1.0,0.0,-2.0,1.0,0.0,1.0,0.0,-1.0,1.0,0.0,1.0,0.0,3.0,0.0,1.0,1.0,0.0,3.0,0.0,1.0,1.0,0.0,-1.0,0.0,0.0,0.0,0.0,0.0,1.0,0.0,1.0,0.0,15,unknown,G135
PRJNA288601,Klebsiella pneumoniae,USA,2014-08-11,,,Homo sapiens,unknown,unknown,unknown,unknown,unknown,not_curated,,,,SAMN05170276,1,R,CLSI,,0.0,1.0,0.0,0.0,0.0,3.0,0.0,1.0,1.0,0.0,1.0,0.0,0.0,0.0,0.0,5.0,0.0,1.0,1.0,0.0,7.0,0.0,1.0,1.0,0.0,6.0,0.0,1.0,1.0,0.0,5.0,0.0,1.0,1.0,0.0,6.0,0.0,1.0,1.0,0.0,2.0,1.0,0.0,1.0,0.0,4.0,0.0,1.0,1.0,0.0,4.0,0.0,1.0,1.0,0.0,3.0,0.0,1.0,1.0,0.0,3.0,0.0,1.0,1.0,0.0,0.0,0.0,0.0,0.0,0.0,3.0,0.0,1.0,0.0,0.0,15,unknown,G136
PRJNA288601,Klebsiella pneumoniae,USA,2014-08-11,,,Homo sapiens,unknown,unknown,unknown,unknown,unknown,not_curated,,,,SAMN05170277,0,S,CLSI,,0.0,1.0,0.0,0.0,0.0,2.0,0.0,1.0,1.0,0.0,1.0,0.0,0.0,0.0,0.0,5.0,0.0,1.0,1.0,0.0,7.0,0.0,1.0,1.0,0.0,6.0,0.0,1.0,1.0,0.0,5.0,0.0,1.0,1.0,0.0,6.0,0.0,1.0,1.0,0.0,2.0,1.0,0.0,1.0,0.0,3.0,0.0,0.0,0.0,0.0,4.0,0.0,1.0,0.0,0.0,3.0,0.0,1.0,1.0,0.0,3.0,0.0,1.0,0.0,0.0,3.0,0.0,0.0,0.0,0.0,1.0,1.0,0.0,0.0,0.0,15,unknown,G137
PRJNA288601,Klebsiella pneumoniae,USA,2014-08-12,,,Homo sapiens,unknown,unknown,unknown,unknown,unknown,not_curated,,,,SAMN05170279,1,R,CLSI,,4.0,0.0,1.0,1.0,0.0,3.0,0.0,1.0,1.0,0.0,3.0,0.0,1.0,1.0,0.0,5.0,0.0,1.0,1.0,0.0,7.0,0.0,1.0,1.0,0.0,6.0,0.0,1.0,1.0,0.0,5.0,0.0,1.0,1.0,0.0,6.0,0.0,1.0,1.0,0.0,3.0,1.0,0.0,1.0,0.0,3.0,0.0,0.0,0.0,0.0,4.0,0.0,1.0,0.0,0.0,3.0,0.0,1.0,1.0,0.0,3.0,0.0,1.0,1.0,0.0,-1.0,0.0,0.0,0.0,0.0,1.0,1.0,0.0,0.0,0.0,15,unknown,G138
PRJNA288601,Klebsiella pneumoniae,USA,2014-08-12,,,Homo sapiens,unknown,unknown,unknown,unknown,unknown,not_curated,,,,SAMN05170284,1,R,CLSI,,3.0,0.0,1.0,1.0,0.0,3.0,0.0,1.0,1.0,0.0,1.0,0.0,0.0,0.0,0.0,4.0,0.0,1.0,0.0,0.0,7.0,0.0,1.0,1.0,0.0,6.0,0.0,1.0,1.0,0.0,5.0,0.0,1.0,1.0,0.0,6.0,0.0,1.0,1.0,0.0,5.0,0.0,0.0,0.0,0.0,1.0,1.0,0.0,1.0,0.0,4.0,0.0,1.0,1.0,0.0,3.0,0.0,1.0,1.0,0.0,3.0,0.0,1.0,1.0,0.0,0.0,0.0,0.0,0.0,0.0,1.0,1.0,0.0,0.0,0.0,15,unknown,G139
PRJNA288601,Klebsiella pneumoniae,USA,2014-08-12,,,Homo sapiens,unknown,unknown,unknown,unknown,unknown,not_curated,,,,SAMN05170285,0,S,CLSI,,2.0,0.0,1.0,0.0,0.0,2.0,0.0,1.0,1.0,0.0,0.0,1.0,0.0,0.0,0.0,4.0,0.0,1.0,0.0,0.0,7.0,0.0,1.0,1.0,0.0,6.0,0.0,1.0,1.0,0.0,5.0,0.0,1.0,1.0,0.0,6.0,0.0,1.0,1.0,0.0,0.0,1.0,0.0,1.0,0.0,-2.0,1.0,0.0,1.0,0.0,-1.0,1.0,0.0,1.0,0.0,3.0,0.0,1.0,1.0,0.0,3.0,0.0,1.0,1.0,0.0,2.0,0.0,0.0,0.0,0.0,-1.0,1.0,0.0,1.0,0.0,15,unknown,G140
PRJNA288601,Klebsiella pneumoniae,USA,2014-08-13,,,Homo sapiens,unknown,unknown,unknown,unknown,unknown,not_curated,,,,SAMN05170302,0,S,CLSI,,-1.0,1.0,0.0,1.0,0.0,-3.0588936890535687,1.0,0.0,1.0,0.0,-3.0588936890535687,1.0,0.0,1.0,0.0,-1.0,1.0,0.0,1.0,0.0,0.0,1.0,0.0,1.0,0.0,-1.0,1.0,0.0,1.0,0.0,0.0,1.0,0.0,1.0,0.0,1.0,1.0,0.0,1.0,0.0,0.0,1.0,0.0,1.0,0.0,-2.0,1.0,0.0,1.0,0.0,-1.0,1.0,0.0,1.0,0.0,-2.0,1.0,0.0,1.0,0.0,-3.0588936890535687,1.0,0.0,1.0,0.0,-1.0,0.0,0.0,0.0,0.0,-1.0,1.0,0.0,1.0,0.0,15,unknown,G141
PRJNA288601,Klebsiella pneumoniae,USA,2014-09-10,,,Homo sapiens,unknown,unknown,unknown,unknown,unknown,not_curated,,,,SAMN05170306,1,R,CLSI,,3.0,0.0,1.0,1.0,0.0,3.0,0.0,1.0,1.0,0.0,2.0,0.0,1.0,0.0,0.0,4.0,0.0,1.0,0.0,0.0,7.0,0.0,1.0,1.0,0.0,6.0,0.0,1.0,1.0,0.0,5.0,0.0,1.0,1.0,0.0,6.0,0.0,1.0,1.0,0.0,3.0,1.0,0.0,1.0,0.0,4.0,0.0,1.0,1.0,0.0,4.0,0.0,1.0,1.0,0.0,3.0,0.0,1.0,1.0,0.0,3.0,0.0,1.0,1.0,0.0,-2.0,0.0,0.0,0.0,0.0,-1.0,1.0,0.0,1.0,0.0,15,unknown,G142
PRJNA288601,Klebsiella pneumoniae,USA,2014-09-10,,,Homo sapiens,unknown,unknown,unknown,unknown,unknown,not_curated,,,,SAMN05170307,1,R,CLSI,,3.0,0.0,1.0,1.0,0.0,3.0,0.0,1.0,1.0,0.0,3.0,0.0,1.0,1.0,0.0,5.0,0.0,1.0,1.0,0.0,7.0,0.0,1.0,1.0,0.0,6.0,0.0,1.0,1.0,0.0,5.0,0.0,1.0,1.0,0.0,6.0,0.0,1.0,1.0,0.0,0.0,1.0,0.0,1.0,0.0,-2.0,1.0,0.0,1.0,0.0,-1.0,1.0,0.0,1.0,0.0,3.0,0.0,1.0,1.0,0.0,3.0,0.0,1.0,1.0,0.0,-1.0,0.0,0.0,0.0,0.0,1.0,1.0,0.0,0.0,0.0,15,unknown,G143
PRJNA288601,Klebsiella pneumoniae,USA,2014-09-10,,,Homo sapiens,unknown,unknown,unknown,unknown,unknown,not_curated,,,,SAMN05170308,1,R,CLSI,,2.0,0.0,1.0,0.0,0.0,3.0,0.0,1.0,1.0,0.0,2.0,0.0,1.0,0.0,0.0,5.0,0.0,1.0,1.0,0.0,6.0,0.0,1.0,1.0,0.0,6.0,0.0,1.0,1.0,0.0,5.0,0.0,1.0,1.0,0.0,6.0,0.0,1.0,1.0,0.0,0.0,1.0,0.0,1.0,0.0,4.0,0.0,1.0,0.0,0.0,4.0,0.0,1.0,1.0,0.0,3.0,0.0,1.0,1.0,0.0,3.0,0.0,1.0,1.0,0.0,,0.0,0.0,0.0,1.0,-1.0,1.0,0.0,1.0,0.0,14,unknown,G144
PRJNA288601,Klebsiella pneumoniae,USA,2014-09-10,,,Homo sapiens,unknown,unknown,unknown,unknown,unknown,not_curated,,,,SAMN05170309,1,R,CLSI,,2.0,0.0,1.0,0.0,0.0,3.0,0.0,1.0,1.0,0.0,1.0,0.0,0.0,0.0,0.0,5.0,0.0,1.0,1.0,0.0,7.0,0.0,1.0,1.0,0.0,6.0,0.0,1.0,1.0,0.0,5.0,0.0,1.0,1.0,0.0,6.0,0.0,1.0,1.0,0.0,1.0,1.0,0.0,1.0,0.0,4.0,0.0,1.0,1.0,0.0,4.0,0.0,1.0,0.0,0.0,3.0,0.0,1.0,1.0,0.0,3.0,0.0,1.0,1.0,0.0,-1.0,0.0,0.0,0.0,0.0,1.0,1.0,0.0,0.0,0.0,15,unknown,G145
PRJNA288601,Klebsiella pneumoniae,USA,2014-09-10,,,Homo sapiens,unknown,unknown,unknown,unknown,unknown,not_curated,,,,SAMN05170310,1,R,CLSI,,2.0,0.0,1.0,0.0,0.0,3.0,0.0,1.0,1.0,0.0,2.0,0.0,1.0,0.0,0.0,5.0,0.0,1.0,1.0,0.0,7.0,0.0,1.0,1.0,0.0,6.0,0.0,1.0,1.0,0.0,5.0,0.0,1.0,1.0,0.0,6.0,0.0,1.0,1.0,0.0,0.0,1.0,0.0,1.0,0.0,-1.0,1.0,0.0,1.0,0.0,1.0,1.0,0.0,1.0,0.0,2.0,0.0,1.0,0.0,0.0,0.0,1.0,0.0,1.0,0.0,-1.0,0.0,0.0,0.0,0.0,0.0,1.0,0.0,1.0,0.0,15,unknown,G146
PRJNA288601,Klebsiella pneumoniae,USA,2014-09-10,,,Homo sapiens,unknown,unknown,unknown,unknown,unknown,not_curated,,,,SAMN05170311,1,R,CLSI,,4.0,0.0,1.0,1.0,0.0,3.0,0.0,1.0,1.0,0.0,3.0,0.0,1.0,1.0,0.0,5.0,0.0,1.0,1.0,0.0,7.0,0.0,1.0,1.0,0.0,6.0,0.0,1.0,1.0,0.0,5.0,0.0,1.0,1.0,0.0,6.0,0.0,1.0,1.0,0.0,0.0,1.0,0.0,1.0,0.0,-2.0,1.0,0.0,1.0,0.0,-1.0,1.0,0.0,1.0,0.0,3.0,0.0,1.0,1.0,0.0,3.0,0.0,1.0,1.0,0.0,-1.0,0.0,0.0,0.0,0.0,-1.0,1.0,0.0,1.0,0.0,15,unknown,G147
PRJNA288601,Klebsiella pneumoniae,USA,2014-09-10,,,Homo sapiens,unknown,unknown,unknown,unknown,unknown,not_curated,,,,SAMN05170313,1,R,CLSI,,2.0,0.0,1.0,0.0,0.0,3.0,0.0,1.0,1.0,0.0,2.0,0.0,1.0,0.0,0.0,2.0,0.0,0.0,0.0,0.0,4.0,0.0,1.0,0.0,0.0,4.0,0.0,1.0,1.0,0.0,5.0,0.0,1.0,1.0,0.0,6.0,0.0,1.0,1.0,0.0,1.0,1.0,0.0,1.0,0.0,-2.0,1.0,0.0,1.0,0.0,-1.0,1.0,0.0,1.0,0.0,-2.0,1.0,0.0,1.0,0.0,-2.0,1.0,0.0,1.0,0.0,-1.0,0.0,0.0,0.0,0.0,1.0,1.0,0.0,0.0,0.0,15,unknown,G148
PRJNA288601,Klebsiella pneumoniae,USA,2014-09-10,,,Homo sapiens,unknown,unknown,unknown,unknown,unknown,not_curated,,,,SAMN05170315,1,R,CLSI,,4.0,0.0,1.0,1.0,0.0,3.0,0.0,1.0,1.0,0.0,3.0,0.0,1.0,1.0,0.0,5.0,0.0,1.0,1.0,0.0,7.0,0.0,1.0,1.0,0.0,6.0,0.0,1.0,1.0,0.0,5.0,0.0,1.0,1.0,0.0,6.0,0.0,1.0,1.0,0.0,5.0,0.0,0.0,0.0,0.0,4.0,0.0,1.0,1.0,0.0,4.0,0.0,1.0,1.0,0.0,3.0,0.0,1.0,1.0,0.0,3.0,0.0,1.0,1.0,0.0,-1.0,0.0,0.0,0.0,0.0,-1.0,1.0,0.0,1.0,0.0,15,unknown,G149
PRJNA288601,Klebsiella pneumoniae,USA,2014-09-10,,,Homo sapiens,unknown,unknown,unknown,unknown,unknown,not_curated,,,,SAMN05170316,1,R,CLSI,,6.0,0.0,1.0,1.0,0.0,3.0,0.0,1.0,1.0,0.0,3.0,0.0,1.0,1.0,0.0,5.0,0.0,1.0,1.0,0.0,7.0,0.0,1.0,1.0,0.0,6.0,0.0,1.0,1.0,0.0,5.0,0.0,1.0,1.0,0.0,6.0,0.0,1.0,1.0,0.0,5.0,0.0,0.0,0.0,0.0,4.0,0.0,1.0,1.0,0.0,4.0,0.0,1.0,1.0,0.0,3.0,0.0,1.0,1.0,0.0,3.0,0.0,1.0,1.0,0.0,-2.0,0.0,0.0,0.0,0.0,-1.0,1.0,0.0,1.0,0.0,15,unknown,G150
PRJNA288601,Klebsiella pneumoniae,USA,2014-11-05,,,Homo sapiens,unknown,unknown,unknown,unknown,unknown,not_curated,,,,SAMN05170321,1,R,CLSI,,6.0,0.0,1.0,1.0,0.0,3.0,0.0,1.0,1.0,0.0,3.0,0.0,1.0,1.0,0.0,5.0,0.0,1.0,1.0,0.0,7.0,0.0,1.0,1.0,0.0,6.0,0.0,1.0,1.0,0.0,5.0,0.0,1.0,1.0,0.0,6.0,0.0,1.0,1.0,0.0,5.0,0.0,0.0,0.0,0.0,0.0,1.0,0.0,1.0,0.0,4.0,0.0,1.0,0.0,0.0,3.0,0.0,1.0,1.0,0.0,3.0,0.0,1.0,1.0,0.0,-1.0,0.0,0.0,0.0,0.0,0.0,1.0,0.0,1.0,0.0,15,unknown,G151
PRJNA288601,Klebsiella pneumoniae,USA,2014-11-05,,,Homo sapiens,unknown,unknown,unknown,unknown,unknown,not_curated,,,,SAMN05170322,1,R,CLSI,,4.0,0.0,1.0,1.0,0.0,3.0,0.0,1.0,1.0,0.0,3.0,0.0,1.0,1.0,0.0,5.0,0.0,1.0,1.0,0.0,7.0,0.0,1.0,1.0,0.0,6.0,0.0,1.0,1.0,0.0,5.0,0.0,1.0,1.0,0.0,6.0,0.0,1.0,1.0,0.0,5.0,0.0,0.0,0.0,0.0,0.0,1.0,0.0,1.0,0.0,4.0,0.0,1.0,0.0,0.0,3.0,0.0,1.0,1.0,0.0,3.0,0.0,1.0,1.0,0.0,-1.0,0.0,0.0,0.0,0.0,1.0,1.0,0.0,0.0,0.0,15,unknown,G152
PRJNA288601,Klebsiella pneumoniae,USA,2014-11-05,,,Homo sapiens,unknown,unknown,unknown,unknown,unknown,not_curated,,,,SAMN05170324,1,R,CLSI,,6.0,0.0,1.0,1.0,0.0,3.0,0.0,1.0,1.0,0.0,3.0,0.0,1.0,1.0,0.0,5.0,0.0,1.0,1.0,0.0,7.0,0.0,1.0,1.0,0.0,6.0,0.0,1.0,1.0,0.0,5.0,0.0,1.0,1.0,0.0,6.0,0.0,1.0,1.0,0.0,4.0,1.0,0.0,0.0,0.0,0.0,1.0,0.0,1.0,0.0,4.0,0.0,1.0,0.0,0.0,3.0,0.0,1.0,1.0,0.0,3.0,0.0,1.0,1.0,0.0,-1.0,0.0,0.0,0.0,0.0,-1.0,1.0,0.0,1.0,0.0,15,unknown,G153
PRJNA288601,Klebsiella pneumoniae,USA,2014-11-05,,,Homo sapiens,unknown,unknown,unknown,unknown,unknown,not_curated,,,,SAMN05170325,0,S,CLSI,,-1.0,1.0,0.0,1.0,0.0,-3.0588936890535687,1.0,0.0,1.0,0.0,-3.0588936890535687,1.0,0.0,1.0,0.0,-1.0,1.0,0.0,1.0,0.0,0.0,1.0,0.0,1.0,0.0,-1.0,1.0,0.0,1.0,0.0,0.0,1.0,0.0,1.0,0.0,1.0,1.0,0.0,1.0,0.0,0.0,1.0,0.0,1.0,0.0,-2.0,1.0,0.0,1.0,0.0,-1.0,1.0,0.0,1.0,0.0,-2.0,1.0,0.0,1.0,0.0,-3.0588936890535687,1.0,0.0,1.0,0.0,1.0,0.0,0.0,0.0,0.0,1.0,1.0,0.0,0.0,0.0,15,unknown,G154
PRJNA288601,Klebsiella pneumoniae,USA,2014-11-17,,,Homo sapiens,unknown,unknown,unknown,unknown,unknown,not_curated,,,,SAMN05170329,1,R,CLSI,,6.0,0.0,1.0,1.0,0.0,3.0,0.0,1.0,1.0,0.0,3.0,0.0,1.0,1.0,0.0,5.0,0.0,1.0,1.0,0.0,7.0,0.0,1.0,1.0,0.0,6.0,0.0,1.0,1.0,0.0,5.0,0.0,1.0,1.0,0.0,6.0,0.0,1.0,1.0,0.0,2.0,1.0,0.0,1.0,0.0,-2.0,1.0,0.0,1.0,0.0,3.0,0.0,0.0,0.0,0.0,3.0,0.0,1.0,1.0,0.0,3.0,0.0,1.0,1.0,0.0,-2.0,0.0,0.0,0.0,0.0,0.0,1.0,0.0,1.0,0.0,15,unknown,G155
PRJNA288601,Klebsiella pneumoniae,USA,2014-11-17,,,Homo sapiens,unknown,unknown,unknown,unknown,unknown,not_curated,,,,SAMN05170330,1,R,CLSI,,5.0,0.0,1.0,1.0,0.0,3.0,0.0,1.0,1.0,0.0,3.0,0.0,1.0,1.0,0.0,5.0,0.0,1.0,1.0,0.0,7.0,0.0,1.0,1.0,0.0,6.0,0.0,1.0,1.0,0.0,5.0,0.0,1.0,1.0,0.0,6.0,0.0,1.0,1.0,0.0,1.0,1.0,0.0,1.0,0.0,4.0,0.0,1.0,1.0,0.0,4.0,0.0,1.0,0.0,0.0,3.0,0.0,1.0,1.0,0.0,3.0,0.0,1.0,1.0,0.0,0.0,0.0,0.0,0.0,0.0,-1.0,1.0,0.0,1.0,0.0,15,unknown,G156
PRJNA288601,Klebsiella pneumoniae,USA,2014-12-08,,,Homo sapiens,unknown,unknown,unknown,unknown,unknown,not_curated,,,,SAMN05170339,1,R,CLSI,,3.0,0.0,1.0,1.0,0.0,3.0,0.0,1.0,1.0,0.0,2.0,0.0,1.0,0.0,0.0,5.0,0.0,1.0,1.0,0.0,7.0,0.0,1.0,1.0,0.0,6.0,0.0,1.0,1.0,0.0,5.0,0.0,1.0,1.0,0.0,6.0,0.0,1.0,1.0,0.0,0.0,1.0,0.0,1.0,0.0,-2.0,1.0,0.0,1.0,0.0,3.0,0.0,0.0,0.0,0.0,3.0,0.0,1.0,1.0,0.0,3.0,0.0,1.0,1.0,0.0,-1.0,0.0,0.0,0.0,0.0,3.0,0.0,1.0,0.0,0.0,15,unknown,G157
PRJNA288601,Klebsiella pneumoniae,USA,2014-12-08,,,Homo sapiens,unknown,unknown,unknown,unknown,unknown,not_curated,,,,SAMN05170340,1,R,CLSI,,3.0,0.0,1.0,1.0,0.0,3.0,0.0,1.0,1.0,0.0,3.0,0.0,1.0,1.0,0.0,5.0,0.0,1.0,1.0,0.0,6.0,0.0,1.0,1.0,0.0,6.0,0.0,1.0,1.0,0.0,5.0,0.0,1.0,1.0,0.0,6.0,0.0,1.0,1.0,0.0,0.0,1.0,0.0,1.0,0.0,-2.0,1.0,0.0,1.0,0.0,-1.0,1.0,0.0,1.0,0.0,-1.0,1.0,0.0,1.0,0.0,0.0,1.0,0.0,1.0,0.0,-1.0,0.0,0.0,0.0,0.0,-1.0,1.0,0.0,1.0,0.0,15,unknown,G158
PRJNA288601,Klebsiella pneumoniae,USA,2014-12-08,,,Homo sapiens,unknown,unknown,unknown,unknown,unknown,not_curated,,,,SAMN05170341,1,R,CLSI,,4.0,0.0,1.0,1.0,0.0,3.0,0.0,1.0,1.0,0.0,3.0,0.0,1.0,1.0,0.0,5.0,0.0,1.0,1.0,0.0,6.0,0.0,1.0,1.0,0.0,6.0,0.0,1.0,1.0,0.0,5.0,0.0,1.0,1.0,0.0,6.0,0.0,1.0,1.0,0.0,5.0,0.0,0.0,0.0,0.0,4.0,0.0,1.0,1.0,0.0,4.0,0.0,1.0,1.0,0.0,3.0,0.0,1.0,1.0,0.0,3.0,0.0,1.0,1.0,0.0,-1.0,0.0,0.0,0.0,0.0,0.0,1.0,0.0,1.0,0.0,15,unknown,G159
PRJNA288601,Klebsiella pneumoniae,USA,2014-12-08,,,Homo sapiens,unknown,unknown,unknown,unknown,unknown,not_curated,,,,SAMN05170342,1,R,CLSI,,2.0,0.0,1.0,0.0,0.0,2.0,0.0,1.0,1.0,0.0,1.0,0.0,0.0,0.0,0.0,4.0,0.0,1.0,0.0,0.0,7.0,0.0,1.0,1.0,0.0,6.0,0.0,1.0,1.0,0.0,5.0,0.0,1.0,1.0,0.0,6.0,0.0,1.0,1.0,0.0,0.0,1.0,0.0,1.0,0.0,-2.0,1.0,0.0,1.0,0.0,-1.0,1.0,0.0,1.0,0.0,2.0,0.0,1.0,0.0,0.0,2.0,0.0,0.0,0.0,0.0,1.0,0.0,0.0,0.0,0.0,-1.0,1.0,0.0,1.0,0.0,15,unknown,G160
PRJNA288601,Klebsiella pneumoniae,USA,2014-12-08,,,Homo sapiens,unknown,unknown,unknown,unknown,unknown,not_curated,,,,SAMN05170344,1,R,CLSI,,3.0,0.0,1.0,1.0,0.0,3.0,0.0,1.0,1.0,0.0,3.0,0.0,1.0,1.0,0.0,4.0,0.0,1.0,0.0,0.0,7.0,0.0,1.0,1.0,0.0,5.0,0.0,1.0,1.0,0.0,5.0,0.0,1.0,1.0,0.0,6.0,0.0,1.0,1.0,0.0,5.0,0.0,0.0,0.0,0.0,4.0,0.0,1.0,1.0,0.0,4.0,0.0,1.0,1.0,0.0,3.0,0.0,1.0,1.0,0.0,3.0,0.0,1.0,1.0,0.0,2.0,0.0,0.0,0.0,0.0,0.0,1.0,0.0,1.0,0.0,15,unknown,G161
PRJNA288601,Klebsiella pneumoniae,USA,2014-12-08,,,Homo sapiens,unknown,unknown,unknown,unknown,unknown,not_curated,,,,SAMN05170345,1,R,CLSI,,2.0,0.0,1.0,0.0,0.0,2.0,0.0,1.0,1.0,0.0,2.0,0.0,1.0,0.0,0.0,4.0,0.0,1.0,0.0,0.0,7.0,0.0,1.0,1.0,0.0,4.0,0.0,1.0,1.0,0.0,5.0,0.0,1.0,1.0,0.0,6.0,0.0,1.0,1.0,0.0,2.0,1.0,0.0,1.0,0.0,4.0,0.0,1.0,1.0,0.0,4.0,0.0,1.0,1.0,0.0,3.0,0.0,1.0,1.0,0.0,3.0,0.0,1.0,1.0,0.0,-1.0,0.0,0.0,0.0,0.0,1.0,1.0,0.0,0.0,0.0,15,unknown,G162
PRJNA288601,Klebsiella pneumoniae,USA,2014-12-08,,,Homo sapiens,unknown,unknown,unknown,unknown,unknown,not_curated,,,,SAMN05170347,1,R,CLSI,,4.0,0.0,1.0,1.0,0.0,3.0,0.0,1.0,1.0,0.0,3.0,0.0,1.0,1.0,0.0,5.0,0.0,1.0,1.0,0.0,6.0,0.0,1.0,1.0,0.0,6.0,0.0,1.0,1.0,0.0,5.0,0.0,1.0,1.0,0.0,6.0,0.0,1.0,1.0,0.0,5.0,0.0,0.0,0.0,0.0,4.0,0.0,1.0,1.0,0.0,4.0,0.0,1.0,1.0,0.0,3.0,0.0,1.0,1.0,0.0,3.0,0.0,1.0,1.0,0.0,-2.0,0.0,0.0,0.0,0.0,-1.0,1.0,0.0,1.0,0.0,15,unknown,G163
PRJNA278886,Klebsiella pneumoniae,USA,2016,,,Homo sapiens,unknown,unknown,unknown,unknown,unknown,not_curated,,,,SAMN05194535,1,R,CLSI,,,0.0,0.0,0.0,1.0,,0.0,0.0,0.0,1.0,,0.0,0.0,0.0,1.0,6.0,0.0,1.0,0.0,0.0,6.0,0.0,1.0,0.0,0.0,,0.0,0.0,0.0,1.0,6.0,0.0,1.0,0.0,0.0,,0.0,0.0,0.0,1.0,4.0,0.0,0.0,0.0,0.0,4.0,0.0,1.0,0.0,0.0,4.0,0.0,1.0,0.0,0.0,2.0,0.0,1.0,0.0,0.0,3.0,0.0,1.0,0.0,0.0,,0.0,0.0,0.0,1.0,,0.0,0.0,0.0,1.0,8,unknown,G164
PRJNA308116,Klebsiella pneumoniae,Pakistan,2013,,,Homo sapiens,unknown,unknown,unknown,unknown,unknown,not_curated,,,,SAMN05213494,1,R,CLSI,,3.0,0.0,0.0,0.0,0.0,3.0,0.0,1.0,1.0,0.0,3.0,0.0,1.0,1.0,0.0,5.0,0.0,1.0,1.0,0.0,7.0,0.0,1.0,1.0,0.0,6.0,0.0,1.0,1.0,0.0,5.0,0.0,1.0,1.0,0.0,6.0,0.0,1.0,1.0,0.0,6.0,0.0,1.0,1.0,0.0,4.0,0.0,1.0,1.0,0.0,4.0,0.0,1.0,1.0,0.0,3.0,0.0,1.0,1.0,0.0,3.0,0.0,1.0,1.0,0.0,3.0,0.0,1.0,1.0,0.0,0.0,0.0,0.0,0.0,0.0,15,unknown,G165
PRJNA308116,Klebsiella pneumoniae,Pakistan,2013,,,Homo sapiens,unknown,unknown,unknown,unknown,unknown,not_curated,,,,SAMN05213495,1,R,CLSI,,2.0,0.0,0.0,0.0,0.0,3.0,0.0,0.0,0.0,0.0,3.0,0.0,0.0,0.0,0.0,5.0,0.0,1.0,1.0,0.0,7.0,0.0,1.0,1.0,0.0,6.0,0.0,1.0,1.0,0.0,5.0,0.0,1.0,1.0,0.0,5.0,0.0,0.0,0.0,0.0,6.0,0.0,1.0,1.0,0.0,4.0,0.0,1.0,1.0,0.0,4.0,0.0,1.0,1.0,0.0,3.0,0.0,1.0,1.0,0.0,2.0,0.0,0.0,0.0,0.0,3.0,0.0,1.0,1.0,0.0,-1.0,1.0,0.0,0.0,0.0,15,unknown,G166
PRJNA308116,Klebsiella pneumoniae,Pakistan,2013,,,Homo sapiens,unknown,unknown,unknown,unknown,unknown,not_curated,,,,SAMN05213496,1,R,CLSI,,4.0,0.0,0.0,0.0,0.0,3.0,0.0,1.0,1.0,0.0,3.0,0.0,1.0,1.0,0.0,5.0,0.0,1.0,1.0,0.0,7.0,0.0,1.0,1.0,0.0,6.0,0.0,1.0,1.0,0.0,5.0,0.0,1.0,1.0,0.0,6.0,0.0,1.0,1.0,0.0,6.0,0.0,1.0,1.0,0.0,4.0,0.0,1.0,1.0,0.0,4.0,0.0,1.0,1.0,0.0,3.0,0.0,1.0,1.0,0.0,3.0,0.0,1.0,1.0,0.0,3.0,0.0,1.0,1.0,0.0,-1.0,1.0,0.0,0.0,0.0,15,unknown,G167
PRJNA308116,Klebsiella pneumoniae,Pakistan,2013,,,Homo sapiens,unknown,unknown,unknown,unknown,unknown,not_curated,,,,SAMN05213498,1,R,CLSI,,3.0,0.0,0.0,0.0,0.0,3.0,0.0,0.0,0.0,0.0,3.0,0.0,0.0,0.0,0.0,5.0,0.0,1.0,1.0,0.0,7.0,0.0,1.0,1.0,0.0,6.0,0.0,1.0,1.0,0.0,5.0,0.0,1.0,1.0,0.0,6.0,0.0,1.0,1.0,0.0,6.0,0.0,1.0,1.0,0.0,4.0,0.0,1.0,1.0,0.0,4.0,0.0,1.0,1.0,0.0,2.0,0.0,0.0,0.0,0.0,0.0,0.0,0.0,0.0,0.0,-1.0,0.0,0.0,0.0,0.0,0.0,0.0,0.0,0.0,0.0,15,unknown,G168
PRJNA308116,Klebsiella pneumoniae,Pakistan,2013,,,Homo sapiens,unknown,unknown,unknown,unknown,unknown,not_curated,,,,SAMN05213499,1,R,CLSI,,6.0,0.0,1.0,1.0,0.0,3.0,0.0,1.0,1.0,0.0,3.0,0.0,1.0,1.0,0.0,5.0,0.0,1.0,1.0,0.0,7.0,0.0,1.0,1.0,0.0,6.0,0.0,1.0,1.0,0.0,5.0,0.0,1.0,1.0,0.0,6.0,0.0,1.0,1.0,0.0,6.0,0.0,1.0,1.0,0.0,4.0,0.0,1.0,1.0,0.0,4.0,0.0,1.0,1.0,0.0,3.0,0.0,0.0,0.0,0.0,1.0,0.0,0.0,0.0,0.0,3.0,0.0,1.0,1.0,0.0,2.0,1.0,0.0,0.0,0.0,15,unknown,G169
PRJNA308116,Klebsiella pneumoniae,Pakistan,2013,,,Homo sapiens,unknown,unknown,unknown,unknown,unknown,not_curated,,,,SAMN05213500,1,R,CLSI,,5.0,0.0,1.0,1.0,0.0,3.0,0.0,1.0,1.0,0.0,3.0,0.0,1.0,1.0,0.0,5.0,0.0,1.0,1.0,0.0,7.0,0.0,1.0,1.0,0.0,6.0,0.0,1.0,1.0,0.0,5.0,0.0,1.0,1.0,0.0,6.0,0.0,1.0,1.0,0.0,6.0,0.0,1.0,1.0,0.0,4.0,0.0,1.0,1.0,0.0,4.0,0.0,1.0,1.0,0.0,3.0,0.0,1.0,1.0,0.0,3.0,0.0,1.0,1.0,0.0,-1.0,0.0,0.0,0.0,0.0,0.0,1.0,0.0,0.0,0.0,15,unknown,G170
PRJNA308116,Klebsiella pneumoniae,Pakistan,2013,,,Homo sapiens,unknown,unknown,unknown,unknown,unknown,not_curated,,,,SAMN05213501,1,R,CLSI,,5.0,0.0,0.0,0.0,0.0,3.0,0.0,1.0,1.0,0.0,3.0,0.0,0.0,0.0,0.0,2.0,0.0,0.0,0.0,0.0,1.0,0.0,0.0,0.0,0.0,3.0,0.0,0.0,0.0,0.0,2.0,0.0,0.0,0.0,0.0,1.0,1.0,0.0,0.0,0.0,3.0,0.0,0.0,0.0,0.0,3.0,0.0,0.0,0.0,0.0,3.0,0.0,0.0,0.0,0.0,3.0,0.0,1.0,1.0,0.0,3.0,0.0,1.0,1.0,0.0,3.0,0.0,0.0,0.0,0.0,-1.0,1.0,0.0,0.0,0.0,15,unknown,G171
PRJNA308116,Klebsiella pneumoniae,Pakistan,2013,,,Homo sapiens,unknown,unknown,unknown,unknown,unknown,not_curated,,,,SAMN05213502,0,S,CLSI,,1.0,0.0,0.0,0.0,0.0,2.0,0.0,0.0,0.0,0.0,0.0,0.0,0.0,0.0,0.0,5.0,0.0,1.0,1.0,0.0,6.0,0.0,0.0,0.0,0.0,6.0,0.0,1.0,1.0,0.0,5.0,0.0,1.0,1.0,0.0,6.0,0.0,1.0,1.0,0.0,6.0,0.0,1.0,1.0,0.0,4.0,0.0,1.0,1.0,0.0,4.0,0.0,1.0,1.0,0.0,3.0,0.0,1.0,1.0,0.0,3.0,0.0,1.0,1.0,0.0,3.0,0.0,1.0,1.0,0.0,-1.0,1.0,0.0,0.0,0.0,15,unknown,G172
PRJNA308116,Klebsiella pneumoniae,Pakistan,2013,,,Homo sapiens,unknown,unknown,unknown,unknown,unknown,not_curated,,,,SAMN05213503,0,S,CLSI,,1.0,0.0,0.0,0.0,0.0,2.0,0.0,0.0,0.0,0.0,0.0,0.0,0.0,0.0,0.0,5.0,0.0,1.0,1.0,0.0,6.0,0.0,0.0,0.0,0.0,6.0,0.0,1.0,1.0,0.0,5.0,0.0,1.0,1.0,0.0,6.0,0.0,1.0,1.0,0.0,6.0,0.0,1.0,1.0,0.0,4.0,0.0,1.0,1.0,0.0,4.0,0.0,1.0,1.0,0.0,3.0,0.0,1.0,1.0,0.0,3.0,0.0,1.0,1.0,0.0,3.0,0.0,1.0,1.0,0.0,-1.0,1.0,0.0,0.0,0.0,15,unknown,G173
PRJNA278886,Klebsiella pneumoniae,USA,2016,,,Homo sapiens,unknown,unknown,unknown,unknown,unknown,not_curated,,,,SAMN05510459,0,S,CLSI,,,0.0,0.0,0.0,1.0,-1.0,1.0,0.0,0.0,0.0,,0.0,0.0,0.0,1.0,1.0,0.0,0.0,0.0,0.0,4.0,0.0,0.0,0.0,0.0,,0.0,0.0,0.0,1.0,6.0,0.0,1.0,0.0,0.0,,0.0,0.0,0.0,1.0,1.0,1.0,0.0,0.0,0.0,0.0,1.0,0.0,0.0,0.0,0.0,1.0,0.0,0.0,0.0,-2.0,1.0,0.0,0.0,0.0,0.0,0.0,0.0,0.0,0.0,,0.0,0.0,0.0,1.0,,0.0,0.0,0.0,1.0,9,unknown,G174
PRJNA278886,Klebsiella pneumoniae,USA,2016,,,Homo sapiens,unknown,unknown,unknown,unknown,unknown,not_curated,,,,SAMN05774073,0,S,CLSI,,,0.0,0.0,0.0,1.0,-1.0,1.0,0.0,0.0,0.0,,0.0,0.0,0.0,1.0,0.0,1.0,0.0,0.0,0.0,6.0,0.0,1.0,0.0,0.0,,0.0,0.0,0.0,1.0,3.0,0.0,0.0,0.0,0.0,,0.0,0.0,0.0,1.0,4.0,0.0,0.0,0.0,0.0,0.0,1.0,0.0,0.0,0.0,4.0,0.0,1.0,0.0,0.0,2.0,0.0,1.0,0.0,0.0,2.0,0.0,0.0,0.0,0.0,,0.0,0.0,0.0,1.0,,0.0,0.0,0.0,1.0,9,unknown,G175
PRJNA278886,Klebsiella pneumoniae,USA,2016,,,Homo sapiens,unknown,unknown,unknown,unknown,unknown,not_curated,,,,SAMN05774083,0,S,CLSI,,,0.0,0.0,0.0,1.0,-1.0,1.0,0.0,0.0,0.0,,0.0,0.0,0.0,1.0,1.0,0.0,0.0,0.0,0.0,4.0,0.0,0.0,0.0,0.0,,0.0,0.0,0.0,1.0,6.0,0.0,1.0,0.0,0.0,,0.0,0.0,0.0,1.0,1.0,1.0,0.0,0.0,0.0,0.0,1.0,0.0,0.0,0.0,4.0,0.0,1.0,0.0,0.0,-2.0,1.0,0.0,0.0,0.0,-3.0588936890535687,1.0,0.0,0.0,0.0,,0.0,0.0,0.0,1.0,,0.0,0.0,0.0,1.0,9,unknown,G176
PRJNA278886,Klebsiella pneumoniae,USA,2016,,,Homo sapiens,unknown,unknown,unknown,unknown,unknown,not_curated,,,,SAMN05806167,0,S,CLSI,,,0.0,0.0,0.0,1.0,-1.0,1.0,0.0,0.0,0.0,,0.0,0.0,0.0,1.0,3.0,0.0,0.0,0.0,0.0,6.0,0.0,1.0,0.0,0.0,,0.0,0.0,0.0,1.0,6.0,0.0,1.0,0.0,0.0,,0.0,0.0,0.0,1.0,1.0,1.0,0.0,0.0,0.0,0.0,1.0,0.0,0.0,0.0,0.0,1.0,0.0,0.0,0.0,0.0,0.0,0.0,0.0,0.0,0.0,0.0,0.0,0.0,0.0,,0.0,0.0,0.0,1.0,,0.0,0.0,0.0,1.0,9,unknown,G177
PRJNA278886,Klebsiella pneumoniae,USA,2016,,,Homo sapiens,unknown,unknown,unknown,unknown,unknown,not_curated,,,,SAMN05806176,0,S,CLSI,,,0.0,0.0,0.0,1.0,-1.0,1.0,0.0,0.0,0.0,,0.0,0.0,0.0,1.0,0.0,1.0,0.0,0.0,0.0,6.0,0.0,1.0,0.0,0.0,,0.0,0.0,0.0,1.0,3.0,0.0,0.0,0.0,0.0,,0.0,0.0,0.0,1.0,4.0,0.0,0.0,0.0,0.0,1.0,0.0,0.0,0.0,0.0,4.0,0.0,1.0,0.0,0.0,2.0,0.0,1.0,0.0,0.0,3.0,0.0,1.0,0.0,0.0,,0.0,0.0,0.0,1.0,,0.0,0.0,0.0,1.0,9,unknown,G178
PRJNA278886,Klebsiella pneumoniae,USA,2016,,,Homo sapiens,unknown,unknown,unknown,unknown,unknown,not_curated,,,,SAMN06015658,0,S,CLSI,,,0.0,0.0,0.0,1.0,-1.0,1.0,0.0,0.0,0.0,,0.0,0.0,0.0,1.0,0.0,1.0,0.0,0.0,0.0,2.0,0.0,0.0,0.0,0.0,,0.0,0.0,0.0,1.0,3.0,0.0,0.0,0.0,0.0,,0.0,0.0,0.0,1.0,1.0,1.0,0.0,0.0,0.0,4.0,0.0,1.0,0.0,0.0,3.0,0.0,0.0,0.0,0.0,2.0,0.0,1.0,0.0,0.0,3.0,0.0,1.0,0.0,0.0,,0.0,0.0,0.0,1.0,,0.0,0.0,0.0,1.0,9,unknown,G179
PRJNA278886,Klebsiella pneumoniae,USA,2016,,,Homo sapiens,unknown,unknown,unknown,unknown,unknown,not_curated,,,,SAMN06015668,0,S,CLSI,,,0.0,0.0,0.0,1.0,-1.0,1.0,0.0,0.0,0.0,,0.0,0.0,0.0,1.0,2.0,0.0,0.0,0.0,0.0,6.0,0.0,1.0,0.0,0.0,,0.0,0.0,0.0,1.0,5.0,0.0,0.0,0.0,0.0,,0.0,0.0,0.0,1.0,1.0,1.0,0.0,0.0,0.0,4.0,0.0,1.0,0.0,0.0,3.0,0.0,0.0,0.0,0.0,2.0,0.0,1.0,0.0,0.0,3.0,0.0,1.0,0.0,0.0,,0.0,0.0,0.0,1.0,,0.0,0.0,0.0,1.0,9,unknown,G180
PRJNA278886,Klebsiella pneumoniae,USA,2016,,,Homo sapiens,unknown,unknown,unknown,unknown,unknown,not_curated,,,,SAMN06311516,0,S,CLSI,,,0.0,0.0,0.0,1.0,-1.0,1.0,0.0,0.0,0.0,,0.0,0.0,0.0,1.0,1.0,0.0,0.0,0.0,0.0,3.0,0.0,0.0,0.0,0.0,,0.0,0.0,0.0,1.0,6.0,0.0,1.0,0.0,0.0,,0.0,0.0,0.0,1.0,3.0,0.0,0.0,0.0,0.0,4.0,0.0,1.0,0.0,0.0,4.0,0.0,1.0,0.0,0.0,0.0,0.0,0.0,0.0,0.0,0.0,0.0,0.0,0.0,0.0,,0.0,0.0,0.0,1.0,,0.0,0.0,0.0,1.0,9,unknown,G181
PRJNA278886,Klebsiella pneumoniae,USA,2016,,,Homo sapiens,unknown,unknown,unknown,unknown,unknown,not_curated,,,,SAMN06546423,0,S,CLSI,,,0.0,0.0,0.0,1.0,0.0,1.0,0.0,0.0,0.0,,0.0,0.0,0.0,1.0,3.0,0.0,0.0,0.0,0.0,2.0,0.0,0.0,0.0,0.0,,0.0,0.0,0.0,1.0,6.0,0.0,1.0,0.0,0.0,,0.0,0.0,0.0,1.0,4.0,0.0,0.0,0.0,0.0,4.0,0.0,1.0,0.0,0.0,4.0,0.0,1.0,0.0,0.0,1.0,0.0,0.0,0.0,0.0,2.0,0.0,0.0,0.0,0.0,,0.0,0.0,0.0,1.0,,0.0,0.0,0.0,1.0,9,unknown,G182
PRJNA278886,Klebsiella pneumoniae,USA,2016,,,Homo sapiens,unknown,unknown,unknown,unknown,unknown,not_curated,,,,SAMN06546424,1,R,CLSI,,,0.0,0.0,0.0,1.0,,0.0,0.0,0.0,1.0,,0.0,0.0,0.0,1.0,6.0,0.0,1.0,0.0,0.0,6.0,0.0,1.0,0.0,0.0,,0.0,0.0,0.0,1.0,6.0,0.0,1.0,0.0,0.0,,0.0,0.0,0.0,1.0,1.0,1.0,0.0,0.0,0.0,4.0,0.0,1.0,0.0,0.0,4.0,0.0,1.0,0.0,0.0,2.0,0.0,1.0,0.0,0.0,3.0,0.0,1.0,0.0,0.0,,0.0,0.0,0.0,1.0,,0.0,0.0,0.0,1.0,8,unknown,G183
PRJNA278886,Klebsiella pneumoniae,USA,2016,,,Homo sapiens,unknown,unknown,unknown,unknown,unknown,not_curated,,,,SAMN06546425,1,R,CLSI,,,0.0,0.0,0.0,1.0,,0.0,0.0,0.0,1.0,,0.0,0.0,0.0,1.0,6.0,0.0,1.0,0.0,0.0,6.0,0.0,1.0,0.0,0.0,,0.0,0.0,0.0,1.0,6.0,0.0,1.0,0.0,0.0,,0.0,0.0,0.0,1.0,1.0,1.0,0.0,0.0,0.0,4.0,0.0,1.0,0.0,0.0,4.0,0.0,1.0,0.0,0.0,2.0,0.0,1.0,0.0,0.0,3.0,0.0,1.0,0.0,0.0,,0.0,0.0,0.0,1.0,,0.0,0.0,0.0,1.0,8,unknown,G184
PRJNA278886,Klebsiella pneumoniae,USA,2016,,,Homo sapiens,unknown,unknown,unknown,unknown,unknown,not_curated,,,,SAMN06680398,0,S,CLSI,,,0.0,0.0,0.0,1.0,-1.0,0.0,1.0,0.0,0.0,,0.0,0.0,0.0,1.0,1.0,1.0,0.0,0.0,0.0,2.0,0.0,1.0,0.0,0.0,,0.0,0.0,0.0,1.0,6.0,0.0,0.0,0.0,0.0,,0.0,0.0,0.0,1.0,2.0,0.0,0.0,0.0,0.0,4.0,1.0,0.0,0.0,0.0,4.0,0.0,1.0,0.0,0.0,0.0,1.0,0.0,0.0,0.0,0.0,0.0,0.0,0.0,0.0,,0.0,0.0,0.0,1.0,,0.0,0.0,0.0,1.0,9,unknown,G185
PRJNA278886,Klebsiella pneumoniae,USA,2016,,,Homo sapiens,unknown,unknown,unknown,unknown,unknown,not_curated,,,,SAMN06680399,0,S,CLSI,,,0.0,0.0,0.0,1.0,,0.0,0.0,0.0,1.0,,0.0,0.0,0.0,1.0,3.0,0.0,0.0,0.0,0.0,6.0,0.0,1.0,0.0,0.0,,0.0,0.0,0.0,1.0,4.0,0.0,0.0,0.0,0.0,,0.0,0.0,0.0,1.0,6.0,0.0,1.0,0.0,0.0,0.0,1.0,0.0,0.0,0.0,4.0,0.0,1.0,0.0,0.0,2.0,0.0,1.0,0.0,0.0,3.0,0.0,1.0,0.0,0.0,,0.0,0.0,0.0,1.0,,0.0,0.0,0.0,1.0,8,unknown,G186
PRJNA278886,Klebsiella pneumoniae,USA,2017,,,Homo sapiens,unknown,unknown,unknown,unknown,unknown,not_curated,,,,SAMN06680408,0,S,CLSI,,,0.0,0.0,0.0,1.0,-1.0,1.0,0.0,0.0,0.0,,0.0,0.0,0.0,1.0,3.0,0.0,0.0,0.0,0.0,6.0,0.0,1.0,0.0,0.0,,0.0,0.0,0.0,1.0,6.0,0.0,1.0,0.0,0.0,,0.0,0.0,0.0,1.0,6.0,0.0,1.0,0.0,0.0,2.0,0.0,0.0,0.0,0.0,4.0,0.0,1.0,0.0,0.0,2.0,0.0,1.0,0.0,0.0,3.0,0.0,1.0,0.0,0.0,,0.0,0.0,0.0,1.0,,0.0,0.0,0.0,1.0,9,unknown,G187
PRJNA278886,Klebsiella pneumoniae,USA,2017,,,Homo sapiens,unknown,unknown,unknown,unknown,unknown,not_curated,,,,SAMN06680409,0,S,CLSI,,,0.0,0.0,0.0,1.0,-1.0,1.0,0.0,0.0,0.0,,0.0,0.0,0.0,1.0,2.0,0.0,0.0,0.0,0.0,4.0,0.0,0.0,0.0,0.0,,0.0,0.0,0.0,1.0,6.0,0.0,1.0,0.0,0.0,,0.0,0.0,0.0,1.0,1.0,1.0,0.0,0.0,0.0,0.0,1.0,0.0,0.0,0.0,3.0,0.0,0.0,0.0,0.0,-2.0,1.0,0.0,0.0,0.0,-3.0588936890535687,1.0,0.0,0.0,0.0,,0.0,0.0,0.0,1.0,,0.0,0.0,0.0,1.0,9,unknown,G188
PRJNA278886,Klebsiella pneumoniae,USA,2017,,,Homo sapiens,unknown,unknown,unknown,unknown,unknown,not_curated,,,,SAMN06680411,1,R,CLSI,,,0.0,0.0,0.0,1.0,,0.0,0.0,0.0,1.0,,0.0,0.0,0.0,1.0,6.0,0.0,1.0,0.0,0.0,6.0,0.0,1.0,0.0,0.0,,0.0,0.0,0.0,1.0,6.0,0.0,1.0,0.0,0.0,,0.0,0.0,0.0,1.0,3.0,0.0,0.0,0.0,0.0,4.0,0.0,1.0,0.0,0.0,4.0,0.0,1.0,0.0,0.0,2.0,0.0,1.0,0.0,0.0,2.0,0.0,0.0,0.0,0.0,,0.0,0.0,0.0,1.0,,0.0,0.0,0.0,1.0,8,unknown,G189
PRJNA278886,Klebsiella pneumoniae,USA,2016,,,Homo sapiens,unknown,unknown,unknown,unknown,unknown,not_curated,,,,SAMN06754730,0,S,CLSI,,,0.0,0.0,0.0,1.0,,0.0,0.0,0.0,1.0,,0.0,0.0,0.0,1.0,6.0,0.0,1.0,0.0,0.0,6.0,0.0,1.0,0.0,0.0,,0.0,0.0,0.0,1.0,6.0,0.0,1.0,0.0,0.0,,0.0,0.0,0.0,1.0,4.0,0.0,0.0,0.0,0.0,4.0,0.0,1.0,0.0,0.0,4.0,0.0,1.0,0.0,0.0,2.0,0.0,1.0,0.0,0.0,3.0,0.0,1.0,0.0,0.0,,0.0,0.0,0.0,1.0,,0.0,0.0,0.0,1.0,8,unknown,G190
PRJNA278886,Klebsiella pneumoniae,USA,2016,,,Homo sapiens,unknown,unknown,unknown,unknown,unknown,not_curated,,,,SAMN06754739,0,S,CLSI,,,0.0,0.0,0.0,1.0,-1.0,1.0,0.0,0.0,0.0,,0.0,0.0,0.0,1.0,1.0,0.0,0.0,0.0,0.0,4.0,0.0,0.0,0.0,0.0,,0.0,0.0,0.0,1.0,6.0,0.0,1.0,0.0,0.0,,0.0,0.0,0.0,1.0,1.0,1.0,0.0,0.0,0.0,0.0,1.0,0.0,0.0,0.0,3.0,0.0,0.0,0.0,0.0,2.0,0.0,1.0,0.0,0.0,3.0,0.0,1.0,0.0,0.0,,0.0,0.0,0.0,1.0,,0.0,0.0,0.0,1.0,9,unknown,G191
PRJNA278886,Klebsiella pneumoniae,USA,2016,,,Homo sapiens,unknown,unknown,unknown,unknown,unknown,not_curated,,,,SAMN06754741,0,S,CLSI,,,0.0,0.0,0.0,1.0,-1.0,1.0,0.0,0.0,0.0,,0.0,0.0,0.0,1.0,1.0,0.0,0.0,0.0,0.0,4.0,0.0,0.0,0.0,0.0,,0.0,0.0,0.0,1.0,6.0,0.0,1.0,0.0,0.0,,0.0,0.0,0.0,1.0,3.0,0.0,0.0,0.0,0.0,4.0,0.0,1.0,0.0,0.0,4.0,0.0,1.0,0.0,0.0,2.0,0.0,1.0,0.0,0.0,3.0,0.0,1.0,0.0,0.0,,0.0,0.0,0.0,1.0,,0.0,0.0,0.0,1.0,9,unknown,G192
PRJNA278886,Klebsiella pneumoniae,USA,2016,,,Homo sapiens,unknown,unknown,unknown,unknown,unknown,not_curated,,,,SAMN06754742,0,S,CLSI,,,0.0,0.0,0.0,1.0,-1.0,1.0,0.0,0.0,0.0,,0.0,0.0,0.0,1.0,6.0,0.0,1.0,0.0,0.0,6.0,0.0,1.0,0.0,0.0,,0.0,0.0,0.0,1.0,6.0,0.0,1.0,0.0,0.0,,0.0,0.0,0.0,1.0,2.0,0.0,0.0,0.0,0.0,4.0,0.0,1.0,0.0,0.0,4.0,0.0,1.0,0.0,0.0,2.0,0.0,1.0,0.0,0.0,3.0,0.0,1.0,0.0,0.0,,0.0,0.0,0.0,1.0,,0.0,0.0,0.0,1.0,9,unknown,G193
PRJNA278886,Klebsiella pneumoniae,USA,2016,,,Homo sapiens,unknown,unknown,unknown,unknown,unknown,not_curated,,,,SAMN07325893,0,S,CLSI,,,0.0,0.0,0.0,1.0,-1.0,1.0,0.0,0.0,0.0,,0.0,0.0,0.0,1.0,1.0,0.0,0.0,0.0,0.0,4.0,0.0,0.0,0.0,0.0,,0.0,0.0,0.0,1.0,6.0,0.0,1.0,0.0,0.0,,0.0,0.0,0.0,1.0,1.0,1.0,0.0,0.0,0.0,0.0,1.0,0.0,0.0,0.0,0.0,1.0,0.0,0.0,0.0,0.0,0.0,0.0,0.0,0.0,0.0,0.0,0.0,0.0,0.0,,0.0,0.0,0.0,1.0,,0.0,0.0,0.0,1.0,9,unknown,G194
PRJNA278886,Klebsiella pneumoniae,USA,2016,,,Homo sapiens,unknown,unknown,unknown,unknown,unknown,not_curated,,,,SAMN07325895,0,S,CLSI,,,0.0,0.0,0.0,1.0,-1.0,1.0,0.0,0.0,0.0,,0.0,0.0,0.0,1.0,1.0,0.0,0.0,0.0,0.0,4.0,0.0,0.0,0.0,0.0,,0.0,0.0,0.0,1.0,6.0,0.0,1.0,0.0,0.0,,0.0,0.0,0.0,1.0,1.0,1.0,0.0,0.0,0.0,0.0,1.0,0.0,0.0,0.0,0.0,1.0,0.0,0.0,0.0,-1.0,0.0,0.0,0.0,0.0,0.0,0.0,0.0,0.0,0.0,,0.0,0.0,0.0,1.0,,0.0,0.0,0.0,1.0,9,unknown,G195
PRJNA278886,Klebsiella pneumoniae,USA,2016,,,Homo sapiens,unknown,unknown,unknown,unknown,unknown,not_curated,,,,SAMN07325896,0,S,CLSI,,,0.0,0.0,0.0,1.0,-1.0,1.0,0.0,0.0,0.0,,0.0,0.0,0.0,1.0,3.0,0.0,0.0,0.0,0.0,4.0,0.0,0.0,0.0,0.0,,0.0,0.0,0.0,1.0,6.0,0.0,1.0,0.0,0.0,,0.0,0.0,0.0,1.0,2.0,0.0,0.0,0.0,0.0,4.0,0.0,1.0,0.0,0.0,4.0,0.0,1.0,0.0,0.0,1.0,0.0,0.0,0.0,0.0,0.0,0.0,0.0,0.0,0.0,,0.0,0.0,0.0,1.0,,0.0,0.0,0.0,1.0,9,unknown,G196
PRJNA278886,Klebsiella pneumoniae,USA,2016,,,Homo sapiens,unknown,unknown,unknown,unknown,unknown,not_curated,,,,SAMN07325898,0,S,CLSI,,,0.0,0.0,0.0,1.0,-1.0,1.0,0.0,0.0,0.0,,0.0,0.0,0.0,1.0,1.0,0.0,0.0,0.0,0.0,6.0,0.0,1.0,0.0,0.0,,0.0,0.0,0.0,1.0,4.0,0.0,0.0,0.0,0.0,,0.0,0.0,0.0,1.0,1.0,1.0,0.0,0.0,0.0,0.0,1.0,0.0,0.0,0.0,0.0,1.0,0.0,0.0,0.0,2.0,0.0,1.0,0.0,0.0,3.0,0.0,1.0,0.0,0.0,,0.0,0.0,0.0,1.0,,0.0,0.0,0.0,1.0,9,unknown,G197
PRJNA278886,Klebsiella pneumoniae,USA,2017,,,Homo sapiens,unknown,unknown,unknown,unknown,unknown,not_curated,,,,SAMN07325906,1,R,CLSI,,,0.0,0.0,0.0,1.0,,0.0,0.0,0.0,1.0,,0.0,0.0,0.0,1.0,1.0,0.0,0.0,0.0,0.0,6.0,0.0,1.0,0.0,0.0,,0.0,0.0,0.0,1.0,5.0,0.0,0.0,0.0,0.0,,0.0,0.0,0.0,1.0,1.0,1.0,0.0,0.0,0.0,0.0,1.0,0.0,0.0,0.0,0.0,1.0,0.0,0.0,0.0,2.0,0.0,1.0,0.0,0.0,2.0,0.0,0.0,0.0,0.0,,0.0,0.0,0.0,1.0,,0.0,0.0,0.0,1.0,8,unknown,G198
PRJNA278886,Klebsiella pneumoniae,USA,2017,,,Homo sapiens,unknown,unknown,unknown,unknown,unknown,not_curated,,,,SAMN07332510,0,S,CLSI,,,0.0,0.0,0.0,1.0,-1.0,1.0,0.0,0.0,0.0,,0.0,0.0,0.0,1.0,3.0,0.0,0.0,0.0,0.0,5.0,0.0,0.0,0.0,0.0,,0.0,0.0,0.0,1.0,6.0,0.0,1.0,0.0,0.0,,0.0,0.0,0.0,1.0,3.0,0.0,0.0,0.0,0.0,0.0,1.0,0.0,0.0,0.0,4.0,0.0,1.0,0.0,0.0,2.0,0.0,1.0,0.0,0.0,3.0,0.0,1.0,0.0,0.0,,0.0,0.0,0.0,1.0,,0.0,0.0,0.0,1.0,9,unknown,G199
PRJNA278886,Klebsiella pneumoniae,USA,2017,,,Homo sapiens,unknown,unknown,unknown,unknown,unknown,not_curated,,,,SAMN07332511,0,S,CLSI,,,0.0,0.0,0.0,1.0,-1.0,1.0,0.0,0.0,0.0,,0.0,0.0,0.0,1.0,0.0,1.0,0.0,0.0,0.0,0.0,1.0,0.0,0.0,0.0,,0.0,0.0,0.0,1.0,6.0,0.0,1.0,0.0,0.0,,0.0,0.0,0.0,1.0,4.0,0.0,0.0,0.0,0.0,0.0,1.0,0.0,0.0,0.0,4.0,0.0,1.0,0.0,0.0,-1.0,0.0,0.0,0.0,0.0,0.0,0.0,0.0,0.0,0.0,,0.0,0.0,0.0,1.0,,0.0,0.0,0.0,1.0,9,unknown,G200
PRJNA278886,Klebsiella pneumoniae,USA,2017,,,Homo sapiens,unknown,unknown,unknown,unknown,unknown,not_curated,,,,SAMN07332513,0,S,CLSI,,,0.0,0.0,0.0,1.0,-1.0,1.0,0.0,0.0,0.0,,0.0,0.0,0.0,1.0,1.0,0.0,0.0,0.0,0.0,6.0,0.0,1.0,0.0,0.0,,0.0,0.0,0.0,1.0,5.0,0.0,0.0,0.0,0.0,,0.0,0.0,0.0,1.0,4.0,0.0,0.0,0.0,0.0,0.0,1.0,0.0,0.0,0.0,4.0,0.0,1.0,0.0,0.0,2.0,0.0,1.0,0.0,0.0,3.0,0.0,1.0,0.0,0.0,,0.0,0.0,0.0,1.0,,0.0,0.0,0.0,1.0,9,unknown,G201
PRJNA278886,Klebsiella pneumoniae,USA,2017,,,Homo sapiens,unknown,unknown,unknown,unknown,unknown,not_curated,,,,SAMN07332514,0,S,CLSI,,,0.0,0.0,0.0,1.0,-1.0,1.0,0.0,0.0,0.0,,0.0,0.0,0.0,1.0,0.0,1.0,0.0,0.0,0.0,4.0,0.0,0.0,0.0,0.0,,0.0,0.0,0.0,1.0,6.0,0.0,1.0,0.0,0.0,,0.0,0.0,0.0,1.0,1.0,1.0,0.0,0.0,0.0,4.0,0.0,1.0,0.0,0.0,3.0,0.0,0.0,0.0,0.0,-2.0,1.0,0.0,0.0,0.0,-3.0588936890535687,1.0,0.0,0.0,0.0,,0.0,0.0,0.0,1.0,,0.0,0.0,0.0,1.0,9,unknown,G202
PRJNA278886,Klebsiella pneumoniae,USA,2017,,,Homo sapiens,unknown,unknown,unknown,unknown,unknown,not_curated,,,,SAMN07332515,0,S,CLSI,,,0.0,0.0,0.0,1.0,-1.0,1.0,0.0,0.0,0.0,,0.0,0.0,0.0,1.0,1.0,0.0,0.0,0.0,0.0,6.0,0.0,1.0,0.0,0.0,,0.0,0.0,0.0,1.0,5.0,0.0,0.0,0.0,0.0,,0.0,0.0,0.0,1.0,4.0,0.0,0.0,0.0,0.0,0.0,1.0,0.0,0.0,0.0,4.0,0.0,1.0,0.0,0.0,2.0,0.0,1.0,0.0,0.0,3.0,0.0,1.0,0.0,0.0,,0.0,0.0,0.0,1.0,,0.0,0.0,0.0,1.0,9,unknown,G203
PRJNA278886,Klebsiella pneumoniae,USA,2017,,,Homo sapiens,unknown,unknown,unknown,unknown,unknown,not_curated,,,,SAMN07410707,0,S,CLSI,,,0.0,0.0,0.0,1.0,,0.0,0.0,0.0,1.0,,0.0,0.0,0.0,1.0,6.0,0.0,1.0,0.0,0.0,6.0,0.0,1.0,0.0,0.0,,0.0,0.0,0.0,1.0,6.0,0.0,1.0,0.0,0.0,,0.0,0.0,0.0,1.0,5.0,0.0,0.0,0.0,0.0,2.0,0.0,0.0,0.0,0.0,4.0,0.0,1.0,0.0,0.0,2.0,0.0,1.0,0.0,0.0,3.0,0.0,1.0,0.0,0.0,,0.0,0.0,0.0,1.0,,0.0,0.0,0.0,1.0,8,unknown,G204
PRJNA278886,Klebsiella pneumoniae,USA,2017,,,Homo sapiens,unknown,unknown,unknown,unknown,unknown,not_curated,,,,SAMN07410710,1,R,CLSI,,,0.0,0.0,0.0,1.0,,0.0,0.0,0.0,1.0,,0.0,0.0,0.0,1.0,1.0,0.0,0.0,0.0,0.0,6.0,0.0,1.0,0.0,0.0,,0.0,0.0,0.0,1.0,4.0,0.0,0.0,0.0,0.0,,0.0,0.0,0.0,1.0,1.0,1.0,0.0,0.0,0.0,0.0,1.0,0.0,0.0,0.0,0.0,1.0,0.0,0.0,0.0,1.0,0.0,0.0,0.0,0.0,2.0,0.0,0.0,0.0,0.0,,0.0,0.0,0.0,1.0,,0.0,0.0,0.0,1.0,8,unknown,G205
PRJNA278886,Klebsiella pneumoniae,USA,2017,,,Homo sapiens,unknown,unknown,unknown,unknown,unknown,not_curated,,,,SAMN07410711,1,R,CLSI,,,0.0,0.0,0.0,1.0,,0.0,0.0,0.0,1.0,,0.0,0.0,0.0,1.0,6.0,0.0,1.0,0.0,0.0,6.0,0.0,1.0,0.0,0.0,,0.0,0.0,0.0,1.0,6.0,0.0,1.0,0.0,0.0,,0.0,0.0,0.0,1.0,1.0,1.0,0.0,0.0,0.0,0.0,1.0,0.0,0.0,0.0,0.0,1.0,0.0,0.0,0.0,2.0,0.0,1.0,0.0,0.0,3.0,0.0,1.0,0.0,0.0,,0.0,0.0,0.0,1.0,,0.0,0.0,0.0,1.0,8,unknown,G206
PRJNA278886,Klebsiella pneumoniae,USA,2017,,,Homo sapiens,unknown,unknown,unknown,unknown,unknown,not_curated,,,,SAMN07410714,1,R,CLSI,,,0.0,0.0,0.0,1.0,,0.0,0.0,0.0,1.0,,0.0,0.0,0.0,1.0,1.0,0.0,0.0,0.0,0.0,6.0,0.0,1.0,0.0,0.0,,0.0,0.0,0.0,1.0,5.0,0.0,0.0,0.0,0.0,,0.0,0.0,0.0,1.0,1.0,1.0,0.0,0.0,0.0,0.0,1.0,0.0,0.0,0.0,0.0,1.0,0.0,0.0,0.0,2.0,0.0,1.0,0.0,0.0,3.0,0.0,1.0,0.0,0.0,,0.0,0.0,0.0,1.0,,0.0,0.0,0.0,1.0,8,unknown,G207
PRJNA278886,Klebsiella pneumoniae,USA,2017,,,Homo sapiens,unknown,unknown,unknown,unknown,unknown,not_curated,,,,SAMN07450844,1,R,CLSI,,,0.0,0.0,0.0,1.0,,0.0,0.0,0.0,1.0,,0.0,0.0,0.0,1.0,6.0,0.0,1.0,0.0,0.0,6.0,0.0,1.0,0.0,0.0,,0.0,0.0,0.0,1.0,6.0,0.0,1.0,0.0,0.0,,0.0,0.0,0.0,1.0,6.0,0.0,1.0,0.0,0.0,4.0,0.0,1.0,0.0,0.0,4.0,0.0,1.0,0.0,0.0,2.0,0.0,1.0,0.0,0.0,3.0,0.0,1.0,0.0,0.0,,0.0,0.0,0.0,1.0,,0.0,0.0,0.0,1.0,8,unknown,G208
PRJNA278886,Klebsiella pneumoniae,USA,2017,,,Homo sapiens,unknown,unknown,unknown,unknown,unknown,not_curated,,,,SAMN08045835,0,S,CLSI,,,0.0,0.0,0.0,1.0,,0.0,0.0,0.0,1.0,,0.0,0.0,0.0,1.0,6.0,0.0,1.0,0.0,0.0,6.0,0.0,1.0,0.0,0.0,,0.0,0.0,0.0,1.0,6.0,0.0,1.0,0.0,0.0,,0.0,0.0,0.0,1.0,6.0,0.0,1.0,0.0,0.0,4.0,0.0,1.0,0.0,0.0,4.0,0.0,1.0,0.0,0.0,2.0,0.0,1.0,0.0,0.0,3.0,0.0,1.0,0.0,0.0,,0.0,0.0,0.0,1.0,,0.0,0.0,0.0,1.0,8,unknown,G209
PRJNA278886,Klebsiella pneumoniae,USA,2017,,,Homo sapiens,unknown,unknown,unknown,unknown,unknown,not_curated,,,,SAMN08045836,1,R,CLSI,,,0.0,0.0,0.0,1.0,,0.0,0.0,0.0,1.0,,0.0,0.0,0.0,1.0,6.0,0.0,1.0,0.0,0.0,6.0,0.0,1.0,0.0,0.0,,0.0,0.0,0.0,1.0,6.0,0.0,1.0,0.0,0.0,,0.0,0.0,0.0,1.0,6.0,0.0,1.0,0.0,0.0,4.0,0.0,1.0,0.0,0.0,4.0,0.0,1.0,0.0,0.0,2.0,0.0,1.0,0.0,0.0,3.0,0.0,1.0,0.0,0.0,,0.0,0.0,0.0,1.0,,0.0,0.0,0.0,1.0,8,unknown,G210
PRJNA482724,Klebsiella pneumoniae,Taiwan,2014-01,,,Homo sapiens,unknown,unknown,unknown,unknown,unknown,not_curated,,,,SAMN09711403,0,S,CLSI,,0.0,1.0,0.0,0.0,0.0,-1.0,0.0,0.0,0.0,0.0,,0.0,0.0,0.0,1.0,2.0,0.0,0.0,0.0,0.0,5.0,0.0,0.0,0.0,0.0,,0.0,0.0,0.0,1.0,5.0,0.0,1.0,1.0,0.0,3.0,0.0,0.0,0.0,0.0,5.0,0.0,1.0,1.0,0.0,3.0,0.0,1.0,1.0,0.0,3.0,0.0,1.0,1.0,0.0,1.0,0.0,1.0,1.0,0.0,,0.0,0.0,0.0,1.0,2.0,0.0,1.0,1.0,0.0,1.0,0.0,0.0,0.0,0.0,12,unknown,G211
PRJNA308116,Klebsiella pneumoniae,Pakistan,1998,,,Homo sapiens,unknown,unknown,unknown,unknown,unknown,not_curated,,,,SAMN10086659,0,S,CLSI,,-1.0,1.0,0.0,1.0,0.0,-3.0,1.0,0.0,1.0,0.0,-3.0,1.0,0.0,1.0,0.0,1.0,0.0,0.0,0.0,0.0,7.0,0.0,0.0,0.0,0.0,4.0,0.0,0.0,0.0,0.0,4.0,0.0,0.0,0.0,0.0,6.0,0.0,1.0,1.0,0.0,4.0,0.0,0.0,0.0,0.0,4.0,0.0,1.0,1.0,0.0,4.0,0.0,1.0,1.0,0.0,0.0,0.0,0.0,0.0,0.0,0.0,0.0,0.0,0.0,0.0,1.0,0.0,0.0,0.0,0.0,-1.0,1.0,0.0,1.0,0.0,15,unknown,G212
PRJNA308116,Klebsiella pneumoniae,Pakistan,1998,,,Homo sapiens,unknown,unknown,unknown,unknown,unknown,not_curated,,,,SAMN10086660,0,S,CLSI,,-1.0,1.0,0.0,1.0,0.0,-3.0,1.0,0.0,1.0,0.0,-3.0,1.0,0.0,1.0,0.0,-1.0,1.0,0.0,1.0,0.0,0.0,1.0,0.0,1.0,0.0,-1.0,1.0,0.0,1.0,0.0,0.0,1.0,0.0,1.0,0.0,1.0,1.0,0.0,1.0,0.0,0.0,1.0,0.0,1.0,0.0,-2.0,1.0,0.0,1.0,0.0,-1.0,1.0,0.0,1.0,0.0,-2.0,1.0,0.0,1.0,0.0,-3.0,1.0,0.0,1.0,0.0,-1.0,0.0,0.0,0.0,0.0,-1.0,1.0,0.0,1.0,0.0,15,unknown,G213
PRJNA308116,Klebsiella pneumoniae,Pakistan,1998,,,Homo sapiens,unknown,unknown,unknown,unknown,unknown,not_curated,,,,SAMN10086661,0,S,CLSI,,-1.0,1.0,0.0,1.0,0.0,-3.0,1.0,0.0,1.0,0.0,-3.0,1.0,0.0,1.0,0.0,-1.0,1.0,0.0,1.0,0.0,0.0,1.0,0.0,1.0,0.0,-1.0,1.0,0.0,1.0,0.0,0.0,1.0,0.0,1.0,0.0,1.0,1.0,0.0,1.0,0.0,0.0,1.0,0.0,1.0,0.0,-2.0,1.0,0.0,1.0,0.0,-1.0,1.0,0.0,1.0,0.0,-2.0,1.0,0.0,1.0,0.0,-3.0,1.0,0.0,1.0,0.0,-1.0,0.0,0.0,0.0,0.0,-1.0,1.0,0.0,1.0,0.0,15,unknown,G214
PRJNA308116,Klebsiella pneumoniae,Pakistan,2015,,,Homo sapiens,unknown,unknown,unknown,unknown,unknown,not_curated,,,,SAMN10086689,1,R,CLSI,,4.0,0.0,0.0,0.0,0.0,3.0,0.0,1.0,1.0,0.0,3.0,0.0,1.0,1.0,0.0,5.0,0.0,1.0,1.0,0.0,7.0,0.0,1.0,1.0,0.0,6.0,0.0,1.0,1.0,0.0,5.0,0.0,1.0,1.0,0.0,6.0,0.0,1.0,1.0,0.0,6.0,0.0,1.0,1.0,0.0,4.0,0.0,1.0,1.0,0.0,4.0,0.0,1.0,1.0,0.0,3.0,0.0,1.0,1.0,0.0,3.0,0.0,1.0,1.0,0.0,3.0,0.0,1.0,1.0,0.0,0.0,0.0,0.0,0.0,0.0,15,unknown,G215
PRJNA308116,Klebsiella pneumoniae,Pakistan,2016,,,Homo sapiens,unknown,unknown,unknown,unknown,unknown,not_curated,,,,SAMN10086696,1,R,CLSI,,5.0,0.0,0.0,0.0,0.0,3.0,0.0,1.0,1.0,0.0,3.0,0.0,1.0,1.0,0.0,5.0,0.0,1.0,1.0,0.0,7.0,0.0,1.0,1.0,0.0,6.0,0.0,1.0,1.0,0.0,5.0,0.0,1.0,1.0,0.0,6.0,0.0,1.0,1.0,0.0,6.0,0.0,1.0,1.0,0.0,4.0,0.0,1.0,1.0,0.0,4.0,0.0,1.0,1.0,0.0,3.0,0.0,1.0,1.0,0.0,3.0,0.0,1.0,1.0,0.0,3.0,0.0,1.0,1.0,0.0,1.0,0.0,0.0,0.0,0.0,15,unknown,G216
PRJNA308116,Klebsiella pneumoniae,Pakistan,1998,,,Homo sapiens,unknown,unknown,unknown,unknown,unknown,not_curated,,,,SAMN10086697,0,S,CLSI,,-1.0,1.0,0.0,1.0,0.0,-3.0,1.0,0.0,1.0,0.0,-3.0,1.0,0.0,1.0,0.0,-1.0,1.0,0.0,1.0,0.0,0.0,1.0,0.0,1.0,0.0,-1.0,1.0,0.0,1.0,0.0,0.0,1.0,0.0,1.0,0.0,1.0,1.0,0.0,1.0,0.0,0.0,1.0,0.0,1.0,0.0,-2.0,1.0,0.0,1.0,0.0,-1.0,1.0,0.0,1.0,0.0,-2.0,1.0,0.0,1.0,0.0,-3.0,1.0,0.0,1.0,0.0,-1.0,0.0,0.0,0.0,0.0,-1.0,1.0,0.0,1.0,0.0,15,unknown,G217
PRJNA308116,Klebsiella pneumoniae,Pakistan,2016,,,Homo sapiens,unknown,unknown,unknown,unknown,unknown,not_curated,,,,SAMN10086698,1,R,CLSI,,6.0,0.0,1.0,1.0,0.0,3.0,0.0,1.0,1.0,0.0,3.0,0.0,1.0,1.0,0.0,5.0,0.0,1.0,1.0,0.0,7.0,0.0,1.0,1.0,0.0,6.0,0.0,1.0,1.0,0.0,5.0,0.0,1.0,1.0,0.0,6.0,0.0,1.0,1.0,0.0,6.0,0.0,1.0,1.0,0.0,4.0,0.0,1.0,1.0,0.0,4.0,0.0,1.0,1.0,0.0,3.0,0.0,1.0,1.0,0.0,3.0,0.0,1.0,1.0,0.0,-1.0,0.0,0.0,0.0,0.0,1.0,0.0,0.0,0.0,0.0,15,unknown,G218
PRJNA308116,Klebsiella pneumoniae,Pakistan,2016,,,Homo sapiens,unknown,unknown,unknown,unknown,unknown,not_curated,,,,SAMN10086700,1,R,CLSI,,3.0,0.0,0.0,0.0,0.0,3.0,0.0,1.0,1.0,0.0,3.0,0.0,1.0,1.0,0.0,5.0,0.0,1.0,1.0,0.0,7.0,0.0,1.0,1.0,0.0,6.0,0.0,1.0,1.0,0.0,5.0,0.0,1.0,1.0,0.0,6.0,0.0,1.0,1.0,0.0,6.0,0.0,1.0,1.0,0.0,4.0,0.0,1.0,1.0,0.0,4.0,0.0,1.0,1.0,0.0,3.0,0.0,1.0,1.0,0.0,2.0,0.0,0.0,0.0,0.0,3.0,0.0,1.0,1.0,0.0,-1.0,1.0,0.0,1.0,0.0,15,unknown,G219
PRJNA308116,Klebsiella pneumoniae,Pakistan,2015,,,Homo sapiens,unknown,unknown,unknown,unknown,unknown,not_curated,,,,SAMN10086702,1,R,CLSI,,6.0,0.0,1.0,1.0,0.0,3.0,0.0,1.0,1.0,0.0,3.0,0.0,1.0,1.0,0.0,5.0,0.0,1.0,1.0,0.0,7.0,0.0,1.0,1.0,0.0,6.0,0.0,1.0,1.0,0.0,5.0,0.0,1.0,1.0,0.0,1.0,1.0,0.0,1.0,0.0,6.0,0.0,1.0,1.0,0.0,4.0,0.0,1.0,1.0,0.0,4.0,0.0,1.0,1.0,0.0,2.0,0.0,0.0,0.0,0.0,3.0,0.0,1.0,1.0,0.0,3.0,0.0,1.0,1.0,0.0,-1.0,1.0,0.0,1.0,0.0,15,unknown,G220
PRJNA308116,Klebsiella pneumoniae,Pakistan,2015,,,Homo sapiens,unknown,unknown,unknown,unknown,unknown,not_curated,,,,SAMN10086703,1,R,CLSI,,3.0,0.0,0.0,0.0,0.0,3.0,0.0,1.0,1.0,0.0,3.0,0.0,1.0,1.0,0.0,5.0,0.0,1.0,1.0,0.0,7.0,0.0,1.0,1.0,0.0,6.0,0.0,1.0,1.0,0.0,5.0,0.0,1.0,1.0,0.0,6.0,0.0,1.0,1.0,0.0,6.0,0.0,1.0,1.0,0.0,4.0,0.0,1.0,1.0,0.0,4.0,0.0,1.0,1.0,0.0,3.0,0.0,1.0,1.0,0.0,3.0,0.0,0.0,0.0,0.0,3.0,0.0,1.0,1.0,0.0,-1.0,1.0,0.0,1.0,0.0,15,unknown,G221
PRJNA308116,Klebsiella pneumoniae,Pakistan,2015,,,Homo sapiens,unknown,unknown,unknown,unknown,unknown,not_curated,,,,SAMN10086704,1,R,CLSI,,6.0,0.0,1.0,1.0,0.0,3.0,0.0,1.0,1.0,0.0,3.0,0.0,1.0,1.0,0.0,5.0,0.0,1.0,1.0,0.0,7.0,0.0,1.0,1.0,0.0,6.0,0.0,1.0,1.0,0.0,5.0,0.0,1.0,1.0,0.0,1.0,1.0,0.0,1.0,0.0,6.0,0.0,1.0,1.0,0.0,4.0,0.0,1.0,1.0,0.0,4.0,0.0,1.0,1.0,0.0,3.0,0.0,1.0,1.0,0.0,3.0,0.0,0.0,0.0,0.0,3.0,0.0,1.0,1.0,0.0,-1.0,1.0,0.0,1.0,0.0,15,unknown,G222
PRJNA308116,Klebsiella pneumoniae,Pakistan,2015,,,Homo sapiens,unknown,unknown,unknown,unknown,unknown,not_curated,,,,SAMN10086705,1,R,CLSI,,6.0,0.0,1.0,1.0,0.0,3.0,0.0,1.0,1.0,0.0,3.0,0.0,1.0,1.0,0.0,5.0,0.0,1.0,1.0,0.0,7.0,0.0,1.0,1.0,0.0,6.0,0.0,1.0,1.0,0.0,5.0,0.0,1.0,1.0,0.0,2.0,0.0,0.0,0.0,0.0,6.0,0.0,1.0,1.0,0.0,4.0,0.0,1.0,1.0,0.0,4.0,0.0,1.0,1.0,0.0,3.0,0.0,1.0,1.0,0.0,0.0,0.0,0.0,0.0,0.0,3.0,0.0,1.0,1.0,0.0,-1.0,1.0,0.0,1.0,0.0,15,unknown,G223
PRJNA308116,Klebsiella pneumoniae,Pakistan,2016,,,Homo sapiens,unknown,unknown,unknown,unknown,unknown,not_curated,,,,SAMN10086734,1,R,CLSI,,3.0,0.0,0.0,0.0,0.0,3.0,0.0,1.0,1.0,0.0,3.0,0.0,1.0,1.0,0.0,5.0,0.0,1.0,1.0,0.0,7.0,0.0,1.0,1.0,0.0,6.0,0.0,1.0,1.0,0.0,5.0,0.0,1.0,1.0,0.0,6.0,0.0,0.0,0.0,0.0,6.0,0.0,1.0,1.0,0.0,4.0,0.0,1.0,1.0,0.0,4.0,0.0,1.0,1.0,0.0,3.0,0.0,1.0,1.0,0.0,3.0,0.0,1.0,1.0,0.0,3.0,0.0,1.0,1.0,0.0,0.0,0.0,0.0,0.0,0.0,15,unknown,G224
PRJNA308116,Klebsiella pneumoniae,Pakistan,2015,,,Homo sapiens,unknown,unknown,unknown,unknown,unknown,not_curated,,,,SAMN10086737,1,R,CLSI,,3.0,0.0,0.0,0.0,0.0,3.0,0.0,1.0,1.0,0.0,3.0,0.0,1.0,1.0,0.0,5.0,0.0,1.0,1.0,0.0,7.0,0.0,0.0,0.0,0.0,6.0,0.0,1.0,1.0,0.0,5.0,0.0,1.0,1.0,0.0,6.0,0.0,1.0,1.0,0.0,0.0,1.0,0.0,1.0,0.0,-2.0,1.0,0.0,1.0,0.0,-1.0,1.0,0.0,1.0,0.0,0.0,0.0,0.0,0.0,0.0,0.0,0.0,0.0,0.0,0.0,3.0,0.0,1.0,1.0,0.0,-1.0,1.0,0.0,1.0,0.0,15,unknown,G225
PRJNA308116,Klebsiella pneumoniae,Pakistan,2015,,,Homo sapiens,unknown,unknown,unknown,unknown,unknown,not_curated,,,,SAMN10086740,1,R,CLSI,,4.0,0.0,0.0,0.0,0.0,3.0,0.0,1.0,1.0,0.0,3.0,0.0,1.0,1.0,0.0,5.0,0.0,1.0,1.0,0.0,7.0,0.0,1.0,1.0,0.0,6.0,0.0,1.0,1.0,0.0,5.0,0.0,1.0,1.0,0.0,6.0,0.0,1.0,1.0,0.0,6.0,0.0,1.0,1.0,0.0,4.0,0.0,1.0,1.0,0.0,4.0,0.0,1.0,1.0,0.0,3.0,0.0,1.0,1.0,0.0,3.0,0.0,0.0,0.0,0.0,3.0,0.0,1.0,1.0,0.0,0.0,0.0,0.0,0.0,0.0,15,unknown,G226
PRJNA308116,Klebsiella pneumoniae,Pakistan,2015,,,Homo sapiens,unknown,unknown,unknown,unknown,unknown,not_curated,,,,SAMN10086741,1,R,CLSI,,1.0,0.0,0.0,0.0,0.0,0.0,0.0,0.0,0.0,0.0,-1.0,0.0,0.0,0.0,0.0,5.0,0.0,1.0,1.0,0.0,7.0,0.0,0.0,0.0,0.0,6.0,0.0,1.0,1.0,0.0,5.0,0.0,1.0,1.0,0.0,6.0,0.0,0.0,0.0,0.0,6.0,0.0,1.0,1.0,0.0,4.0,0.0,1.0,1.0,0.0,4.0,0.0,1.0,1.0,0.0,3.0,0.0,1.0,1.0,0.0,3.0,0.0,1.0,1.0,0.0,3.0,0.0,1.0,1.0,0.0,1.0,0.0,0.0,0.0,0.0,15,unknown,G227
PRJNA308116,Klebsiella pneumoniae,Pakistan,2015,,,Homo sapiens,unknown,unknown,unknown,unknown,unknown,not_curated,,,,SAMN10086743,0,S,CLSI,,2.0,0.0,0.0,0.0,0.0,2.0,0.0,0.0,0.0,0.0,1.0,0.0,0.0,0.0,0.0,5.0,0.0,1.0,1.0,0.0,7.0,0.0,0.0,0.0,0.0,6.0,0.0,1.0,1.0,0.0,5.0,0.0,1.0,1.0,0.0,6.0,0.0,1.0,1.0,0.0,6.0,0.0,1.0,1.0,0.0,4.0,0.0,1.0,1.0,0.0,4.0,0.0,1.0,1.0,0.0,3.0,0.0,1.0,1.0,0.0,3.0,0.0,1.0,1.0,0.0,3.0,0.0,1.0,1.0,0.0,1.0,0.0,0.0,0.0,0.0,15,unknown,G228
PRJNA308116,Klebsiella pneumoniae,Pakistan,2015,,,Homo sapiens,unknown,unknown,unknown,unknown,unknown,not_curated,,,,SAMN10086745,1,R,CLSI,,6.0,0.0,1.0,1.0,0.0,3.0,0.0,1.0,1.0,0.0,3.0,0.0,0.0,0.0,0.0,5.0,0.0,1.0,1.0,0.0,7.0,0.0,1.0,1.0,0.0,6.0,0.0,1.0,1.0,0.0,5.0,0.0,1.0,1.0,0.0,6.0,0.0,1.0,1.0,0.0,1.0,0.0,0.0,0.0,0.0,-2.0,1.0,0.0,1.0,0.0,-1.0,1.0,0.0,1.0,0.0,3.0,0.0,1.0,1.0,0.0,3.0,0.0,1.0,1.0,0.0,3.0,0.0,1.0,1.0,0.0,0.0,0.0,0.0,0.0,0.0,15,unknown,G229
PRJNA308116,Klebsiella pneumoniae,Pakistan,2015,,,Homo sapiens,unknown,unknown,unknown,unknown,unknown,not_curated,,,,SAMN10086746,1,R,CLSI,,5.0,0.0,0.0,0.0,0.0,3.0,0.0,1.0,1.0,0.0,3.0,0.0,1.0,1.0,0.0,5.0,0.0,1.0,1.0,0.0,6.0,0.0,0.0,0.0,0.0,6.0,0.0,1.0,1.0,0.0,5.0,0.0,1.0,1.0,0.0,6.0,0.0,1.0,1.0,0.0,0.0,1.0,0.0,1.0,0.0,-2.0,1.0,0.0,1.0,0.0,-1.0,1.0,0.0,1.0,0.0,3.0,0.0,1.0,1.0,0.0,3.0,0.0,0.0,0.0,0.0,3.0,0.0,1.0,1.0,0.0,0.0,0.0,0.0,0.0,0.0,15,unknown,G230
PRJNA308116,Klebsiella pneumoniae,Pakistan,2015,,,Homo sapiens,unknown,unknown,unknown,unknown,unknown,not_curated,,,,SAMN10086747,1,R,CLSI,,3.0,0.0,0.0,0.0,0.0,3.0,0.0,1.0,1.0,0.0,3.0,0.0,0.0,0.0,0.0,5.0,0.0,1.0,1.0,0.0,7.0,0.0,1.0,1.0,0.0,6.0,0.0,1.0,1.0,0.0,5.0,0.0,1.0,1.0,0.0,6.0,0.0,1.0,1.0,0.0,6.0,0.0,1.0,1.0,0.0,4.0,0.0,1.0,1.0,0.0,4.0,0.0,1.0,1.0,0.0,3.0,0.0,1.0,1.0,0.0,3.0,0.0,1.0,1.0,0.0,3.0,0.0,1.0,1.0,0.0,-1.0,1.0,0.0,1.0,0.0,15,unknown,G231
PRJNA308116,Klebsiella pneumoniae,Pakistan,2004,,,Homo sapiens,unknown,unknown,unknown,unknown,unknown,not_curated,,,,SAMN10086795,0,S,CLSI,,-1.0,1.0,0.0,1.0,0.0,-3.0,1.0,0.0,1.0,0.0,-3.0,1.0,0.0,1.0,0.0,-1.0,1.0,0.0,1.0,0.0,0.0,1.0,0.0,1.0,0.0,-1.0,1.0,0.0,1.0,0.0,0.0,1.0,0.0,1.0,0.0,1.0,1.0,0.0,1.0,0.0,0.0,1.0,0.0,1.0,0.0,-2.0,1.0,0.0,1.0,0.0,-1.0,1.0,0.0,1.0,0.0,-2.0,1.0,0.0,1.0,0.0,-3.0,1.0,0.0,1.0,0.0,-1.0,0.0,0.0,0.0,0.0,-1.0,1.0,0.0,1.0,0.0,15,unknown,G232
PRJNA308116,Klebsiella pneumoniae,Pakistan,2004,,,Homo sapiens,unknown,unknown,unknown,unknown,unknown,not_curated,,,,SAMN10086807,0,S,CLSI,,-1.0,1.0,0.0,1.0,0.0,-3.0,1.0,0.0,1.0,0.0,-3.0,1.0,0.0,1.0,0.0,5.0,0.0,1.0,1.0,0.0,7.0,0.0,1.0,1.0,0.0,6.0,0.0,1.0,1.0,0.0,5.0,0.0,1.0,1.0,0.0,6.0,0.0,1.0,1.0,0.0,5.0,0.0,0.0,0.0,0.0,4.0,0.0,1.0,1.0,0.0,4.0,0.0,1.0,1.0,0.0,3.0,0.0,1.0,1.0,0.0,3.0,0.0,1.0,1.0,0.0,1.0,0.0,0.0,0.0,0.0,2.0,0.0,0.0,0.0,0.0,15,unknown,G233
PRJNA308116,Klebsiella pneumoniae,Pakistan,2016,,,Homo sapiens,unknown,unknown,unknown,unknown,unknown,not_curated,,,,SAMN10086809,1,R,CLSI,,3.0,0.0,0.0,0.0,0.0,3.0,0.0,1.0,1.0,0.0,3.0,0.0,1.0,1.0,0.0,5.0,0.0,1.0,1.0,0.0,7.0,0.0,1.0,1.0,0.0,6.0,0.0,1.0,1.0,0.0,5.0,0.0,1.0,1.0,0.0,6.0,0.0,0.0,0.0,0.0,6.0,0.0,1.0,1.0,0.0,4.0,0.0,1.0,1.0,0.0,4.0,0.0,1.0,1.0,0.0,3.0,0.0,1.0,1.0,0.0,3.0,0.0,1.0,1.0,0.0,3.0,0.0,1.0,1.0,0.0,-1.0,1.0,0.0,1.0,0.0,15,unknown,G234
PRJNA308116,Klebsiella pneumoniae,Pakistan,2016,,,Homo sapiens,unknown,unknown,unknown,unknown,unknown,not_curated,,,,SAMN10086811,1,R,CLSI,,3.0,0.0,0.0,0.0,0.0,3.0,0.0,1.0,1.0,0.0,3.0,0.0,1.0,1.0,0.0,5.0,0.0,1.0,1.0,0.0,7.0,0.0,1.0,1.0,0.0,6.0,0.0,1.0,1.0,0.0,5.0,0.0,1.0,1.0,0.0,5.0,0.0,0.0,0.0,0.0,6.0,0.0,1.0,1.0,0.0,4.0,0.0,1.0,1.0,0.0,4.0,0.0,1.0,1.0,0.0,-1.0,0.0,0.0,0.0,0.0,-1.0,0.0,0.0,0.0,0.0,3.0,0.0,1.0,1.0,0.0,-1.0,1.0,0.0,1.0,0.0,15,unknown,G235
PRJNA308116,Klebsiella pneumoniae,Pakistan,2016,,,Homo sapiens,unknown,unknown,unknown,unknown,unknown,not_curated,,,,SAMN10086816,1,R,CLSI,,4.0,0.0,0.0,0.0,0.0,3.0,0.0,1.0,1.0,0.0,3.0,0.0,1.0,1.0,0.0,5.0,0.0,1.0,1.0,0.0,7.0,0.0,1.0,1.0,0.0,6.0,0.0,1.0,1.0,0.0,5.0,0.0,1.0,1.0,0.0,6.0,0.0,1.0,1.0,0.0,6.0,0.0,1.0,1.0,0.0,4.0,0.0,1.0,1.0,0.0,4.0,0.0,1.0,1.0,0.0,3.0,0.0,1.0,1.0,0.0,3.0,0.0,1.0,1.0,0.0,3.0,0.0,1.0,1.0,0.0,-1.0,1.0,0.0,1.0,0.0,15,unknown,G236
PRJNA308116,Klebsiella pneumoniae,Pakistan,1998,,,Homo sapiens,unknown,unknown,unknown,unknown,unknown,not_curated,,,,SAMN10086822,0,S,CLSI,,-1.0,1.0,0.0,1.0,0.0,-3.0,1.0,0.0,1.0,0.0,-3.0,1.0,0.0,1.0,0.0,-1.0,1.0,0.0,1.0,0.0,0.0,1.0,0.0,1.0,0.0,-1.0,1.0,0.0,1.0,0.0,0.0,1.0,0.0,1.0,0.0,1.0,1.0,0.0,1.0,0.0,0.0,1.0,0.0,1.0,0.0,-2.0,1.0,0.0,1.0,0.0,-1.0,1.0,0.0,1.0,0.0,-2.0,1.0,0.0,1.0,0.0,-2.0,0.0,0.0,0.0,0.0,-1.0,0.0,0.0,0.0,0.0,-1.0,1.0,0.0,1.0,0.0,15,unknown,G237
PRJNA308116,Klebsiella pneumoniae,Pakistan,2004,,,Homo sapiens,unknown,unknown,unknown,unknown,unknown,not_curated,,,,SAMN10086824,0,S,CLSI,,-1.0,1.0,0.0,1.0,0.0,-3.0,1.0,0.0,1.0,0.0,-3.0,1.0,0.0,1.0,0.0,-1.0,1.0,0.0,1.0,0.0,0.0,1.0,0.0,1.0,0.0,-1.0,1.0,0.0,1.0,0.0,0.0,1.0,0.0,1.0,0.0,1.0,1.0,0.0,1.0,0.0,0.0,1.0,0.0,1.0,0.0,-2.0,1.0,0.0,1.0,0.0,-1.0,1.0,0.0,1.0,0.0,-2.0,1.0,0.0,1.0,0.0,-3.0,1.0,0.0,1.0,0.0,-1.0,0.0,0.0,0.0,0.0,-1.0,1.0,0.0,1.0,0.0,15,unknown,G238
PRJNA308116,Klebsiella pneumoniae,Pakistan,2016,,,Homo sapiens,unknown,unknown,unknown,unknown,unknown,not_curated,,,,SAMN10086825,1,R,CLSI,,3.0,0.0,0.0,0.0,0.0,3.0,0.0,0.0,0.0,0.0,3.0,0.0,0.0,0.0,0.0,5.0,0.0,1.0,1.0,0.0,7.0,0.0,1.0,1.0,0.0,6.0,0.0,1.0,1.0,0.0,5.0,0.0,1.0,1.0,0.0,6.0,0.0,0.0,0.0,0.0,6.0,0.0,1.0,1.0,0.0,4.0,0.0,1.0,1.0,0.0,4.0,0.0,1.0,1.0,0.0,3.0,0.0,1.0,1.0,0.0,3.0,0.0,1.0,1.0,0.0,3.0,0.0,1.0,1.0,0.0,0.0,0.0,0.0,0.0,0.0,15,unknown,G239
PRJNA308116,Klebsiella pneumoniae,Pakistan,2016,,,Homo sapiens,unknown,unknown,unknown,unknown,unknown,not_curated,,,,SAMN10086826,1,R,CLSI,,4.0,0.0,0.0,0.0,0.0,3.0,0.0,1.0,1.0,0.0,3.0,0.0,1.0,1.0,0.0,5.0,0.0,1.0,1.0,0.0,7.0,0.0,1.0,1.0,0.0,6.0,0.0,1.0,1.0,0.0,5.0,0.0,1.0,1.0,0.0,6.0,0.0,1.0,1.0,0.0,6.0,0.0,1.0,1.0,0.0,4.0,0.0,1.0,1.0,0.0,4.0,0.0,1.0,1.0,0.0,0.0,0.0,0.0,0.0,0.0,0.0,0.0,0.0,0.0,0.0,3.0,0.0,1.0,1.0,0.0,0.0,0.0,0.0,0.0,0.0,15,unknown,G240
PRJNA308116,Klebsiella pneumoniae,Pakistan,2016,,,Homo sapiens,unknown,unknown,unknown,unknown,unknown,not_curated,,,,SAMN10086827,0,S,CLSI,,1.0,0.0,0.0,0.0,0.0,0.0,0.0,0.0,0.0,0.0,-1.0,0.0,0.0,0.0,0.0,3.0,0.0,0.0,0.0,0.0,4.0,0.0,0.0,0.0,0.0,6.0,0.0,1.0,1.0,0.0,5.0,0.0,1.0,1.0,0.0,3.0,0.0,0.0,0.0,0.0,0.0,1.0,0.0,1.0,0.0,-2.0,1.0,0.0,1.0,0.0,-1.0,1.0,0.0,1.0,0.0,-1.0,0.0,0.0,0.0,0.0,0.0,0.0,0.0,0.0,0.0,3.0,0.0,1.0,1.0,0.0,-1.0,1.0,0.0,1.0,0.0,15,unknown,G241
PRJNA308116,Klebsiella pneumoniae,Pakistan,2016,,,Homo sapiens,unknown,unknown,unknown,unknown,unknown,not_curated,,,,SAMN10086828,1,R,CLSI,,4.0,0.0,0.0,0.0,0.0,3.0,0.0,1.0,1.0,0.0,3.0,0.0,1.0,1.0,0.0,5.0,0.0,1.0,1.0,0.0,7.0,0.0,1.0,1.0,0.0,6.0,0.0,1.0,1.0,0.0,5.0,0.0,1.0,1.0,0.0,6.0,0.0,1.0,1.0,0.0,6.0,0.0,1.0,1.0,0.0,4.0,0.0,1.0,1.0,0.0,4.0,0.0,1.0,1.0,0.0,3.0,0.0,1.0,1.0,0.0,3.0,0.0,0.0,0.0,0.0,3.0,0.0,1.0,1.0,0.0,-1.0,1.0,0.0,1.0,0.0,15,unknown,G242
PRJNA308116,Klebsiella pneumoniae,Pakistan,1998,,,Homo sapiens,unknown,unknown,unknown,unknown,unknown,not_curated,,,,SAMN10086829,0,S,CLSI,,-1.0,1.0,0.0,1.0,0.0,-3.0,1.0,0.0,1.0,0.0,-3.0,1.0,0.0,1.0,0.0,-1.0,1.0,0.0,1.0,0.0,0.0,1.0,0.0,1.0,0.0,-1.0,1.0,0.0,1.0,0.0,0.0,1.0,0.0,1.0,0.0,1.0,1.0,0.0,1.0,0.0,0.0,1.0,0.0,1.0,0.0,-1.0,0.0,0.0,0.0,0.0,-1.0,1.0,0.0,1.0,0.0,-2.0,1.0,0.0,1.0,0.0,-3.0,1.0,0.0,1.0,0.0,-1.0,0.0,0.0,0.0,0.0,-1.0,1.0,0.0,1.0,0.0,15,unknown,G243
PRJNA308116,Klebsiella pneumoniae,Pakistan,2016,,,Homo sapiens,unknown,unknown,unknown,unknown,unknown,not_curated,,,,SAMN10086830,1,R,CLSI,,6.0,0.0,1.0,1.0,0.0,3.0,0.0,1.0,1.0,0.0,3.0,0.0,1.0,1.0,0.0,5.0,0.0,1.0,1.0,0.0,7.0,0.0,1.0,1.0,0.0,6.0,0.0,1.0,1.0,0.0,5.0,0.0,1.0,1.0,0.0,6.0,0.0,1.0,1.0,0.0,1.0,0.0,0.0,0.0,0.0,-2.0,1.0,0.0,1.0,0.0,-1.0,1.0,0.0,1.0,0.0,3.0,0.0,1.0,1.0,0.0,3.0,0.0,1.0,1.0,0.0,3.0,0.0,1.0,1.0,0.0,0.0,0.0,0.0,0.0,0.0,15,unknown,G244
PRJNA529562|PRJNA529587,Klebsiella pneumoniae,Israel,2017-07-21,,,Homo sapiens,unknown,unknown,unknown,unknown,unknown,not_curated,,,,SAMN11270017,0,S,CLSI,,,0.0,0.0,0.0,1.0,-1.0,1.0,0.0,0.0,0.0,,0.0,0.0,0.0,1.0,,0.0,0.0,0.0,1.0,3.0,0.0,0.0,0.0,0.0,,0.0,0.0,0.0,1.0,6.0,0.0,1.0,0.0,0.0,,0.0,0.0,0.0,1.0,1.0,1.0,0.0,0.0,0.0,0.0,1.0,0.0,0.0,0.0,,0.0,0.0,0.0,1.0,0.0,0.0,0.0,0.0,0.0,,0.0,0.0,0.0,1.0,,0.0,0.0,0.0,1.0,,0.0,0.0,0.0,1.0,6,unknown,G245
PRJNA529562|PRJNA529587,Klebsiella pneumoniae,Israel,2017-07-18,,,Homo sapiens,unknown,unknown,unknown,unknown,unknown,not_curated,,,,SAMN11270018,0,S,CLSI,,,0.0,0.0,0.0,1.0,-3.0588936890535687,1.0,0.0,0.0,0.0,,0.0,0.0,0.0,1.0,,0.0,0.0,0.0,1.0,5.0,0.0,0.0,0.0,0.0,,0.0,0.0,0.0,1.0,6.0,0.0,1.0,0.0,0.0,,0.0,0.0,0.0,1.0,1.0,1.0,0.0,0.0,0.0,4.0,0.0,1.0,0.0,0.0,,0.0,0.0,0.0,1.0,1.0,0.0,0.0,0.0,0.0,,0.0,0.0,0.0,1.0,-1.0,1.0,0.0,0.0,0.0,,0.0,0.0,0.0,1.0,7,unknown,G246
PRJNA529562|PRJNA529587,Klebsiella pneumoniae,Israel,2017-07-17,,,Homo sapiens,unknown,unknown,unknown,unknown,unknown,not_curated,,,,SAMN11270019,0,S,CLSI,,,0.0,0.0,0.0,1.0,-3.0588936890535687,1.0,0.0,0.0,0.0,,0.0,0.0,0.0,1.0,,0.0,0.0,0.0,1.0,5.0,0.0,0.0,0.0,0.0,,0.0,0.0,0.0,1.0,6.0,0.0,1.0,0.0,0.0,,0.0,0.0,0.0,1.0,1.0,1.0,0.0,0.0,0.0,4.0,0.0,1.0,0.0,0.0,,0.0,0.0,0.0,1.0,1.0,0.0,0.0,0.0,0.0,,0.0,0.0,0.0,1.0,-1.0,1.0,0.0,0.0,0.0,,0.0,0.0,0.0,1.0,7,unknown,G247
PRJNA529562|PRJNA529587,Klebsiella pneumoniae,Israel,2017-07-21,,,Homo sapiens,unknown,unknown,unknown,unknown,unknown,not_curated,,,,SAMN11270020,0,S,CLSI,,,0.0,0.0,0.0,1.0,-3.0588936890535687,1.0,0.0,0.0,0.0,,0.0,0.0,0.0,1.0,,0.0,0.0,0.0,1.0,5.0,0.0,0.0,0.0,0.0,,0.0,0.0,0.0,1.0,6.0,0.0,1.0,0.0,0.0,,0.0,0.0,0.0,1.0,1.0,1.0,0.0,0.0,0.0,4.0,0.0,1.0,0.0,0.0,,0.0,0.0,0.0,1.0,1.0,0.0,0.0,0.0,0.0,,0.0,0.0,0.0,1.0,-1.0,1.0,0.0,0.0,0.0,,0.0,0.0,0.0,1.0,7,unknown,G248
PRJNA529562|PRJNA529587,Klebsiella pneumoniae,Israel,2017-07-21,,,Homo sapiens,unknown,unknown,unknown,unknown,unknown,not_curated,,,,SAMN11270021,0,S,CLSI,,,0.0,0.0,0.0,1.0,-1.0,1.0,0.0,0.0,0.0,,0.0,0.0,0.0,1.0,,0.0,0.0,0.0,1.0,4.0,0.0,0.0,0.0,0.0,,0.0,0.0,0.0,1.0,6.0,0.0,1.0,0.0,0.0,,0.0,0.0,0.0,1.0,1.0,1.0,0.0,0.0,0.0,4.0,1.0,0.0,0.0,0.0,,0.0,0.0,0.0,1.0,1.0,0.0,0.0,0.0,0.0,,0.0,0.0,0.0,1.0,,0.0,0.0,0.0,1.0,,0.0,0.0,0.0,1.0,6,unknown,G249
PRJNA529562|PRJNA529587,Klebsiella pneumoniae,Israel,2017-07-21,,,Homo sapiens,unknown,unknown,unknown,unknown,unknown,not_curated,,,,SAMN11270022,0,S,CLSI,,,0.0,0.0,0.0,1.0,-1.0,1.0,0.0,0.0,0.0,,0.0,0.0,0.0,1.0,,0.0,0.0,0.0,1.0,3.0,0.0,0.0,0.0,0.0,,0.0,0.0,0.0,1.0,6.0,0.0,1.0,0.0,0.0,,0.0,0.0,0.0,1.0,1.0,1.0,0.0,0.0,0.0,0.0,1.0,0.0,0.0,0.0,,0.0,0.0,0.0,1.0,0.0,0.0,0.0,0.0,0.0,,0.0,0.0,0.0,1.0,,0.0,0.0,0.0,1.0,,0.0,0.0,0.0,1.0,6,unknown,G250
PRJNA529562|PRJNA529587,Klebsiella pneumoniae,Israel,2017-07-31,,,Homo sapiens,unknown,unknown,unknown,unknown,unknown,not_curated,,,,SAMN11270023,0,S,CLSI,,,0.0,0.0,0.0,1.0,-1.0,1.0,0.0,0.0,0.0,,0.0,0.0,0.0,1.0,,0.0,0.0,0.0,1.0,4.0,0.0,0.0,0.0,0.0,,0.0,0.0,0.0,1.0,6.0,0.0,1.0,0.0,0.0,,0.0,0.0,0.0,1.0,2.0,0.0,0.0,0.0,0.0,0.0,1.0,0.0,0.0,0.0,,0.0,0.0,0.0,1.0,1.0,0.0,0.0,0.0,0.0,,0.0,0.0,0.0,1.0,,0.0,0.0,0.0,1.0,,0.0,0.0,0.0,1.0,6,unknown,G251
PRJNA529562|PRJNA529587,Klebsiella pneumoniae,Israel,2017-07-26,,,Homo sapiens,unknown,unknown,unknown,unknown,unknown,not_curated,,,,SAMN11270024,0,S,CLSI,,,0.0,0.0,0.0,1.0,-1.0,1.0,0.0,0.0,0.0,,0.0,0.0,0.0,1.0,,0.0,0.0,0.0,1.0,4.0,0.0,0.0,0.0,0.0,,0.0,0.0,0.0,1.0,6.0,0.0,1.0,0.0,0.0,,0.0,0.0,0.0,1.0,1.0,1.0,0.0,0.0,0.0,4.0,0.0,1.0,0.0,0.0,,0.0,0.0,0.0,1.0,1.0,0.0,0.0,0.0,0.0,,0.0,0.0,0.0,1.0,,0.0,0.0,0.0,1.0,,0.0,0.0,0.0,1.0,6,unknown,G252
PRJNA529562|PRJNA529587,Klebsiella pneumoniae,Israel,2017-09-22,,,Homo sapiens,unknown,unknown,unknown,unknown,unknown,not_curated,,,,SAMN11270025,0,S,CLSI,,,0.0,0.0,0.0,1.0,-3.0588936890535687,1.0,0.0,0.0,0.0,,0.0,0.0,0.0,1.0,,0.0,0.0,0.0,1.0,-1.0,0.0,0.0,0.0,0.0,,0.0,0.0,0.0,1.0,6.0,0.0,1.0,0.0,0.0,,0.0,0.0,0.0,1.0,1.0,1.0,0.0,0.0,0.0,4.0,0.0,1.0,0.0,0.0,,0.0,0.0,0.0,1.0,0.0,0.0,0.0,0.0,0.0,,0.0,0.0,0.0,1.0,-1.0,1.0,0.0,0.0,0.0,,0.0,0.0,0.0,1.0,7,unknown,G253
PRJNA529562|PRJNA529587,Klebsiella pneumoniae,Israel,2017-09-22,,,Homo sapiens,unknown,unknown,unknown,unknown,unknown,not_curated,,,,SAMN11270026,0,S,CLSI,,,0.0,0.0,0.0,1.0,-3.0588936890535687,1.0,0.0,0.0,0.0,,0.0,0.0,0.0,1.0,,0.0,0.0,0.0,1.0,5.0,0.0,0.0,0.0,0.0,,0.0,0.0,0.0,1.0,6.0,0.0,1.0,0.0,0.0,,0.0,0.0,0.0,1.0,1.0,1.0,0.0,0.0,0.0,0.0,1.0,0.0,0.0,0.0,,0.0,0.0,0.0,1.0,2.0,0.0,1.0,0.0,0.0,,0.0,0.0,0.0,1.0,-1.0,1.0,0.0,0.0,0.0,,0.0,0.0,0.0,1.0,7,unknown,G254
PRJNA529562|PRJNA529587,Klebsiella pneumoniae,Israel,2017-09-22,,,Homo sapiens,unknown,unknown,unknown,unknown,unknown,not_curated,,,,SAMN11270027,0,S,CLSI,,,0.0,0.0,0.0,1.0,-3.0588936890535687,1.0,0.0,0.0,0.0,,0.0,0.0,0.0,1.0,,0.0,0.0,0.0,1.0,6.0,0.0,1.0,0.0,0.0,,0.0,0.0,0.0,1.0,6.0,0.0,1.0,0.0,0.0,,0.0,0.0,0.0,1.0,1.0,1.0,0.0,0.0,0.0,0.0,1.0,0.0,0.0,0.0,,0.0,0.0,0.0,1.0,0.0,0.0,0.0,0.0,0.0,,0.0,0.0,0.0,1.0,-1.0,1.0,0.0,0.0,0.0,,0.0,0.0,0.0,1.0,7,unknown,G255
PRJNA529562|PRJNA529587,Klebsiella pneumoniae,Israel,2017-09-22,,,Homo sapiens,unknown,unknown,unknown,unknown,unknown,not_curated,,,,SAMN11270028,0,S,CLSI,,,0.0,0.0,0.0,1.0,-3.0588936890535687,1.0,0.0,0.0,0.0,,0.0,0.0,0.0,1.0,,0.0,0.0,0.0,1.0,-1.0,0.0,0.0,0.0,0.0,,0.0,0.0,0.0,1.0,6.0,0.0,1.0,0.0,0.0,,0.0,0.0,0.0,1.0,1.0,1.0,0.0,0.0,0.0,4.0,0.0,1.0,0.0,0.0,,0.0,0.0,0.0,1.0,0.0,0.0,0.0,0.0,0.0,,0.0,0.0,0.0,1.0,-1.0,1.0,0.0,0.0,0.0,,0.0,0.0,0.0,1.0,7,unknown,G256
PRJNA529562|PRJNA529587,Klebsiella pneumoniae,Israel,2017-08-11,,,Homo sapiens,unknown,unknown,unknown,unknown,unknown,not_curated,,,,SAMN11270029,0,S,CLSI,,,0.0,0.0,0.0,1.0,-3.0588936890535687,1.0,0.0,0.0,0.0,,0.0,0.0,0.0,1.0,,0.0,0.0,0.0,1.0,5.0,0.0,0.0,0.0,0.0,,0.0,0.0,0.0,1.0,6.0,0.0,1.0,0.0,0.0,,0.0,0.0,0.0,1.0,1.0,1.0,0.0,0.0,0.0,0.0,1.0,0.0,0.0,0.0,,0.0,0.0,0.0,1.0,-1.0,0.0,0.0,0.0,0.0,,0.0,0.0,0.0,1.0,0.0,0.0,0.0,0.0,0.0,,0.0,0.0,0.0,1.0,7,unknown,G257
PRJNA529562|PRJNA529587,Klebsiella pneumoniae,Israel,2017-08-11,,,Homo sapiens,unknown,unknown,unknown,unknown,unknown,not_curated,,,,SAMN11270030,0,S,CLSI,,,0.0,0.0,0.0,1.0,-3.0588936890535687,1.0,0.0,0.0,0.0,,0.0,0.0,0.0,1.0,,0.0,0.0,0.0,1.0,2.0,0.0,0.0,0.0,0.0,,0.0,0.0,0.0,1.0,6.0,0.0,1.0,0.0,0.0,,0.0,0.0,0.0,1.0,1.0,1.0,0.0,0.0,0.0,4.0,0.0,1.0,0.0,0.0,,0.0,0.0,0.0,1.0,0.0,0.0,0.0,0.0,0.0,,0.0,0.0,0.0,1.0,-1.0,1.0,0.0,0.0,0.0,,0.0,0.0,0.0,1.0,7,unknown,G258
PRJNA529562|PRJNA529587,Klebsiella pneumoniae,Israel,2017-08-25,,,Homo sapiens,unknown,unknown,unknown,unknown,unknown,not_curated,,,,SAMN11270031,0,S,CLSI,,,0.0,0.0,0.0,1.0,-3.0588936890535687,1.0,0.0,0.0,0.0,,0.0,0.0,0.0,1.0,,0.0,0.0,0.0,1.0,3.0,0.0,0.0,0.0,0.0,,0.0,0.0,0.0,1.0,6.0,0.0,1.0,0.0,0.0,,0.0,0.0,0.0,1.0,1.0,1.0,0.0,0.0,0.0,0.0,1.0,0.0,0.0,0.0,,0.0,0.0,0.0,1.0,-2.0,1.0,0.0,0.0,0.0,,0.0,0.0,0.0,1.0,-1.0,1.0,0.0,0.0,0.0,,0.0,0.0,0.0,1.0,7,unknown,G259
PRJNA529562|PRJNA529587,Klebsiella pneumoniae,Israel,2017-08-11,,,Homo sapiens,unknown,unknown,unknown,unknown,unknown,not_curated,,,,SAMN11270032,0,S,CLSI,,,0.0,0.0,0.0,1.0,-3.0588936890535687,1.0,0.0,0.0,0.0,,0.0,0.0,0.0,1.0,,0.0,0.0,0.0,1.0,6.0,0.0,1.0,0.0,0.0,,0.0,0.0,0.0,1.0,6.0,0.0,1.0,0.0,0.0,,0.0,0.0,0.0,1.0,1.0,1.0,0.0,0.0,0.0,0.0,1.0,0.0,0.0,0.0,,0.0,0.0,0.0,1.0,-1.0,0.0,0.0,0.0,0.0,,0.0,0.0,0.0,1.0,-1.0,1.0,0.0,0.0,0.0,,0.0,0.0,0.0,1.0,7,unknown,G260
PRJNA529562|PRJNA529587,Klebsiella pneumoniae,Israel,2017-08-11,,,Homo sapiens,unknown,unknown,unknown,unknown,unknown,not_curated,,,,SAMN11270033,0,S,CLSI,,,0.0,0.0,0.0,1.0,-3.0588936890535687,1.0,0.0,0.0,0.0,,0.0,0.0,0.0,1.0,,0.0,0.0,0.0,1.0,5.0,0.0,0.0,0.0,0.0,,0.0,0.0,0.0,1.0,6.0,0.0,1.0,0.0,0.0,,0.0,0.0,0.0,1.0,1.0,1.0,0.0,0.0,0.0,0.0,1.0,0.0,0.0,0.0,,0.0,0.0,0.0,1.0,-2.0,1.0,0.0,0.0,0.0,,0.0,0.0,0.0,1.0,-1.0,1.0,0.0,0.0,0.0,,0.0,0.0,0.0,1.0,7,unknown,G261
PRJNA529562|PRJNA529587,Klebsiella pneumoniae,Israel,2017-08-11,,,Homo sapiens,unknown,unknown,unknown,unknown,unknown,not_curated,,,,SAMN11270034,0,S,CLSI,,,0.0,0.0,0.0,1.0,-3.0588936890535687,1.0,0.0,0.0,0.0,,0.0,0.0,0.0,1.0,,0.0,0.0,0.0,1.0,5.0,0.0,0.0,0.0,0.0,,0.0,0.0,0.0,1.0,6.0,0.0,1.0,0.0,0.0,,0.0,0.0,0.0,1.0,1.0,1.0,0.0,0.0,0.0,0.0,1.0,0.0,0.0,0.0,,0.0,0.0,0.0,1.0,-1.0,1.0,0.0,0.0,0.0,,0.0,0.0,0.0,1.0,-1.0,1.0,0.0,0.0,0.0,,0.0,0.0,0.0,1.0,7,unknown,G262
PRJNA529562|PRJNA529587,Klebsiella pneumoniae,Israel,2017-08-11,,,Homo sapiens,unknown,unknown,unknown,unknown,unknown,not_curated,,,,SAMN11270035,0,S,CLSI,,,0.0,0.0,0.0,1.0,-3.0588936890535687,1.0,0.0,0.0,0.0,,0.0,0.0,0.0,1.0,,0.0,0.0,0.0,1.0,5.0,0.0,0.0,0.0,0.0,,0.0,0.0,0.0,1.0,6.0,0.0,1.0,0.0,0.0,,0.0,0.0,0.0,1.0,1.0,1.0,0.0,0.0,0.0,0.0,1.0,0.0,0.0,0.0,,0.0,0.0,0.0,1.0,-1.0,0.0,0.0,0.0,0.0,,0.0,0.0,0.0,1.0,-1.0,1.0,0.0,0.0,0.0,,0.0,0.0,0.0,1.0,7,unknown,G263
PRJNA565241,Klebsiella pneumoniae,South Africa,2018,,,Homo sapiens,unknown,unknown,unknown,unknown,unknown,not_curated,,,,SAMN12738923,1,R,CLSI,,3.0,0.0,1.0,1.0,0.0,0.0,0.0,1.0,1.0,0.0,2.0,0.0,1.0,1.0,0.0,,0.0,0.0,0.0,1.0,,0.0,0.0,0.0,1.0,,0.0,0.0,0.0,1.0,,0.0,0.0,0.0,1.0,,0.0,0.0,0.0,1.0,,0.0,0.0,0.0,1.0,,0.0,0.0,0.0,1.0,,0.0,0.0,0.0,1.0,,0.0,0.0,0.0,1.0,,0.0,0.0,0.0,1.0,,0.0,0.0,0.0,1.0,,0.0,0.0,0.0,1.0,3,unknown,G264
PRJNA565241,Klebsiella pneumoniae,South Africa,2018,,,Homo sapiens,unknown,unknown,unknown,unknown,unknown,not_curated,,,,SAMN12738924,1,R,CLSI,,3.0,0.0,1.0,1.0,0.0,0.0,0.0,1.0,1.0,0.0,2.0,0.0,1.0,1.0,0.0,,0.0,0.0,0.0,1.0,,0.0,0.0,0.0,1.0,,0.0,0.0,0.0,1.0,,0.0,0.0,0.0,1.0,,0.0,0.0,0.0,1.0,,0.0,0.0,0.0,1.0,,0.0,0.0,0.0,1.0,,0.0,0.0,0.0,1.0,,0.0,0.0,0.0,1.0,,0.0,0.0,0.0,1.0,,0.0,0.0,0.0,1.0,,0.0,0.0,0.0,1.0,3,unknown,G265
PRJNA565241,Klebsiella pneumoniae,South Africa,2018,,,Homo sapiens,unknown,unknown,unknown,unknown,unknown,not_curated,,,,SAMN12738926,1,R,CLSI,,3.0,0.0,1.0,1.0,0.0,0.0,0.0,1.0,1.0,0.0,2.0,0.0,1.0,1.0,0.0,,0.0,0.0,0.0,1.0,,0.0,0.0,0.0,1.0,,0.0,0.0,0.0,1.0,,0.0,0.0,0.0,1.0,,0.0,0.0,0.0,1.0,,0.0,0.0,0.0,1.0,,0.0,0.0,0.0,1.0,,0.0,0.0,0.0,1.0,,0.0,0.0,0.0,1.0,,0.0,0.0,0.0,1.0,,0.0,0.0,0.0,1.0,,0.0,0.0,0.0,1.0,3,unknown,G266
PRJNA565241,Klebsiella pneumoniae,South Africa,2018,,,Homo sapiens,unknown,unknown,unknown,unknown,unknown,not_curated,,,,SAMN12738927,1,R,CLSI,,2.0,0.0,0.0,0.0,0.0,0.0,0.0,1.0,1.0,0.0,1.0,0.0,0.0,0.0,0.0,,0.0,0.0,0.0,1.0,,0.0,0.0,0.0,1.0,,0.0,0.0,0.0,1.0,,0.0,0.0,0.0,1.0,,0.0,0.0,0.0,1.0,,0.0,0.0,0.0,1.0,,0.0,0.0,0.0,1.0,,0.0,0.0,0.0,1.0,,0.0,0.0,0.0,1.0,,0.0,0.0,0.0,1.0,,0.0,0.0,0.0,1.0,,0.0,0.0,0.0,1.0,3,unknown,G267
PRJNA565241,Klebsiella pneumoniae,South Africa,2018,,,Homo sapiens,unknown,unknown,unknown,unknown,unknown,not_curated,,,,SAMN12738928,1,R,CLSI,,3.0,0.0,1.0,1.0,0.0,0.0,0.0,1.0,1.0,0.0,2.0,0.0,1.0,1.0,0.0,,0.0,0.0,0.0,1.0,,0.0,0.0,0.0,1.0,,0.0,0.0,0.0,1.0,,0.0,0.0,0.0,1.0,,0.0,0.0,0.0,1.0,,0.0,0.0,0.0,1.0,,0.0,0.0,0.0,1.0,,0.0,0.0,0.0,1.0,,0.0,0.0,0.0,1.0,,0.0,0.0,0.0,1.0,,0.0,0.0,0.0,1.0,,0.0,0.0,0.0,1.0,3,unknown,G268
PRJNA587095,Klebsiella pneumoniae,USA,2017-09-12,,,Homo sapiens,unknown,unknown,unknown,unknown,unknown,not_curated,,,,SAMN13176241,0,S,CLSI,,,0.0,0.0,0.0,1.0,-1.0,1.0,0.0,0.0,0.0,,0.0,0.0,0.0,1.0,0.0,1.0,0.0,0.0,0.0,0.0,1.0,0.0,0.0,0.0,,0.0,0.0,0.0,1.0,0.0,1.0,0.0,0.0,0.0,,0.0,0.0,0.0,1.0,1.0,1.0,0.0,0.0,0.0,0.0,1.0,0.0,0.0,0.0,0.0,1.0,0.0,0.0,0.0,-2.0,1.0,0.0,0.0,0.0,,0.0,0.0,0.0,1.0,,0.0,0.0,0.0,1.0,,0.0,0.0,0.0,1.0,8,unknown,G269
PRJNA587095,Klebsiella pneumoniae,USA,2017-09-06,,,Homo sapiens,unknown,unknown,unknown,unknown,unknown,not_curated,,,,SAMN13176245,0,S,CLSI,,,0.0,0.0,0.0,1.0,-1.0,1.0,0.0,0.0,0.0,,0.0,0.0,0.0,1.0,0.0,1.0,0.0,0.0,0.0,6.0,0.0,1.0,0.0,0.0,,0.0,0.0,0.0,1.0,6.0,0.0,1.0,0.0,0.0,,0.0,0.0,0.0,1.0,3.0,0.0,0.0,0.0,0.0,4.0,0.0,1.0,0.0,0.0,4.0,0.0,1.0,0.0,0.0,-1.0,0.0,0.0,0.0,0.0,,0.0,0.0,0.0,1.0,,0.0,0.0,0.0,1.0,,0.0,0.0,0.0,1.0,8,unknown,G270
PRJNA587095,Klebsiella pneumoniae,USA,2017-10-14,,,Homo sapiens,unknown,unknown,unknown,unknown,unknown,not_curated,,,,SAMN13176255,0,S,CLSI,,,0.0,0.0,0.0,1.0,-1.0,1.0,0.0,0.0,0.0,,0.0,0.0,0.0,1.0,0.0,1.0,0.0,0.0,0.0,0.0,1.0,0.0,0.0,0.0,,0.0,0.0,0.0,1.0,0.0,1.0,0.0,0.0,0.0,,0.0,0.0,0.0,1.0,1.0,1.0,0.0,0.0,0.0,0.0,1.0,0.0,0.0,0.0,0.0,1.0,0.0,0.0,0.0,-2.0,1.0,0.0,0.0,0.0,,0.0,0.0,0.0,1.0,,0.0,0.0,0.0,1.0,,0.0,0.0,0.0,1.0,8,unknown,G271
PRJNA726009,Klebsiella pneumoniae,China,2021-01-06,,,Homo sapiens,unknown,unknown,unknown,unknown,unknown,not_curated,,,,SAMN18917856,0,S,CLSI,,3.0,0.0,1.0,1.0,0.0,,0.0,0.0,0.0,1.0,,0.0,0.0,0.0,1.0,4.0,0.0,1.0,1.0,0.0,4.0,0.0,1.0,1.0,0.0,5.0,0.0,1.0,1.0,0.0,,0.0,0.0,0.0,1.0,4.0,0.0,1.0,1.0,0.0,3.0,1.0,0.0,0.0,0.0,1.0,1.0,0.0,0.0,0.0,,0.0,0.0,0.0,1.0,1.0,0.0,1.0,1.0,0.0,3.0,0.0,1.0,1.0,0.0,,0.0,0.0,0.0,1.0,,0.0,0.0,0.0,1.0,9,unknown,G272
PRJNA861833,Klebsiella pneumoniae,South Africa,2019-01-27,,,Homo sapiens,unknown,unknown,unknown,unknown,unknown,not_curated,,,,SAMN29928033,0,S,CLSI,,0.0,1.0,0.0,0.0,0.0,1.0,0.0,1.0,1.0,0.0,,0.0,0.0,0.0,1.0,3.0,0.0,1.0,1.0,0.0,4.0,0.0,1.0,1.0,0.0,4.0,0.0,1.0,1.0,0.0,,0.0,0.0,0.0,1.0,3.0,0.0,1.0,1.0,0.0,4.0,1.0,0.0,0.0,0.0,3.0,0.0,0.0,0.0,0.0,1.0,0.0,1.0,1.0,0.0,2.0,0.0,1.0,1.0,0.0,3.0,0.0,1.0,1.0,0.0,1.0,1.0,0.0,0.0,0.0,6.0,0.0,1.0,1.0,0.0,13,unknown,G273
PRJNA861833,Klebsiella pneumoniae,South Africa,2019-07-11,,,Homo sapiens,unknown,unknown,unknown,unknown,unknown,not_curated,,,,SAMN29928034,1,R,CLSI,,0.0,1.0,0.0,0.0,0.0,0.0,0.0,1.0,1.0,0.0,,0.0,0.0,0.0,1.0,3.0,0.0,1.0,1.0,0.0,4.0,0.0,1.0,1.0,0.0,2.0,0.0,1.0,1.0,0.0,,0.0,0.0,0.0,1.0,3.0,0.0,1.0,1.0,0.0,5.0,0.0,1.0,1.0,0.0,3.0,0.0,1.0,1.0,0.0,3.0,0.0,1.0,1.0,0.0,1.0,0.0,1.0,1.0,0.0,2.0,0.0,1.0,1.0,0.0,1.0,1.0,0.0,0.0,0.0,0.0,0.0,1.0,1.0,0.0,13,unknown,G274
PRJNA861833,Klebsiella pneumoniae,South Africa,2019-11-07,,,Homo sapiens,unknown,unknown,unknown,unknown,unknown,not_curated,,,,SAMN29928035,1,R,CLSI,,0.0,1.0,0.0,0.0,0.0,0.0,0.0,1.0,1.0,0.0,,0.0,0.0,0.0,1.0,3.0,0.0,1.0,1.0,0.0,4.0,0.0,1.0,1.0,0.0,4.0,0.0,1.0,1.0,0.0,,0.0,0.0,0.0,1.0,3.0,0.0,1.0,1.0,0.0,4.0,1.0,0.0,0.0,0.0,3.0,0.0,1.0,1.0,0.0,3.0,0.0,0.0,0.0,0.0,1.0,0.0,1.0,1.0,0.0,2.0,0.0,1.0,1.0,0.0,2.0,0.0,0.0,0.0,0.0,0.0,1.0,0.0,0.0,0.0,13,unknown,G275
PRJNA861833,Klebsiella pneumoniae,South Africa,2019-10-11,,,Homo sapiens,unknown,unknown,unknown,unknown,unknown,not_curated,,,,SAMN29928036,1,R,CLSI,,0.0,1.0,0.0,0.0,0.0,0.0,0.0,1.0,1.0,0.0,,0.0,0.0,0.0,1.0,3.0,0.0,1.0,1.0,0.0,4.0,0.0,1.0,1.0,0.0,4.0,0.0,1.0,1.0,0.0,,0.0,0.0,0.0,1.0,3.0,0.0,1.0,1.0,0.0,4.0,1.0,0.0,0.0,0.0,3.0,0.0,1.0,1.0,0.0,3.0,0.0,1.0,1.0,0.0,1.0,0.0,1.0,1.0,0.0,2.0,0.0,1.0,1.0,0.0,1.0,1.0,0.0,0.0,0.0,0.0,1.0,0.0,0.0,0.0,13,unknown,G276
PRJNA861833,Klebsiella pneumoniae,South Africa,2019-09-26,,,Homo sapiens,unknown,unknown,unknown,unknown,unknown,not_curated,,,,SAMN29928037,1,R,CLSI,,1.0,0.0,0.0,0.0,0.0,0.0,0.0,1.0,1.0,0.0,,0.0,0.0,0.0,1.0,3.0,0.0,1.0,1.0,0.0,4.0,0.0,1.0,1.0,0.0,2.0,0.0,1.0,1.0,0.0,,0.0,0.0,0.0,1.0,3.0,0.0,1.0,1.0,0.0,4.0,1.0,0.0,0.0,0.0,2.0,1.0,0.0,0.0,0.0,3.0,0.0,1.0,1.0,0.0,1.0,0.0,1.0,1.0,0.0,2.0,0.0,1.0,1.0,0.0,2.0,0.0,1.0,1.0,0.0,0.0,1.0,0.0,0.0,0.0,13,unknown,G277
PRJNA861833,Klebsiella pneumoniae,South Africa,2020,,,Homo sapiens,unknown,unknown,unknown,unknown,unknown,not_curated,,,,SAMN29928043,0,S,CLSI,,0.0,1.0,0.0,0.0,0.0,-1.0,1.0,0.0,0.0,0.0,,0.0,0.0,0.0,1.0,0.0,1.0,0.0,0.0,0.0,0.0,1.0,0.0,0.0,0.0,0.0,1.0,0.0,0.0,0.0,,0.0,0.0,0.0,1.0,0.0,1.0,0.0,0.0,0.0,4.0,1.0,0.0,0.0,0.0,2.0,1.0,0.0,0.0,0.0,2.0,1.0,0.0,0.0,0.0,0.0,1.0,0.0,0.0,0.0,1.0,1.0,0.0,0.0,0.0,2.0,0.0,1.0,1.0,0.0,0.0,1.0,0.0,0.0,0.0,13,unknown,G278
PRJNA288601,Klebsiella pneumoniae,USA,2022,,,Homo sapiens,unknown,unknown,unknown,unknown,unknown,not_curated,,,,SAMN31774407,1,R,CLSI,,2.0,0.0,0.0,0.0,0.0,3.0,0.0,0.0,0.0,0.0,,0.0,0.0,0.0,1.0,4.0,0.0,0.0,0.0,0.0,4.0,0.0,1.0,1.0,0.0,,0.0,0.0,0.0,1.0,5.0,0.0,1.0,1.0,0.0,4.0,0.0,1.0,1.0,0.0,3.0,1.0,0.0,0.0,0.0,1.0,1.0,0.0,0.0,0.0,3.0,0.0,0.0,0.0,0.0,0.0,0.0,0.0,0.0,0.0,0.0,0.0,0.0,0.0,0.0,,0.0,0.0,0.0,1.0,,0.0,0.0,0.0,1.0,11,unknown,G279
PRJNA953359,Klebsiella pneumoniae,USA,2020,,,Homo sapiens,unknown,unknown,unknown,unknown,unknown,not_curated,,,,SAMN34111336,1,R,CLSI,,3.0,0.0,0.0,0.0,0.0,,0.0,0.0,0.0,1.0,,0.0,0.0,0.0,1.0,5.0,0.0,1.0,1.0,0.0,7.0,0.0,0.0,0.0,0.0,6.0,0.0,1.0,1.0,0.0,,0.0,0.0,0.0,1.0,6.0,0.0,1.0,1.0,0.0,3.0,0.0,0.0,0.0,0.0,,0.0,0.0,0.0,1.0,4.0,0.0,1.0,1.0,0.0,,0.0,0.0,0.0,1.0,3.0,0.0,1.0,1.0,0.0,,0.0,0.0,0.0,1.0,0.0,0.0,0.0,0.0,0.0,9,unknown,G280
PRJNA953359,Klebsiella pneumoniae,USA,2020,,,Homo sapiens,unknown,unknown,unknown,unknown,unknown,not_curated,,,,SAMN34111340,1,R,CLSI,,6.0,0.0,0.0,0.0,0.0,,0.0,0.0,0.0,1.0,,0.0,0.0,0.0,1.0,5.0,0.0,1.0,1.0,0.0,7.0,0.0,1.0,1.0,0.0,6.0,0.0,1.0,1.0,0.0,,0.0,0.0,0.0,1.0,6.0,0.0,1.0,1.0,0.0,6.0,0.0,1.0,1.0,0.0,,0.0,0.0,0.0,1.0,4.0,0.0,1.0,1.0,0.0,,0.0,0.0,0.0,1.0,3.0,0.0,1.0,1.0,0.0,,0.0,0.0,0.0,1.0,1.0,0.0,0.0,0.0,0.0,9,unknown,G281
PRJNA953359,Klebsiella pneumoniae,USA,2018,,,Homo sapiens,unknown,unknown,unknown,unknown,unknown,not_curated,,,,SAMN34111344,1,R,CLSI,,6.0,0.0,1.0,1.0,0.0,,0.0,0.0,0.0,1.0,,0.0,0.0,0.0,1.0,5.0,0.0,1.0,1.0,0.0,7.0,0.0,1.0,1.0,0.0,6.0,0.0,1.0,1.0,0.0,,0.0,0.0,0.0,1.0,,0.0,0.0,0.0,1.0,6.0,0.0,1.0,1.0,0.0,,0.0,0.0,0.0,1.0,4.0,0.0,1.0,1.0,0.0,,0.0,0.0,0.0,1.0,3.0,0.0,1.0,1.0,0.0,,0.0,0.0,0.0,1.0,0.0,0.0,0.0,0.0,0.0,8,unknown,G282
PRJNA953359,Klebsiella pneumoniae,USA,2022,,,Homo sapiens,unknown,unknown,unknown,unknown,unknown,not_curated,,,,SAMN34111349,1,R,CLSI,,6.0,0.0,0.0,0.0,0.0,,0.0,0.0,0.0,1.0,,0.0,0.0,0.0,1.0,5.0,0.0,1.0,1.0,0.0,7.0,0.0,1.0,1.0,0.0,6.0,0.0,1.0,1.0,0.0,,0.0,0.0,0.0,1.0,5.0,0.0,1.0,1.0,0.0,6.0,0.0,1.0,1.0,0.0,,0.0,0.0,0.0,1.0,4.0,0.0,1.0,1.0,0.0,,0.0,0.0,0.0,1.0,3.0,0.0,1.0,1.0,0.0,,0.0,0.0,0.0,1.0,2.0,0.0,0.0,0.0,0.0,9,unknown,G283
PRJNA278886,Klebsiella pneumoniae,USA,2023,,,Homo sapiens,unknown,unknown,unknown,unknown,unknown,not_curated,,,,SAMN35159565,0,S,CLSI,,,0.0,0.0,0.0,1.0,-1.0,1.0,0.0,0.0,0.0,,0.0,0.0,0.0,1.0,5.0,0.0,0.0,0.0,0.0,6.0,0.0,1.0,0.0,0.0,,0.0,0.0,0.0,1.0,6.0,0.0,1.0,0.0,0.0,,0.0,0.0,0.0,1.0,1.0,1.0,0.0,0.0,0.0,4.0,0.0,1.0,0.0,0.0,3.0,0.0,0.0,0.0,0.0,2.0,0.0,1.0,0.0,0.0,3.0,0.0,1.0,0.0,0.0,,0.0,0.0,0.0,1.0,,0.0,0.0,0.0,1.0,9,unknown,G284
PRJNA278886,Klebsiella pneumoniae,USA,2023,,,Homo sapiens,unknown,unknown,unknown,unknown,unknown,not_curated,,,,SAMN35159566,0,S,CLSI,,,0.0,0.0,0.0,1.0,-1.0,1.0,0.0,0.0,0.0,,0.0,0.0,0.0,1.0,1.0,0.0,0.0,0.0,0.0,4.0,0.0,0.0,0.0,0.0,,0.0,0.0,0.0,1.0,6.0,0.0,1.0,0.0,0.0,,0.0,0.0,0.0,1.0,2.0,0.0,0.0,0.0,0.0,4.0,0.0,1.0,0.0,0.0,4.0,0.0,1.0,0.0,0.0,2.0,0.0,1.0,0.0,0.0,0.0,0.0,0.0,0.0,0.0,,0.0,0.0,0.0,1.0,,0.0,0.0,0.0,1.0,9,unknown,G285
PRJNA278886,Klebsiella pneumoniae,USA,2023,,,Homo sapiens,unknown,unknown,unknown,unknown,unknown,not_curated,,,,SAMN35159567,0,S,CLSI,,,0.0,0.0,0.0,1.0,-1.0,1.0,0.0,0.0,0.0,,0.0,0.0,0.0,1.0,2.0,0.0,0.0,0.0,0.0,4.0,0.0,0.0,0.0,0.0,,0.0,0.0,0.0,1.0,5.0,0.0,0.0,0.0,0.0,,0.0,0.0,0.0,1.0,2.0,0.0,0.0,0.0,0.0,4.0,0.0,1.0,0.0,0.0,4.0,0.0,1.0,0.0,0.0,2.0,0.0,1.0,0.0,0.0,2.0,0.0,0.0,0.0,0.0,,0.0,0.0,0.0,1.0,,0.0,0.0,0.0,1.0,9,unknown,G286
PRJNA278886,Klebsiella pneumoniae,USA,2023,,,Homo sapiens,unknown,unknown,unknown,unknown,unknown,not_curated,,,,SAMN35159568,0,S,CLSI,,,0.0,0.0,0.0,1.0,-1.0,1.0,0.0,0.0,0.0,,0.0,0.0,0.0,1.0,2.0,0.0,0.0,0.0,0.0,4.0,0.0,0.0,0.0,0.0,,0.0,0.0,0.0,1.0,5.0,0.0,0.0,0.0,0.0,,0.0,0.0,0.0,1.0,2.0,0.0,0.0,0.0,0.0,4.0,0.0,1.0,0.0,0.0,4.0,0.0,1.0,0.0,0.0,2.0,0.0,1.0,0.0,0.0,2.0,0.0,0.0,0.0,0.0,,0.0,0.0,0.0,1.0,,0.0,0.0,0.0,1.0,9,unknown,G287
PRJNA278886,Klebsiella pneumoniae,USA,2023,,,Homo sapiens,unknown,unknown,unknown,unknown,unknown,not_curated,,,,SAMN35159570,1,R,CLSI,,,0.0,0.0,0.0,1.0,,0.0,0.0,0.0,1.0,,0.0,0.0,0.0,1.0,6.0,0.0,1.0,0.0,0.0,6.0,0.0,1.0,0.0,0.0,,0.0,0.0,0.0,1.0,6.0,0.0,1.0,0.0,0.0,,0.0,0.0,0.0,1.0,4.0,0.0,0.0,0.0,0.0,4.0,0.0,1.0,0.0,0.0,4.0,0.0,1.0,0.0,0.0,2.0,0.0,1.0,0.0,0.0,3.0,0.0,1.0,0.0,0.0,,0.0,0.0,0.0,1.0,,0.0,0.0,0.0,1.0,8,unknown,G288
PRJNA278886,Klebsiella pneumoniae,USA,2023,,,Homo sapiens,unknown,unknown,unknown,unknown,unknown,not_curated,,,,SAMN35159571,0,S,CLSI,,,0.0,0.0,0.0,1.0,-1.0,1.0,0.0,0.0,0.0,,0.0,0.0,0.0,1.0,0.0,1.0,0.0,0.0,0.0,4.0,0.0,0.0,0.0,0.0,,0.0,0.0,0.0,1.0,6.0,0.0,1.0,0.0,0.0,,0.0,0.0,0.0,1.0,1.0,1.0,0.0,0.0,0.0,0.0,1.0,0.0,0.0,0.0,4.0,0.0,1.0,0.0,0.0,2.0,0.0,1.0,0.0,0.0,3.0,0.0,1.0,0.0,0.0,,0.0,0.0,0.0,1.0,,0.0,0.0,0.0,1.0,9,unknown,G289
PRJNA278886,Klebsiella pneumoniae,USA,2023,,,Homo sapiens,unknown,unknown,unknown,unknown,unknown,not_curated,,,,SAMN35159577,0,S,CLSI,,,0.0,0.0,0.0,1.0,-1.0,1.0,0.0,0.0,0.0,,0.0,0.0,0.0,1.0,1.0,0.0,0.0,0.0,0.0,4.0,0.0,0.0,0.0,0.0,,0.0,0.0,0.0,1.0,6.0,0.0,1.0,0.0,0.0,,0.0,0.0,0.0,1.0,1.0,1.0,0.0,0.0,0.0,4.0,0.0,1.0,0.0,0.0,3.0,0.0,0.0,0.0,0.0,-1.0,0.0,0.0,0.0,0.0,0.0,0.0,0.0,0.0,0.0,,0.0,0.0,0.0,1.0,,0.0,0.0,0.0,1.0,9,unknown,G290
PRJNA278886,Klebsiella pneumoniae,USA,2023,,,Homo sapiens,unknown,unknown,unknown,unknown,unknown,not_curated,,,,SAMN35159578,0,S,CLSI,,,0.0,0.0,0.0,1.0,-1.0,1.0,0.0,0.0,0.0,,0.0,0.0,0.0,1.0,1.0,0.0,0.0,0.0,0.0,4.0,0.0,0.0,0.0,0.0,,0.0,0.0,0.0,1.0,6.0,0.0,1.0,0.0,0.0,,0.0,0.0,0.0,1.0,1.0,1.0,0.0,0.0,0.0,4.0,0.0,1.0,0.0,0.0,4.0,0.0,1.0,0.0,0.0,3.0,0.0,1.0,0.0,0.0,3.0,0.0,1.0,0.0,0.0,,0.0,0.0,0.0,1.0,,0.0,0.0,0.0,1.0,9,unknown,G291
PRJNA278886,Klebsiella pneumoniae,USA,2023,,,Homo sapiens,unknown,unknown,unknown,unknown,unknown,not_curated,,,,SAMN35159580,0,S,CLSI,,,0.0,0.0,0.0,1.0,-1.0,1.0,0.0,0.0,0.0,,0.0,0.0,0.0,1.0,1.0,0.0,0.0,0.0,0.0,4.0,0.0,0.0,0.0,0.0,,0.0,0.0,0.0,1.0,6.0,0.0,1.0,0.0,0.0,,0.0,0.0,0.0,1.0,1.0,1.0,0.0,0.0,0.0,4.0,0.0,1.0,0.0,0.0,3.0,0.0,0.0,0.0,0.0,-1.0,0.0,0.0,0.0,0.0,0.0,0.0,0.0,0.0,0.0,,0.0,0.0,0.0,1.0,,0.0,0.0,0.0,1.0,9,unknown,G292
PRJNA278886,Klebsiella pneumoniae,USA,2023,,,Homo sapiens,unknown,unknown,unknown,unknown,unknown,not_curated,,,,SAMN35159581,1,R,CLSI,,,0.0,0.0,0.0,1.0,,0.0,0.0,0.0,1.0,,0.0,0.0,0.0,1.0,6.0,0.0,1.0,0.0,0.0,6.0,0.0,1.0,0.0,0.0,,0.0,0.0,0.0,1.0,6.0,0.0,1.0,0.0,0.0,,0.0,0.0,0.0,1.0,6.0,0.0,1.0,0.0,0.0,4.0,0.0,1.0,0.0,0.0,4.0,0.0,1.0,0.0,0.0,2.0,0.0,1.0,0.0,0.0,3.0,0.0,1.0,0.0,0.0,,0.0,0.0,0.0,1.0,,0.0,0.0,0.0,1.0,8,unknown,G293
PRJNA278886,Klebsiella pneumoniae,USA,2023,,,Homo sapiens,unknown,unknown,unknown,unknown,unknown,not_curated,,,,SAMN35159582,0,S,CLSI,,,0.0,0.0,0.0,1.0,-1.0,1.0,0.0,0.0,0.0,,0.0,0.0,0.0,1.0,1.0,0.0,0.0,0.0,0.0,4.0,0.0,0.0,0.0,0.0,,0.0,0.0,0.0,1.0,6.0,0.0,1.0,0.0,0.0,,0.0,0.0,0.0,1.0,1.0,1.0,0.0,0.0,0.0,4.0,0.0,1.0,0.0,0.0,4.0,0.0,1.0,0.0,0.0,2.0,0.0,1.0,0.0,0.0,3.0,0.0,1.0,0.0,0.0,,0.0,0.0,0.0,1.0,,0.0,0.0,0.0,1.0,9,unknown,G294
PRJNA278886,Klebsiella pneumoniae,USA,2023,,,Homo sapiens,unknown,unknown,unknown,unknown,unknown,not_curated,,,,SAMN35159584,0,S,CLSI,,,0.0,0.0,0.0,1.0,-1.0,1.0,0.0,0.0,0.0,,0.0,0.0,0.0,1.0,1.0,0.0,0.0,0.0,0.0,3.0,0.0,0.0,0.0,0.0,,0.0,0.0,0.0,1.0,6.0,0.0,1.0,0.0,0.0,,0.0,0.0,0.0,1.0,1.0,1.0,0.0,0.0,0.0,4.0,0.0,1.0,0.0,0.0,4.0,0.0,1.0,0.0,0.0,1.0,0.0,0.0,0.0,0.0,0.0,0.0,0.0,0.0,0.0,,0.0,0.0,0.0,1.0,,0.0,0.0,0.0,1.0,9,unknown,G295
PRJNA278886,Klebsiella pneumoniae,USA,2023,,,Homo sapiens,unknown,unknown,unknown,unknown,unknown,not_curated,,,,SAMN35159586,0,S,CLSI,,,0.0,0.0,0.0,1.0,-1.0,1.0,0.0,0.0,0.0,,0.0,0.0,0.0,1.0,1.0,0.0,0.0,0.0,0.0,2.0,0.0,0.0,0.0,0.0,,0.0,0.0,0.0,1.0,6.0,0.0,1.0,0.0,0.0,,0.0,0.0,0.0,1.0,1.0,1.0,0.0,0.0,0.0,4.0,0.0,1.0,0.0,0.0,4.0,0.0,1.0,0.0,0.0,1.0,0.0,0.0,0.0,0.0,0.0,0.0,0.0,0.0,0.0,,0.0,0.0,0.0,1.0,,0.0,0.0,0.0,1.0,9,unknown,G296
PRJNA278886,Klebsiella pneumoniae,USA,2023,,,Homo sapiens,unknown,unknown,unknown,unknown,unknown,not_curated,,,,SAMN35159587,0,S,CLSI,,,0.0,0.0,0.0,1.0,-1.0,1.0,0.0,0.0,0.0,,0.0,0.0,0.0,1.0,1.0,0.0,0.0,0.0,0.0,2.0,0.0,0.0,0.0,0.0,,0.0,0.0,0.0,1.0,6.0,0.0,1.0,0.0,0.0,,0.0,0.0,0.0,1.0,1.0,1.0,0.0,0.0,0.0,4.0,0.0,1.0,0.0,0.0,4.0,0.0,1.0,0.0,0.0,1.0,0.0,0.0,0.0,0.0,0.0,0.0,0.0,0.0,0.0,,0.0,0.0,0.0,1.0,,0.0,0.0,0.0,1.0,9,unknown,G297
PRJNA278886,Klebsiella pneumoniae,USA,2023,,,Homo sapiens,unknown,unknown,unknown,unknown,unknown,not_curated,,,,SAMN35159588,0,S,CLSI,,,0.0,0.0,0.0,1.0,-1.0,1.0,0.0,0.0,0.0,,0.0,0.0,0.0,1.0,1.0,0.0,0.0,0.0,0.0,2.0,0.0,0.0,0.0,0.0,,0.0,0.0,0.0,1.0,6.0,0.0,1.0,0.0,0.0,,0.0,0.0,0.0,1.0,1.0,1.0,0.0,0.0,0.0,0.0,1.0,0.0,0.0,0.0,4.0,0.0,1.0,0.0,0.0,0.0,0.0,0.0,0.0,0.0,0.0,0.0,0.0,0.0,0.0,,0.0,0.0,0.0,1.0,,0.0,0.0,0.0,1.0,9,unknown,G298
PRJNA278886,Klebsiella pneumoniae,USA,2023,,,Homo sapiens,unknown,unknown,unknown,unknown,unknown,not_curated,,,,SAMN35159589,0,S,CLSI,,,0.0,0.0,0.0,1.0,-1.0,1.0,0.0,0.0,0.0,,0.0,0.0,0.0,1.0,0.0,1.0,0.0,0.0,0.0,0.0,1.0,0.0,0.0,0.0,,0.0,0.0,0.0,1.0,0.0,1.0,0.0,0.0,0.0,,0.0,0.0,0.0,1.0,1.0,1.0,0.0,0.0,0.0,0.0,1.0,0.0,0.0,0.0,0.0,1.0,0.0,0.0,0.0,-2.0,1.0,0.0,0.0,0.0,-3.0588936890535687,1.0,0.0,0.0,0.0,,0.0,0.0,0.0,1.0,,0.0,0.0,0.0,1.0,9,unknown,G299
PRJNA278886,Klebsiella pneumoniae,USA,2023,,,Homo sapiens,unknown,unknown,unknown,unknown,unknown,not_curated,,,,SAMN35159590,0,S,CLSI,,,0.0,0.0,0.0,1.0,-1.0,1.0,0.0,0.0,0.0,,0.0,0.0,0.0,1.0,5.0,0.0,0.0,0.0,0.0,4.0,0.0,0.0,0.0,0.0,,0.0,0.0,0.0,1.0,6.0,0.0,1.0,0.0,0.0,,0.0,0.0,0.0,1.0,1.0,1.0,0.0,0.0,0.0,-1.0,1.0,0.0,0.0,0.0,0.0,1.0,0.0,0.0,0.0,3.0,0.0,1.0,0.0,0.0,3.0,0.0,1.0,0.0,0.0,,0.0,0.0,0.0,1.0,-3.0588936890535687,1.0,0.0,0.0,0.0,10,unknown,G300
PRJNA278886,Klebsiella pneumoniae,USA,2023,,,Homo sapiens,unknown,unknown,unknown,unknown,unknown,not_curated,,,,SAMN35159591,0,S,CLSI,,,0.0,0.0,0.0,1.0,-1.0,1.0,0.0,0.0,0.0,,0.0,0.0,0.0,1.0,0.0,1.0,0.0,0.0,0.0,2.0,0.0,0.0,0.0,0.0,,0.0,0.0,0.0,1.0,6.0,0.0,1.0,0.0,0.0,,0.0,0.0,0.0,1.0,1.0,1.0,0.0,0.0,0.0,0.0,1.0,0.0,0.0,0.0,0.0,1.0,0.0,0.0,0.0,2.0,0.0,1.0,0.0,0.0,2.0,0.0,0.0,0.0,0.0,,0.0,0.0,0.0,1.0,,0.0,0.0,0.0,1.0,9,unknown,G301
PRJNA278886,Klebsiella pneumoniae,USA,2022,,,Homo sapiens,unknown,unknown,unknown,unknown,unknown,not_curated,,,,SAMN35159592,0,S,CLSI,,,0.0,0.0,0.0,1.0,-1.0,1.0,0.0,0.0,0.0,,0.0,0.0,0.0,1.0,6.0,0.0,1.0,0.0,0.0,6.0,0.0,1.0,0.0,0.0,,0.0,0.0,0.0,1.0,6.0,0.0,1.0,0.0,0.0,,0.0,0.0,0.0,1.0,1.0,1.0,0.0,0.0,0.0,0.0,1.0,0.0,0.0,0.0,0.0,1.0,0.0,0.0,0.0,-1.0,0.0,0.0,0.0,0.0,0.0,0.0,0.0,0.0,0.0,,0.0,0.0,0.0,1.0,-3.0588936890535687,1.0,0.0,0.0,0.0,10,unknown,G302
PRJNA278886,Klebsiella pneumoniae,USA,2022,,,Homo sapiens,unknown,unknown,unknown,unknown,unknown,not_curated,,,,SAMN35159593,1,R,CLSI,,,0.0,0.0,0.0,1.0,,0.0,0.0,0.0,1.0,,0.0,0.0,0.0,1.0,6.0,0.0,1.0,0.0,0.0,6.0,0.0,1.0,0.0,0.0,,0.0,0.0,0.0,1.0,6.0,0.0,1.0,0.0,0.0,,0.0,0.0,0.0,1.0,4.0,0.0,0.0,0.0,0.0,4.0,0.0,1.0,0.0,0.0,4.0,0.0,1.0,0.0,0.0,-2.0,1.0,0.0,0.0,0.0,0.0,0.0,0.0,0.0,0.0,,0.0,0.0,0.0,1.0,,0.0,0.0,0.0,1.0,8,unknown,G303
PRJNA278886,Klebsiella pneumoniae,USA,2022,,,Homo sapiens,unknown,unknown,unknown,unknown,unknown,not_curated,,,,SAMN35159594,0,S,CLSI,,,0.0,0.0,0.0,1.0,-1.0,1.0,0.0,0.0,0.0,,0.0,0.0,0.0,1.0,1.0,0.0,0.0,0.0,0.0,6.0,0.0,1.0,0.0,0.0,,0.0,0.0,0.0,1.0,6.0,0.0,1.0,0.0,0.0,,0.0,0.0,0.0,1.0,1.0,1.0,0.0,0.0,0.0,4.0,0.0,1.0,0.0,0.0,3.0,0.0,0.0,0.0,0.0,-2.0,1.0,0.0,0.0,0.0,0.0,0.0,0.0,0.0,0.0,,0.0,0.0,0.0,1.0,,0.0,0.0,0.0,1.0,9,unknown,G304
PRJNA278886,Klebsiella pneumoniae,USA,2022,,,Homo sapiens,unknown,unknown,unknown,unknown,unknown,not_curated,,,,SAMN35159595,0,S,CLSI,,,0.0,0.0,0.0,1.0,-1.0,1.0,0.0,0.0,0.0,,0.0,0.0,0.0,1.0,2.0,0.0,0.0,0.0,0.0,4.0,0.0,0.0,0.0,0.0,,0.0,0.0,0.0,1.0,6.0,0.0,1.0,0.0,0.0,,0.0,0.0,0.0,1.0,1.0,1.0,0.0,0.0,0.0,0.0,1.0,0.0,0.0,0.0,0.0,1.0,0.0,0.0,0.0,-1.0,0.0,0.0,0.0,0.0,0.0,0.0,0.0,0.0,0.0,,0.0,0.0,0.0,1.0,,0.0,0.0,0.0,1.0,9,unknown,G305
PRJNA278886,Klebsiella pneumoniae,USA,2022,,,Homo sapiens,unknown,unknown,unknown,unknown,unknown,not_curated,,,,SAMN35159596,0,S,CLSI,,,0.0,0.0,0.0,1.0,-1.0,1.0,0.0,0.0,0.0,,0.0,0.0,0.0,1.0,6.0,0.0,1.0,0.0,0.0,6.0,0.0,1.0,0.0,0.0,,0.0,0.0,0.0,1.0,6.0,0.0,1.0,0.0,0.0,,0.0,0.0,0.0,1.0,1.0,1.0,0.0,0.0,0.0,4.0,0.0,1.0,0.0,0.0,4.0,0.0,1.0,0.0,0.0,2.0,0.0,1.0,0.0,0.0,3.0,0.0,1.0,0.0,0.0,,0.0,0.0,0.0,1.0,,0.0,0.0,0.0,1.0,9,unknown,G306
PRJNA278886,Klebsiella pneumoniae,USA,2022,,,Homo sapiens,unknown,unknown,unknown,unknown,unknown,not_curated,,,,SAMN35159599,0,S,CLSI,,,0.0,0.0,0.0,1.0,-1.0,1.0,0.0,0.0,0.0,,0.0,0.0,0.0,1.0,1.0,0.0,0.0,0.0,0.0,4.0,0.0,0.0,0.0,0.0,,0.0,0.0,0.0,1.0,6.0,0.0,1.0,0.0,0.0,,0.0,0.0,0.0,1.0,2.0,0.0,0.0,0.0,0.0,4.0,0.0,1.0,0.0,0.0,4.0,0.0,1.0,0.0,0.0,-2.0,1.0,0.0,0.0,0.0,-3.0588936890535687,1.0,0.0,0.0,0.0,,0.0,0.0,0.0,1.0,,0.0,0.0,0.0,1.0,9,unknown,G307
PRJNA278886,Klebsiella pneumoniae,USA,2022,,,Homo sapiens,unknown,unknown,unknown,unknown,unknown,not_curated,,,,SAMN35159600,0,S,CLSI,,,0.0,0.0,0.0,1.0,-1.0,1.0,0.0,0.0,0.0,,0.0,0.0,0.0,1.0,2.0,0.0,0.0,0.0,0.0,4.0,0.0,0.0,0.0,0.0,,0.0,0.0,0.0,1.0,6.0,0.0,1.0,0.0,0.0,,0.0,0.0,0.0,1.0,1.0,1.0,0.0,0.0,0.0,0.0,1.0,0.0,0.0,0.0,3.0,0.0,0.0,0.0,0.0,2.0,0.0,1.0,0.0,0.0,2.0,0.0,0.0,0.0,0.0,,0.0,0.0,0.0,1.0,,0.0,0.0,0.0,1.0,9,unknown,G308
PRJNA278886,Klebsiella pneumoniae,USA,2022,,,Homo sapiens,unknown,unknown,unknown,unknown,unknown,not_curated,,,,SAMN35159601,1,R,CLSI,,,0.0,0.0,0.0,1.0,,0.0,0.0,0.0,1.0,,0.0,0.0,0.0,1.0,6.0,0.0,1.0,0.0,0.0,4.0,0.0,0.0,0.0,0.0,,0.0,0.0,0.0,1.0,6.0,0.0,1.0,0.0,0.0,,0.0,0.0,0.0,1.0,1.0,1.0,0.0,0.0,0.0,4.0,0.0,1.0,0.0,0.0,4.0,0.0,1.0,0.0,0.0,-1.0,0.0,0.0,0.0,0.0,-2.0,0.0,0.0,0.0,0.0,,0.0,0.0,0.0,1.0,,0.0,0.0,0.0,1.0,8,unknown,G309
PRJNA278886,Klebsiella pneumoniae,USA,2022,,,Homo sapiens,unknown,unknown,unknown,unknown,unknown,not_curated,,,,SAMN35159602,1,R,CLSI,,,0.0,0.0,0.0,1.0,,0.0,0.0,0.0,1.0,,0.0,0.0,0.0,1.0,6.0,0.0,1.0,0.0,0.0,4.0,0.0,0.0,0.0,0.0,,0.0,0.0,0.0,1.0,6.0,0.0,1.0,0.0,0.0,,0.0,0.0,0.0,1.0,6.0,0.0,1.0,0.0,0.0,4.0,0.0,1.0,0.0,0.0,4.0,0.0,1.0,0.0,0.0,2.0,0.0,1.0,0.0,0.0,3.0,0.0,1.0,0.0,0.0,,0.0,0.0,0.0,1.0,,0.0,0.0,0.0,1.0,8,unknown,G310
PRJNA278886,Klebsiella pneumoniae,USA,2022,,,Homo sapiens,unknown,unknown,unknown,unknown,unknown,not_curated,,,,SAMN35159603,0,S,CLSI,,,0.0,0.0,0.0,1.0,-1.0,1.0,0.0,0.0,0.0,,0.0,0.0,0.0,1.0,3.0,0.0,0.0,0.0,0.0,2.0,0.0,0.0,0.0,0.0,,0.0,0.0,0.0,1.0,2.0,0.0,0.0,0.0,0.0,,0.0,0.0,0.0,1.0,1.0,1.0,0.0,0.0,0.0,0.0,1.0,0.0,0.0,0.0,0.0,1.0,0.0,0.0,0.0,-2.0,1.0,0.0,0.0,0.0,0.0,0.0,0.0,0.0,0.0,,0.0,0.0,0.0,1.0,,0.0,0.0,0.0,1.0,9,unknown,G311
PRJNA278886,Klebsiella pneumoniae,USA,2022,,,Homo sapiens,unknown,unknown,unknown,unknown,unknown,not_curated,,,,SAMN35159607,0,S,CLSI,,,0.0,0.0,0.0,1.0,-1.0,1.0,0.0,0.0,0.0,,0.0,0.0,0.0,1.0,3.0,0.0,0.0,0.0,0.0,6.0,0.0,1.0,0.0,0.0,,0.0,0.0,0.0,1.0,6.0,0.0,1.0,0.0,0.0,,0.0,0.0,0.0,1.0,1.0,1.0,0.0,0.0,0.0,0.0,1.0,0.0,0.0,0.0,4.0,0.0,1.0,0.0,0.0,-2.0,1.0,0.0,0.0,0.0,2.0,0.0,0.0,0.0,0.0,,0.0,0.0,0.0,1.0,,0.0,0.0,0.0,1.0,9,unknown,G312
PRJNA278886,Klebsiella pneumoniae,USA,2022,,,Homo sapiens,unknown,unknown,unknown,unknown,unknown,not_curated,,,,SAMN35159609,0,S,CLSI,,,0.0,0.0,0.0,1.0,-1.0,1.0,0.0,0.0,0.0,,0.0,0.0,0.0,1.0,1.0,0.0,0.0,0.0,0.0,2.0,0.0,0.0,0.0,0.0,,0.0,0.0,0.0,1.0,6.0,0.0,1.0,0.0,0.0,,0.0,0.0,0.0,1.0,1.0,1.0,0.0,0.0,0.0,4.0,0.0,1.0,0.0,0.0,4.0,0.0,1.0,0.0,0.0,2.0,0.0,1.0,0.0,0.0,0.0,0.0,0.0,0.0,0.0,,0.0,0.0,0.0,1.0,,0.0,0.0,0.0,1.0,9,unknown,G313
PRJNA278886,Klebsiella pneumoniae,USA,2022,,,Homo sapiens,unknown,unknown,unknown,unknown,unknown,not_curated,,,,SAMN35159612,1,R,CLSI,,,0.0,0.0,0.0,1.0,-1.0,1.0,0.0,0.0,0.0,,0.0,0.0,0.0,1.0,3.0,0.0,0.0,0.0,0.0,6.0,0.0,1.0,0.0,0.0,,0.0,0.0,0.0,1.0,6.0,0.0,1.0,0.0,0.0,,0.0,0.0,0.0,1.0,3.0,0.0,0.0,0.0,0.0,0.0,1.0,0.0,0.0,0.0,4.0,0.0,1.0,0.0,0.0,0.0,0.0,0.0,0.0,0.0,0.0,0.0,0.0,0.0,0.0,,0.0,0.0,0.0,1.0,,0.0,0.0,0.0,1.0,9,unknown,G314
PRJNA278886,Klebsiella pneumoniae,USA,2021,,,Homo sapiens,unknown,unknown,unknown,unknown,unknown,not_curated,,,,SAMN35159613,1,R,CLSI,,,0.0,0.0,0.0,1.0,,0.0,0.0,0.0,1.0,,0.0,0.0,0.0,1.0,4.0,0.0,0.0,0.0,0.0,0.0,1.0,0.0,0.0,0.0,,0.0,0.0,0.0,1.0,4.0,0.0,0.0,0.0,0.0,,0.0,0.0,0.0,1.0,4.0,0.0,0.0,0.0,0.0,2.0,0.0,0.0,0.0,0.0,4.0,0.0,1.0,0.0,0.0,0.0,0.0,0.0,0.0,0.0,0.0,0.0,0.0,0.0,0.0,,0.0,0.0,0.0,1.0,,0.0,0.0,0.0,1.0,8,unknown,G315
PRJNA278886,Klebsiella pneumoniae,USA,2022,,,Homo sapiens,unknown,unknown,unknown,unknown,unknown,not_curated,,,,SAMN35159614,0,S,CLSI,,,0.0,0.0,0.0,1.0,-1.0,1.0,0.0,0.0,0.0,,0.0,0.0,0.0,1.0,5.0,0.0,0.0,0.0,0.0,2.0,0.0,0.0,0.0,0.0,,0.0,0.0,0.0,1.0,6.0,0.0,1.0,0.0,0.0,,0.0,0.0,0.0,1.0,1.0,1.0,0.0,0.0,0.0,4.0,0.0,1.0,0.0,0.0,3.0,0.0,0.0,0.0,0.0,2.0,0.0,1.0,0.0,0.0,2.0,0.0,0.0,0.0,0.0,,0.0,0.0,0.0,1.0,,0.0,0.0,0.0,1.0,9,unknown,G316
PRJNA278886,Klebsiella pneumoniae,USA,2021,,,Homo sapiens,unknown,unknown,unknown,unknown,unknown,not_curated,,,,SAMN35159615,1,R,CLSI,,,0.0,0.0,0.0,1.0,,0.0,0.0,0.0,1.0,,0.0,0.0,0.0,1.0,4.0,0.0,0.0,0.0,0.0,0.0,1.0,0.0,0.0,0.0,,0.0,0.0,0.0,1.0,4.0,0.0,0.0,0.0,0.0,,0.0,0.0,0.0,1.0,4.0,0.0,0.0,0.0,0.0,2.0,0.0,0.0,0.0,0.0,4.0,0.0,1.0,0.0,0.0,0.0,0.0,0.0,0.0,0.0,0.0,0.0,0.0,0.0,0.0,,0.0,0.0,0.0,1.0,,0.0,0.0,0.0,1.0,8,unknown,G317
PRJNA278886,Klebsiella pneumoniae,USA,2022,,,Homo sapiens,unknown,unknown,unknown,unknown,unknown,not_curated,,,,SAMN35159617,0,S,CLSI,,,0.0,0.0,0.0,1.0,-1.0,1.0,0.0,0.0,0.0,,0.0,0.0,0.0,1.0,1.0,0.0,0.0,0.0,0.0,4.0,0.0,0.0,0.0,0.0,,0.0,0.0,0.0,1.0,6.0,0.0,1.0,0.0,0.0,,0.0,0.0,0.0,1.0,1.0,1.0,0.0,0.0,0.0,0.0,1.0,0.0,0.0,0.0,0.0,1.0,0.0,0.0,0.0,0.0,0.0,0.0,0.0,0.0,0.0,0.0,0.0,0.0,0.0,,0.0,0.0,0.0,1.0,,0.0,0.0,0.0,1.0,9,unknown,G318
PRJNA278886,Klebsiella pneumoniae,USA,2022,,,Homo sapiens,unknown,unknown,unknown,unknown,unknown,not_curated,,,,SAMN35159619,0,S,CLSI,,,0.0,0.0,0.0,1.0,-1.0,1.0,0.0,0.0,0.0,,0.0,0.0,0.0,1.0,0.0,1.0,0.0,0.0,0.0,6.0,0.0,1.0,0.0,0.0,,0.0,0.0,0.0,1.0,4.0,0.0,0.0,0.0,0.0,,0.0,0.0,0.0,1.0,1.0,1.0,0.0,0.0,0.0,0.0,1.0,0.0,0.0,0.0,0.0,1.0,0.0,0.0,0.0,2.0,0.0,1.0,0.0,0.0,3.0,0.0,1.0,0.0,0.0,,0.0,0.0,0.0,1.0,,0.0,0.0,0.0,1.0,9,unknown,G319
PRJNA278886,Klebsiella pneumoniae,USA,2022,,,Homo sapiens,unknown,unknown,unknown,unknown,unknown,not_curated,,,,SAMN35159620,0,S,CLSI,,,0.0,0.0,0.0,1.0,-1.0,1.0,0.0,0.0,0.0,,0.0,0.0,0.0,1.0,3.0,0.0,0.0,0.0,0.0,6.0,0.0,1.0,0.0,0.0,,0.0,0.0,0.0,1.0,6.0,0.0,1.0,0.0,0.0,,0.0,0.0,0.0,1.0,3.0,0.0,0.0,0.0,0.0,4.0,0.0,1.0,0.0,0.0,4.0,0.0,1.0,0.0,0.0,1.0,0.0,0.0,0.0,0.0,0.0,0.0,0.0,0.0,0.0,,0.0,0.0,0.0,1.0,,0.0,0.0,0.0,1.0,9,unknown,G320
PRJNA278886,Klebsiella pneumoniae,USA,2021,,,Homo sapiens,unknown,unknown,unknown,unknown,unknown,not_curated,,,,SAMN35159621,0,S,CLSI,,,0.0,0.0,0.0,1.0,-1.0,1.0,0.0,0.0,0.0,,0.0,0.0,0.0,1.0,1.0,0.0,0.0,0.0,0.0,6.0,0.0,1.0,0.0,0.0,,0.0,0.0,0.0,1.0,5.0,0.0,0.0,0.0,0.0,,0.0,0.0,0.0,1.0,1.0,1.0,0.0,0.0,0.0,0.0,1.0,0.0,0.0,0.0,0.0,1.0,0.0,0.0,0.0,-2.0,1.0,0.0,0.0,0.0,-3.0588936890535687,1.0,0.0,0.0,0.0,,0.0,0.0,0.0,1.0,,0.0,0.0,0.0,1.0,9,unknown,G321
PRJNA278886,Klebsiella pneumoniae,USA,2022,,,Homo sapiens,unknown,unknown,unknown,unknown,unknown,not_curated,,,,SAMN35159622,0,S,CLSI,,,0.0,0.0,0.0,1.0,-1.0,1.0,0.0,0.0,0.0,,0.0,0.0,0.0,1.0,3.0,0.0,0.0,0.0,0.0,6.0,0.0,1.0,0.0,0.0,,0.0,0.0,0.0,1.0,6.0,0.0,1.0,0.0,0.0,,0.0,0.0,0.0,1.0,3.0,0.0,0.0,0.0,0.0,4.0,0.0,1.0,0.0,0.0,4.0,0.0,1.0,0.0,0.0,1.0,0.0,0.0,0.0,0.0,0.0,0.0,0.0,0.0,0.0,,0.0,0.0,0.0,1.0,,0.0,0.0,0.0,1.0,9,unknown,G322
PRJNA278886,Klebsiella pneumoniae,USA,2022,,,Homo sapiens,unknown,unknown,unknown,unknown,unknown,not_curated,,,,SAMN35159623,0,S,CLSI,,,0.0,0.0,0.0,1.0,-1.0,1.0,0.0,0.0,0.0,,0.0,0.0,0.0,1.0,5.0,0.0,0.0,0.0,0.0,4.0,0.0,0.0,0.0,0.0,,0.0,0.0,0.0,1.0,6.0,0.0,1.0,0.0,0.0,,0.0,0.0,0.0,1.0,1.0,1.0,0.0,0.0,0.0,0.0,1.0,0.0,0.0,0.0,0.0,1.0,0.0,0.0,0.0,0.0,0.0,0.0,0.0,0.0,0.0,0.0,0.0,0.0,0.0,,0.0,0.0,0.0,1.0,,0.0,0.0,0.0,1.0,9,unknown,G323
PRJNA278886,Klebsiella pneumoniae,USA,2022,,,Homo sapiens,unknown,unknown,unknown,unknown,unknown,not_curated,,,,SAMN35159624,0,S,CLSI,,,0.0,0.0,0.0,1.0,-1.0,1.0,0.0,0.0,0.0,,0.0,0.0,0.0,1.0,3.0,0.0,0.0,0.0,0.0,6.0,0.0,1.0,0.0,0.0,,0.0,0.0,0.0,1.0,6.0,0.0,1.0,0.0,0.0,,0.0,0.0,0.0,1.0,3.0,0.0,0.0,0.0,0.0,4.0,0.0,1.0,0.0,0.0,4.0,0.0,1.0,0.0,0.0,1.0,0.0,0.0,0.0,0.0,0.0,0.0,0.0,0.0,0.0,,0.0,0.0,0.0,1.0,,0.0,0.0,0.0,1.0,9,unknown,G324
PRJNA278886,Klebsiella pneumoniae,USA,2022,,,Homo sapiens,unknown,unknown,unknown,unknown,unknown,not_curated,,,,SAMN35159627,0,S,CLSI,,,0.0,0.0,0.0,1.0,-1.0,1.0,0.0,0.0,0.0,,0.0,0.0,0.0,1.0,0.0,1.0,0.0,0.0,0.0,6.0,0.0,1.0,0.0,0.0,,0.0,0.0,0.0,1.0,6.0,0.0,1.0,0.0,0.0,,0.0,0.0,0.0,1.0,1.0,1.0,0.0,0.0,0.0,0.0,1.0,0.0,0.0,0.0,0.0,1.0,0.0,0.0,0.0,-2.0,1.0,0.0,0.0,0.0,-3.0588936890535687,1.0,0.0,0.0,0.0,,0.0,0.0,0.0,1.0,,0.0,0.0,0.0,1.0,9,unknown,G325
PRJNA278886,Klebsiella pneumoniae,USA,2022,,,Homo sapiens,unknown,unknown,unknown,unknown,unknown,not_curated,,,,SAMN35159630,0,S,CLSI,,,0.0,0.0,0.0,1.0,-1.0,1.0,0.0,0.0,0.0,,0.0,0.0,0.0,1.0,5.0,0.0,0.0,0.0,0.0,6.0,0.0,1.0,0.0,0.0,,0.0,0.0,0.0,1.0,6.0,0.0,1.0,0.0,0.0,,0.0,0.0,0.0,1.0,1.0,1.0,0.0,0.0,0.0,0.0,1.0,0.0,0.0,0.0,0.0,1.0,0.0,0.0,0.0,2.0,0.0,1.0,0.0,0.0,3.0,0.0,1.0,0.0,0.0,,0.0,0.0,0.0,1.0,,0.0,0.0,0.0,1.0,9,unknown,G326
PRJNA278886,Klebsiella pneumoniae,USA,2022,,,Homo sapiens,unknown,unknown,unknown,unknown,unknown,not_curated,,,,SAMN35159631,0,S,CLSI,,,0.0,0.0,0.0,1.0,-1.0,1.0,0.0,0.0,0.0,,0.0,0.0,0.0,1.0,5.0,0.0,0.0,0.0,0.0,6.0,0.0,1.0,0.0,0.0,,0.0,0.0,0.0,1.0,6.0,0.0,1.0,0.0,0.0,,0.0,0.0,0.0,1.0,1.0,1.0,0.0,0.0,0.0,0.0,1.0,0.0,0.0,0.0,0.0,1.0,0.0,0.0,0.0,2.0,0.0,1.0,0.0,0.0,3.0,0.0,1.0,0.0,0.0,,0.0,0.0,0.0,1.0,,0.0,0.0,0.0,1.0,9,unknown,G327
PRJNA278886,Klebsiella pneumoniae,USA,2022,,,Homo sapiens,unknown,unknown,unknown,unknown,unknown,not_curated,,,,SAMN35159632,0,S,CLSI,,,0.0,0.0,0.0,1.0,-1.0,1.0,0.0,0.0,0.0,,0.0,0.0,0.0,1.0,2.0,0.0,0.0,0.0,0.0,4.0,0.0,0.0,0.0,0.0,,0.0,0.0,0.0,1.0,6.0,0.0,1.0,0.0,0.0,,0.0,0.0,0.0,1.0,1.0,1.0,0.0,0.0,0.0,4.0,0.0,1.0,0.0,0.0,3.0,0.0,0.0,0.0,0.0,2.0,0.0,1.0,0.0,0.0,3.0,0.0,1.0,0.0,0.0,,0.0,0.0,0.0,1.0,,0.0,0.0,0.0,1.0,9,unknown,G328
PRJNA278886,Klebsiella pneumoniae,USA,2022,,,Homo sapiens,unknown,unknown,unknown,unknown,unknown,not_curated,,,,SAMN35159633,0,S,CLSI,,,0.0,0.0,0.0,1.0,-1.0,1.0,0.0,0.0,0.0,,0.0,0.0,0.0,1.0,1.0,0.0,0.0,0.0,0.0,4.0,0.0,0.0,0.0,0.0,,0.0,0.0,0.0,1.0,6.0,0.0,1.0,0.0,0.0,,0.0,0.0,0.0,1.0,1.0,1.0,0.0,0.0,0.0,0.0,1.0,0.0,0.0,0.0,3.0,0.0,0.0,0.0,0.0,2.0,0.0,1.0,0.0,0.0,3.0,0.0,1.0,0.0,0.0,,0.0,0.0,0.0,1.0,,0.0,0.0,0.0,1.0,9,unknown,G329
PRJNA278886,Klebsiella pneumoniae,USA,2022,,,Homo sapiens,unknown,unknown,unknown,unknown,unknown,not_curated,,,,SAMN35159634,0,S,CLSI,,,0.0,0.0,0.0,1.0,,0.0,0.0,0.0,1.0,,0.0,0.0,0.0,1.0,1.0,0.0,0.0,0.0,0.0,6.0,0.0,1.0,0.0,0.0,,0.0,0.0,0.0,1.0,3.0,0.0,0.0,0.0,0.0,,0.0,0.0,0.0,1.0,1.0,1.0,0.0,0.0,0.0,3.0,0.0,0.0,0.0,0.0,3.0,0.0,0.0,0.0,0.0,2.0,0.0,1.0,0.0,0.0,3.0,0.0,1.0,0.0,0.0,,0.0,0.0,0.0,1.0,,0.0,0.0,0.0,1.0,8,unknown,G330
PRJNA278886,Klebsiella pneumoniae,USA,2022,,,Homo sapiens,unknown,unknown,unknown,unknown,unknown,not_curated,,,,SAMN35159635,0,S,CLSI,,,0.0,0.0,0.0,1.0,-1.0,1.0,0.0,0.0,0.0,,0.0,0.0,0.0,1.0,1.0,0.0,0.0,0.0,0.0,4.0,0.0,0.0,0.0,0.0,,0.0,0.0,0.0,1.0,6.0,0.0,1.0,0.0,0.0,,0.0,0.0,0.0,1.0,1.0,1.0,0.0,0.0,0.0,0.0,1.0,0.0,0.0,0.0,0.0,1.0,0.0,0.0,0.0,0.0,0.0,0.0,0.0,0.0,0.0,0.0,0.0,0.0,0.0,,0.0,0.0,0.0,1.0,,0.0,0.0,0.0,1.0,9,unknown,G331
PRJNA278886,Klebsiella pneumoniae,USA,2022,,,Homo sapiens,unknown,unknown,unknown,unknown,unknown,not_curated,,,,SAMN35159636,0,S,CLSI,,,0.0,0.0,0.0,1.0,-1.0,1.0,0.0,0.0,0.0,,0.0,0.0,0.0,1.0,6.0,0.0,1.0,0.0,0.0,6.0,0.0,1.0,0.0,0.0,,0.0,0.0,0.0,1.0,6.0,0.0,1.0,0.0,0.0,,0.0,0.0,0.0,1.0,1.0,1.0,0.0,0.0,0.0,4.0,0.0,1.0,0.0,0.0,4.0,0.0,1.0,0.0,0.0,2.0,0.0,1.0,0.0,0.0,3.0,0.0,1.0,0.0,0.0,,0.0,0.0,0.0,1.0,,0.0,0.0,0.0,1.0,9,unknown,G332
PRJNA278886,Klebsiella pneumoniae,USA,2022,,,Homo sapiens,unknown,unknown,unknown,unknown,unknown,not_curated,,,,SAMN35159637,0,S,CLSI,,,0.0,0.0,0.0,1.0,-1.0,1.0,0.0,0.0,0.0,,0.0,0.0,0.0,1.0,6.0,0.0,1.0,0.0,0.0,6.0,0.0,1.0,0.0,0.0,,0.0,0.0,0.0,1.0,6.0,0.0,1.0,0.0,0.0,,0.0,0.0,0.0,1.0,3.0,0.0,0.0,0.0,0.0,4.0,0.0,1.0,0.0,0.0,4.0,0.0,1.0,0.0,0.0,2.0,0.0,1.0,0.0,0.0,2.0,0.0,0.0,0.0,0.0,,0.0,0.0,0.0,1.0,,0.0,0.0,0.0,1.0,9,unknown,G333
PRJNA278886,Klebsiella pneumoniae,USA,2022,,,Homo sapiens,unknown,unknown,unknown,unknown,unknown,not_curated,,,,SAMN35159638,1,R,CLSI,,,0.0,0.0,0.0,1.0,,0.0,0.0,0.0,1.0,,0.0,0.0,0.0,1.0,6.0,0.0,1.0,0.0,0.0,6.0,0.0,1.0,0.0,0.0,,0.0,0.0,0.0,1.0,6.0,0.0,1.0,0.0,0.0,,0.0,0.0,0.0,1.0,1.0,1.0,0.0,0.0,0.0,2.0,0.0,0.0,0.0,0.0,4.0,0.0,1.0,0.0,0.0,2.0,0.0,1.0,0.0,0.0,1.0,0.0,1.0,0.0,0.0,,0.0,0.0,0.0,1.0,,0.0,0.0,0.0,1.0,8,unknown,G334
PRJNA278886,Klebsiella pneumoniae,USA,2022,,,Homo sapiens,unknown,unknown,unknown,unknown,unknown,not_curated,,,,SAMN35159639,1,R,CLSI,,,0.0,0.0,0.0,1.0,,0.0,0.0,0.0,1.0,,0.0,0.0,0.0,1.0,6.0,0.0,1.0,0.0,0.0,6.0,0.0,1.0,0.0,0.0,,0.0,0.0,0.0,1.0,6.0,0.0,1.0,0.0,0.0,,0.0,0.0,0.0,1.0,1.0,1.0,0.0,0.0,0.0,2.0,0.0,0.0,0.0,0.0,4.0,0.0,1.0,0.0,0.0,2.0,0.0,1.0,0.0,0.0,1.0,0.0,1.0,0.0,0.0,,0.0,0.0,0.0,1.0,,0.0,0.0,0.0,1.0,8,unknown,G335
PRJNA278886,Klebsiella pneumoniae,USA,2022,,,Homo sapiens,unknown,unknown,unknown,unknown,unknown,not_curated,,,,SAMN35159640,0,S,CLSI,,,0.0,0.0,0.0,1.0,-1.0,1.0,0.0,0.0,0.0,,0.0,0.0,0.0,1.0,6.0,0.0,1.0,0.0,0.0,6.0,0.0,1.0,0.0,0.0,,0.0,0.0,0.0,1.0,6.0,0.0,1.0,0.0,0.0,,0.0,0.0,0.0,1.0,2.0,0.0,0.0,0.0,0.0,4.0,0.0,1.0,0.0,0.0,4.0,0.0,1.0,0.0,0.0,2.0,0.0,1.0,0.0,0.0,3.0,0.0,1.0,0.0,0.0,,0.0,0.0,0.0,1.0,,0.0,0.0,0.0,1.0,9,unknown,G336
PRJNA278886,Klebsiella pneumoniae,USA,2022,,,Homo sapiens,unknown,unknown,unknown,unknown,unknown,not_curated,,,,SAMN35159642,0,S,CLSI,,,0.0,0.0,0.0,1.0,-1.0,1.0,0.0,0.0,0.0,,0.0,0.0,0.0,1.0,1.0,0.0,0.0,0.0,0.0,4.0,0.0,0.0,0.0,0.0,,0.0,0.0,0.0,1.0,6.0,0.0,1.0,0.0,0.0,,0.0,0.0,0.0,1.0,1.0,1.0,0.0,0.0,0.0,4.0,0.0,1.0,0.0,0.0,4.0,0.0,1.0,0.0,0.0,2.0,0.0,1.0,0.0,0.0,3.0,0.0,1.0,0.0,0.0,,0.0,0.0,0.0,1.0,,0.0,0.0,0.0,1.0,9,unknown,G337
PRJNA278886,Klebsiella pneumoniae,USA,2022,,,Homo sapiens,unknown,unknown,unknown,unknown,unknown,not_curated,,,,SAMN35159643,0,S,CLSI,,,0.0,0.0,0.0,1.0,-1.0,1.0,0.0,0.0,0.0,,0.0,0.0,0.0,1.0,6.0,0.0,1.0,0.0,0.0,6.0,0.0,1.0,0.0,0.0,,0.0,0.0,0.0,1.0,6.0,0.0,1.0,0.0,0.0,,0.0,0.0,0.0,1.0,2.0,0.0,0.0,0.0,0.0,4.0,0.0,1.0,0.0,0.0,4.0,0.0,1.0,0.0,0.0,2.0,0.0,1.0,0.0,0.0,3.0,0.0,1.0,0.0,0.0,,0.0,0.0,0.0,1.0,,0.0,0.0,0.0,1.0,9,unknown,G338
PRJNA278886,Klebsiella pneumoniae,USA,2022,,,Homo sapiens,unknown,unknown,unknown,unknown,unknown,not_curated,,,,SAMN35159644,0,S,CLSI,,,0.0,0.0,0.0,1.0,-1.0,1.0,0.0,0.0,0.0,,0.0,0.0,0.0,1.0,1.0,0.0,0.0,0.0,0.0,2.0,0.0,0.0,0.0,0.0,,0.0,0.0,0.0,1.0,6.0,0.0,1.0,0.0,0.0,,0.0,0.0,0.0,1.0,1.0,1.0,0.0,0.0,0.0,4.0,0.0,1.0,0.0,0.0,4.0,0.0,1.0,0.0,0.0,2.0,0.0,1.0,0.0,0.0,3.0,0.0,1.0,0.0,0.0,,0.0,0.0,0.0,1.0,,0.0,0.0,0.0,1.0,9,unknown,G339
PRJNA278886,Klebsiella pneumoniae,USA,2022,,,Homo sapiens,unknown,unknown,unknown,unknown,unknown,not_curated,,,,SAMN35159647,0,S,CLSI,,,0.0,0.0,0.0,1.0,-1.0,1.0,0.0,0.0,0.0,,0.0,0.0,0.0,1.0,3.0,0.0,0.0,0.0,0.0,4.0,0.0,0.0,0.0,0.0,,0.0,0.0,0.0,1.0,6.0,0.0,1.0,0.0,0.0,,0.0,0.0,0.0,1.0,2.0,0.0,0.0,0.0,0.0,4.0,0.0,1.0,0.0,0.0,4.0,0.0,1.0,0.0,0.0,-2.0,1.0,0.0,0.0,0.0,-3.0588936890535687,1.0,0.0,0.0,0.0,,0.0,0.0,0.0,1.0,,0.0,0.0,0.0,1.0,9,unknown,G340
PRJNA278886,Klebsiella pneumoniae,USA,2022,,,Homo sapiens,unknown,unknown,unknown,unknown,unknown,not_curated,,,,SAMN35159648,0,S,CLSI,,,0.0,0.0,0.0,1.0,-1.0,1.0,0.0,0.0,0.0,,0.0,0.0,0.0,1.0,1.0,0.0,0.0,0.0,0.0,4.0,0.0,0.0,0.0,0.0,,0.0,0.0,0.0,1.0,6.0,0.0,1.0,0.0,0.0,,0.0,0.0,0.0,1.0,1.0,1.0,0.0,0.0,0.0,4.0,0.0,1.0,0.0,0.0,4.0,0.0,1.0,0.0,0.0,2.0,0.0,1.0,0.0,0.0,3.0,0.0,1.0,0.0,0.0,,0.0,0.0,0.0,1.0,,0.0,0.0,0.0,1.0,9,unknown,G341
PRJNA278886,Klebsiella pneumoniae,USA,2022,,,Homo sapiens,unknown,unknown,unknown,unknown,unknown,not_curated,,,,SAMN35159649,0,S,CLSI,,,0.0,0.0,0.0,1.0,-1.0,1.0,0.0,0.0,0.0,,0.0,0.0,0.0,1.0,1.0,0.0,0.0,0.0,0.0,3.0,0.0,0.0,0.0,0.0,,0.0,0.0,0.0,1.0,6.0,0.0,1.0,0.0,0.0,,0.0,0.0,0.0,1.0,1.0,1.0,0.0,0.0,0.0,4.0,0.0,1.0,0.0,0.0,4.0,0.0,1.0,0.0,0.0,2.0,0.0,1.0,0.0,0.0,3.0,0.0,1.0,0.0,0.0,,0.0,0.0,0.0,1.0,,0.0,0.0,0.0,1.0,9,unknown,G342
PRJNA278886,Klebsiella pneumoniae,USA,2022,,,Homo sapiens,unknown,unknown,unknown,unknown,unknown,not_curated,,,,SAMN35159650,0,S,CLSI,,,0.0,0.0,0.0,1.0,-1.0,1.0,0.0,0.0,0.0,,0.0,0.0,0.0,1.0,4.0,0.0,0.0,0.0,0.0,6.0,0.0,1.0,0.0,0.0,,0.0,0.0,0.0,1.0,3.0,0.0,0.0,0.0,0.0,,0.0,0.0,0.0,1.0,1.0,1.0,0.0,0.0,0.0,0.0,1.0,0.0,0.0,0.0,0.0,1.0,0.0,0.0,0.0,-2.0,1.0,0.0,0.0,0.0,0.0,0.0,0.0,0.0,0.0,,0.0,0.0,0.0,1.0,,0.0,0.0,0.0,1.0,9,unknown,G343
PRJNA278886,Klebsiella pneumoniae,USA,2022,,,Homo sapiens,unknown,unknown,unknown,unknown,unknown,not_curated,,,,SAMN35159651,0,S,CLSI,,,0.0,0.0,0.0,1.0,-1.0,1.0,0.0,0.0,0.0,,0.0,0.0,0.0,1.0,1.0,0.0,0.0,0.0,0.0,4.0,0.0,0.0,0.0,0.0,,0.0,0.0,0.0,1.0,6.0,0.0,1.0,0.0,0.0,,0.0,0.0,0.0,1.0,1.0,1.0,0.0,0.0,0.0,4.0,0.0,1.0,0.0,0.0,4.0,0.0,1.0,0.0,0.0,2.0,0.0,1.0,0.0,0.0,3.0,0.0,1.0,0.0,0.0,,0.0,0.0,0.0,1.0,,0.0,0.0,0.0,1.0,9,unknown,G344
PRJNA278886,Klebsiella pneumoniae,USA,2022,,,Homo sapiens,unknown,unknown,unknown,unknown,unknown,not_curated,,,,SAMN35159652,0,S,CLSI,,,0.0,0.0,0.0,1.0,-1.0,1.0,0.0,0.0,0.0,,0.0,0.0,0.0,1.0,3.0,0.0,0.0,0.0,0.0,6.0,0.0,1.0,0.0,0.0,,0.0,0.0,0.0,1.0,6.0,0.0,1.0,0.0,0.0,,0.0,0.0,0.0,1.0,1.0,1.0,0.0,0.0,0.0,0.0,1.0,0.0,0.0,0.0,1.0,0.0,0.0,0.0,0.0,-2.0,1.0,0.0,0.0,0.0,-1.0,0.0,0.0,0.0,0.0,,0.0,0.0,0.0,1.0,,0.0,0.0,0.0,1.0,9,unknown,G345
PRJNA278886,Klebsiella pneumoniae,USA,2022,,,Homo sapiens,unknown,unknown,unknown,unknown,unknown,not_curated,,,,SAMN35159653,0,S,CLSI,,,0.0,0.0,0.0,1.0,-1.0,1.0,0.0,0.0,0.0,,0.0,0.0,0.0,1.0,1.0,0.0,0.0,0.0,0.0,3.0,0.0,0.0,0.0,0.0,,0.0,0.0,0.0,1.0,6.0,0.0,1.0,0.0,0.0,,0.0,0.0,0.0,1.0,1.0,1.0,0.0,0.0,0.0,0.0,1.0,0.0,0.0,0.0,0.0,1.0,0.0,0.0,0.0,0.0,0.0,0.0,0.0,0.0,0.0,0.0,0.0,0.0,0.0,,0.0,0.0,0.0,1.0,,0.0,0.0,0.0,1.0,9,unknown,G346
PRJNA278886,Klebsiella pneumoniae,USA,2022,,,Homo sapiens,unknown,unknown,unknown,unknown,unknown,not_curated,,,,SAMN35159654,0,S,CLSI,,,0.0,0.0,0.0,1.0,-1.0,1.0,0.0,0.0,0.0,,0.0,0.0,0.0,1.0,0.0,1.0,0.0,0.0,0.0,2.0,0.0,0.0,0.0,0.0,,0.0,0.0,0.0,1.0,6.0,0.0,1.0,0.0,0.0,,0.0,0.0,0.0,1.0,1.0,1.0,0.0,0.0,0.0,0.0,1.0,0.0,0.0,0.0,3.0,0.0,0.0,0.0,0.0,-2.0,1.0,0.0,0.0,0.0,-3.0588936890535687,1.0,0.0,0.0,0.0,,0.0,0.0,0.0,1.0,,0.0,0.0,0.0,1.0,9,unknown,G347
PRJNA278886,Klebsiella pneumoniae,USA,2022,,,Homo sapiens,unknown,unknown,unknown,unknown,unknown,not_curated,,,,SAMN35159657,1,R,CLSI,,,0.0,0.0,0.0,1.0,,0.0,0.0,0.0,1.0,,0.0,0.0,0.0,1.0,2.0,0.0,0.0,0.0,0.0,6.0,0.0,1.0,0.0,0.0,,0.0,0.0,0.0,1.0,5.0,0.0,0.0,0.0,0.0,,0.0,0.0,0.0,1.0,1.0,1.0,0.0,0.0,0.0,0.0,1.0,0.0,0.0,0.0,0.0,1.0,0.0,0.0,0.0,-2.0,1.0,0.0,0.0,0.0,0.0,0.0,0.0,0.0,0.0,,0.0,0.0,0.0,1.0,,0.0,0.0,0.0,1.0,8,unknown,G348
PRJNA278886,Klebsiella pneumoniae,USA,2022,,,Homo sapiens,unknown,unknown,unknown,unknown,unknown,not_curated,,,,SAMN35159658,0,S,CLSI,,,0.0,0.0,0.0,1.0,-1.0,1.0,0.0,0.0,0.0,,0.0,0.0,0.0,1.0,0.0,1.0,0.0,0.0,0.0,4.0,0.0,0.0,0.0,0.0,,0.0,0.0,0.0,1.0,3.0,0.0,0.0,0.0,0.0,,0.0,0.0,0.0,1.0,1.0,1.0,0.0,0.0,0.0,0.0,1.0,0.0,0.0,0.0,0.0,1.0,0.0,0.0,0.0,-2.0,1.0,0.0,0.0,0.0,-3.0588936890535687,1.0,0.0,0.0,0.0,,0.0,0.0,0.0,1.0,,0.0,0.0,0.0,1.0,9,unknown,G349
PRJNA278886,Klebsiella pneumoniae,USA,2022,,,Homo sapiens,unknown,unknown,unknown,unknown,unknown,not_curated,,,,SAMN35159660,0,S,CLSI,,,0.0,0.0,0.0,1.0,-1.0,1.0,0.0,0.0,0.0,,0.0,0.0,0.0,1.0,0.0,1.0,0.0,0.0,0.0,0.0,1.0,0.0,0.0,0.0,,0.0,0.0,0.0,1.0,6.0,0.0,1.0,0.0,0.0,,0.0,0.0,0.0,1.0,1.0,1.0,0.0,0.0,0.0,0.0,1.0,0.0,0.0,0.0,0.0,1.0,0.0,0.0,0.0,2.0,0.0,1.0,0.0,0.0,3.0,0.0,1.0,0.0,0.0,,0.0,0.0,0.0,1.0,,0.0,0.0,0.0,1.0,9,unknown,G350
PRJNA278886,Klebsiella pneumoniae,USA,2022,,,Homo sapiens,unknown,unknown,unknown,unknown,unknown,not_curated,,,,SAMN35159661,0,S,CLSI,,,0.0,0.0,0.0,1.0,-1.0,1.0,0.0,0.0,0.0,,0.0,0.0,0.0,1.0,6.0,0.0,1.0,0.0,0.0,6.0,0.0,1.0,0.0,0.0,,0.0,0.0,0.0,1.0,6.0,0.0,1.0,0.0,0.0,,0.0,0.0,0.0,1.0,2.0,0.0,0.0,0.0,0.0,4.0,0.0,1.0,0.0,0.0,4.0,0.0,1.0,0.0,0.0,2.0,0.0,1.0,0.0,0.0,3.0,0.0,1.0,0.0,0.0,,0.0,0.0,0.0,1.0,,0.0,0.0,0.0,1.0,9,unknown,G351
PRJNA278886,Klebsiella pneumoniae,USA,2022,,,Homo sapiens,unknown,unknown,unknown,unknown,unknown,not_curated,,,,SAMN35159662,0,S,CLSI,,,0.0,0.0,0.0,1.0,-1.0,1.0,0.0,0.0,0.0,,0.0,0.0,0.0,1.0,1.0,0.0,0.0,0.0,0.0,4.0,0.0,0.0,0.0,0.0,,0.0,0.0,0.0,1.0,6.0,0.0,1.0,0.0,0.0,,0.0,0.0,0.0,1.0,1.0,1.0,0.0,0.0,0.0,4.0,0.0,1.0,0.0,0.0,4.0,0.0,1.0,0.0,0.0,2.0,0.0,1.0,0.0,0.0,3.0,0.0,1.0,0.0,0.0,,0.0,0.0,0.0,1.0,,0.0,0.0,0.0,1.0,9,unknown,G352
PRJNA278886,Klebsiella pneumoniae,USA,2022,,,Homo sapiens,unknown,unknown,unknown,unknown,unknown,not_curated,,,,SAMN35159665,1,R,CLSI,,,0.0,0.0,0.0,1.0,,0.0,0.0,0.0,1.0,,0.0,0.0,0.0,1.0,2.0,0.0,0.0,0.0,0.0,6.0,0.0,1.0,0.0,0.0,,0.0,0.0,0.0,1.0,5.0,0.0,0.0,0.0,0.0,,0.0,0.0,0.0,1.0,1.0,1.0,0.0,0.0,0.0,0.0,1.0,0.0,0.0,0.0,0.0,1.0,0.0,0.0,0.0,-2.0,1.0,0.0,0.0,0.0,0.0,0.0,0.0,0.0,0.0,,0.0,0.0,0.0,1.0,,0.0,0.0,0.0,1.0,8,unknown,G353
PRJNA278886,Klebsiella pneumoniae,USA,2022,,,Homo sapiens,unknown,unknown,unknown,unknown,unknown,not_curated,,,,SAMN35159666,0,S,CLSI,,,0.0,0.0,0.0,1.0,-1.0,1.0,0.0,0.0,0.0,,0.0,0.0,0.0,1.0,1.0,0.0,0.0,0.0,0.0,4.0,0.0,0.0,0.0,0.0,,0.0,0.0,0.0,1.0,6.0,0.0,1.0,0.0,0.0,,0.0,0.0,0.0,1.0,2.0,0.0,0.0,0.0,0.0,4.0,0.0,1.0,0.0,0.0,4.0,0.0,1.0,0.0,0.0,1.0,0.0,0.0,0.0,0.0,0.0,0.0,0.0,0.0,0.0,,0.0,0.0,0.0,1.0,,0.0,0.0,0.0,1.0,9,unknown,G354
PRJNA278886,Klebsiella pneumoniae,USA,2022,,,Homo sapiens,unknown,unknown,unknown,unknown,unknown,not_curated,,,,SAMN35159670,0,S,CLSI,,,0.0,0.0,0.0,1.0,-1.0,1.0,0.0,0.0,0.0,,0.0,0.0,0.0,1.0,5.0,0.0,0.0,0.0,0.0,4.0,0.0,0.0,0.0,0.0,,0.0,0.0,0.0,1.0,6.0,0.0,1.0,0.0,0.0,,0.0,0.0,0.0,1.0,1.0,1.0,0.0,0.0,0.0,0.0,1.0,0.0,0.0,0.0,0.0,1.0,0.0,0.0,0.0,0.0,0.0,0.0,0.0,0.0,0.0,0.0,0.0,0.0,0.0,,0.0,0.0,0.0,1.0,,0.0,0.0,0.0,1.0,9,unknown,G355
PRJNA278886,Klebsiella pneumoniae,USA,2022,,,Homo sapiens,unknown,unknown,unknown,unknown,unknown,not_curated,,,,SAMN35159672,0,S,CLSI,,,0.0,0.0,0.0,1.0,-1.0,1.0,0.0,0.0,0.0,,0.0,0.0,0.0,1.0,1.0,0.0,0.0,0.0,0.0,3.0,0.0,0.0,0.0,0.0,,0.0,0.0,0.0,1.0,6.0,0.0,1.0,0.0,0.0,,0.0,0.0,0.0,1.0,1.0,1.0,0.0,0.0,0.0,4.0,0.0,1.0,0.0,0.0,4.0,0.0,1.0,0.0,0.0,1.0,0.0,0.0,0.0,0.0,0.0,0.0,0.0,0.0,0.0,,0.0,0.0,0.0,1.0,,0.0,0.0,0.0,1.0,9,unknown,G356
PRJNA278886,Klebsiella pneumoniae,USA,2022,,,Homo sapiens,unknown,unknown,unknown,unknown,unknown,not_curated,,,,SAMN35159674,0,S,CLSI,,,0.0,0.0,0.0,1.0,-1.0,1.0,0.0,0.0,0.0,,0.0,0.0,0.0,1.0,1.0,0.0,0.0,0.0,0.0,2.0,0.0,0.0,0.0,0.0,,0.0,0.0,0.0,1.0,6.0,0.0,1.0,0.0,0.0,,0.0,0.0,0.0,1.0,1.0,1.0,0.0,0.0,0.0,4.0,0.0,1.0,0.0,0.0,4.0,0.0,1.0,0.0,0.0,0.0,0.0,0.0,0.0,0.0,0.0,0.0,0.0,0.0,0.0,,0.0,0.0,0.0,1.0,,0.0,0.0,0.0,1.0,9,unknown,G357
PRJNA278886,Klebsiella pneumoniae,USA,2022,,,Homo sapiens,unknown,unknown,unknown,unknown,unknown,not_curated,,,,SAMN35159676,0,S,CLSI,,,0.0,0.0,0.0,1.0,-1.0,1.0,0.0,0.0,0.0,,0.0,0.0,0.0,1.0,6.0,0.0,1.0,0.0,0.0,6.0,0.0,1.0,0.0,0.0,,0.0,0.0,0.0,1.0,6.0,0.0,1.0,0.0,0.0,,0.0,0.0,0.0,1.0,1.0,1.0,0.0,0.0,0.0,0.0,1.0,0.0,0.0,0.0,0.0,1.0,0.0,0.0,0.0,2.0,0.0,1.0,0.0,0.0,2.0,0.0,0.0,0.0,0.0,,0.0,0.0,0.0,1.0,,0.0,0.0,0.0,1.0,9,unknown,G358
PRJNA278886,Klebsiella pneumoniae,USA,2022,,,Homo sapiens,unknown,unknown,unknown,unknown,unknown,not_curated,,,,SAMN35159677,0,S,CLSI,,,0.0,0.0,0.0,1.0,-1.0,1.0,0.0,0.0,0.0,,0.0,0.0,0.0,1.0,0.0,1.0,0.0,0.0,0.0,4.0,0.0,0.0,0.0,0.0,,0.0,0.0,0.0,1.0,4.0,0.0,0.0,0.0,0.0,,0.0,0.0,0.0,1.0,1.0,1.0,0.0,0.0,0.0,0.0,1.0,0.0,0.0,0.0,0.0,1.0,0.0,0.0,0.0,-2.0,1.0,0.0,0.0,0.0,-3.0588936890535687,1.0,0.0,0.0,0.0,,0.0,0.0,0.0,1.0,,0.0,0.0,0.0,1.0,9,unknown,G359
PRJNA278886,Klebsiella pneumoniae,USA,2023,,,Homo sapiens,unknown,unknown,unknown,unknown,unknown,not_curated,,,,SAMN35159678,0,S,CLSI,,,0.0,0.0,0.0,1.0,-1.0,1.0,0.0,0.0,0.0,,0.0,0.0,0.0,1.0,0.0,1.0,0.0,0.0,0.0,1.0,0.0,0.0,0.0,0.0,,0.0,0.0,0.0,1.0,4.0,0.0,0.0,0.0,0.0,,0.0,0.0,0.0,1.0,1.0,1.0,0.0,0.0,0.0,0.0,1.0,0.0,0.0,0.0,2.0,0.0,0.0,0.0,0.0,-1.0,0.0,0.0,0.0,0.0,0.0,0.0,0.0,0.0,0.0,,0.0,0.0,0.0,1.0,,0.0,0.0,0.0,1.0,9,unknown,G360
PRJNA278886,Klebsiella pneumoniae,USA,2023,,,Homo sapiens,unknown,unknown,unknown,unknown,unknown,not_curated,,,,SAMN35159679,0,S,CLSI,,,0.0,0.0,0.0,1.0,-1.0,1.0,0.0,0.0,0.0,,0.0,0.0,0.0,1.0,0.0,1.0,0.0,0.0,0.0,3.0,0.0,0.0,0.0,0.0,,0.0,0.0,0.0,1.0,6.0,0.0,1.0,0.0,0.0,,0.0,0.0,0.0,1.0,1.0,1.0,0.0,0.0,0.0,4.0,0.0,1.0,0.0,0.0,0.0,1.0,0.0,0.0,0.0,2.0,0.0,1.0,0.0,0.0,3.0,0.0,1.0,0.0,0.0,,0.0,0.0,0.0,1.0,,0.0,0.0,0.0,1.0,9,unknown,G361
PRJNA278886,Klebsiella pneumoniae,USA,2023,,,Homo sapiens,unknown,unknown,unknown,unknown,unknown,not_curated,,,,SAMN35159680,0,S,CLSI,,,0.0,0.0,0.0,1.0,-1.0,1.0,0.0,0.0,0.0,,0.0,0.0,0.0,1.0,2.0,0.0,0.0,0.0,0.0,0.0,1.0,0.0,0.0,0.0,,0.0,0.0,0.0,1.0,6.0,0.0,1.0,0.0,0.0,,0.0,0.0,0.0,1.0,1.0,1.0,0.0,0.0,0.0,0.0,1.0,0.0,0.0,0.0,4.0,0.0,1.0,0.0,0.0,2.0,0.0,1.0,0.0,0.0,3.0,0.0,1.0,0.0,0.0,,0.0,0.0,0.0,1.0,,0.0,0.0,0.0,1.0,9,unknown,G362
PRJNA278886,Klebsiella pneumoniae,USA,2023,,,Homo sapiens,unknown,unknown,unknown,unknown,unknown,not_curated,,,,SAMN35159681,0,S,CLSI,,,0.0,0.0,0.0,1.0,-1.0,1.0,0.0,0.0,0.0,,0.0,0.0,0.0,1.0,6.0,0.0,1.0,0.0,0.0,6.0,0.0,1.0,0.0,0.0,,0.0,0.0,0.0,1.0,6.0,0.0,1.0,0.0,0.0,,0.0,0.0,0.0,1.0,2.0,0.0,0.0,0.0,0.0,0.0,1.0,0.0,0.0,0.0,4.0,0.0,1.0,0.0,0.0,1.0,0.0,0.0,0.0,0.0,0.0,0.0,0.0,0.0,0.0,,0.0,0.0,0.0,1.0,,0.0,0.0,0.0,1.0,9,unknown,G363
PRJNA278886,Klebsiella pneumoniae,USA,2022,,,Homo sapiens,unknown,unknown,unknown,unknown,unknown,not_curated,,,,SAMN35159682,0,S,CLSI,,,0.0,0.0,0.0,1.0,-1.0,1.0,0.0,0.0,0.0,,0.0,0.0,0.0,1.0,6.0,0.0,1.0,0.0,0.0,6.0,0.0,1.0,0.0,0.0,,0.0,0.0,0.0,1.0,6.0,0.0,1.0,0.0,0.0,,0.0,0.0,0.0,1.0,1.0,1.0,0.0,0.0,0.0,0.0,1.0,0.0,0.0,0.0,0.0,1.0,0.0,0.0,0.0,0.0,0.0,0.0,0.0,0.0,0.0,0.0,0.0,0.0,0.0,,0.0,0.0,0.0,1.0,,0.0,0.0,0.0,1.0,9,unknown,G364
PRJNA278886,Klebsiella pneumoniae,USA,2022,,,Homo sapiens,unknown,unknown,unknown,unknown,unknown,not_curated,,,,SAMN35219273,0,S,CLSI,,,0.0,0.0,0.0,1.0,-1.0,1.0,0.0,0.0,0.0,,0.0,0.0,0.0,1.0,0.0,1.0,0.0,0.0,0.0,0.0,1.0,0.0,0.0,0.0,,0.0,0.0,0.0,1.0,0.0,1.0,0.0,0.0,0.0,,0.0,0.0,0.0,1.0,1.0,1.0,0.0,0.0,0.0,0.0,1.0,0.0,0.0,0.0,0.0,1.0,0.0,0.0,0.0,-2.0,1.0,0.0,0.0,0.0,-3.0588936890535687,1.0,0.0,0.0,0.0,,0.0,0.0,0.0,1.0,,0.0,0.0,0.0,1.0,9,unknown,G365
PRJNA278886,Klebsiella pneumoniae,USA,2022,,,Homo sapiens,unknown,unknown,unknown,unknown,unknown,not_curated,,,,SAMN35219275,0,S,CLSI,,,0.0,0.0,0.0,1.0,-1.0,1.0,0.0,0.0,0.0,,0.0,0.0,0.0,1.0,3.0,0.0,0.0,0.0,0.0,2.0,0.0,0.0,0.0,0.0,,0.0,0.0,0.0,1.0,6.0,0.0,1.0,0.0,0.0,,0.0,0.0,0.0,1.0,1.0,1.0,0.0,0.0,0.0,0.0,1.0,0.0,0.0,0.0,0.0,1.0,0.0,0.0,0.0,-2.0,1.0,0.0,0.0,0.0,-1.0,0.0,0.0,0.0,0.0,,0.0,0.0,0.0,1.0,,0.0,0.0,0.0,1.0,9,unknown,G366
PRJNA278886,Klebsiella pneumoniae,USA,2021,,,Homo sapiens,unknown,unknown,unknown,unknown,unknown,not_curated,,,,SAMN35219276,1,R,CLSI,,,0.0,0.0,0.0,1.0,,0.0,0.0,0.0,1.0,,0.0,0.0,0.0,1.0,3.0,0.0,0.0,0.0,0.0,6.0,0.0,1.0,0.0,0.0,,0.0,0.0,0.0,1.0,6.0,0.0,1.0,0.0,0.0,,0.0,0.0,0.0,1.0,1.0,1.0,0.0,0.0,0.0,0.0,1.0,0.0,0.0,0.0,0.0,1.0,0.0,0.0,0.0,-1.0,0.0,0.0,0.0,0.0,0.0,0.0,0.0,0.0,0.0,,0.0,0.0,0.0,1.0,,0.0,0.0,0.0,1.0,8,unknown,G367
PRJNA278886,Klebsiella pneumoniae,USA,2022,,,Homo sapiens,unknown,unknown,unknown,unknown,unknown,not_curated,,,,SAMN35219277,0,S,CLSI,,,0.0,0.0,0.0,1.0,-1.0,1.0,0.0,0.0,0.0,,0.0,0.0,0.0,1.0,2.0,0.0,0.0,0.0,0.0,3.0,0.0,0.0,0.0,0.0,,0.0,0.0,0.0,1.0,6.0,0.0,1.0,0.0,0.0,,0.0,0.0,0.0,1.0,1.0,1.0,0.0,0.0,0.0,0.0,1.0,0.0,0.0,0.0,0.0,1.0,0.0,0.0,0.0,2.0,0.0,1.0,0.0,0.0,2.0,0.0,0.0,0.0,0.0,,0.0,0.0,0.0,1.0,,0.0,0.0,0.0,1.0,9,unknown,G368
PRJNA278886,Klebsiella pneumoniae,USA,2023,,,Homo sapiens,unknown,unknown,unknown,unknown,unknown,not_curated,,,,SAMN36726405,0,S,CLSI,,,0.0,0.0,0.0,1.0,-1.0,1.0,0.0,0.0,0.0,,0.0,0.0,0.0,1.0,1.0,0.0,0.0,0.0,0.0,3.0,0.0,0.0,0.0,0.0,,0.0,0.0,0.0,1.0,5.0,0.0,0.0,0.0,0.0,,0.0,0.0,0.0,1.0,1.0,1.0,0.0,0.0,0.0,0.0,1.0,0.0,0.0,0.0,0.0,1.0,0.0,0.0,0.0,3.0,0.0,1.0,0.0,0.0,3.0,0.0,1.0,0.0,0.0,,0.0,0.0,0.0,1.0,,0.0,0.0,0.0,1.0,9,unknown,G369
PRJNA278886,Klebsiella pneumoniae,USA,2023,,,Homo sapiens,unknown,unknown,unknown,unknown,unknown,not_curated,,,,SAMN36727284,0,S,CLSI,,,0.0,0.0,0.0,1.0,,0.0,0.0,0.0,1.0,,0.0,0.0,0.0,1.0,1.0,0.0,0.0,0.0,0.0,3.0,0.0,0.0,0.0,0.0,,0.0,0.0,0.0,1.0,6.0,0.0,1.0,0.0,0.0,,0.0,0.0,0.0,1.0,1.0,1.0,0.0,0.0,0.0,0.0,1.0,0.0,0.0,0.0,0.0,1.0,0.0,0.0,0.0,,0.0,0.0,0.0,1.0,,0.0,0.0,0.0,1.0,,0.0,0.0,0.0,1.0,,0.0,0.0,0.0,1.0,6,unknown,G370
PRJNA278886,Klebsiella pneumoniae,USA,2023,,,Homo sapiens,unknown,unknown,unknown,unknown,unknown,not_curated,,,,SAMN36727322,0,S,CLSI,,,0.0,0.0,0.0,1.0,-1.0,1.0,0.0,0.0,0.0,,0.0,0.0,0.0,1.0,1.0,0.0,0.0,0.0,0.0,4.0,0.0,0.0,0.0,0.0,,0.0,0.0,0.0,1.0,6.0,0.0,1.0,0.0,0.0,,0.0,0.0,0.0,1.0,1.0,1.0,0.0,0.0,0.0,0.0,1.0,0.0,0.0,0.0,0.0,1.0,0.0,0.0,0.0,0.0,0.0,0.0,0.0,0.0,0.0,0.0,0.0,0.0,0.0,,0.0,0.0,0.0,1.0,,0.0,0.0,0.0,1.0,9,unknown,G371
PRJNA278886,Klebsiella pneumoniae,USA,2023,,,Homo sapiens,unknown,unknown,unknown,unknown,unknown,not_curated,,,,SAMN36727339,0,S,CLSI,,,0.0,0.0,0.0,1.0,-1.0,1.0,0.0,0.0,0.0,,0.0,0.0,0.0,1.0,0.0,1.0,0.0,0.0,0.0,0.0,1.0,0.0,0.0,0.0,,0.0,0.0,0.0,1.0,0.0,1.0,0.0,0.0,0.0,,0.0,0.0,0.0,1.0,1.0,1.0,0.0,0.0,0.0,0.0,1.0,0.0,0.0,0.0,0.0,1.0,0.0,0.0,0.0,2.0,0.0,1.0,0.0,0.0,-3.0588936890535687,1.0,0.0,0.0,0.0,,0.0,0.0,0.0,1.0,,0.0,0.0,0.0,1.0,9,unknown,G372
PRJNA278886,Klebsiella pneumoniae,USA,2023,,,Homo sapiens,unknown,unknown,unknown,unknown,unknown,not_curated,,,,SAMN36728899,0,S,CLSI,,,0.0,0.0,0.0,1.0,-1.0,1.0,0.0,0.0,0.0,,0.0,0.0,0.0,1.0,1.0,0.0,0.0,0.0,0.0,2.0,0.0,0.0,0.0,0.0,,0.0,0.0,0.0,1.0,6.0,0.0,1.0,0.0,0.0,,0.0,0.0,0.0,1.0,1.0,1.0,0.0,0.0,0.0,0.0,1.0,0.0,0.0,0.0,0.0,1.0,0.0,0.0,0.0,-1.0,0.0,0.0,0.0,0.0,0.0,0.0,0.0,0.0,0.0,,0.0,0.0,0.0,1.0,,0.0,0.0,0.0,1.0,9,unknown,G373
PRJNA278886,Klebsiella pneumoniae,USA,2023,,,Homo sapiens,unknown,unknown,unknown,unknown,unknown,not_curated,,,,SAMN36729175,0,S,CLSI,,,0.0,0.0,0.0,1.0,-1.0,1.0,0.0,0.0,0.0,,0.0,0.0,0.0,1.0,1.0,0.0,0.0,0.0,0.0,3.0,0.0,0.0,0.0,0.0,,0.0,0.0,0.0,1.0,6.0,0.0,1.0,0.0,0.0,,0.0,0.0,0.0,1.0,1.0,1.0,0.0,0.0,0.0,0.0,1.0,0.0,0.0,0.0,4.0,0.0,1.0,0.0,0.0,-2.0,1.0,0.0,0.0,0.0,-3.0588936890535687,1.0,0.0,0.0,0.0,,0.0,0.0,0.0,1.0,,0.0,0.0,0.0,1.0,9,unknown,G374
PRJNA278886,Klebsiella pneumoniae,USA,2023,,,Homo sapiens,unknown,unknown,unknown,unknown,unknown,not_curated,,,,SAMN36729193,0,S,CLSI,,,0.0,0.0,0.0,1.0,-1.0,1.0,0.0,0.0,0.0,,0.0,0.0,0.0,1.0,6.0,0.0,1.0,0.0,0.0,6.0,0.0,1.0,0.0,0.0,,0.0,0.0,0.0,1.0,6.0,0.0,1.0,0.0,0.0,,0.0,0.0,0.0,1.0,1.0,1.0,0.0,0.0,0.0,0.0,1.0,0.0,0.0,0.0,0.0,1.0,0.0,0.0,0.0,1.0,0.0,0.0,0.0,0.0,0.0,0.0,0.0,0.0,0.0,,0.0,0.0,0.0,1.0,,0.0,0.0,0.0,1.0,9,unknown,G375
PRJNA278886,Klebsiella pneumoniae,USA,2023,,,Homo sapiens,unknown,unknown,unknown,unknown,unknown,not_curated,,,,SAMN36892861,0,S,CLSI,,,0.0,0.0,0.0,1.0,-1.0,1.0,0.0,0.0,0.0,,0.0,0.0,0.0,1.0,1.0,0.0,0.0,0.0,0.0,6.0,0.0,1.0,0.0,0.0,,0.0,0.0,0.0,1.0,6.0,0.0,1.0,0.0,0.0,,0.0,0.0,0.0,1.0,1.0,1.0,0.0,0.0,0.0,0.0,1.0,0.0,0.0,0.0,0.0,1.0,0.0,0.0,0.0,2.0,0.0,1.0,0.0,0.0,3.0,0.0,1.0,0.0,0.0,,0.0,0.0,0.0,1.0,,0.0,0.0,0.0,1.0,9,unknown,G376
PRJNA278886,Klebsiella pneumoniae,USA,2023,,,Homo sapiens,unknown,unknown,unknown,unknown,unknown,not_curated,,,,SAMN36892884,0,S,CLSI,,,0.0,0.0,0.0,1.0,-1.0,1.0,0.0,0.0,0.0,,0.0,0.0,0.0,1.0,0.0,1.0,0.0,0.0,0.0,3.0,0.0,0.0,0.0,0.0,,0.0,0.0,0.0,1.0,4.0,0.0,0.0,0.0,0.0,,0.0,0.0,0.0,1.0,1.0,1.0,0.0,0.0,0.0,0.0,1.0,0.0,0.0,0.0,0.0,1.0,0.0,0.0,0.0,-2.0,1.0,0.0,0.0,0.0,-3.0588936890535687,1.0,0.0,0.0,0.0,,0.0,0.0,0.0,1.0,,0.0,0.0,0.0,1.0,9,unknown,G377
PRJNA278886,Klebsiella pneumoniae,USA,2023,,,Homo sapiens,unknown,unknown,unknown,unknown,unknown,not_curated,,,,SAMN36892889,0,S,CLSI,,,0.0,0.0,0.0,1.0,-1.0,1.0,0.0,0.0,0.0,,0.0,0.0,0.0,1.0,1.0,0.0,0.0,0.0,0.0,4.0,0.0,0.0,0.0,0.0,,0.0,0.0,0.0,1.0,6.0,0.0,1.0,0.0,0.0,,0.0,0.0,0.0,1.0,1.0,1.0,0.0,0.0,0.0,4.0,0.0,1.0,0.0,0.0,4.0,0.0,1.0,0.0,0.0,1.0,0.0,0.0,0.0,0.0,0.0,0.0,0.0,0.0,0.0,,0.0,0.0,0.0,1.0,,0.0,0.0,0.0,1.0,9,unknown,G378
PRJNA278886,Klebsiella pneumoniae,USA,2023,,,Homo sapiens,unknown,unknown,unknown,unknown,unknown,not_curated,,,,SAMN37516882,0,S,CLSI,,,0.0,0.0,0.0,1.0,-1.0,1.0,0.0,0.0,0.0,,0.0,0.0,0.0,1.0,1.0,0.0,0.0,0.0,0.0,4.0,0.0,0.0,0.0,0.0,,0.0,0.0,0.0,1.0,6.0,0.0,1.0,0.0,0.0,,0.0,0.0,0.0,1.0,1.0,1.0,0.0,0.0,0.0,0.0,1.0,0.0,0.0,0.0,0.0,1.0,0.0,0.0,0.0,2.0,0.0,1.0,0.0,0.0,3.0,0.0,1.0,0.0,0.0,,0.0,0.0,0.0,1.0,,0.0,0.0,0.0,1.0,9,unknown,G379
PRJNA278886,Klebsiella pneumoniae,USA,2023,,,Homo sapiens,unknown,unknown,unknown,unknown,unknown,not_curated,,,,SAMN37516883,0,S,CLSI,,,0.0,0.0,0.0,1.0,-1.0,1.0,0.0,0.0,0.0,,0.0,0.0,0.0,1.0,1.0,0.0,0.0,0.0,0.0,2.0,0.0,0.0,0.0,0.0,,0.0,0.0,0.0,1.0,6.0,0.0,1.0,0.0,0.0,,0.0,0.0,0.0,1.0,1.0,1.0,0.0,0.0,0.0,0.0,1.0,0.0,0.0,0.0,0.0,1.0,0.0,0.0,0.0,1.0,0.0,0.0,0.0,0.0,3.0,0.0,1.0,0.0,0.0,,0.0,0.0,0.0,1.0,,0.0,0.0,0.0,1.0,9,unknown,G380
PRJNA278886,Klebsiella pneumoniae,USA,2023,,,Homo sapiens,unknown,unknown,unknown,unknown,unknown,not_curated,,,,SAMN37516885,0,S,CLSI,,,0.0,0.0,0.0,1.0,-1.0,1.0,0.0,0.0,0.0,,0.0,0.0,0.0,1.0,0.0,1.0,0.0,0.0,0.0,0.0,1.0,0.0,0.0,0.0,,0.0,0.0,0.0,1.0,0.0,1.0,0.0,0.0,0.0,,0.0,0.0,0.0,1.0,1.0,1.0,0.0,0.0,0.0,0.0,1.0,0.0,0.0,0.0,0.0,1.0,0.0,0.0,0.0,-2.0,1.0,0.0,0.0,0.0,-3.0588936890535687,1.0,0.0,0.0,0.0,,0.0,0.0,0.0,1.0,,0.0,0.0,0.0,1.0,9,unknown,G381
PRJNA278886,Klebsiella pneumoniae,USA,2023,,,Homo sapiens,unknown,unknown,unknown,unknown,unknown,not_curated,,,,SAMN37516894,0,S,CLSI,,,0.0,0.0,0.0,1.0,-1.0,1.0,0.0,0.0,0.0,,0.0,0.0,0.0,1.0,1.0,0.0,0.0,0.0,0.0,3.0,0.0,0.0,0.0,0.0,,0.0,0.0,0.0,1.0,6.0,0.0,1.0,0.0,0.0,,0.0,0.0,0.0,1.0,1.0,1.0,0.0,0.0,0.0,0.0,1.0,0.0,0.0,0.0,0.0,1.0,0.0,0.0,0.0,-2.0,1.0,0.0,0.0,0.0,0.0,0.0,0.0,0.0,0.0,,0.0,0.0,0.0,1.0,,0.0,0.0,0.0,1.0,9,unknown,G382
PRJNA278886,Klebsiella pneumoniae,USA,2023,,,Homo sapiens,unknown,unknown,unknown,unknown,unknown,not_curated,,,,SAMN37516898,0,S,CLSI,,,0.0,0.0,0.0,1.0,-1.0,1.0,0.0,0.0,0.0,,0.0,0.0,0.0,1.0,1.0,0.0,0.0,0.0,0.0,3.0,0.0,0.0,0.0,0.0,,0.0,0.0,0.0,1.0,6.0,0.0,1.0,0.0,0.0,,0.0,0.0,0.0,1.0,1.0,1.0,0.0,0.0,0.0,4.0,0.0,1.0,0.0,0.0,4.0,0.0,1.0,0.0,0.0,-2.0,1.0,0.0,0.0,0.0,-3.0588936890535687,1.0,0.0,0.0,0.0,,0.0,0.0,0.0,1.0,,0.0,0.0,0.0,1.0,9,unknown,G383
PRJNA278886,Klebsiella pneumoniae,USA,2023,,,Homo sapiens,unknown,unknown,unknown,unknown,unknown,not_curated,,,,SAMN37516907,0,S,CLSI,,,0.0,0.0,0.0,1.0,-1.0,1.0,0.0,0.0,0.0,,0.0,0.0,0.0,1.0,0.0,1.0,0.0,0.0,0.0,2.0,0.0,0.0,0.0,0.0,,0.0,0.0,0.0,1.0,4.0,0.0,0.0,0.0,0.0,,0.0,0.0,0.0,1.0,1.0,1.0,0.0,0.0,0.0,0.0,1.0,0.0,0.0,0.0,0.0,1.0,0.0,0.0,0.0,0.0,0.0,0.0,0.0,0.0,0.0,0.0,0.0,0.0,0.0,,0.0,0.0,0.0,1.0,,0.0,0.0,0.0,1.0,9,unknown,G384
PRJNA278886,Klebsiella pneumoniae,USA,2023,,,Homo sapiens,unknown,unknown,unknown,unknown,unknown,not_curated,,,,SAMN37516910,0,S,CLSI,,,0.0,0.0,0.0,1.0,-1.0,1.0,0.0,0.0,0.0,,0.0,0.0,0.0,1.0,1.0,0.0,0.0,0.0,0.0,3.0,0.0,0.0,0.0,0.0,,0.0,0.0,0.0,1.0,6.0,0.0,1.0,0.0,0.0,,0.0,0.0,0.0,1.0,1.0,1.0,0.0,0.0,0.0,4.0,0.0,1.0,0.0,0.0,4.0,0.0,1.0,0.0,0.0,-2.0,1.0,0.0,0.0,0.0,-3.0588936890535687,1.0,0.0,0.0,0.0,,0.0,0.0,0.0,1.0,,0.0,0.0,0.0,1.0,9,unknown,G385
PRJNA278886,Klebsiella pneumoniae,USA,2023,,,Homo sapiens,unknown,unknown,unknown,unknown,unknown,not_curated,,,,SAMN37516928,0,S,CLSI,,,0.0,0.0,0.0,1.0,-1.0,1.0,0.0,0.0,0.0,,0.0,0.0,0.0,1.0,1.0,0.0,0.0,0.0,0.0,3.0,0.0,0.0,0.0,0.0,,0.0,0.0,0.0,1.0,6.0,0.0,1.0,0.0,0.0,,0.0,0.0,0.0,1.0,1.0,1.0,0.0,0.0,0.0,0.0,1.0,0.0,0.0,0.0,0.0,1.0,0.0,0.0,0.0,0.0,0.0,0.0,0.0,0.0,0.0,0.0,0.0,0.0,0.0,,0.0,0.0,0.0,1.0,,0.0,0.0,0.0,1.0,9,unknown,G386
PRJNA278886,Klebsiella pneumoniae,USA,2023,,,Homo sapiens,unknown,unknown,unknown,unknown,unknown,not_curated,,,,SAMN37516935,0,S,CLSI,,,0.0,0.0,0.0,1.0,-1.0,1.0,0.0,0.0,0.0,,0.0,0.0,0.0,1.0,1.0,0.0,0.0,0.0,0.0,3.0,0.0,0.0,0.0,0.0,,0.0,0.0,0.0,1.0,6.0,0.0,1.0,0.0,0.0,,0.0,0.0,0.0,1.0,1.0,1.0,0.0,0.0,0.0,0.0,1.0,0.0,0.0,0.0,0.0,1.0,0.0,0.0,0.0,0.0,0.0,0.0,0.0,0.0,0.0,0.0,0.0,0.0,0.0,,0.0,0.0,0.0,1.0,,0.0,0.0,0.0,1.0,9,unknown,G387
PRJNA278886,Klebsiella pneumoniae,USA,2023,,,Homo sapiens,unknown,unknown,unknown,unknown,unknown,not_curated,,,,SAMN37516937,0,S,CLSI,,,0.0,0.0,0.0,1.0,-1.0,1.0,0.0,0.0,0.0,,0.0,0.0,0.0,1.0,1.0,0.0,0.0,0.0,0.0,4.0,0.0,0.0,0.0,0.0,,0.0,0.0,0.0,1.0,6.0,0.0,1.0,0.0,0.0,,0.0,0.0,0.0,1.0,1.0,1.0,0.0,0.0,0.0,4.0,0.0,1.0,0.0,0.0,4.0,0.0,1.0,0.0,0.0,-2.0,1.0,0.0,0.0,0.0,-3.0588936890535687,1.0,0.0,0.0,0.0,,0.0,0.0,0.0,1.0,,0.0,0.0,0.0,1.0,9,unknown,G388
PRJNA278886,Klebsiella pneumoniae,USA,2023,,,Homo sapiens,unknown,unknown,unknown,unknown,unknown,not_curated,,,,SAMN38228811,0,S,CLSI,,,0.0,0.0,0.0,1.0,-1.0,1.0,0.0,0.0,0.0,,0.0,0.0,0.0,1.0,6.0,0.0,1.0,0.0,0.0,6.0,0.0,1.0,0.0,0.0,,0.0,0.0,0.0,1.0,6.0,0.0,1.0,0.0,0.0,,0.0,0.0,0.0,1.0,1.0,1.0,0.0,0.0,0.0,4.0,0.0,1.0,0.0,0.0,4.0,0.0,1.0,0.0,0.0,2.0,0.0,1.0,0.0,0.0,2.0,0.0,0.0,0.0,0.0,,0.0,0.0,0.0,1.0,,0.0,0.0,0.0,1.0,9,unknown,G389
PRJNA278886,Klebsiella pneumoniae,USA,2023,,,Homo sapiens,unknown,unknown,unknown,unknown,unknown,not_curated,,,,SAMN38228812,0,S,CLSI,,,0.0,0.0,0.0,1.0,-1.0,1.0,0.0,0.0,0.0,,0.0,0.0,0.0,1.0,4.0,0.0,0.0,0.0,0.0,6.0,0.0,1.0,0.0,0.0,,0.0,0.0,0.0,1.0,6.0,0.0,1.0,0.0,0.0,,0.0,0.0,0.0,1.0,1.0,1.0,0.0,0.0,0.0,4.0,0.0,1.0,0.0,0.0,4.0,0.0,1.0,0.0,0.0,2.0,0.0,1.0,0.0,0.0,3.0,0.0,1.0,0.0,0.0,,0.0,0.0,0.0,1.0,,0.0,0.0,0.0,1.0,9,unknown,G390
PRJNA278886,Klebsiella pneumoniae,USA,2023,,,Homo sapiens,unknown,unknown,unknown,unknown,unknown,not_curated,,,,SAMN38228821,0,S,CLSI,,,0.0,0.0,0.0,1.0,-1.0,1.0,0.0,0.0,0.0,,0.0,0.0,0.0,1.0,1.0,0.0,0.0,0.0,0.0,4.0,0.0,0.0,0.0,0.0,,0.0,0.0,0.0,1.0,6.0,0.0,1.0,0.0,0.0,,0.0,0.0,0.0,1.0,1.0,1.0,0.0,0.0,0.0,4.0,0.0,1.0,0.0,0.0,4.0,0.0,1.0,0.0,0.0,1.0,0.0,0.0,0.0,0.0,0.0,0.0,0.0,0.0,0.0,,0.0,0.0,0.0,1.0,,0.0,0.0,0.0,1.0,9,unknown,G391
PRJNA278886,Klebsiella pneumoniae,USA,2023,,,Homo sapiens,unknown,unknown,unknown,unknown,unknown,not_curated,,,,SAMN38228823,0,S,CLSI,,,0.0,0.0,0.0,1.0,-1.0,1.0,0.0,0.0,0.0,,0.0,0.0,0.0,1.0,2.0,0.0,0.0,0.0,0.0,3.0,0.0,0.0,0.0,0.0,,0.0,0.0,0.0,1.0,6.0,0.0,1.0,0.0,0.0,,0.0,0.0,0.0,1.0,2.0,0.0,0.0,0.0,0.0,4.0,0.0,1.0,0.0,0.0,4.0,0.0,1.0,0.0,0.0,1.0,0.0,0.0,0.0,0.0,0.0,0.0,0.0,0.0,0.0,,0.0,0.0,0.0,1.0,,0.0,0.0,0.0,1.0,9,unknown,G392
PRJNA278886,Klebsiella pneumoniae,USA,2023,,,Homo sapiens,unknown,unknown,unknown,unknown,unknown,not_curated,,,,SAMN38228838,0,S,CLSI,,,0.0,0.0,0.0,1.0,-1.0,1.0,0.0,0.0,0.0,,0.0,0.0,0.0,1.0,6.0,0.0,1.0,0.0,0.0,6.0,0.0,1.0,0.0,0.0,,0.0,0.0,0.0,1.0,6.0,0.0,1.0,0.0,0.0,,0.0,0.0,0.0,1.0,1.0,1.0,0.0,0.0,0.0,4.0,0.0,1.0,0.0,0.0,3.0,0.0,0.0,0.0,0.0,2.0,0.0,1.0,0.0,0.0,3.0,0.0,1.0,0.0,0.0,,0.0,0.0,0.0,1.0,,0.0,0.0,0.0,1.0,9,unknown,G393
PRJNA278886,Klebsiella pneumoniae,USA,2023,,,Homo sapiens,unknown,unknown,unknown,unknown,unknown,not_curated,,,,SAMN38228839,0,S,CLSI,,,0.0,0.0,0.0,1.0,-1.0,1.0,0.0,0.0,0.0,,0.0,0.0,0.0,1.0,6.0,0.0,1.0,0.0,0.0,4.0,0.0,0.0,0.0,0.0,,0.0,0.0,0.0,1.0,6.0,0.0,1.0,0.0,0.0,,0.0,0.0,0.0,1.0,1.0,1.0,0.0,0.0,0.0,0.0,1.0,0.0,0.0,0.0,0.0,1.0,0.0,0.0,0.0,-1.0,0.0,0.0,0.0,0.0,0.0,0.0,0.0,0.0,0.0,,0.0,0.0,0.0,1.0,,0.0,0.0,0.0,1.0,9,unknown,G394
PRJNA278886,Klebsiella pneumoniae,USA,2023,,,Homo sapiens,unknown,unknown,unknown,unknown,unknown,not_curated,,,,SAMN38228847,0,S,CLSI,,,0.0,0.0,0.0,1.0,-1.0,1.0,0.0,0.0,0.0,,0.0,0.0,0.0,1.0,1.0,0.0,0.0,0.0,0.0,2.0,0.0,0.0,0.0,0.0,,0.0,0.0,0.0,1.0,5.0,0.0,0.0,0.0,0.0,,0.0,0.0,0.0,1.0,1.0,1.0,0.0,0.0,0.0,4.0,0.0,1.0,0.0,0.0,1.0,0.0,0.0,0.0,0.0,-2.0,1.0,0.0,0.0,0.0,0.0,0.0,0.0,0.0,0.0,,0.0,0.0,0.0,1.0,,0.0,0.0,0.0,1.0,9,unknown,G395
PRJNA278886,Klebsiella pneumoniae,USA,2023,,,Homo sapiens,unknown,unknown,unknown,unknown,unknown,not_curated,,,,SAMN38228851,1,R,CLSI,,,0.0,0.0,0.0,1.0,,0.0,0.0,0.0,1.0,,0.0,0.0,0.0,1.0,3.0,0.0,0.0,0.0,0.0,6.0,0.0,1.0,0.0,0.0,,0.0,0.0,0.0,1.0,6.0,0.0,1.0,0.0,0.0,,0.0,0.0,0.0,1.0,1.0,1.0,0.0,0.0,0.0,4.0,0.0,1.0,0.0,0.0,4.0,0.0,1.0,0.0,0.0,1.0,0.0,0.0,0.0,0.0,0.0,0.0,0.0,0.0,0.0,,0.0,0.0,0.0,1.0,,0.0,0.0,0.0,1.0,8,unknown,G396
PRJNA278886,Klebsiella pneumoniae,USA,2023,,,Homo sapiens,unknown,unknown,unknown,unknown,unknown,not_curated,,,,SAMN38228868,0,S,CLSI,,,0.0,0.0,0.0,1.0,-1.0,1.0,0.0,0.0,0.0,,0.0,0.0,0.0,1.0,1.0,0.0,0.0,0.0,0.0,3.0,0.0,0.0,0.0,0.0,,0.0,0.0,0.0,1.0,5.0,0.0,0.0,0.0,0.0,,0.0,0.0,0.0,1.0,1.0,1.0,0.0,0.0,0.0,4.0,0.0,1.0,0.0,0.0,3.0,0.0,0.0,0.0,0.0,1.0,0.0,0.0,0.0,0.0,0.0,0.0,0.0,0.0,0.0,,0.0,0.0,0.0,1.0,,0.0,0.0,0.0,1.0,9,unknown,G397
PRJNA278886,Klebsiella pneumoniae,USA,2024,,,Homo sapiens,unknown,unknown,unknown,unknown,unknown,not_curated,,,,SAMN39956415,0,S,CLSI,,,0.0,0.0,0.0,1.0,-1.0,1.0,0.0,0.0,0.0,,0.0,0.0,0.0,1.0,0.0,1.0,0.0,0.0,0.0,,0.0,0.0,0.0,1.0,,0.0,0.0,0.0,1.0,,0.0,0.0,0.0,1.0,,0.0,0.0,0.0,1.0,1.0,1.0,0.0,0.0,0.0,0.0,1.0,0.0,0.0,0.0,0.0,1.0,0.0,0.0,0.0,-2.0,1.0,0.0,0.0,0.0,-3.0588936890535687,1.0,0.0,0.0,0.0,,0.0,0.0,0.0,1.0,,0.0,0.0,0.0,1.0,7,unknown,G398
PRJNA278886,Klebsiella pneumoniae,USA,2024,,,Homo sapiens,unknown,unknown,unknown,unknown,unknown,not_curated,,,,SAMN39956422,1,R,CLSI,,,0.0,0.0,0.0,1.0,,0.0,0.0,0.0,1.0,,0.0,0.0,0.0,1.0,6.0,0.0,1.0,0.0,0.0,6.0,0.0,1.0,0.0,0.0,,0.0,0.0,0.0,1.0,6.0,0.0,1.0,0.0,0.0,,0.0,0.0,0.0,1.0,4.0,0.0,0.0,0.0,0.0,0.0,1.0,0.0,0.0,0.0,4.0,0.0,1.0,0.0,0.0,2.0,0.0,1.0,0.0,0.0,3.0,0.0,1.0,0.0,0.0,,0.0,0.0,0.0,1.0,,0.0,0.0,0.0,1.0,8,unknown,G399
PRJNA278886,Klebsiella pneumoniae,USA,2024,,,Homo sapiens,unknown,unknown,unknown,unknown,unknown,not_curated,,,,SAMN40930636,1,R,CLSI,,,0.0,0.0,0.0,1.0,,0.0,0.0,0.0,1.0,,0.0,0.0,0.0,1.0,6.0,0.0,1.0,0.0,0.0,6.0,0.0,1.0,0.0,0.0,,0.0,0.0,0.0,1.0,6.0,0.0,1.0,0.0,0.0,,0.0,0.0,0.0,1.0,1.0,1.0,0.0,0.0,0.0,-1.0,1.0,0.0,0.0,0.0,0.0,1.0,0.0,0.0,0.0,-1.0,1.0,0.0,0.0,0.0,-2.0,0.0,0.0,0.0,0.0,,0.0,0.0,0.0,1.0,-3.0588936890535687,1.0,0.0,0.0,0.0,9,unknown,G400
PRJNA278886,Klebsiella pneumoniae,USA,2024,,,Homo sapiens,unknown,unknown,unknown,unknown,unknown,not_curated,,,,SAMN40930641,0,S,CLSI,,,0.0,0.0,0.0,1.0,-1.0,1.0,0.0,0.0,0.0,,0.0,0.0,0.0,1.0,0.0,1.0,0.0,0.0,0.0,4.0,0.0,0.0,0.0,0.0,,0.0,0.0,0.0,1.0,6.0,0.0,1.0,0.0,0.0,,0.0,0.0,0.0,1.0,1.0,1.0,0.0,0.0,0.0,0.0,1.0,0.0,0.0,0.0,0.0,1.0,0.0,0.0,0.0,-2.0,1.0,0.0,0.0,0.0,-1.0,0.0,0.0,0.0,0.0,,0.0,0.0,0.0,1.0,,0.0,0.0,0.0,1.0,9,unknown,G401
PRJNA278886,Klebsiella pneumoniae,USA,2024,,,Homo sapiens,unknown,unknown,unknown,unknown,unknown,not_curated,,,,SAMN40930668,0,S,CLSI,,,0.0,0.0,0.0,1.0,-1.0,1.0,0.0,0.0,0.0,,0.0,0.0,0.0,1.0,2.0,0.0,0.0,0.0,0.0,4.0,0.0,0.0,0.0,0.0,,0.0,0.0,0.0,1.0,6.0,0.0,1.0,0.0,0.0,,0.0,0.0,0.0,1.0,2.0,0.0,0.0,0.0,0.0,4.0,0.0,1.0,0.0,0.0,4.0,0.0,1.0,0.0,0.0,2.0,0.0,1.0,0.0,0.0,3.0,0.0,1.0,0.0,0.0,,0.0,0.0,0.0,1.0,,0.0,0.0,0.0,1.0,9,unknown,G402
PRJNA278886,Klebsiella pneumoniae,USA,2024,,,Homo sapiens,unknown,unknown,unknown,unknown,unknown,not_curated,,,,SAMN40930671,0,S,CLSI,,,0.0,0.0,0.0,1.0,-1.0,1.0,0.0,0.0,0.0,,0.0,0.0,0.0,1.0,5.0,0.0,0.0,0.0,0.0,6.0,0.0,1.0,0.0,0.0,,0.0,0.0,0.0,1.0,6.0,0.0,1.0,0.0,0.0,,0.0,0.0,0.0,1.0,1.0,1.0,0.0,0.0,0.0,0.0,1.0,0.0,0.0,0.0,0.0,1.0,0.0,0.0,0.0,2.0,0.0,1.0,0.0,0.0,3.0,0.0,1.0,0.0,0.0,,0.0,0.0,0.0,1.0,,0.0,0.0,0.0,1.0,9,unknown,G403
PRJNA278886,Klebsiella pneumoniae,USA,2024,,,Homo sapiens,unknown,unknown,unknown,unknown,unknown,not_curated,,,,SAMN41091862,0,S,CLSI,,,0.0,0.0,0.0,1.0,-1.0,1.0,0.0,0.0,0.0,,0.0,0.0,0.0,1.0,6.0,0.0,1.0,0.0,0.0,6.0,0.0,1.0,0.0,0.0,,0.0,0.0,0.0,1.0,6.0,0.0,1.0,0.0,0.0,,0.0,0.0,0.0,1.0,1.0,1.0,0.0,0.0,0.0,0.0,1.0,0.0,0.0,0.0,0.0,1.0,0.0,0.0,0.0,0.0,0.0,0.0,0.0,0.0,0.0,0.0,0.0,0.0,0.0,,0.0,0.0,0.0,1.0,,0.0,0.0,0.0,1.0,9,unknown,G404
PRJNA278886,Klebsiella pneumoniae,USA,2024,,,Homo sapiens,unknown,unknown,unknown,unknown,unknown,not_curated,,,,SAMN41091868,1,R,CLSI,,,0.0,0.0,0.0,1.0,,0.0,0.0,0.0,1.0,,0.0,0.0,0.0,1.0,4.0,0.0,0.0,0.0,0.0,3.0,0.0,0.0,0.0,0.0,,0.0,0.0,0.0,1.0,6.0,0.0,1.0,0.0,0.0,,0.0,0.0,0.0,1.0,4.0,0.0,0.0,0.0,0.0,4.0,0.0,1.0,0.0,0.0,4.0,0.0,1.0,0.0,0.0,2.0,0.0,1.0,0.0,0.0,3.0,0.0,1.0,0.0,0.0,,0.0,0.0,0.0,1.0,,0.0,0.0,0.0,1.0,8,unknown,G405
PRJNA1156689,Klebsiella pneumoniae,Nigeria,not applicable,,,Homo sapiens,unknown,unknown,unknown,unknown,unknown,not_curated,,,,SAMN45204650,0,S,CLSI,,,0.0,0.0,0.0,1.0,-1.0,1.0,0.0,0.0,0.0,,0.0,0.0,0.0,1.0,6.0,0.0,1.0,0.0,0.0,6.0,0.0,1.0,0.0,0.0,,0.0,0.0,0.0,1.0,6.0,0.0,1.0,0.0,0.0,,0.0,0.0,0.0,1.0,1.0,1.0,0.0,0.0,0.0,4.0,0.0,1.0,0.0,0.0,2.0,0.0,0.0,0.0,0.0,-2.0,1.0,0.0,0.0,0.0,-3.0588936890535687,1.0,0.0,0.0,0.0,,0.0,0.0,0.0,1.0,,0.0,0.0,0.0,1.0,9,unknown,G406
PRJNA1156689,Klebsiella pneumoniae,Nigeria,not applicable,,,Homo sapiens,unknown,unknown,unknown,unknown,unknown,not_curated,,,,SAMN45204659,0,S,CLSI,,,0.0,0.0,0.0,1.0,-1.0,1.0,0.0,0.0,0.0,,0.0,0.0,0.0,1.0,1.0,0.0,0.0,0.0,0.0,4.0,0.0,0.0,0.0,0.0,,0.0,0.0,0.0,1.0,6.0,0.0,1.0,0.0,0.0,,0.0,0.0,0.0,1.0,1.0,1.0,0.0,0.0,0.0,4.0,0.0,1.0,0.0,0.0,3.0,0.0,0.0,0.0,0.0,-2.0,1.0,0.0,0.0,0.0,-3.0588936890535687,1.0,0.0,0.0,0.0,,0.0,0.0,0.0,1.0,,0.0,0.0,0.0,1.0,9,unknown,G407
PRJNA1156689,Klebsiella pneumoniae,Nigeria,not applicable,,,Homo sapiens,unknown,unknown,unknown,unknown,unknown,not_curated,,,,SAMN45204667,0,S,CLSI,,,0.0,0.0,0.0,1.0,-1.0,1.0,0.0,0.0,0.0,,0.0,0.0,0.0,1.0,6.0,0.0,1.0,0.0,0.0,6.0,0.0,1.0,0.0,0.0,,0.0,0.0,0.0,1.0,6.0,0.0,1.0,0.0,0.0,,0.0,0.0,0.0,1.0,1.0,1.0,0.0,0.0,0.0,4.0,0.0,1.0,0.0,0.0,3.0,0.0,0.0,0.0,0.0,-2.0,1.0,0.0,0.0,0.0,-3.0588936890535687,1.0,0.0,0.0,0.0,,0.0,0.0,0.0,1.0,,0.0,0.0,0.0,1.0,9,unknown,G408
PRJNA1156689,Klebsiella pneumoniae,Nigeria,not applicable,,,Homo sapiens,unknown,unknown,unknown,unknown,unknown,not_curated,,,,SAMN45204673,0,S,CLSI,,,0.0,0.0,0.0,1.0,-1.0,1.0,0.0,0.0,0.0,,0.0,0.0,0.0,1.0,1.0,0.0,0.0,0.0,0.0,2.0,0.0,0.0,0.0,0.0,,0.0,0.0,0.0,1.0,4.0,0.0,0.0,0.0,0.0,,0.0,0.0,0.0,1.0,1.0,1.0,0.0,0.0,0.0,4.0,0.0,1.0,0.0,0.0,4.0,0.0,1.0,0.0,0.0,0.0,0.0,0.0,0.0,0.0,0.0,0.0,0.0,0.0,0.0,,0.0,0.0,0.0,1.0,,0.0,0.0,0.0,1.0,9,unknown,G409
PRJNA1156689,Klebsiella pneumoniae,Nigeria,not applicable,,,Homo sapiens,unknown,unknown,unknown,unknown,unknown,not_curated,,,,SAMN45204686,0,S,CLSI,,,0.0,0.0,0.0,1.0,-1.0,1.0,0.0,0.0,0.0,,0.0,0.0,0.0,1.0,1.0,0.0,0.0,0.0,0.0,4.0,0.0,0.0,0.0,0.0,,0.0,0.0,0.0,1.0,6.0,0.0,1.0,0.0,0.0,,0.0,0.0,0.0,1.0,1.0,1.0,0.0,0.0,0.0,4.0,0.0,1.0,0.0,0.0,3.0,0.0,0.0,0.0,0.0,-2.0,1.0,0.0,0.0,0.0,-3.0588936890535687,1.0,0.0,0.0,0.0,,0.0,0.0,0.0,1.0,,0.0,0.0,0.0,1.0,9,unknown,G410
PRJNA1156689,Klebsiella pneumoniae,Nigeria,not applicable,,,Homo sapiens,unknown,unknown,unknown,unknown,unknown,not_curated,,,,SAMN45204695,0,S,CLSI,,,0.0,0.0,0.0,1.0,-1.0,1.0,0.0,0.0,0.0,,0.0,0.0,0.0,1.0,1.0,0.0,0.0,0.0,0.0,6.0,0.0,1.0,0.0,0.0,,0.0,0.0,0.0,1.0,6.0,0.0,1.0,0.0,0.0,,0.0,0.0,0.0,1.0,1.0,1.0,0.0,0.0,0.0,4.0,0.0,1.0,0.0,0.0,4.0,0.0,1.0,0.0,0.0,2.0,0.0,1.0,0.0,0.0,2.0,0.0,0.0,0.0,0.0,,0.0,0.0,0.0,1.0,,0.0,0.0,0.0,1.0,9,unknown,G411
PRJNA1156689,Klebsiella pneumoniae,Nigeria,not applicable,,,Homo sapiens,unknown,unknown,unknown,unknown,unknown,not_curated,,,,SAMN45204696,0,S,CLSI,,,0.0,0.0,0.0,1.0,-1.0,1.0,0.0,0.0,0.0,,0.0,0.0,0.0,1.0,0.0,1.0,0.0,0.0,0.0,0.0,1.0,0.0,0.0,0.0,,0.0,0.0,0.0,1.0,0.0,1.0,0.0,0.0,0.0,,0.0,0.0,0.0,1.0,1.0,1.0,0.0,0.0,0.0,0.0,1.0,0.0,0.0,0.0,0.0,1.0,0.0,0.0,0.0,-2.0,1.0,0.0,0.0,0.0,-3.0588936890535687,1.0,0.0,0.0,0.0,,0.0,0.0,0.0,1.0,,0.0,0.0,0.0,1.0,9,unknown,G412
PRJNA1156689,Klebsiella pneumoniae,Nigeria,not applicable,,,Homo sapiens,unknown,unknown,unknown,unknown,unknown,not_curated,,,,SAMN45204701,0,S,CLSI,,,0.0,0.0,0.0,1.0,-1.0,1.0,0.0,0.0,0.0,,0.0,0.0,0.0,1.0,1.0,0.0,0.0,0.0,0.0,4.0,0.0,0.0,0.0,0.0,,0.0,0.0,0.0,1.0,6.0,0.0,1.0,0.0,0.0,,0.0,0.0,0.0,1.0,1.0,1.0,0.0,0.0,0.0,4.0,0.0,1.0,0.0,0.0,4.0,0.0,1.0,0.0,0.0,1.0,0.0,0.0,0.0,0.0,0.0,0.0,0.0,0.0,0.0,,0.0,0.0,0.0,1.0,,0.0,0.0,0.0,1.0,9,unknown,G413
PRJNA1156689,Klebsiella pneumoniae,Nigeria,not applicable,,,Homo sapiens,unknown,unknown,unknown,unknown,unknown,not_curated,,,,SAMN45204702,0,S,CLSI,,,0.0,0.0,0.0,1.0,-1.0,1.0,0.0,0.0,0.0,,0.0,0.0,0.0,1.0,6.0,0.0,1.0,0.0,0.0,6.0,0.0,1.0,0.0,0.0,,0.0,0.0,0.0,1.0,6.0,0.0,1.0,0.0,0.0,,0.0,0.0,0.0,1.0,1.0,1.0,0.0,0.0,0.0,4.0,0.0,1.0,0.0,0.0,2.0,0.0,0.0,0.0,0.0,-2.0,1.0,0.0,0.0,0.0,-3.0588936890535687,1.0,0.0,0.0,0.0,,0.0,0.0,0.0,1.0,,0.0,0.0,0.0,1.0,9,unknown,G414
PRJNA1156689,Klebsiella pneumoniae,Nigeria,not applicable,,,Homo sapiens,unknown,unknown,unknown,unknown,unknown,not_curated,,,,SAMN45204703,0,S,CLSI,,,0.0,0.0,0.0,1.0,-1.0,1.0,0.0,0.0,0.0,,0.0,0.0,0.0,1.0,1.0,0.0,0.0,0.0,0.0,4.0,0.0,0.0,0.0,0.0,,0.0,0.0,0.0,1.0,6.0,0.0,1.0,0.0,0.0,,0.0,0.0,0.0,1.0,1.0,1.0,0.0,0.0,0.0,4.0,0.0,1.0,0.0,0.0,3.0,0.0,0.0,0.0,0.0,-2.0,1.0,0.0,0.0,0.0,-3.0588936890535687,1.0,0.0,0.0,0.0,,0.0,0.0,0.0,1.0,,0.0,0.0,0.0,1.0,9,unknown,G415
PRJNA1156689,Klebsiella pneumoniae,Nigeria,not applicable,,,Homo sapiens,unknown,unknown,unknown,unknown,unknown,not_curated,,,,SAMN45204707,0,S,CLSI,,,0.0,0.0,0.0,1.0,-1.0,1.0,0.0,0.0,0.0,,0.0,0.0,0.0,1.0,6.0,0.0,1.0,0.0,0.0,6.0,0.0,1.0,0.0,0.0,,0.0,0.0,0.0,1.0,6.0,0.0,1.0,0.0,0.0,,0.0,0.0,0.0,1.0,1.0,1.0,0.0,0.0,0.0,4.0,0.0,1.0,0.0,0.0,3.0,0.0,0.0,0.0,0.0,-2.0,1.0,0.0,0.0,0.0,-3.0588936890535687,1.0,0.0,0.0,0.0,,0.0,0.0,0.0,1.0,,0.0,0.0,0.0,1.0,9,unknown,G416
PRJNA1156689,Klebsiella pneumoniae,Nigeria,not applicable,,,Homo sapiens,unknown,unknown,unknown,unknown,unknown,not_curated,,,,SAMN45204708,0,S,CLSI,,,0.0,0.0,0.0,1.0,-1.0,1.0,0.0,0.0,0.0,,0.0,0.0,0.0,1.0,6.0,0.0,1.0,0.0,0.0,6.0,0.0,1.0,0.0,0.0,,0.0,0.0,0.0,1.0,6.0,0.0,1.0,0.0,0.0,,0.0,0.0,0.0,1.0,1.0,1.0,0.0,0.0,0.0,4.0,0.0,1.0,0.0,0.0,3.0,0.0,0.0,0.0,0.0,-2.0,1.0,0.0,0.0,0.0,-3.0588936890535687,1.0,0.0,0.0,0.0,,0.0,0.0,0.0,1.0,,0.0,0.0,0.0,1.0,9,unknown,G417
PRJNA1156689,Klebsiella pneumoniae,Nigeria,not applicable,,,Homo sapiens,unknown,unknown,unknown,unknown,unknown,not_curated,,,,SAMN45204710,0,S,CLSI,,,0.0,0.0,0.0,1.0,-1.0,1.0,0.0,0.0,0.0,,0.0,0.0,0.0,1.0,1.0,0.0,0.0,0.0,0.0,6.0,0.0,1.0,0.0,0.0,,0.0,0.0,0.0,1.0,6.0,0.0,1.0,0.0,0.0,,0.0,0.0,0.0,1.0,1.0,1.0,0.0,0.0,0.0,2.0,0.0,0.0,0.0,0.0,3.0,0.0,0.0,0.0,0.0,0.0,0.0,0.0,0.0,0.0,0.0,0.0,0.0,0.0,0.0,,0.0,0.0,0.0,1.0,,0.0,0.0,0.0,1.0,9,unknown,G418
PRJNA1156689,Klebsiella pneumoniae,Nigeria,not applicable,,,Homo sapiens,unknown,unknown,unknown,unknown,unknown,not_curated,,,,SAMN45204711,0,S,CLSI,,,0.0,0.0,0.0,1.0,-1.0,1.0,0.0,0.0,0.0,,0.0,0.0,0.0,1.0,1.0,0.0,0.0,0.0,0.0,2.0,0.0,0.0,0.0,0.0,,0.0,0.0,0.0,1.0,6.0,0.0,1.0,0.0,0.0,,0.0,0.0,0.0,1.0,1.0,1.0,0.0,0.0,0.0,0.0,1.0,0.0,0.0,0.0,0.0,1.0,0.0,0.0,0.0,0.0,0.0,0.0,0.0,0.0,0.0,0.0,0.0,0.0,0.0,,0.0,0.0,0.0,1.0,,0.0,0.0,0.0,1.0,9,unknown,G419
PRJNA1156689,Klebsiella pneumoniae,Nigeria,not applicable,,,Homo sapiens,unknown,unknown,unknown,unknown,unknown,not_curated,,,,SAMN45204712,0,S,CLSI,,,0.0,0.0,0.0,1.0,-1.0,1.0,0.0,0.0,0.0,,0.0,0.0,0.0,1.0,1.0,0.0,0.0,0.0,0.0,3.0,0.0,0.0,0.0,0.0,,0.0,0.0,0.0,1.0,6.0,0.0,1.0,0.0,0.0,,0.0,0.0,0.0,1.0,1.0,1.0,0.0,0.0,0.0,4.0,0.0,1.0,0.0,0.0,3.0,0.0,0.0,0.0,0.0,-2.0,1.0,0.0,0.0,0.0,-3.0588936890535687,1.0,0.0,0.0,0.0,,0.0,0.0,0.0,1.0,,0.0,0.0,0.0,1.0,9,unknown,G420
PRJNA1156689,Klebsiella pneumoniae,Nigeria,not applicable,,,Homo sapiens,unknown,unknown,unknown,unknown,unknown,not_curated,,,,SAMN45204713,0,S,CLSI,,,0.0,0.0,0.0,1.0,-1.0,1.0,0.0,0.0,0.0,,0.0,0.0,0.0,1.0,0.0,1.0,0.0,0.0,0.0,0.0,1.0,0.0,0.0,0.0,,0.0,0.0,0.0,1.0,0.0,1.0,0.0,0.0,0.0,,0.0,0.0,0.0,1.0,1.0,1.0,0.0,0.0,0.0,0.0,1.0,0.0,0.0,0.0,0.0,1.0,0.0,0.0,0.0,-2.0,1.0,0.0,0.0,0.0,-3.0588936890535687,1.0,0.0,0.0,0.0,,0.0,0.0,0.0,1.0,,0.0,0.0,0.0,1.0,9,unknown,G421
PRJNA1156689,Klebsiella pneumoniae,Nigeria,not applicable,,,Homo sapiens,unknown,unknown,unknown,unknown,unknown,not_curated,,,,SAMN45204714,0,S,CLSI,,,0.0,0.0,0.0,1.0,-1.0,1.0,0.0,0.0,0.0,,0.0,0.0,0.0,1.0,1.0,0.0,0.0,0.0,0.0,4.0,0.0,0.0,0.0,0.0,,0.0,0.0,0.0,1.0,6.0,0.0,1.0,0.0,0.0,,0.0,0.0,0.0,1.0,1.0,1.0,0.0,0.0,0.0,4.0,0.0,1.0,0.0,0.0,3.0,0.0,0.0,0.0,0.0,-2.0,1.0,0.0,0.0,0.0,-3.0588936890535687,1.0,0.0,0.0,0.0,,0.0,0.0,0.0,1.0,,0.0,0.0,0.0,1.0,9,unknown,G422
PRJNA1156689,Klebsiella pneumoniae,Nigeria,not applicable,,,Homo sapiens,unknown,unknown,unknown,unknown,unknown,not_curated,,,,SAMN45204722,0,S,CLSI,,,0.0,0.0,0.0,1.0,-1.0,1.0,0.0,0.0,0.0,,0.0,0.0,0.0,1.0,1.0,0.0,0.0,0.0,0.0,4.0,0.0,0.0,0.0,0.0,,0.0,0.0,0.0,1.0,6.0,0.0,1.0,0.0,0.0,,0.0,0.0,0.0,1.0,1.0,1.0,0.0,0.0,0.0,4.0,0.0,1.0,0.0,0.0,3.0,0.0,0.0,0.0,0.0,-2.0,1.0,0.0,0.0,0.0,-3.0588936890535687,1.0,0.0,0.0,0.0,,0.0,0.0,0.0,1.0,,0.0,0.0,0.0,1.0,9,unknown,G423
PRJNA1156689,Klebsiella pneumoniae,Nigeria,not applicable,,,Homo sapiens,unknown,unknown,unknown,unknown,unknown,not_curated,,,,SAMN45204723,0,S,CLSI,,,0.0,0.0,0.0,1.0,-1.0,1.0,0.0,0.0,0.0,,0.0,0.0,0.0,1.0,1.0,0.0,0.0,0.0,0.0,4.0,0.0,0.0,0.0,0.0,,0.0,0.0,0.0,1.0,6.0,0.0,1.0,0.0,0.0,,0.0,0.0,0.0,1.0,1.0,1.0,0.0,0.0,0.0,4.0,0.0,1.0,0.0,0.0,4.0,0.0,1.0,0.0,0.0,1.0,0.0,0.0,0.0,0.0,0.0,0.0,0.0,0.0,0.0,,0.0,0.0,0.0,1.0,,0.0,0.0,0.0,1.0,9,unknown,G424
PRJNA1156689,Klebsiella pneumoniae,Nigeria,not applicable,,,Homo sapiens,unknown,unknown,unknown,unknown,unknown,not_curated,,,,SAMN45204724,0,S,CLSI,,,0.0,0.0,0.0,1.0,-1.0,1.0,0.0,0.0,0.0,,0.0,0.0,0.0,1.0,1.0,0.0,0.0,0.0,0.0,4.0,0.0,0.0,0.0,0.0,,0.0,0.0,0.0,1.0,6.0,0.0,1.0,0.0,0.0,,0.0,0.0,0.0,1.0,1.0,1.0,0.0,0.0,0.0,4.0,0.0,1.0,0.0,0.0,4.0,0.0,1.0,0.0,0.0,1.0,0.0,0.0,0.0,0.0,0.0,0.0,0.0,0.0,0.0,,0.0,0.0,0.0,1.0,,0.0,0.0,0.0,1.0,9,unknown,G425
PRJNA1156689,Klebsiella pneumoniae,Nigeria,not applicable,,,Homo sapiens,unknown,unknown,unknown,unknown,unknown,not_curated,,,,SAMN45204726,0,S,CLSI,,,0.0,0.0,0.0,1.0,-1.0,1.0,0.0,0.0,0.0,,0.0,0.0,0.0,1.0,1.0,0.0,0.0,0.0,0.0,4.0,0.0,0.0,0.0,0.0,,0.0,0.0,0.0,1.0,6.0,0.0,1.0,0.0,0.0,,0.0,0.0,0.0,1.0,1.0,1.0,0.0,0.0,0.0,4.0,0.0,1.0,0.0,0.0,3.0,0.0,0.0,0.0,0.0,-2.0,1.0,0.0,0.0,0.0,-3.0588936890535687,1.0,0.0,0.0,0.0,,0.0,0.0,0.0,1.0,,0.0,0.0,0.0,1.0,9,unknown,G426
PRJNA1156689,Klebsiella pneumoniae,Nigeria,not applicable,,,Homo sapiens,unknown,unknown,unknown,unknown,unknown,not_curated,,,,SAMN45204728,0,S,CLSI,,,0.0,0.0,0.0,1.0,-1.0,1.0,0.0,0.0,0.0,,0.0,0.0,0.0,1.0,0.0,1.0,0.0,0.0,0.0,0.0,1.0,0.0,0.0,0.0,,0.0,0.0,0.0,1.0,0.0,1.0,0.0,0.0,0.0,,0.0,0.0,0.0,1.0,1.0,1.0,0.0,0.0,0.0,0.0,1.0,0.0,0.0,0.0,0.0,1.0,0.0,0.0,0.0,-2.0,1.0,0.0,0.0,0.0,-3.0588936890535687,1.0,0.0,0.0,0.0,,0.0,0.0,0.0,1.0,,0.0,0.0,0.0,1.0,9,unknown,G427
PRJNA1156689,Klebsiella pneumoniae,Nigeria,not applicable,,,Homo sapiens,unknown,unknown,unknown,unknown,unknown,not_curated,,,,SAMN45204730,0,S,CLSI,,,0.0,0.0,0.0,1.0,-1.0,1.0,0.0,0.0,0.0,,0.0,0.0,0.0,1.0,0.0,1.0,0.0,0.0,0.0,0.0,1.0,0.0,0.0,0.0,,0.0,0.0,0.0,1.0,0.0,1.0,0.0,0.0,0.0,,0.0,0.0,0.0,1.0,1.0,1.0,0.0,0.0,0.0,0.0,1.0,0.0,0.0,0.0,0.0,1.0,0.0,0.0,0.0,-2.0,1.0,0.0,0.0,0.0,-3.0588936890535687,1.0,0.0,0.0,0.0,,0.0,0.0,0.0,1.0,,0.0,0.0,0.0,1.0,9,unknown,G428
PRJNA1156689,Klebsiella pneumoniae,Nigeria,not applicable,,,Homo sapiens,unknown,unknown,unknown,unknown,unknown,not_curated,,,,SAMN45204731,0,S,CLSI,,,0.0,0.0,0.0,1.0,-1.0,1.0,0.0,0.0,0.0,,0.0,0.0,0.0,1.0,1.0,0.0,0.0,0.0,0.0,4.0,0.0,0.0,0.0,0.0,,0.0,0.0,0.0,1.0,6.0,0.0,1.0,0.0,0.0,,0.0,0.0,0.0,1.0,1.0,1.0,0.0,0.0,0.0,4.0,0.0,1.0,0.0,0.0,3.0,0.0,0.0,0.0,0.0,-2.0,1.0,0.0,0.0,0.0,-3.0588936890535687,1.0,0.0,0.0,0.0,,0.0,0.0,0.0,1.0,,0.0,0.0,0.0,1.0,9,unknown,G429
PRJNA1156689,Klebsiella pneumoniae,Nigeria,not applicable,,,Homo sapiens,unknown,unknown,unknown,unknown,unknown,not_curated,,,,SAMN45204733,0,S,CLSI,,,0.0,0.0,0.0,1.0,-1.0,1.0,0.0,0.0,0.0,,0.0,0.0,0.0,1.0,6.0,0.0,1.0,0.0,0.0,4.0,0.0,0.0,0.0,0.0,,0.0,0.0,0.0,1.0,6.0,0.0,1.0,0.0,0.0,,0.0,0.0,0.0,1.0,1.0,1.0,0.0,0.0,0.0,4.0,0.0,1.0,0.0,0.0,4.0,0.0,1.0,0.0,0.0,2.0,0.0,1.0,0.0,0.0,3.0,0.0,1.0,0.0,0.0,,0.0,0.0,0.0,1.0,,0.0,0.0,0.0,1.0,9,unknown,G430
PRJNA1156689,Klebsiella pneumoniae,Nigeria,not applicable,,,Homo sapiens,unknown,unknown,unknown,unknown,unknown,not_curated,,,,SAMN45204734,0,S,CLSI,,,0.0,0.0,0.0,1.0,-1.0,1.0,0.0,0.0,0.0,,0.0,0.0,0.0,1.0,0.0,1.0,0.0,0.0,0.0,0.0,1.0,0.0,0.0,0.0,,0.0,0.0,0.0,1.0,0.0,1.0,0.0,0.0,0.0,,0.0,0.0,0.0,1.0,1.0,1.0,0.0,0.0,0.0,0.0,1.0,0.0,0.0,0.0,0.0,1.0,0.0,0.0,0.0,-2.0,1.0,0.0,0.0,0.0,-3.0588936890535687,1.0,0.0,0.0,0.0,,0.0,0.0,0.0,1.0,,0.0,0.0,0.0,1.0,9,unknown,G431
PRJNA1156689,Klebsiella pneumoniae,Nigeria,not applicable,,,Homo sapiens,unknown,unknown,unknown,unknown,unknown,not_curated,,,,SAMN45204737,0,S,CLSI,,,0.0,0.0,0.0,1.0,-1.0,1.0,0.0,0.0,0.0,,0.0,0.0,0.0,1.0,5.0,0.0,0.0,0.0,0.0,6.0,0.0,1.0,0.0,0.0,,0.0,0.0,0.0,1.0,6.0,0.0,1.0,0.0,0.0,,0.0,0.0,0.0,1.0,1.0,1.0,0.0,0.0,0.0,4.0,0.0,1.0,0.0,0.0,4.0,0.0,1.0,0.0,0.0,-2.0,1.0,0.0,0.0,0.0,-3.0588936890535687,1.0,0.0,0.0,0.0,,0.0,0.0,0.0,1.0,,0.0,0.0,0.0,1.0,9,unknown,G432
PRJNA1156689,Klebsiella pneumoniae,Nigeria,not applicable,,,Homo sapiens,unknown,unknown,unknown,unknown,unknown,not_curated,,,,SAMN45204767,0,S,CLSI,,,0.0,0.0,0.0,1.0,-1.0,1.0,0.0,0.0,0.0,,0.0,0.0,0.0,1.0,1.0,0.0,0.0,0.0,0.0,3.0,0.0,0.0,0.0,0.0,,0.0,0.0,0.0,1.0,6.0,0.0,1.0,0.0,0.0,,0.0,0.0,0.0,1.0,3.0,0.0,0.0,0.0,0.0,4.0,0.0,1.0,0.0,0.0,4.0,0.0,1.0,0.0,0.0,-2.0,1.0,0.0,0.0,0.0,-3.0588936890535687,1.0,0.0,0.0,0.0,,0.0,0.0,0.0,1.0,,0.0,0.0,0.0,1.0,9,unknown,G433
PRJNA1156689,Klebsiella pneumoniae,Nigeria,not applicable,,,Homo sapiens,unknown,unknown,unknown,unknown,unknown,not_curated,,,,SAMN45204768,0,S,CLSI,,,0.0,0.0,0.0,1.0,-1.0,1.0,0.0,0.0,0.0,,0.0,0.0,0.0,1.0,0.0,1.0,0.0,0.0,0.0,2.0,0.0,0.0,0.0,0.0,,0.0,0.0,0.0,1.0,4.0,0.0,0.0,0.0,0.0,,0.0,0.0,0.0,1.0,1.0,1.0,0.0,0.0,0.0,4.0,0.0,1.0,0.0,0.0,4.0,0.0,1.0,0.0,0.0,0.0,0.0,0.0,0.0,0.0,0.0,0.0,0.0,0.0,0.0,,0.0,0.0,0.0,1.0,,0.0,0.0,0.0,1.0,9,unknown,G434
PRJNA1156689,Klebsiella pneumoniae,Nigeria,not applicable,,,Homo sapiens,unknown,unknown,unknown,unknown,unknown,not_curated,,,,SAMN45204769,0,S,CLSI,,,0.0,0.0,0.0,1.0,-1.0,1.0,0.0,0.0,0.0,,0.0,0.0,0.0,1.0,1.0,0.0,0.0,0.0,0.0,2.0,0.0,0.0,0.0,0.0,,0.0,0.0,0.0,1.0,4.0,0.0,0.0,0.0,0.0,,0.0,0.0,0.0,1.0,1.0,1.0,0.0,0.0,0.0,4.0,0.0,1.0,0.0,0.0,4.0,0.0,1.0,0.0,0.0,0.0,0.0,0.0,0.0,0.0,0.0,0.0,0.0,0.0,0.0,,0.0,0.0,0.0,1.0,,0.0,0.0,0.0,1.0,9,unknown,G435
PRJNA1156689,Klebsiella pneumoniae,Nigeria,not applicable,,,Homo sapiens,unknown,unknown,unknown,unknown,unknown,not_curated,,,,SAMN45204770,0,S,CLSI,,,0.0,0.0,0.0,1.0,-1.0,1.0,0.0,0.0,0.0,,0.0,0.0,0.0,1.0,1.0,0.0,0.0,0.0,0.0,4.0,0.0,0.0,0.0,0.0,,0.0,0.0,0.0,1.0,6.0,0.0,1.0,0.0,0.0,,0.0,0.0,0.0,1.0,1.0,1.0,0.0,0.0,0.0,4.0,0.0,1.0,0.0,0.0,3.0,0.0,0.0,0.0,0.0,2.0,0.0,1.0,0.0,0.0,3.0,0.0,1.0,0.0,0.0,,0.0,0.0,0.0,1.0,,0.0,0.0,0.0,1.0,9,unknown,G436
PRJNA1156689,Klebsiella pneumoniae,Nigeria,not applicable,,,Homo sapiens,unknown,unknown,unknown,unknown,unknown,not_curated,,,,SAMN45204772,0,S,CLSI,,,0.0,0.0,0.0,1.0,-1.0,1.0,0.0,0.0,0.0,,0.0,0.0,0.0,1.0,6.0,0.0,1.0,0.0,0.0,6.0,0.0,1.0,0.0,0.0,,0.0,0.0,0.0,1.0,6.0,0.0,1.0,0.0,0.0,,0.0,0.0,0.0,1.0,1.0,1.0,0.0,0.0,0.0,4.0,0.0,1.0,0.0,0.0,3.0,0.0,0.0,0.0,0.0,-2.0,1.0,0.0,0.0,0.0,-3.0588936890535687,1.0,0.0,0.0,0.0,,0.0,0.0,0.0,1.0,,0.0,0.0,0.0,1.0,9,unknown,G437
PRJNA1156689,Klebsiella pneumoniae,Nigeria,not applicable,,,Homo sapiens,unknown,unknown,unknown,unknown,unknown,not_curated,,,,SAMN45204773,0,S,CLSI,,,0.0,0.0,0.0,1.0,-1.0,1.0,0.0,0.0,0.0,,0.0,0.0,0.0,1.0,1.0,0.0,0.0,0.0,0.0,4.0,0.0,0.0,0.0,0.0,,0.0,0.0,0.0,1.0,6.0,0.0,1.0,0.0,0.0,,0.0,0.0,0.0,1.0,1.0,1.0,0.0,0.0,0.0,4.0,0.0,1.0,0.0,0.0,3.0,0.0,0.0,0.0,0.0,-2.0,1.0,0.0,0.0,0.0,-3.0588936890535687,1.0,0.0,0.0,0.0,,0.0,0.0,0.0,1.0,,0.0,0.0,0.0,1.0,9,unknown,G438
PRJNA1156689,Klebsiella pneumoniae,Nigeria,not applicable,,,Homo sapiens,unknown,unknown,unknown,unknown,unknown,not_curated,,,,SAMN45204774,0,S,CLSI,,,0.0,0.0,0.0,1.0,-1.0,1.0,0.0,0.0,0.0,,0.0,0.0,0.0,1.0,6.0,0.0,1.0,0.0,0.0,6.0,0.0,1.0,0.0,0.0,,0.0,0.0,0.0,1.0,6.0,0.0,1.0,0.0,0.0,,0.0,0.0,0.0,1.0,1.0,1.0,0.0,0.0,0.0,4.0,0.0,1.0,0.0,0.0,4.0,0.0,1.0,0.0,0.0,2.0,0.0,1.0,0.0,0.0,3.0,0.0,1.0,0.0,0.0,,0.0,0.0,0.0,1.0,,0.0,0.0,0.0,1.0,9,unknown,G439
PRJNA1156689,Klebsiella pneumoniae,Nigeria,not applicable,,,Homo sapiens,unknown,unknown,unknown,unknown,unknown,not_curated,,,,SAMN45204775,0,S,CLSI,,,0.0,0.0,0.0,1.0,-1.0,1.0,0.0,0.0,0.0,,0.0,0.0,0.0,1.0,6.0,0.0,1.0,0.0,0.0,6.0,0.0,1.0,0.0,0.0,,0.0,0.0,0.0,1.0,6.0,0.0,1.0,0.0,0.0,,0.0,0.0,0.0,1.0,2.0,0.0,0.0,0.0,0.0,4.0,0.0,1.0,0.0,0.0,4.0,0.0,1.0,0.0,0.0,2.0,0.0,1.0,0.0,0.0,3.0,0.0,1.0,0.0,0.0,,0.0,0.0,0.0,1.0,,0.0,0.0,0.0,1.0,9,unknown,G440
PRJNA1156689,Klebsiella pneumoniae,Nigeria,not applicable,,,Homo sapiens,unknown,unknown,unknown,unknown,unknown,not_curated,,,,SAMN45204778,0,S,CLSI,,,0.0,0.0,0.0,1.0,-1.0,1.0,0.0,0.0,0.0,,0.0,0.0,0.0,1.0,6.0,0.0,1.0,0.0,0.0,6.0,0.0,1.0,0.0,0.0,,0.0,0.0,0.0,1.0,6.0,0.0,1.0,0.0,0.0,,0.0,0.0,0.0,1.0,1.0,1.0,0.0,0.0,0.0,4.0,0.0,1.0,0.0,0.0,4.0,0.0,1.0,0.0,0.0,2.0,0.0,1.0,0.0,0.0,3.0,0.0,1.0,0.0,0.0,,0.0,0.0,0.0,1.0,,0.0,0.0,0.0,1.0,9,unknown,G441
PRJNA1156689,Klebsiella pneumoniae,Nigeria,not applicable,,,Homo sapiens,unknown,unknown,unknown,unknown,unknown,not_curated,,,,SAMN45204779,0,S,CLSI,,,0.0,0.0,0.0,1.0,-1.0,1.0,0.0,0.0,0.0,,0.0,0.0,0.0,1.0,1.0,0.0,0.0,0.0,0.0,3.0,0.0,0.0,0.0,0.0,,0.0,0.0,0.0,1.0,6.0,0.0,1.0,0.0,0.0,,0.0,0.0,0.0,1.0,2.0,0.0,0.0,0.0,0.0,4.0,0.0,1.0,0.0,0.0,4.0,0.0,1.0,0.0,0.0,-2.0,1.0,0.0,0.0,0.0,-3.0588936890535687,1.0,0.0,0.0,0.0,,0.0,0.0,0.0,1.0,,0.0,0.0,0.0,1.0,9,unknown,G442
PRJNA1271593,Klebsiella pneumoniae,USA,2023-04-28,,,Homo sapiens,unknown,unknown,unknown,unknown,unknown,not_curated,,,,SAMN48878022,0,S,CLSI,,-2.0,1.0,0.0,0.0,0.0,-3.0588936890535687,1.0,0.0,0.0,0.0,,0.0,0.0,0.0,1.0,-3.0588936890535687,1.0,0.0,0.0,0.0,,0.0,0.0,0.0,1.0,,0.0,0.0,0.0,1.0,,0.0,0.0,0.0,1.0,,0.0,0.0,0.0,1.0,1.0,1.0,0.0,0.0,0.0,,0.0,0.0,0.0,1.0,0.0,1.0,0.0,0.0,0.0,-2.0,1.0,0.0,0.0,0.0,-3.0588936890535687,1.0,0.0,0.0,0.0,,0.0,0.0,0.0,1.0,,0.0,0.0,0.0,1.0,7,unknown,G443
PRJNA1271593,Klebsiella pneumoniae,USA,2023-05-01,,,Homo sapiens,unknown,unknown,unknown,unknown,unknown,not_curated,,,,SAMN48878038,0,S,CLSI,,-2.0,1.0,0.0,0.0,0.0,-3.0588936890535687,1.0,0.0,0.0,0.0,,0.0,0.0,0.0,1.0,-3.0588936890535687,1.0,0.0,0.0,0.0,,0.0,0.0,0.0,1.0,,0.0,0.0,0.0,1.0,,0.0,0.0,0.0,1.0,,0.0,0.0,0.0,1.0,1.0,1.0,0.0,0.0,0.0,,0.0,0.0,0.0,1.0,0.0,1.0,0.0,0.0,0.0,-2.0,1.0,0.0,0.0,0.0,-3.0588936890535687,1.0,0.0,0.0,0.0,,0.0,0.0,0.0,1.0,,0.0,0.0,0.0,1.0,7,unknown,G444
PRJNA1271593,Klebsiella pneumoniae,USA,2023-05-02,,,Homo sapiens,unknown,unknown,unknown,unknown,unknown,not_curated,,,,SAMN48878077,0,S,CLSI,,-2.0,1.0,0.0,0.0,0.0,-3.0588936890535687,1.0,0.0,0.0,0.0,,0.0,0.0,0.0,1.0,-3.0588936890535687,1.0,0.0,0.0,0.0,,0.0,0.0,0.0,1.0,,0.0,0.0,0.0,1.0,,0.0,0.0,0.0,1.0,,0.0,0.0,0.0,1.0,1.0,1.0,0.0,0.0,0.0,,0.0,0.0,0.0,1.0,0.0,1.0,0.0,0.0,0.0,-2.0,1.0,0.0,0.0,0.0,-3.0588936890535687,1.0,0.0,0.0,0.0,,0.0,0.0,0.0,1.0,,0.0,0.0,0.0,1.0,7,unknown,G445
PRJNA1271593,Klebsiella pneumoniae,USA,2023-04-30,,,Homo sapiens,unknown,unknown,unknown,unknown,unknown,not_curated,,,,SAMN48878094,0,S,CLSI,,-2.0,1.0,0.0,0.0,0.0,-3.0588936890535687,1.0,0.0,0.0,0.0,,0.0,0.0,0.0,1.0,-3.0588936890535687,1.0,0.0,0.0,0.0,,0.0,0.0,0.0,1.0,,0.0,0.0,0.0,1.0,,0.0,0.0,0.0,1.0,,0.0,0.0,0.0,1.0,1.0,1.0,0.0,0.0,0.0,,0.0,0.0,0.0,1.0,0.0,1.0,0.0,0.0,0.0,-2.0,1.0,0.0,0.0,0.0,-3.0588936890535687,1.0,0.0,0.0,0.0,,0.0,0.0,0.0,1.0,,0.0,0.0,0.0,1.0,7,unknown,G446
PRJNA1271593,Klebsiella pneumoniae,USA,2023-05-17,,,Homo sapiens,unknown,unknown,unknown,unknown,unknown,not_curated,,,,SAMN48878193,0,S,CLSI,,-2.0,1.0,0.0,0.0,0.0,-3.0588936890535687,1.0,0.0,0.0,0.0,,0.0,0.0,0.0,1.0,-3.0588936890535687,1.0,0.0,0.0,0.0,,0.0,0.0,0.0,1.0,,0.0,0.0,0.0,1.0,,0.0,0.0,0.0,1.0,,0.0,0.0,0.0,1.0,1.0,1.0,0.0,0.0,0.0,,0.0,0.0,0.0,1.0,0.0,1.0,0.0,0.0,0.0,-1.0,0.0,0.0,0.0,0.0,0.0,0.0,0.0,0.0,0.0,,0.0,0.0,0.0,1.0,,0.0,0.0,0.0,1.0,7,unknown,G447
PRJNA1271593,Klebsiella pneumoniae,USA,2023-05-18,,,Homo sapiens,unknown,unknown,unknown,unknown,unknown,not_curated,,,,SAMN48878212,0,S,CLSI,,-2.0,0.0,0.0,0.0,0.0,-3.0588936890535687,0.0,0.0,0.0,0.0,,0.0,0.0,0.0,1.0,-3.0588936890535687,0.0,0.0,0.0,0.0,,0.0,0.0,0.0,1.0,,0.0,0.0,0.0,1.0,,0.0,0.0,0.0,1.0,,0.0,0.0,0.0,1.0,1.0,0.0,0.0,0.0,0.0,,0.0,0.0,0.0,1.0,0.0,0.0,0.0,0.0,0.0,-2.0,0.0,0.0,0.0,0.0,-3.0588936890535687,0.0,0.0,0.0,0.0,,0.0,0.0,0.0,1.0,,0.0,0.0,0.0,1.0,7,unknown,G448
PRJNA1271593,Klebsiella pneumoniae,USA,2023-05-14,,,Homo sapiens,unknown,unknown,unknown,unknown,unknown,not_curated,,,,SAMN48878213,0,S,CLSI,,-2.0,0.0,0.0,0.0,0.0,-3.0588936890535687,0.0,0.0,0.0,0.0,,0.0,0.0,0.0,1.0,-3.0588936890535687,0.0,0.0,0.0,0.0,,0.0,0.0,0.0,1.0,,0.0,0.0,0.0,1.0,,0.0,0.0,0.0,1.0,,0.0,0.0,0.0,1.0,1.0,0.0,0.0,0.0,0.0,,0.0,0.0,0.0,1.0,0.0,0.0,0.0,0.0,0.0,-2.0,0.0,0.0,0.0,0.0,-3.0588936890535687,0.0,0.0,0.0,0.0,,0.0,0.0,0.0,1.0,,0.0,0.0,0.0,1.0,7,unknown,G449
PRJNA1271593,Klebsiella pneumoniae,USA,2023-05-18,,,Homo sapiens,unknown,unknown,unknown,unknown,unknown,not_curated,,,,SAMN48878217,0,S,CLSI,,-2.0,1.0,0.0,0.0,0.0,-3.0588936890535687,1.0,0.0,0.0,0.0,,0.0,0.0,0.0,1.0,-3.0588936890535687,1.0,0.0,0.0,0.0,,0.0,0.0,0.0,1.0,,0.0,0.0,0.0,1.0,,0.0,0.0,0.0,1.0,,0.0,0.0,0.0,1.0,1.0,1.0,0.0,0.0,0.0,,0.0,0.0,0.0,1.0,0.0,1.0,0.0,0.0,0.0,-2.0,1.0,0.0,0.0,0.0,-3.0588936890535687,1.0,0.0,0.0,0.0,,0.0,0.0,0.0,1.0,,0.0,0.0,0.0,1.0,7,unknown,G450
PRJNA1271593,Klebsiella pneumoniae,USA,2023-05-27,,,Homo sapiens,unknown,unknown,unknown,unknown,unknown,not_curated,,,,SAMN48878226,0,S,CLSI,,-2.0,1.0,0.0,0.0,0.0,-3.0588936890535687,1.0,0.0,0.0,0.0,,0.0,0.0,0.0,1.0,-3.0588936890535687,1.0,0.0,0.0,0.0,,0.0,0.0,0.0,1.0,,0.0,0.0,0.0,1.0,,0.0,0.0,0.0,1.0,,0.0,0.0,0.0,1.0,1.0,1.0,0.0,0.0,0.0,,0.0,0.0,0.0,1.0,0.0,1.0,0.0,0.0,0.0,-2.0,1.0,0.0,0.0,0.0,-3.0588936890535687,1.0,0.0,0.0,0.0,,0.0,0.0,0.0,1.0,,0.0,0.0,0.0,1.0,7,unknown,G451
PRJNA1271593,Klebsiella pneumoniae,USA,2023-05-23,,,Homo sapiens,unknown,unknown,unknown,unknown,unknown,not_curated,,,,SAMN48878256,0,S,CLSI,,-2.0,1.0,0.0,0.0,0.0,-3.0588936890535687,1.0,0.0,0.0,0.0,,0.0,0.0,0.0,1.0,-3.0588936890535687,1.0,0.0,0.0,0.0,,0.0,0.0,0.0,1.0,,0.0,0.0,0.0,1.0,,0.0,0.0,0.0,1.0,,0.0,0.0,0.0,1.0,1.0,1.0,0.0,0.0,0.0,,0.0,0.0,0.0,1.0,0.0,1.0,0.0,0.0,0.0,-2.0,1.0,0.0,0.0,0.0,-3.0588936890535687,1.0,0.0,0.0,0.0,,0.0,0.0,0.0,1.0,,0.0,0.0,0.0,1.0,7,unknown,G452
PRJNA1271593,Klebsiella pneumoniae,USA,2023-05-28,,,Homo sapiens,unknown,unknown,unknown,unknown,unknown,not_curated,,,,SAMN48878273,0,S,CLSI,,-2.0,1.0,0.0,0.0,0.0,-3.0588936890535687,1.0,0.0,0.0,0.0,,0.0,0.0,0.0,1.0,-3.0588936890535687,1.0,0.0,0.0,0.0,,0.0,0.0,0.0,1.0,,0.0,0.0,0.0,1.0,,0.0,0.0,0.0,1.0,,0.0,0.0,0.0,1.0,1.0,1.0,0.0,0.0,0.0,,0.0,0.0,0.0,1.0,0.0,1.0,0.0,0.0,0.0,-2.0,1.0,0.0,0.0,0.0,-3.0588936890535687,1.0,0.0,0.0,0.0,,0.0,0.0,0.0,1.0,,0.0,0.0,0.0,1.0,7,unknown,G453
PRJNA1271593,Klebsiella pneumoniae,USA,2023-05-27,,,Homo sapiens,unknown,unknown,unknown,unknown,unknown,not_curated,,,,SAMN48878274,0,S,CLSI,,-2.0,1.0,0.0,0.0,0.0,-3.0588936890535687,1.0,0.0,0.0,0.0,,0.0,0.0,0.0,1.0,-3.0588936890535687,1.0,0.0,0.0,0.0,,0.0,0.0,0.0,1.0,,0.0,0.0,0.0,1.0,,0.0,0.0,0.0,1.0,,0.0,0.0,0.0,1.0,1.0,1.0,0.0,0.0,0.0,,0.0,0.0,0.0,1.0,0.0,1.0,0.0,0.0,0.0,-2.0,1.0,0.0,0.0,0.0,-3.0588936890535687,1.0,0.0,0.0,0.0,,0.0,0.0,0.0,1.0,,0.0,0.0,0.0,1.0,7,unknown,G454
PRJNA1271593,Klebsiella pneumoniae,USA,2023-05-24,,,Homo sapiens,unknown,unknown,unknown,unknown,unknown,not_curated,,,,SAMN48878279,0,S,CLSI,,-2.0,1.0,0.0,0.0,0.0,-3.0588936890535687,1.0,0.0,0.0,0.0,,0.0,0.0,0.0,1.0,-3.0588936890535687,1.0,0.0,0.0,0.0,,0.0,0.0,0.0,1.0,,0.0,0.0,0.0,1.0,,0.0,0.0,0.0,1.0,,0.0,0.0,0.0,1.0,1.0,1.0,0.0,0.0,0.0,,0.0,0.0,0.0,1.0,0.0,1.0,0.0,0.0,0.0,-2.0,1.0,0.0,0.0,0.0,-3.0588936890535687,1.0,0.0,0.0,0.0,,0.0,0.0,0.0,1.0,,0.0,0.0,0.0,1.0,7,unknown,G455
PRJNA1271593,Klebsiella pneumoniae,USA,2023-05-31,,,Homo sapiens,unknown,unknown,unknown,unknown,unknown,not_curated,,,,SAMN48878315,0,S,CLSI,,-2.0,1.0,0.0,0.0,0.0,-3.0588936890535687,1.0,0.0,0.0,0.0,,0.0,0.0,0.0,1.0,-3.0588936890535687,1.0,0.0,0.0,0.0,,0.0,0.0,0.0,1.0,,0.0,0.0,0.0,1.0,,0.0,0.0,0.0,1.0,,0.0,0.0,0.0,1.0,1.0,1.0,0.0,0.0,0.0,,0.0,0.0,0.0,1.0,0.0,1.0,0.0,0.0,0.0,-2.0,1.0,0.0,0.0,0.0,-3.0588936890535687,1.0,0.0,0.0,0.0,,0.0,0.0,0.0,1.0,,0.0,0.0,0.0,1.0,7,unknown,G456
PRJNA1271593,Klebsiella pneumoniae,USA,2023-06-01,,,Homo sapiens,unknown,unknown,unknown,unknown,unknown,not_curated,,,,SAMN48878326,0,S,CLSI,,-2.0,1.0,0.0,0.0,0.0,-3.0588936890535687,1.0,0.0,0.0,0.0,,0.0,0.0,0.0,1.0,1.0,0.0,0.0,0.0,0.0,,0.0,0.0,0.0,1.0,,0.0,0.0,0.0,1.0,,0.0,0.0,0.0,1.0,,0.0,0.0,0.0,1.0,2.0,0.0,0.0,0.0,0.0,,0.0,0.0,0.0,1.0,4.0,0.0,1.0,0.0,0.0,0.0,0.0,0.0,0.0,0.0,0.0,0.0,0.0,0.0,0.0,,0.0,0.0,0.0,1.0,,0.0,0.0,0.0,1.0,7,unknown,G457
PRJNA1271593,Klebsiella pneumoniae,USA,2023-05-29,,,Homo sapiens,unknown,unknown,unknown,unknown,unknown,not_curated,,,,SAMN48878340,0,S,CLSI,,-2.0,1.0,0.0,0.0,0.0,-3.0588936890535687,1.0,0.0,0.0,0.0,,0.0,0.0,0.0,1.0,-3.0588936890535687,1.0,0.0,0.0,0.0,,0.0,0.0,0.0,1.0,,0.0,0.0,0.0,1.0,,0.0,0.0,0.0,1.0,,0.0,0.0,0.0,1.0,1.0,1.0,0.0,0.0,0.0,,0.0,0.0,0.0,1.0,0.0,1.0,0.0,0.0,0.0,-2.0,1.0,0.0,0.0,0.0,-3.0588936890535687,1.0,0.0,0.0,0.0,,0.0,0.0,0.0,1.0,,0.0,0.0,0.0,1.0,7,unknown,G458
PRJNA1271593,Klebsiella pneumoniae,USA,2023-06-03,,,Homo sapiens,unknown,unknown,unknown,unknown,unknown,not_curated,,,,SAMN48878346,0,S,CLSI,,-1.0,0.0,0.0,0.0,0.0,-3.0588936890535687,1.0,0.0,0.0,0.0,,0.0,0.0,0.0,1.0,-3.0588936890535687,1.0,0.0,0.0,0.0,,0.0,0.0,0.0,1.0,,0.0,0.0,0.0,1.0,,0.0,0.0,0.0,1.0,,0.0,0.0,0.0,1.0,1.0,1.0,0.0,0.0,0.0,,0.0,0.0,0.0,1.0,0.0,1.0,0.0,0.0,0.0,-2.0,1.0,0.0,0.0,0.0,-3.0588936890535687,1.0,0.0,0.0,0.0,,0.0,0.0,0.0,1.0,,0.0,0.0,0.0,1.0,7,unknown,G459
PRJNA1271593,Klebsiella pneumoniae,USA,2023-06-06,,,Homo sapiens,unknown,unknown,unknown,unknown,unknown,not_curated,,,,SAMN48878412,0,S,CLSI,,-2.0,1.0,0.0,0.0,0.0,-3.0588936890535687,1.0,0.0,0.0,0.0,,0.0,0.0,0.0,1.0,1.0,0.0,0.0,0.0,0.0,,0.0,0.0,0.0,1.0,,0.0,0.0,0.0,1.0,,0.0,0.0,0.0,1.0,,0.0,0.0,0.0,1.0,1.0,1.0,0.0,0.0,0.0,,0.0,0.0,0.0,1.0,3.0,0.0,0.0,0.0,0.0,,0.0,0.0,0.0,1.0,,0.0,0.0,0.0,1.0,,0.0,0.0,0.0,1.0,,0.0,0.0,0.0,1.0,5,unknown,G460
PRJNA1271593,Klebsiella pneumoniae,USA,2023-06-14,,,Homo sapiens,unknown,unknown,unknown,unknown,unknown,not_curated,,,,SAMN48878424,0,S,CLSI,,-2.0,1.0,0.0,0.0,0.0,-3.0588936890535687,1.0,0.0,0.0,0.0,,0.0,0.0,0.0,1.0,-3.0588936890535687,1.0,0.0,0.0,0.0,,0.0,0.0,0.0,1.0,,0.0,0.0,0.0,1.0,,0.0,0.0,0.0,1.0,,0.0,0.0,0.0,1.0,1.0,1.0,0.0,0.0,0.0,,0.0,0.0,0.0,1.0,0.0,1.0,0.0,0.0,0.0,-2.0,1.0,0.0,0.0,0.0,-3.0588936890535687,1.0,0.0,0.0,0.0,,0.0,0.0,0.0,1.0,,0.0,0.0,0.0,1.0,7,unknown,G461
PRJNA1271593,Klebsiella pneumoniae,USA,2023-06-13,,,Homo sapiens,unknown,unknown,unknown,unknown,unknown,not_curated,,,,SAMN48878529,0,S,CLSI,,-2.0,1.0,0.0,0.0,0.0,-3.0588936890535687,1.0,0.0,0.0,0.0,,0.0,0.0,0.0,1.0,-3.0588936890535687,1.0,0.0,0.0,0.0,,0.0,0.0,0.0,1.0,,0.0,0.0,0.0,1.0,,0.0,0.0,0.0,1.0,,0.0,0.0,0.0,1.0,1.0,1.0,0.0,0.0,0.0,,0.0,0.0,0.0,1.0,0.0,1.0,0.0,0.0,0.0,-2.0,1.0,0.0,0.0,0.0,-3.0588936890535687,1.0,0.0,0.0,0.0,,0.0,0.0,0.0,1.0,,0.0,0.0,0.0,1.0,7,unknown,G462
PRJNA1271593,Klebsiella pneumoniae,USA,2023-07-01,,,Homo sapiens,unknown,unknown,unknown,unknown,unknown,not_curated,,,,SAMN48878565,0,S,CLSI,,-2.0,1.0,0.0,0.0,0.0,-3.0588936890535687,1.0,0.0,0.0,0.0,,0.0,0.0,0.0,1.0,5.0,0.0,1.0,0.0,0.0,,0.0,0.0,0.0,1.0,,0.0,0.0,0.0,1.0,,0.0,0.0,0.0,1.0,,0.0,0.0,0.0,1.0,1.0,1.0,0.0,0.0,0.0,,0.0,0.0,0.0,1.0,3.0,0.0,0.0,0.0,0.0,2.0,0.0,1.0,0.0,0.0,3.0,0.0,1.0,0.0,0.0,,0.0,0.0,0.0,1.0,,0.0,0.0,0.0,1.0,7,unknown,G463
PRJNA1271593,Klebsiella pneumoniae,USA,2023-06-28,,,Homo sapiens,unknown,unknown,unknown,unknown,unknown,not_curated,,,,SAMN48878570,0,S,CLSI,,-2.0,1.0,0.0,0.0,0.0,-3.0588936890535687,1.0,0.0,0.0,0.0,,0.0,0.0,0.0,1.0,-3.0588936890535687,1.0,0.0,0.0,0.0,,0.0,0.0,0.0,1.0,,0.0,0.0,0.0,1.0,,0.0,0.0,0.0,1.0,,0.0,0.0,0.0,1.0,1.0,1.0,0.0,0.0,0.0,,0.0,0.0,0.0,1.0,0.0,1.0,0.0,0.0,0.0,-2.0,1.0,0.0,0.0,0.0,-3.0588936890535687,1.0,0.0,0.0,0.0,,0.0,0.0,0.0,1.0,,0.0,0.0,0.0,1.0,7,unknown,G464
PRJNA1271593,Klebsiella pneumoniae,USA,2023-06-26,,,Homo sapiens,unknown,unknown,unknown,unknown,unknown,not_curated,,,,SAMN48878571,0,S,CLSI,,-2.0,1.0,0.0,0.0,0.0,-3.0588936890535687,1.0,0.0,0.0,0.0,,0.0,0.0,0.0,1.0,-3.0588936890535687,1.0,0.0,0.0,0.0,,0.0,0.0,0.0,1.0,,0.0,0.0,0.0,1.0,,0.0,0.0,0.0,1.0,,0.0,0.0,0.0,1.0,1.0,1.0,0.0,0.0,0.0,,0.0,0.0,0.0,1.0,0.0,1.0,0.0,0.0,0.0,-2.0,1.0,0.0,0.0,0.0,-3.0588936890535687,1.0,0.0,0.0,0.0,,0.0,0.0,0.0,1.0,,0.0,0.0,0.0,1.0,7,unknown,G465
PRJNA1271593,Klebsiella pneumoniae,USA,2023-07-02,,,Homo sapiens,unknown,unknown,unknown,unknown,unknown,not_curated,,,,SAMN48878581,0,S,CLSI,,-1.0,0.0,0.0,0.0,0.0,-3.0588936890535687,1.0,0.0,0.0,0.0,,0.0,0.0,0.0,1.0,-3.0588936890535687,1.0,0.0,0.0,0.0,,0.0,0.0,0.0,1.0,,0.0,0.0,0.0,1.0,,0.0,0.0,0.0,1.0,,0.0,0.0,0.0,1.0,1.0,1.0,0.0,0.0,0.0,,0.0,0.0,0.0,1.0,0.0,1.0,0.0,0.0,0.0,-2.0,1.0,0.0,0.0,0.0,-3.0588936890535687,1.0,0.0,0.0,0.0,,0.0,0.0,0.0,1.0,,0.0,0.0,0.0,1.0,7,unknown,G466
PRJNA1271593,Klebsiella pneumoniae,USA,2023-06-30,,,Homo sapiens,unknown,unknown,unknown,unknown,unknown,not_curated,,,,SAMN48878586,0,S,CLSI,,-2.0,1.0,0.0,0.0,0.0,-3.0588936890535687,1.0,0.0,0.0,0.0,,0.0,0.0,0.0,1.0,-3.0588936890535687,1.0,0.0,0.0,0.0,,0.0,0.0,0.0,1.0,,0.0,0.0,0.0,1.0,,0.0,0.0,0.0,1.0,,0.0,0.0,0.0,1.0,1.0,1.0,0.0,0.0,0.0,,0.0,0.0,0.0,1.0,0.0,1.0,0.0,0.0,0.0,-2.0,1.0,0.0,0.0,0.0,0.0,0.0,0.0,0.0,0.0,,0.0,0.0,0.0,1.0,,0.0,0.0,0.0,1.0,7,unknown,G467
PRJNA1271593,Klebsiella pneumoniae,USA,2023-07-03,,,Homo sapiens,unknown,unknown,unknown,unknown,unknown,not_curated,,,,SAMN48878612,0,S,CLSI,,-2.0,1.0,0.0,0.0,0.0,,0.0,0.0,0.0,1.0,,0.0,0.0,0.0,1.0,5.0,0.0,1.0,0.0,0.0,,0.0,0.0,0.0,1.0,,0.0,0.0,0.0,1.0,,0.0,0.0,0.0,1.0,,0.0,0.0,0.0,1.0,3.0,0.0,0.0,0.0,0.0,,0.0,0.0,0.0,1.0,4.0,0.0,1.0,0.0,0.0,2.0,0.0,1.0,0.0,0.0,2.0,0.0,0.0,0.0,0.0,,0.0,0.0,0.0,1.0,,0.0,0.0,0.0,1.0,6,unknown,G468
PRJNA1271593,Klebsiella pneumoniae,USA,2023-06-29,,,Homo sapiens,unknown,unknown,unknown,unknown,unknown,not_curated,,,,SAMN48878654,0,S,CLSI,,-2.0,1.0,0.0,0.0,0.0,-3.0588936890535687,1.0,0.0,0.0,0.0,,0.0,0.0,0.0,1.0,-3.0588936890535687,1.0,0.0,0.0,0.0,,0.0,0.0,0.0,1.0,,0.0,0.0,0.0,1.0,,0.0,0.0,0.0,1.0,,0.0,0.0,0.0,1.0,1.0,1.0,0.0,0.0,0.0,,0.0,0.0,0.0,1.0,0.0,1.0,0.0,0.0,0.0,-2.0,1.0,0.0,0.0,0.0,-3.0588936890535687,1.0,0.0,0.0,0.0,,0.0,0.0,0.0,1.0,,0.0,0.0,0.0,1.0,7,unknown,G469
PRJNA1271593,Klebsiella pneumoniae,USA,2023-07-07,,,Homo sapiens,unknown,unknown,unknown,unknown,unknown,not_curated,,,,SAMN48878656,0,S,CLSI,,-1.0,0.0,0.0,0.0,0.0,-3.0588936890535687,1.0,0.0,0.0,0.0,,0.0,0.0,0.0,1.0,5.0,0.0,1.0,0.0,0.0,,0.0,0.0,0.0,1.0,,0.0,0.0,0.0,1.0,,0.0,0.0,0.0,1.0,,0.0,0.0,0.0,1.0,1.0,1.0,0.0,0.0,0.0,,0.0,0.0,0.0,1.0,4.0,0.0,1.0,0.0,0.0,2.0,0.0,1.0,0.0,0.0,3.0,0.0,1.0,0.0,0.0,,0.0,0.0,0.0,1.0,,0.0,0.0,0.0,1.0,7,unknown,G470
PRJNA1271593,Klebsiella pneumoniae,USA,2023-07-10,,,Homo sapiens,unknown,unknown,unknown,unknown,unknown,not_curated,,,,SAMN48878683,0,S,CLSI,,-2.0,1.0,0.0,0.0,0.0,-3.0588936890535687,1.0,0.0,0.0,0.0,,0.0,0.0,0.0,1.0,-3.0588936890535687,1.0,0.0,0.0,0.0,,0.0,0.0,0.0,1.0,,0.0,0.0,0.0,1.0,,0.0,0.0,0.0,1.0,,0.0,0.0,0.0,1.0,1.0,1.0,0.0,0.0,0.0,,0.0,0.0,0.0,1.0,0.0,1.0,0.0,0.0,0.0,0.0,0.0,0.0,0.0,0.0,0.0,0.0,0.0,0.0,0.0,,0.0,0.0,0.0,1.0,,0.0,0.0,0.0,1.0,7,unknown,G471
PRJNA1271593,Klebsiella pneumoniae,USA,2023-07-09,,,Homo sapiens,unknown,unknown,unknown,unknown,unknown,not_curated,,,,SAMN48878693,0,S,CLSI,,-2.0,1.0,0.0,0.0,0.0,-3.0588936890535687,1.0,0.0,0.0,0.0,,0.0,0.0,0.0,1.0,-3.0588936890535687,1.0,0.0,0.0,0.0,,0.0,0.0,0.0,1.0,,0.0,0.0,0.0,1.0,,0.0,0.0,0.0,1.0,,0.0,0.0,0.0,1.0,1.0,1.0,0.0,0.0,0.0,,0.0,0.0,0.0,1.0,0.0,1.0,0.0,0.0,0.0,-2.0,1.0,0.0,0.0,0.0,-3.0588936890535687,1.0,0.0,0.0,0.0,,0.0,0.0,0.0,1.0,,0.0,0.0,0.0,1.0,7,unknown,G472
PRJNA1271593,Klebsiella pneumoniae,USA,2023-07-07,,,Homo sapiens,unknown,unknown,unknown,unknown,unknown,not_curated,,,,SAMN48878700,0,S,CLSI,,-2.0,1.0,0.0,0.0,0.0,-3.0588936890535687,1.0,0.0,0.0,0.0,,0.0,0.0,0.0,1.0,5.0,0.0,1.0,0.0,0.0,,0.0,0.0,0.0,1.0,,0.0,0.0,0.0,1.0,,0.0,0.0,0.0,1.0,,0.0,0.0,0.0,1.0,2.0,0.0,0.0,0.0,0.0,,0.0,0.0,0.0,1.0,4.0,0.0,1.0,0.0,0.0,2.0,0.0,1.0,0.0,0.0,3.0,0.0,1.0,0.0,0.0,,0.0,0.0,0.0,1.0,,0.0,0.0,0.0,1.0,7,unknown,G473
PRJNA1271593,Klebsiella pneumoniae,USA,2023-07-18,,,Homo sapiens,unknown,unknown,unknown,unknown,unknown,not_curated,,,,SAMN48878748,0,S,CLSI,,-2.0,1.0,0.0,0.0,0.0,-3.0588936890535687,1.0,0.0,0.0,0.0,,0.0,0.0,0.0,1.0,5.0,0.0,1.0,0.0,0.0,,0.0,0.0,0.0,1.0,,0.0,0.0,0.0,1.0,,0.0,0.0,0.0,1.0,,0.0,0.0,0.0,1.0,1.0,1.0,0.0,0.0,0.0,,0.0,0.0,0.0,1.0,2.0,0.0,0.0,0.0,0.0,0.0,0.0,0.0,0.0,0.0,-1.0,0.0,0.0,0.0,0.0,,0.0,0.0,0.0,1.0,,0.0,0.0,0.0,1.0,7,unknown,G474
PRJNA1271593,Klebsiella pneumoniae,USA,2023-07-18,,,Homo sapiens,unknown,unknown,unknown,unknown,unknown,not_curated,,,,SAMN48878774,0,S,CLSI,,-2.0,1.0,0.0,0.0,0.0,-3.0588936890535687,1.0,0.0,0.0,0.0,,0.0,0.0,0.0,1.0,-3.0588936890535687,1.0,0.0,0.0,0.0,,0.0,0.0,0.0,1.0,,0.0,0.0,0.0,1.0,,0.0,0.0,0.0,1.0,,0.0,0.0,0.0,1.0,1.0,1.0,0.0,0.0,0.0,,0.0,0.0,0.0,1.0,0.0,1.0,0.0,0.0,0.0,2.0,0.0,1.0,0.0,0.0,3.0,0.0,1.0,0.0,0.0,,0.0,0.0,0.0,1.0,,0.0,0.0,0.0,1.0,7,unknown,G475
PRJNA1271593,Klebsiella pneumoniae,USA,2023-07-18,,,Homo sapiens,unknown,unknown,unknown,unknown,unknown,not_curated,,,,SAMN48878775,0,S,CLSI,,-2.0,1.0,0.0,0.0,0.0,-3.0588936890535687,1.0,0.0,0.0,0.0,,0.0,0.0,0.0,1.0,-3.0588936890535687,1.0,0.0,0.0,0.0,,0.0,0.0,0.0,1.0,,0.0,0.0,0.0,1.0,,0.0,0.0,0.0,1.0,,0.0,0.0,0.0,1.0,1.0,1.0,0.0,0.0,0.0,,0.0,0.0,0.0,1.0,0.0,1.0,0.0,0.0,0.0,-2.0,1.0,0.0,0.0,0.0,-3.0588936890535687,1.0,0.0,0.0,0.0,,0.0,0.0,0.0,1.0,,0.0,0.0,0.0,1.0,7,unknown,G476
PRJNA1271593,Klebsiella pneumoniae,USA,2023-07-24,,,Homo sapiens,unknown,unknown,unknown,unknown,unknown,not_curated,,,,SAMN48878795,0,S,CLSI,,-2.0,1.0,0.0,0.0,0.0,-3.0588936890535687,1.0,0.0,0.0,0.0,,0.0,0.0,0.0,1.0,-3.0588936890535687,1.0,0.0,0.0,0.0,,0.0,0.0,0.0,1.0,,0.0,0.0,0.0,1.0,,0.0,0.0,0.0,1.0,,0.0,0.0,0.0,1.0,1.0,1.0,0.0,0.0,0.0,,0.0,0.0,0.0,1.0,0.0,1.0,0.0,0.0,0.0,-2.0,1.0,0.0,0.0,0.0,-3.0588936890535687,1.0,0.0,0.0,0.0,,0.0,0.0,0.0,1.0,,0.0,0.0,0.0,1.0,7,unknown,G477
PRJNA1271593,Klebsiella pneumoniae,USA,2023-07-26,,,Homo sapiens,unknown,unknown,unknown,unknown,unknown,not_curated,,,,SAMN48878800,0,S,CLSI,,-2.0,1.0,0.0,0.0,0.0,-3.0588936890535687,1.0,0.0,0.0,0.0,,0.0,0.0,0.0,1.0,-3.0588936890535687,1.0,0.0,0.0,0.0,,0.0,0.0,0.0,1.0,,0.0,0.0,0.0,1.0,,0.0,0.0,0.0,1.0,,0.0,0.0,0.0,1.0,1.0,1.0,0.0,0.0,0.0,,0.0,0.0,0.0,1.0,0.0,1.0,0.0,0.0,0.0,-2.0,1.0,0.0,0.0,0.0,-3.0588936890535687,1.0,0.0,0.0,0.0,,0.0,0.0,0.0,1.0,,0.0,0.0,0.0,1.0,7,unknown,G478
PRJNA1271593,Klebsiella pneumoniae,USA,2023-07-27,,,Homo sapiens,unknown,unknown,unknown,unknown,unknown,not_curated,,,,SAMN48878805,0,S,CLSI,,-1.0,0.0,0.0,0.0,0.0,-3.0588936890535687,1.0,0.0,0.0,0.0,,0.0,0.0,0.0,1.0,-3.0588936890535687,1.0,0.0,0.0,0.0,,0.0,0.0,0.0,1.0,,0.0,0.0,0.0,1.0,,0.0,0.0,0.0,1.0,,0.0,0.0,0.0,1.0,1.0,1.0,0.0,0.0,0.0,,0.0,0.0,0.0,1.0,0.0,1.0,0.0,0.0,0.0,-2.0,1.0,0.0,0.0,0.0,-3.0588936890535687,1.0,0.0,0.0,0.0,,0.0,0.0,0.0,1.0,,0.0,0.0,0.0,1.0,7,unknown,G479
PRJNA1271593,Klebsiella pneumoniae,USA,2023-07-25,,,Homo sapiens,unknown,unknown,unknown,unknown,unknown,not_curated,,,,SAMN48878817,0,S,CLSI,,-2.0,1.0,0.0,0.0,0.0,-3.0588936890535687,1.0,0.0,0.0,0.0,,0.0,0.0,0.0,1.0,-3.0588936890535687,1.0,0.0,0.0,0.0,,0.0,0.0,0.0,1.0,,0.0,0.0,0.0,1.0,,0.0,0.0,0.0,1.0,,0.0,0.0,0.0,1.0,1.0,1.0,0.0,0.0,0.0,,0.0,0.0,0.0,1.0,0.0,1.0,0.0,0.0,0.0,-2.0,1.0,0.0,0.0,0.0,-3.0588936890535687,1.0,0.0,0.0,0.0,,0.0,0.0,0.0,1.0,,0.0,0.0,0.0,1.0,7,unknown,G480
PRJNA1271593,Klebsiella pneumoniae,USA,2023-07-28,,,Homo sapiens,unknown,unknown,unknown,unknown,unknown,not_curated,,,,SAMN48878834,0,S,CLSI,,-2.0,1.0,0.0,0.0,0.0,-3.0588936890535687,1.0,0.0,0.0,0.0,,0.0,0.0,0.0,1.0,-3.0588936890535687,1.0,0.0,0.0,0.0,,0.0,0.0,0.0,1.0,,0.0,0.0,0.0,1.0,,0.0,0.0,0.0,1.0,,0.0,0.0,0.0,1.0,1.0,1.0,0.0,0.0,0.0,,0.0,0.0,0.0,1.0,0.0,1.0,0.0,0.0,0.0,-1.0,0.0,0.0,0.0,0.0,0.0,0.0,0.0,0.0,0.0,,0.0,0.0,0.0,1.0,,0.0,0.0,0.0,1.0,7,unknown,G481
PRJNA1271593,Klebsiella pneumoniae,USA,2023-07-29,,,Homo sapiens,unknown,unknown,unknown,unknown,unknown,not_curated,,,,SAMN48878855,0,S,CLSI,,-2.0,1.0,0.0,0.0,0.0,-3.0588936890535687,1.0,0.0,0.0,0.0,,0.0,0.0,0.0,1.0,-3.0588936890535687,1.0,0.0,0.0,0.0,,0.0,0.0,0.0,1.0,,0.0,0.0,0.0,1.0,,0.0,0.0,0.0,1.0,,0.0,0.0,0.0,1.0,1.0,1.0,0.0,0.0,0.0,,0.0,0.0,0.0,1.0,0.0,1.0,0.0,0.0,0.0,-2.0,1.0,0.0,0.0,0.0,-3.0588936890535687,1.0,0.0,0.0,0.0,,0.0,0.0,0.0,1.0,,0.0,0.0,0.0,1.0,7,unknown,G482
PRJNA1271593,Klebsiella pneumoniae,USA,2023-07-30,,,Homo sapiens,unknown,unknown,unknown,unknown,unknown,not_curated,,,,SAMN48878891,0,S,CLSI,,-2.0,1.0,0.0,0.0,0.0,-3.0588936890535687,1.0,0.0,0.0,0.0,,0.0,0.0,0.0,1.0,5.0,0.0,1.0,0.0,0.0,,0.0,0.0,0.0,1.0,,0.0,0.0,0.0,1.0,,0.0,0.0,0.0,1.0,,0.0,0.0,0.0,1.0,1.0,1.0,0.0,0.0,0.0,,0.0,0.0,0.0,1.0,4.0,0.0,1.0,0.0,0.0,2.0,0.0,1.0,0.0,0.0,3.0,0.0,1.0,0.0,0.0,,0.0,0.0,0.0,1.0,,0.0,0.0,0.0,1.0,7,unknown,G483
PRJNA1271593,Klebsiella pneumoniae,USA,2023-08-01,,,Homo sapiens,unknown,unknown,unknown,unknown,unknown,not_curated,,,,SAMN48878895,0,S,CLSI,,-2.0,1.0,0.0,0.0,0.0,-3.0588936890535687,1.0,0.0,0.0,0.0,,0.0,0.0,0.0,1.0,-3.0588936890535687,1.0,0.0,0.0,0.0,,0.0,0.0,0.0,1.0,,0.0,0.0,0.0,1.0,,0.0,0.0,0.0,1.0,,0.0,0.0,0.0,1.0,1.0,1.0,0.0,0.0,0.0,,0.0,0.0,0.0,1.0,0.0,1.0,0.0,0.0,0.0,-2.0,1.0,0.0,0.0,0.0,-3.0588936890535687,1.0,0.0,0.0,0.0,,0.0,0.0,0.0,1.0,,0.0,0.0,0.0,1.0,7,unknown,G484
PRJNA1271593,Klebsiella pneumoniae,USA,2023-08-04,,,Homo sapiens,unknown,unknown,unknown,unknown,unknown,not_curated,,,,SAMN48878929,0,S,CLSI,,-2.0,1.0,0.0,0.0,0.0,-3.0588936890535687,1.0,0.0,0.0,0.0,,0.0,0.0,0.0,1.0,-3.0588936890535687,1.0,0.0,0.0,0.0,,0.0,0.0,0.0,1.0,,0.0,0.0,0.0,1.0,,0.0,0.0,0.0,1.0,,0.0,0.0,0.0,1.0,1.0,1.0,0.0,0.0,0.0,,0.0,0.0,0.0,1.0,0.0,1.0,0.0,0.0,0.0,-2.0,1.0,0.0,0.0,0.0,-3.0588936890535687,1.0,0.0,0.0,0.0,,0.0,0.0,0.0,1.0,,0.0,0.0,0.0,1.0,7,unknown,G485
PRJNA1271593,Klebsiella pneumoniae,USA,2023-08-07,,,Homo sapiens,unknown,unknown,unknown,unknown,unknown,not_curated,,,,SAMN48878930,0,S,CLSI,,-2.0,1.0,0.0,0.0,0.0,-3.0588936890535687,1.0,0.0,0.0,0.0,,0.0,0.0,0.0,1.0,-3.0588936890535687,1.0,0.0,0.0,0.0,,0.0,0.0,0.0,1.0,,0.0,0.0,0.0,1.0,,0.0,0.0,0.0,1.0,,0.0,0.0,0.0,1.0,1.0,1.0,0.0,0.0,0.0,,0.0,0.0,0.0,1.0,0.0,1.0,0.0,0.0,0.0,-2.0,1.0,0.0,0.0,0.0,-3.0588936890535687,1.0,0.0,0.0,0.0,,0.0,0.0,0.0,1.0,,0.0,0.0,0.0,1.0,7,unknown,G486
PRJNA1271593,Klebsiella pneumoniae,USA,2023-08-03,,,Homo sapiens,unknown,unknown,unknown,unknown,unknown,not_curated,,,,SAMN48878940,0,S,CLSI,,-2.0,1.0,0.0,0.0,0.0,-3.0588936890535687,1.0,0.0,0.0,0.0,,0.0,0.0,0.0,1.0,-3.0588936890535687,1.0,0.0,0.0,0.0,,0.0,0.0,0.0,1.0,,0.0,0.0,0.0,1.0,,0.0,0.0,0.0,1.0,,0.0,0.0,0.0,1.0,1.0,1.0,0.0,0.0,0.0,,0.0,0.0,0.0,1.0,0.0,1.0,0.0,0.0,0.0,-2.0,1.0,0.0,0.0,0.0,-3.0588936890535687,1.0,0.0,0.0,0.0,,0.0,0.0,0.0,1.0,,0.0,0.0,0.0,1.0,7,unknown,G487
