source_id,species,country,collection_date,patient_id,duplicate_group,host,ndm,oxa48,mechanism_evidence,region,hospital_id,lab_id,isolate_id,y,target_sir,label_standard,label_version,cefepime__log2_bound,cefepime__left_censored,cefepime__right_censored,cefepime__strict_bound,cefepime__missing,ceftazidime__log2_bound,ceftazidime__left_censored,ceftazidime__right_censored,ceftazidime__strict_bound,ceftazidime__missing,ciprofloxacin__log2_bound,ciprofloxacin__left_censored,ciprofloxacin__right_censored,ciprofloxacin__strict_bound,ciprofloxacin__missing,gentamicin__log2_bound,gentamicin__left_censored,gentamicin__right_censored,gentamicin__strict_bound,gentamicin__missing,amikacin__log2_bound,amikacin__left_censored,amikacin__right_censored,amikacin__strict_bound,amikacin__missing,observed_features,mechanism,group_id,partition
PRJNA278886,Klebsiella pneumoniae,USA,2015,,,Homo sapiens,unknown,unknown,not_curated,,,,SAMN04096279,1,R,CLSI,,1.0,0.0,0.0,0.0,0.0,6.0,0.0,1.0,0.0,0.0,2.0,0.0,1.0,0.0,0.0,0.0,1.0,0.0,0.0,0.0,1.0,1.0,0.0,0.0,0.0,5,unknown,G0,train
PRJNA278886,Klebsiella pneumoniae,USA,2015,,,Homo sapiens,unknown,unknown,not_curated,,,,SAMN04122809,0,S,CLSI,,1.0,0.0,0.0,0.0,0.0,2.0,0.0,0.0,0.0,0.0,1.0,0.0,0.0,0.0,0.0,0.0,1.0,0.0,0.0,0.0,1.0,1.0,0.0,0.0,0.0,5,unknown,G1,train
PRJNA278886,Klebsiella pneumoniae,USA,2015,,,Homo sapiens,unknown,unknown,not_curated,,,,SAMN04339714,1,R,CLSI,,1.0,0.0,0.0,0.0,0.0,6.0,0.0,1.0,0.0,0.0,-2.0,1.0,0.0,0.0,0.0,4.0,0.0,1.0,0.0,0.0,1.0,1.0,0.0,0.0,0.0,5,unknown,G2,train
PRJNA278886,Klebsiella pneumoniae,USA,2015,,,Homo sapiens,unknown,unknown,not_curated,,,,SAMN04339715,0,S,CLSI,,0.0,1.0,0.0,0.0,0.0,0.0,1.0,0.0,0.0,0.0,-2.0,1.0,0.0,0.0,0.0,0.0,1.0,0.0,0.0,0.0,1.0,1.0,0.0,0.0,0.0,5,unknown,G3,train
PRJNA296771,Klebsiella pneumoniae,USA,2010-06-14,,,Homo sapiens,unknown,unknown,not_curated,,,,SAMN04448219,1,R,CLSI,,5.0,0.0,1.0,1.0,0.0,5.0,0.0,1.0,1.0,0.0,3.0,0.0,1.0,1.0,0.0,3.0,0.0,0.0,0.0,0.0,2.0,0.0,0.0,0.0,0.0,5,unknown,G4,train
PRJNA296771,Klebsiella pneumoniae,USA,2011-01-21,,,Homo sapiens,unknown,unknown,not_curated,,,,SAMN04448220,1,R,CLSI,,5.0,0.0,1.0,1.0,0.0,7.0,0.0,1.0,1.0,0.0,3.0,0.0,1.0,1.0,0.0,4.0,0.0,1.0,1.0,0.0,6.0,0.0,1.0,1.0,0.0,5,unknown,G5,train
PRJNA296771,Klebsiella pneumoniae,USA,2011-08-18,,,Homo sapiens,unknown,unknown,not_curated,,,,SAMN04448225,1,R,CLSI,,5.0,0.0,1.0,1.0,0.0,7.0,0.0,1.0,1.0,0.0,3.0,0.0,1.0,1.0,0.0,4.0,0.0,1.0,1.0,0.0,5.0,0.0,0.0,0.0,0.0,5,unknown,G7,train
PRJNA296771,Klebsiella pneumoniae,USA,2012-07-25,,,Homo sapiens,unknown,unknown,not_curated,,,,SAMN04448226,1,R,CLSI,,5.0,0.0,1.0,1.0,0.0,7.0,0.0,1.0,1.0,0.0,3.0,0.0,1.0,1.0,0.0,4.0,0.0,1.0,1.0,0.0,4.0,0.0,0.0,0.0,0.0,5,unknown,G8,train
PRJNA296771,Klebsiella pneumoniae,USA,2012-10-28,,,Homo sapiens,unknown,unknown,not_curated,,,,SAMN04448228,1,R,CLSI,,5.0,0.0,1.0,1.0,0.0,7.0,0.0,1.0,1.0,0.0,3.0,0.0,1.0,1.0,0.0,4.0,0.0,1.0,1.0,0.0,6.0,0.0,1.0,1.0,0.0,5,unknown,G10,train
PRJNA296771,Klebsiella pneumoniae,USA,2013-03-14,,,Homo sapiens,unknown,unknown,not_curated,,,,SAMN04448229,1,R,CLSI,,5.0,0.0,1.0,1.0,0.0,7.0,0.0,1.0,1.0,0.0,3.0,0.0,1.0,1.0,0.0,4.0,0.0,1.0,1.0,0.0,6.0,0.0,1.0,1.0,0.0,5,unknown,G11,train
PRJNA296771,Klebsiella pneumoniae,USA,2013-05-01,,,Homo sapiens,unknown,unknown,not_curated,,,,SAMN04448230,1,R,CLSI,,5.0,0.0,1.0,1.0,0.0,7.0,0.0,1.0,1.0,0.0,3.0,0.0,1.0,1.0,0.0,4.0,0.0,1.0,1.0,0.0,6.0,0.0,1.0,1.0,0.0,5,unknown,G12,train
PRJNA296771,Klebsiella pneumoniae,USA,2013-04-29,,,Homo sapiens,unknown,unknown,not_curated,,,,SAMN04448231,1,R,CLSI,,5.0,0.0,1.0,1.0,0.0,7.0,0.0,0.0,0.0,0.0,3.0,0.0,1.0,1.0,0.0,4.0,0.0,1.0,1.0,0.0,6.0,0.0,1.0,1.0,0.0,5,unknown,G13,train
PRJNA296771,Klebsiella pneumoniae,USA,2013-06-25,,,Homo sapiens,unknown,unknown,not_curated,,,,SAMN04448233,1,R,CLSI,,5.0,0.0,1.0,1.0,0.0,7.0,0.0,1.0,1.0,0.0,3.0,0.0,1.0,1.0,0.0,4.0,0.0,1.0,1.0,0.0,6.0,0.0,1.0,1.0,0.0,5,unknown,G14,train
PRJNA296771,Klebsiella pneumoniae,USA,2013-07-01,,,Homo sapiens,unknown,unknown,not_curated,,,,SAMN04448235,1,R,CLSI,,5.0,0.0,1.0,1.0,0.0,7.0,0.0,1.0,1.0,0.0,3.0,0.0,1.0,1.0,0.0,4.0,0.0,1.0,1.0,0.0,6.0,0.0,1.0,1.0,0.0,5,unknown,G16,train
PRJNA296771,Klebsiella pneumoniae,USA,2013-09-22,,,Homo sapiens,unknown,unknown,not_curated,,,,SAMN04448236,1,R,CLSI,,5.0,0.0,1.0,1.0,0.0,7.0,0.0,1.0,1.0,0.0,3.0,0.0,1.0,1.0,0.0,4.0,0.0,1.0,1.0,0.0,6.0,0.0,1.0,1.0,0.0,5,unknown,G17,train
PRJNA296771,Klebsiella pneumoniae,USA,2013-11-12,,,Homo sapiens,unknown,unknown,not_curated,,,,SAMN04448237,1,R,CLSI,,5.0,0.0,1.0,1.0,0.0,7.0,0.0,1.0,1.0,0.0,3.0,0.0,1.0,1.0,0.0,-2.0,1.0,0.0,1.0,0.0,0.0,1.0,0.0,1.0,0.0,5,unknown,G18,train
PRJNA296771,Klebsiella pneumoniae,USA,2014-03-01,,,Homo sapiens,unknown,unknown,not_curated,,,,SAMN04448240,1,R,CLSI,,5.0,0.0,1.0,1.0,0.0,7.0,0.0,1.0,1.0,0.0,3.0,0.0,1.0,1.0,0.0,4.0,0.0,1.0,1.0,0.0,6.0,0.0,1.0,1.0,0.0,5,unknown,G21,train
PRJNA296771,Klebsiella pneumoniae,USA,2014-03-08,,,Homo sapiens,unknown,unknown,not_curated,,,,SAMN04448241,1,R,CLSI,,5.0,0.0,1.0,1.0,0.0,7.0,0.0,0.0,0.0,0.0,3.0,0.0,1.0,1.0,0.0,-2.0,1.0,0.0,1.0,0.0,6.0,0.0,0.0,0.0,0.0,5,unknown,G22,train
PRJNA296771,Klebsiella pneumoniae,USA,2013-04-30,,,Homo sapiens,unknown,unknown,not_curated,,,,SAMN04448244,1,R,CLSI,,5.0,0.0,1.0,1.0,0.0,7.0,0.0,1.0,1.0,0.0,3.0,0.0,1.0,1.0,0.0,4.0,0.0,1.0,1.0,0.0,6.0,0.0,1.0,1.0,0.0,5,unknown,G24,train
PRJNA296771,Klebsiella pneumoniae,USA,2014-08-03,,,Homo sapiens,unknown,unknown,not_curated,,,,SAMN04448247,1,R,CLSI,,5.0,0.0,1.0,1.0,0.0,7.0,0.0,1.0,1.0,0.0,3.0,0.0,1.0,1.0,0.0,4.0,0.0,1.0,1.0,0.0,3.0,0.0,0.0,0.0,0.0,5,unknown,G26,train
PRJNA312972,Klebsiella pneumoniae,Afghanistan,2012-12-20,,,Homo sapiens,unknown,unknown,not_curated,,,,SAMN04514120,1,R,CLSI,,,0.0,0.0,0.0,1.0,4.0,0.0,1.0,1.0,0.0,1.0,0.0,1.0,1.0,0.0,3.0,0.0,1.0,1.0,0.0,5.0,0.0,1.0,1.0,0.0,4,unknown,G30,train
PRJNA312972,Klebsiella pneumoniae,Honduras,2012-12-20,,,Homo sapiens,unknown,unknown,not_curated,,,,SAMN04514121,1,R,CLSI,,,0.0,0.0,0.0,1.0,4.0,0.0,1.0,1.0,0.0,1.0,0.0,1.0,1.0,0.0,3.0,0.0,1.0,1.0,0.0,5.0,0.0,0.0,0.0,0.0,4,unknown,G31,train
PRJNA312972,Klebsiella pneumoniae,Honduras,2013-08-13,,,Homo sapiens,unknown,unknown,not_curated,,,,SAMN04514122,1,R,CLSI,,,0.0,0.0,0.0,1.0,4.0,0.0,1.0,1.0,0.0,1.0,0.0,1.0,1.0,0.0,3.0,0.0,1.0,1.0,0.0,5.0,0.0,1.0,1.0,0.0,4,unknown,G32,train
PRJNA312972,Klebsiella pneumoniae,Germany,2013-12-25,,,Homo sapiens,unknown,unknown,not_curated,,,,SAMN04514124,1,R,CLSI,,,0.0,0.0,0.0,1.0,4.0,0.0,1.0,1.0,0.0,1.0,0.0,1.0,1.0,0.0,1.0,0.0,0.0,0.0,0.0,4.0,0.0,0.0,0.0,0.0,4,unknown,G34,train
PRJNA288601,Klebsiella pneumoniae,USA,2011-12-20,,,Homo sapiens,unknown,unknown,not_curated,,,,SAMN05170055,1,R,CLSI,,5.0,0.0,1.0,1.0,0.0,7.0,0.0,1.0,1.0,0.0,-2.0,1.0,0.0,1.0,0.0,-2.0,1.0,0.0,1.0,0.0,0.0,1.0,0.0,1.0,0.0,5,unknown,G35,train
PRJNA288601,Klebsiella pneumoniae,USA,2012-02-01,,,Homo sapiens,unknown,unknown,not_curated,,,,SAMN05170057,1,R,CLSI,,5.0,0.0,1.0,1.0,0.0,7.0,0.0,1.0,1.0,0.0,3.0,0.0,1.0,1.0,0.0,1.0,1.0,0.0,1.0,0.0,5.0,0.0,0.0,0.0,0.0,5,unknown,G36,train
PRJNA288601,Klebsiella pneumoniae,USA,2012-02-14,,,Homo sapiens,unknown,unknown,not_curated,,,,SAMN05170061,1,R,CLSI,,5.0,0.0,1.0,1.0,0.0,7.0,0.0,1.0,1.0,0.0,3.0,0.0,1.0,1.0,0.0,4.0,0.0,1.0,1.0,0.0,4.0,1.0,0.0,0.0,0.0,5,unknown,G38,train
PRJNA288601,Klebsiella pneumoniae,USA,2012-02-14,,,Homo sapiens,unknown,unknown,not_curated,,,,SAMN05170062,1,R,CLSI,,5.0,0.0,1.0,1.0,0.0,7.0,0.0,1.0,1.0,0.0,3.0,0.0,1.0,1.0,0.0,2.0,1.0,0.0,0.0,0.0,0.0,1.0,0.0,1.0,0.0,5,unknown,G39,train
PRJNA288601,Klebsiella pneumoniae,USA,2012-11-07,,,Homo sapiens,unknown,unknown,not_curated,,,,SAMN05170076,1,R,CLSI,,5.0,0.0,1.0,1.0,0.0,7.0,0.0,1.0,1.0,0.0,3.0,0.0,1.0,1.0,0.0,4.0,0.0,1.0,1.0,0.0,1.0,1.0,0.0,1.0,0.0,5,unknown,G42,train
PRJNA288601,Klebsiella pneumoniae,USA,2012-11-15,,,Homo sapiens,unknown,unknown,not_curated,,,,SAMN05170077,1,R,CLSI,,5.0,0.0,1.0,1.0,0.0,7.0,0.0,1.0,1.0,0.0,3.0,0.0,1.0,1.0,0.0,0.0,1.0,0.0,1.0,0.0,4.0,1.0,0.0,0.0,0.0,5,unknown,G43,train
PRJNA288601,Klebsiella pneumoniae,USA,2013-02-06,,,Homo sapiens,unknown,unknown,not_curated,,,,SAMN05170082,1,R,CLSI,,5.0,0.0,1.0,1.0,0.0,7.0,0.0,1.0,1.0,0.0,3.0,0.0,1.0,1.0,0.0,0.0,1.0,0.0,1.0,0.0,5.0,0.0,0.0,0.0,0.0,5,unknown,G44,train
PRJNA288601,Klebsiella pneumoniae,USA,2013-02-13,,,Homo sapiens,unknown,unknown,not_curated,,,,SAMN05170088,0,S,CLSI,,5.0,0.0,1.0,1.0,0.0,6.0,0.0,1.0,1.0,0.0,3.0,0.0,1.0,1.0,0.0,-1.0,1.0,0.0,1.0,0.0,1.0,1.0,0.0,1.0,0.0,5,unknown,G46,train
PRJNA288601,Klebsiella pneumoniae,USA,2013-02-19,,,Homo sapiens,unknown,unknown,not_curated,,,,SAMN05170098,1,R,CLSI,,5.0,0.0,1.0,1.0,0.0,7.0,0.0,1.0,1.0,0.0,3.0,0.0,1.0,1.0,0.0,3.0,0.0,0.0,0.0,0.0,2.0,1.0,0.0,1.0,0.0,5,unknown,G48,train
PRJNA288601,Klebsiella pneumoniae,USA,2013-05-01,,,Homo sapiens,unknown,unknown,not_curated,,,,SAMN05170101,1,R,CLSI,,5.0,0.0,1.0,1.0,0.0,7.0,0.0,1.0,1.0,0.0,3.0,0.0,1.0,1.0,0.0,0.0,1.0,0.0,1.0,0.0,5.0,0.0,0.0,0.0,0.0,5,unknown,G49,train
PRJNA288601,Klebsiella pneumoniae,USA,2013-05-01,,,Homo sapiens,unknown,unknown,not_curated,,,,SAMN05170103,1,R,CLSI,,5.0,0.0,1.0,1.0,0.0,7.0,0.0,1.0,1.0,0.0,3.0,0.0,1.0,1.0,0.0,1.0,1.0,0.0,1.0,0.0,5.0,0.0,0.0,0.0,0.0,5,unknown,G51,train
PRJNA288601,Klebsiella pneumoniae,USA,2013-05-01,,,Homo sapiens,unknown,unknown,not_curated,,,,SAMN05170105,1,R,CLSI,,5.0,0.0,1.0,1.0,0.0,7.0,0.0,1.0,1.0,0.0,3.0,0.0,1.0,1.0,0.0,-2.0,1.0,0.0,1.0,0.0,0.0,1.0,0.0,1.0,0.0,5,unknown,G53,train
PRJNA288601,Klebsiella pneumoniae,USA,2013-05-01,,,Homo sapiens,unknown,unknown,not_curated,,,,SAMN05170107,1,R,CLSI,,5.0,0.0,1.0,1.0,0.0,7.0,0.0,1.0,1.0,0.0,3.0,0.0,1.0,1.0,0.0,4.0,0.0,1.0,0.0,0.0,5.0,0.0,0.0,0.0,0.0,5,unknown,G55,train
PRJNA288601,Klebsiella pneumoniae,USA,2013-05-01,,,Homo sapiens,unknown,unknown,not_curated,,,,SAMN05170108,1,R,CLSI,,5.0,0.0,1.0,1.0,0.0,7.0,0.0,1.0,1.0,0.0,3.0,0.0,1.0,1.0,0.0,4.0,0.0,1.0,1.0,0.0,0.0,1.0,0.0,1.0,0.0,5,unknown,G56,train
PRJNA288601,Klebsiella pneumoniae,USA,2013-05-01,,,Homo sapiens,unknown,unknown,not_curated,,,,SAMN05170110,1,R,CLSI,,5.0,0.0,1.0,1.0,0.0,7.0,0.0,1.0,1.0,0.0,3.0,0.0,1.0,1.0,0.0,0.0,1.0,0.0,1.0,0.0,4.0,1.0,0.0,0.0,0.0,5,unknown,G58,train
PRJNA288601,Klebsiella pneumoniae,USA,2013-05-01,,,Homo sapiens,unknown,unknown,not_curated,,,,SAMN05170111,1,R,CLSI,,5.0,0.0,1.0,1.0,0.0,7.0,0.0,1.0,1.0,0.0,3.0,0.0,1.0,1.0,0.0,4.0,0.0,1.0,1.0,0.0,2.0,1.0,0.0,1.0,0.0,5,unknown,G59,train
PRJNA288601,Klebsiella pneumoniae,USA,2013-05-06,,,Homo sapiens,unknown,unknown,not_curated,,,,SAMN05170118,1,R,CLSI,,5.0,0.0,1.0,1.0,0.0,7.0,0.0,1.0,1.0,0.0,3.0,0.0,1.0,1.0,0.0,4.0,0.0,1.0,1.0,0.0,6.0,0.0,1.0,0.0,0.0,5,unknown,G61,train
PRJNA288601,Klebsiella pneumoniae,USA,2013-05-13,,,Homo sapiens,unknown,unknown,not_curated,,,,SAMN05170119,1,R,CLSI,,5.0,0.0,1.0,1.0,0.0,6.0,0.0,1.0,1.0,0.0,3.0,0.0,1.0,1.0,0.0,4.0,0.0,1.0,1.0,0.0,4.0,1.0,0.0,0.0,0.0,5,unknown,G62,train
PRJNA288601,Klebsiella pneumoniae,USA,2013-05-15,,,Homo sapiens,unknown,unknown,not_curated,,,,SAMN05170121,1,R,CLSI,,4.0,0.0,1.0,0.0,0.0,7.0,0.0,1.0,1.0,0.0,3.0,0.0,1.0,1.0,0.0,0.0,1.0,0.0,1.0,0.0,5.0,0.0,0.0,0.0,0.0,5,unknown,G63,train
PRJNA288601,Klebsiella pneumoniae,USA,2013-05-15,,,Homo sapiens,unknown,unknown,not_curated,,,,SAMN05170122,1,R,CLSI,,4.0,0.0,1.0,0.0,0.0,7.0,0.0,1.0,1.0,0.0,3.0,0.0,1.0,1.0,0.0,1.0,1.0,0.0,1.0,0.0,5.0,0.0,0.0,0.0,0.0,5,unknown,G64,train
PRJNA288601,Klebsiella pneumoniae,USA,2013-05-29,,,Homo sapiens,unknown,unknown,not_curated,,,,SAMN05170123,1,R,CLSI,,3.0,0.0,0.0,0.0,0.0,7.0,0.0,1.0,1.0,0.0,3.0,0.0,1.0,1.0,0.0,4.0,0.0,1.0,0.0,0.0,3.0,1.0,0.0,1.0,0.0,5,unknown,G65,train
PRJNA288601,Klebsiella pneumoniae,USA,2013-05-29,,,Homo sapiens,unknown,unknown,not_curated,,,,SAMN05170125,1,R,CLSI,,5.0,0.0,1.0,1.0,0.0,7.0,0.0,1.0,1.0,0.0,3.0,0.0,1.0,1.0,0.0,4.0,0.0,1.0,0.0,0.0,0.0,1.0,0.0,1.0,0.0,5,unknown,G67,train
PRJNA288601,Klebsiella pneumoniae,USA,2013-05-21,,,Homo sapiens,unknown,unknown,not_curated,,,,SAMN05170129,1,R,CLSI,,5.0,0.0,1.0,1.0,0.0,7.0,0.0,1.0,1.0,0.0,3.0,0.0,1.0,1.0,0.0,2.0,1.0,0.0,0.0,0.0,4.0,1.0,0.0,0.0,0.0,5,unknown,G69,train
PRJNA288601,Klebsiella pneumoniae,USA,2013-08-07,,,Homo sapiens,unknown,unknown,not_curated,,,,SAMN05170131,1,R,CLSI,,5.0,0.0,1.0,1.0,0.0,7.0,0.0,1.0,1.0,0.0,3.0,0.0,1.0,1.0,0.0,1.0,1.0,0.0,1.0,0.0,5.0,0.0,0.0,0.0,0.0,5,unknown,G70,train
PRJNA288601,Klebsiella pneumoniae,USA,2013-08-07,,,Homo sapiens,unknown,unknown,not_curated,,,,SAMN05170133,1,R,CLSI,,5.0,0.0,1.0,1.0,0.0,7.0,0.0,1.0,1.0,0.0,3.0,0.0,1.0,1.0,0.0,0.0,1.0,0.0,1.0,0.0,5.0,0.0,0.0,0.0,0.0,5,unknown,G71,train
PRJNA288601,Klebsiella pneumoniae,USA,2013-08-07,,,Homo sapiens,unknown,unknown,not_curated,,,,SAMN05170135,1,R,CLSI,,5.0,0.0,1.0,1.0,0.0,7.0,0.0,1.0,1.0,0.0,3.0,0.0,1.0,1.0,0.0,4.0,0.0,1.0,0.0,0.0,5.0,0.0,0.0,0.0,0.0,5,unknown,G73,train
PRJNA288601,Klebsiella pneumoniae,USA,2013-08-07,,,Homo sapiens,unknown,unknown,not_curated,,,,SAMN05170136,1,R,CLSI,,4.0,0.0,1.0,0.0,0.0,5.0,0.0,1.0,1.0,0.0,3.0,0.0,1.0,1.0,0.0,-1.0,1.0,0.0,1.0,0.0,0.0,1.0,0.0,1.0,0.0,5,unknown,G74,train
PRJNA288601,Klebsiella pneumoniae,USA,2013-08-06,,,Homo sapiens,unknown,unknown,not_curated,,,,SAMN05170137,1,R,CLSI,,5.0,0.0,1.0,1.0,0.0,7.0,0.0,1.0,1.0,0.0,3.0,0.0,1.0,1.0,0.0,4.0,0.0,1.0,0.0,0.0,6.0,0.0,1.0,0.0,0.0,5,unknown,G75,train
PRJNA288601,Klebsiella pneumoniae,USA,2013-09-03,,,Homo sapiens,unknown,unknown,not_curated,,,,SAMN05170144,1,R,CLSI,,5.0,0.0,1.0,1.0,0.0,7.0,0.0,1.0,1.0,0.0,3.0,0.0,1.0,1.0,0.0,0.0,1.0,0.0,1.0,0.0,4.0,1.0,0.0,0.0,0.0,5,unknown,G78,train
PRJNA288601,Klebsiella pneumoniae,USA,2013-09-03,,,Homo sapiens,unknown,unknown,not_curated,,,,SAMN05170145,0,S,CLSI,,5.0,0.0,1.0,1.0,0.0,7.0,0.0,1.0,1.0,0.0,3.0,0.0,1.0,1.0,0.0,-2.0,1.0,0.0,1.0,0.0,0.0,1.0,0.0,1.0,0.0,5,unknown,G79,train
PRJNA288601,Klebsiella pneumoniae,USA,2013-08-26,,,Homo sapiens,unknown,unknown,not_curated,,,,SAMN05170156,1,R,CLSI,,4.0,0.0,1.0,0.0,0.0,7.0,0.0,1.0,1.0,0.0,3.0,0.0,1.0,1.0,0.0,4.0,0.0,1.0,1.0,0.0,3.0,1.0,0.0,1.0,0.0,5,unknown,G80,train
PRJNA288601,Klebsiella pneumoniae,USA,2013-08-26,,,Homo sapiens,unknown,unknown,not_curated,,,,SAMN05170158,1,R,CLSI,,5.0,0.0,1.0,1.0,0.0,7.0,0.0,1.0,1.0,0.0,3.0,0.0,1.0,1.0,0.0,0.0,1.0,0.0,1.0,0.0,2.0,1.0,0.0,1.0,0.0,5,unknown,G81,train
PRJNA288601,Klebsiella pneumoniae,USA,2013-11-06,,,Homo sapiens,unknown,unknown,not_curated,,,,SAMN05170173,1,R,CLSI,,5.0,0.0,1.0,1.0,0.0,7.0,0.0,1.0,1.0,0.0,3.0,0.0,1.0,1.0,0.0,4.0,0.0,1.0,0.0,0.0,5.0,0.0,0.0,0.0,0.0,5,unknown,G84,train
PRJNA288601,Klebsiella pneumoniae,USA,2013-11-06,,,Homo sapiens,unknown,unknown,not_curated,,,,SAMN05170175,1,R,CLSI,,5.0,0.0,1.0,1.0,0.0,7.0,0.0,1.0,1.0,0.0,3.0,0.0,1.0,1.0,0.0,0.0,1.0,0.0,1.0,0.0,5.0,0.0,0.0,0.0,0.0,5,unknown,G86,train
PRJNA288601,Klebsiella pneumoniae,USA,2013-11-05,,,Homo sapiens,unknown,unknown,not_curated,,,,SAMN05170178,1,R,CLSI,,5.0,0.0,1.0,1.0,0.0,7.0,0.0,1.0,1.0,0.0,3.0,0.0,1.0,1.0,0.0,-1.0,1.0,0.0,1.0,0.0,0.0,1.0,0.0,1.0,0.0,5,unknown,G88,train
PRJNA288601,Klebsiella pneumoniae,USA,2013-12-02,,,Homo sapiens,unknown,unknown,not_curated,,,,SAMN05170179,1,R,CLSI,,5.0,0.0,1.0,1.0,0.0,7.0,0.0,1.0,1.0,0.0,3.0,0.0,1.0,1.0,0.0,3.0,0.0,0.0,0.0,0.0,0.0,1.0,0.0,1.0,0.0,5,unknown,G89,train
PRJNA288601,Klebsiella pneumoniae,USA,2014-01-15,,,Homo sapiens,unknown,unknown,not_curated,,,,SAMN05170185,1,R,CLSI,,5.0,0.0,1.0,1.0,0.0,7.0,0.0,1.0,1.0,0.0,3.0,0.0,1.0,1.0,0.0,3.0,0.0,0.0,0.0,0.0,5.0,0.0,0.0,0.0,0.0,5,unknown,G93,train
PRJNA288601,Klebsiella pneumoniae,USA,2014-02-05,,,Homo sapiens,unknown,unknown,not_curated,,,,SAMN05170188,1,R,CLSI,,5.0,0.0,1.0,1.0,0.0,7.0,0.0,1.0,1.0,0.0,3.0,0.0,1.0,1.0,0.0,4.0,0.0,1.0,1.0,0.0,3.0,1.0,0.0,1.0,0.0,5,unknown,G95,train
PRJNA288601,Klebsiella pneumoniae,USA,2014-02-05,,,Homo sapiens,unknown,unknown,not_curated,,,,SAMN05170189,1,R,CLSI,,5.0,0.0,1.0,1.0,0.0,7.0,0.0,1.0,1.0,0.0,3.0,0.0,1.0,1.0,0.0,4.0,0.0,1.0,1.0,0.0,6.0,0.0,1.0,1.0,0.0,5,unknown,G96,train
PRJNA288601,Klebsiella pneumoniae,USA,2014-02-05,,,Homo sapiens,unknown,unknown,not_curated,,,,SAMN05170191,0,S,CLSI,,5.0,0.0,1.0,1.0,0.0,7.0,0.0,1.0,1.0,0.0,3.0,0.0,1.0,1.0,0.0,4.0,0.0,1.0,1.0,0.0,5.0,0.0,0.0,0.0,0.0,5,unknown,G97,train
PRJNA288601,Klebsiella pneumoniae,USA,2014-02-05,,,Homo sapiens,unknown,unknown,not_curated,,,,SAMN05170192,1,R,CLSI,,5.0,0.0,1.0,1.0,0.0,7.0,0.0,1.0,1.0,0.0,3.0,0.0,1.0,1.0,0.0,-2.0,1.0,0.0,1.0,0.0,0.0,1.0,0.0,1.0,0.0,5,unknown,G98,train
PRJNA288601,Klebsiella pneumoniae,USA,2014-02-05,,,Homo sapiens,unknown,unknown,not_curated,,,,SAMN05170193,1,R,CLSI,,5.0,0.0,1.0,1.0,0.0,7.0,0.0,1.0,1.0,0.0,3.0,0.0,1.0,1.0,0.0,1.0,1.0,0.0,1.0,0.0,6.0,0.0,1.0,0.0,0.0,5,unknown,G99,train
PRJNA288601,Klebsiella pneumoniae,USA,2014-02-05,,,Homo sapiens,unknown,unknown,not_curated,,,,SAMN05170194,1,R,CLSI,,1.0,1.0,0.0,0.0,0.0,5.0,0.0,1.0,1.0,0.0,0.0,1.0,0.0,0.0,0.0,3.0,0.0,0.0,0.0,0.0,4.0,1.0,0.0,0.0,0.0,5,unknown,G100,train
PRJNA288601,Klebsiella pneumoniae,USA,2014-02-05,,,Homo sapiens,unknown,unknown,not_curated,,,,SAMN05170196,1,R,CLSI,,5.0,0.0,1.0,1.0,0.0,7.0,0.0,1.0,1.0,0.0,3.0,0.0,1.0,1.0,0.0,-2.0,1.0,0.0,1.0,0.0,0.0,1.0,0.0,1.0,0.0,5,unknown,G102,train
PRJNA288601,Klebsiella pneumoniae,USA,2014-02-18,,,Homo sapiens,unknown,unknown,not_curated,,,,SAMN05170201,1,R,CLSI,,5.0,0.0,1.0,1.0,0.0,7.0,0.0,1.0,1.0,0.0,3.0,0.0,1.0,1.0,0.0,1.0,1.0,0.0,1.0,0.0,3.0,1.0,0.0,1.0,0.0,5,unknown,G104,train
PRJNA288601,Klebsiella pneumoniae,USA,2014-05-07,,,Homo sapiens,unknown,unknown,not_curated,,,,SAMN05170209,1,R,CLSI,,5.0,0.0,1.0,1.0,0.0,7.0,0.0,1.0,1.0,0.0,3.0,0.0,1.0,1.0,0.0,0.0,1.0,0.0,1.0,0.0,4.0,1.0,0.0,0.0,0.0,5,unknown,G105,train
PRJNA288601,Klebsiella pneumoniae,USA,2014-05-07,,,Homo sapiens,unknown,unknown,not_curated,,,,SAMN05170211,0,S,CLSI,,-1.0,1.0,0.0,1.0,0.0,0.0,1.0,0.0,1.0,0.0,-2.0,1.0,0.0,1.0,0.0,-1.0,1.0,0.0,1.0,0.0,0.0,1.0,0.0,1.0,0.0,5,unknown,G106,train
PRJNA288601,Klebsiella pneumoniae,USA,2014-05-07,,,Homo sapiens,unknown,unknown,not_curated,,,,SAMN05170217,1,R,CLSI,,5.0,0.0,1.0,1.0,0.0,7.0,0.0,1.0,1.0,0.0,3.0,0.0,1.0,1.0,0.0,0.0,1.0,0.0,1.0,0.0,4.0,1.0,0.0,0.0,0.0,5,unknown,G109,train
PRJNA288601,Klebsiella pneumoniae,USA,2014-05-07,,,Homo sapiens,unknown,unknown,not_curated,,,,SAMN05170219,1,R,CLSI,,5.0,0.0,1.0,1.0,0.0,7.0,0.0,1.0,1.0,0.0,3.0,0.0,1.0,1.0,0.0,0.0,1.0,0.0,1.0,0.0,5.0,0.0,0.0,0.0,0.0,5,unknown,G111,train
PRJNA288601,Klebsiella pneumoniae,USA,2014-05-06,,,Homo sapiens,unknown,unknown,not_curated,,,,SAMN05170222,1,R,CLSI,,5.0,0.0,1.0,1.0,0.0,7.0,0.0,1.0,1.0,0.0,3.0,0.0,1.0,1.0,0.0,1.0,1.0,0.0,1.0,0.0,5.0,0.0,0.0,0.0,0.0,5,unknown,G113,train
PRJNA288601,Klebsiella pneumoniae,USA,2014-05-13,,,Homo sapiens,unknown,unknown,not_curated,,,,SAMN05170226,1,R,CLSI,,5.0,0.0,1.0,1.0,0.0,7.0,0.0,1.0,1.0,0.0,3.0,0.0,1.0,1.0,0.0,3.0,0.0,0.0,0.0,0.0,5.0,0.0,0.0,0.0,0.0,5,unknown,G114,train
PRJNA288601,Klebsiella pneumoniae,USA,2014-06-04,,,Homo sapiens,unknown,unknown,not_curated,,,,SAMN05170240,1,R,CLSI,,5.0,0.0,1.0,1.0,0.0,7.0,0.0,1.0,1.0,0.0,3.0,0.0,1.0,1.0,0.0,0.0,1.0,0.0,1.0,0.0,5.0,0.0,0.0,0.0,0.0,5,unknown,G117,train
PRJNA288601,Klebsiella pneumoniae,USA,2014-06-09,,,Homo sapiens,unknown,unknown,not_curated,,,,SAMN05170242,1,R,CLSI,,4.0,0.0,1.0,0.0,0.0,6.0,0.0,1.0,1.0,0.0,3.0,0.0,1.0,1.0,0.0,4.0,0.0,1.0,0.0,0.0,0.0,1.0,0.0,1.0,0.0,5,unknown,G118,train
PRJNA288601,Klebsiella pneumoniae,USA,2014-06-09,,,Homo sapiens,unknown,unknown,not_curated,,,,SAMN05170243,1,R,CLSI,,5.0,0.0,1.0,1.0,0.0,7.0,0.0,1.0,1.0,0.0,3.0,0.0,1.0,1.0,0.0,4.0,0.0,1.0,0.0,0.0,0.0,1.0,0.0,1.0,0.0,5,unknown,G119,train
PRJNA288601,Klebsiella pneumoniae,USA,2014-06-09,,,Homo sapiens,unknown,unknown,not_curated,,,,SAMN05170246,1,R,CLSI,,5.0,0.0,1.0,1.0,0.0,6.0,0.0,1.0,1.0,0.0,3.0,0.0,1.0,1.0,0.0,-1.0,1.0,0.0,1.0,0.0,1.0,1.0,0.0,1.0,0.0,5,unknown,G121,train
PRJNA288601,Klebsiella pneumoniae,USA,2014-06-09,,,Homo sapiens,unknown,unknown,not_curated,,,,SAMN05170247,0,S,CLSI,,0.0,1.0,0.0,1.0,0.0,2.0,1.0,0.0,0.0,0.0,3.0,0.0,1.0,1.0,0.0,0.0,1.0,0.0,1.0,0.0,5.0,0.0,0.0,0.0,0.0,5,unknown,G122,train
PRJNA288601,Klebsiella pneumoniae,USA,2014-06-09,,,Homo sapiens,unknown,unknown,not_curated,,,,SAMN05170248,1,R,CLSI,,5.0,0.0,1.0,1.0,0.0,7.0,0.0,1.0,1.0,0.0,3.0,0.0,1.0,1.0,0.0,4.0,0.0,1.0,1.0,0.0,5.0,0.0,0.0,0.0,0.0,5,unknown,G123,train
PRJNA288601,Klebsiella pneumoniae,USA,2014-06-09,,,Homo sapiens,unknown,unknown,not_curated,,,,SAMN05170253,0,S,CLSI,,5.0,0.0,1.0,1.0,0.0,7.0,0.0,1.0,1.0,0.0,3.0,0.0,1.0,1.0,0.0,4.0,0.0,1.0,1.0,0.0,2.0,1.0,0.0,1.0,0.0,5,unknown,G127,train
PRJNA288601,Klebsiella pneumoniae,USA,2014-06-09,,,Homo sapiens,unknown,unknown,not_curated,,,,SAMN05170254,0,S,CLSI,,-1.0,1.0,0.0,1.0,0.0,5.0,0.0,1.0,1.0,0.0,2.0,0.0,1.0,0.0,0.0,-2.0,1.0,0.0,1.0,0.0,0.0,1.0,0.0,1.0,0.0,5,unknown,G128,train
PRJNA288601,Klebsiella pneumoniae,USA,2014-06-09,,,Homo sapiens,unknown,unknown,not_curated,,,,SAMN05170255,1,R,CLSI,,5.0,0.0,1.0,1.0,0.0,7.0,0.0,1.0,1.0,0.0,3.0,0.0,1.0,1.0,0.0,4.0,0.0,1.0,0.0,0.0,0.0,1.0,0.0,1.0,0.0,5,unknown,G129,train
PRJNA288601,Klebsiella pneumoniae,USA,2014-08-06,,,Homo sapiens,unknown,unknown,not_curated,,,,SAMN05170258,1,R,CLSI,,5.0,0.0,1.0,1.0,0.0,7.0,0.0,1.0,1.0,0.0,3.0,0.0,1.0,1.0,0.0,0.0,1.0,0.0,1.0,0.0,5.0,0.0,0.0,0.0,0.0,5,unknown,G131,train
PRJNA288601,Klebsiella pneumoniae,USA,2014-08-06,,,Homo sapiens,unknown,unknown,not_curated,,,,SAMN05170264,1,R,CLSI,,5.0,0.0,1.0,1.0,0.0,7.0,0.0,1.0,1.0,0.0,3.0,0.0,1.0,1.0,0.0,0.0,1.0,0.0,1.0,0.0,4.0,1.0,0.0,0.0,0.0,5,unknown,G133,train
PRJNA288601,Klebsiella pneumoniae,USA,2014-08-06,,,Homo sapiens,unknown,unknown,not_curated,,,,SAMN05170266,1,R,CLSI,,4.0,0.0,1.0,0.0,0.0,6.0,0.0,1.0,1.0,0.0,3.0,0.0,1.0,1.0,0.0,-2.0,1.0,0.0,1.0,0.0,0.0,1.0,0.0,1.0,0.0,5,unknown,G135,train
PRJNA288601,Klebsiella pneumoniae,USA,2014-08-11,,,Homo sapiens,unknown,unknown,not_curated,,,,SAMN05170276,1,R,CLSI,,5.0,0.0,1.0,1.0,0.0,7.0,0.0,1.0,1.0,0.0,3.0,0.0,1.0,1.0,0.0,4.0,0.0,1.0,1.0,0.0,2.0,1.0,0.0,1.0,0.0,5,unknown,G136,train
PRJNA288601,Klebsiella pneumoniae,USA,2014-08-11,,,Homo sapiens,unknown,unknown,not_curated,,,,SAMN05170277,0,S,CLSI,,5.0,0.0,1.0,1.0,0.0,7.0,0.0,1.0,1.0,0.0,3.0,0.0,1.0,1.0,0.0,3.0,0.0,0.0,0.0,0.0,2.0,1.0,0.0,1.0,0.0,5,unknown,G137,train
PRJNA288601,Klebsiella pneumoniae,USA,2014-08-12,,,Homo sapiens,unknown,unknown,not_curated,,,,SAMN05170279,1,R,CLSI,,5.0,0.0,1.0,1.0,0.0,7.0,0.0,1.0,1.0,0.0,3.0,0.0,1.0,1.0,0.0,3.0,0.0,0.0,0.0,0.0,3.0,1.0,0.0,1.0,0.0,5,unknown,G138,train
PRJNA288601,Klebsiella pneumoniae,USA,2014-08-13,,,Homo sapiens,unknown,unknown,not_curated,,,,SAMN05170302,0,S,CLSI,,-1.0,1.0,0.0,1.0,0.0,0.0,1.0,0.0,1.0,0.0,-2.0,1.0,0.0,1.0,0.0,-2.0,1.0,0.0,1.0,0.0,0.0,1.0,0.0,1.0,0.0,5,unknown,G141,train
PRJNA288601,Klebsiella pneumoniae,USA,2014-09-10,,,Homo sapiens,unknown,unknown,not_curated,,,,SAMN05170306,1,R,CLSI,,4.0,0.0,1.0,0.0,0.0,7.0,0.0,1.0,1.0,0.0,3.0,0.0,1.0,1.0,0.0,4.0,0.0,1.0,1.0,0.0,3.0,1.0,0.0,1.0,0.0,5,unknown,G142,train
PRJNA288601,Klebsiella pneumoniae,USA,2014-09-10,,,Homo sapiens,unknown,unknown,not_curated,,,,SAMN05170308,1,R,CLSI,,5.0,0.0,1.0,1.0,0.0,6.0,0.0,1.0,1.0,0.0,3.0,0.0,1.0,1.0,0.0,4.0,0.0,1.0,0.0,0.0,0.0,1.0,0.0,1.0,0.0,5,unknown,G144,train
PRJNA288601,Klebsiella pneumoniae,USA,2014-11-05,,,Homo sapiens,unknown,unknown,not_curated,,,,SAMN05170321,1,R,CLSI,,5.0,0.0,1.0,1.0,0.0,7.0,0.0,1.0,1.0,0.0,3.0,0.0,1.0,1.0,0.0,0.0,1.0,0.0,1.0,0.0,5.0,0.0,0.0,0.0,0.0,5,unknown,G151,train
PRJNA288601,Klebsiella pneumoniae,USA,2014-11-05,,,Homo sapiens,unknown,unknown,not_curated,,,,SAMN05170322,1,R,CLSI,,5.0,0.0,1.0,1.0,0.0,7.0,0.0,1.0,1.0,0.0,3.0,0.0,1.0,1.0,0.0,0.0,1.0,0.0,1.0,0.0,5.0,0.0,0.0,0.0,0.0,5,unknown,G152,train
PRJNA288601,Klebsiella pneumoniae,USA,2014-11-17,,,Homo sapiens,unknown,unknown,not_curated,,,,SAMN05170330,1,R,CLSI,,5.0,0.0,1.0,1.0,0.0,7.0,0.0,1.0,1.0,0.0,3.0,0.0,1.0,1.0,0.0,4.0,0.0,1.0,1.0,0.0,1.0,1.0,0.0,1.0,0.0,5,unknown,G156,train
PRJNA288601,Klebsiella pneumoniae,USA,2014-12-08,,,Homo sapiens,unknown,unknown,not_curated,,,,SAMN05170340,1,R,CLSI,,5.0,0.0,1.0,1.0,0.0,6.0,0.0,1.0,1.0,0.0,-1.0,1.0,0.0,1.0,0.0,-2.0,1.0,0.0,1.0,0.0,0.0,1.0,0.0,1.0,0.0,5,unknown,G158,train
PRJNA288601,Klebsiella pneumoniae,USA,2014-12-08,,,Homo sapiens,unknown,unknown,not_curated,,,,SAMN05170341,1,R,CLSI,,5.0,0.0,1.0,1.0,0.0,6.0,0.0,1.0,1.0,0.0,3.0,0.0,1.0,1.0,0.0,4.0,0.0,1.0,1.0,0.0,5.0,0.0,0.0,0.0,0.0,5,unknown,G159,train
PRJNA288601,Klebsiella pneumoniae,USA,2014-12-08,,,Homo sapiens,unknown,unknown,not_curated,,,,SAMN05170342,1,R,CLSI,,4.0,0.0,1.0,0.0,0.0,7.0,0.0,1.0,1.0,0.0,2.0,0.0,1.0,0.0,0.0,-2.0,1.0,0.0,1.0,0.0,0.0,1.0,0.0,1.0,0.0,5,unknown,G160,train
PRJNA288601,Klebsiella pneumoniae,USA,2014-12-08,,,Homo sapiens,unknown,unknown,not_curated,,,,SAMN05170344,1,R,CLSI,,4.0,0.0,1.0,0.0,0.0,7.0,0.0,1.0,1.0,0.0,3.0,0.0,1.0,1.0,0.0,4.0,0.0,1.0,1.0,0.0,5.0,0.0,0.0,0.0,0.0,5,unknown,G161,train
PRJNA288601,Klebsiella pneumoniae,USA,2014-12-08,,,Homo sapiens,unknown,unknown,not_curated,,,,SAMN05170345,1,R,CLSI,,4.0,0.0,1.0,0.0,0.0,7.0,0.0,1.0,1.0,0.0,3.0,0.0,1.0,1.0,0.0,4.0,0.0,1.0,1.0,0.0,2.0,1.0,0.0,1.0,0.0,5,unknown,G162,train
PRJNA308116,Klebsiella pneumoniae,Pakistan,2013,,,Homo sapiens,unknown,unknown,not_curated,,,,SAMN05213494,1,R,CLSI,,5.0,0.0,1.0,1.0,0.0,7.0,0.0,1.0,1.0,0.0,3.0,0.0,1.0,1.0,0.0,4.0,0.0,1.0,1.0,0.0,6.0,0.0,1.0,1.0,0.0,5,unknown,G165,train
PRJNA308116,Klebsiella pneumoniae,Pakistan,2013,,,Homo sapiens,unknown,unknown,not_curated,,,,SAMN05213495,1,R,CLSI,,5.0,0.0,1.0,1.0,0.0,7.0,0.0,1.0,1.0,0.0,3.0,0.0,1.0,1.0,0.0,4.0,0.0,1.0,1.0,0.0,6.0,0.0,1.0,1.0,0.0,5,unknown,G166,train
PRJNA308116,Klebsiella pneumoniae,Pakistan,2013,,,Homo sapiens,unknown,unknown,not_curated,,,,SAMN05213498,1,R,CLSI,,5.0,0.0,1.0,1.0,0.0,7.0,0.0,1.0,1.0,0.0,2.0,0.0,0.0,0.0,0.0,4.0,0.0,1.0,1.0,0.0,6.0,0.0,1.0,1.0,0.0,5,unknown,G168,train
PRJNA308116,Klebsiella pneumoniae,Pakistan,2013,,,Homo sapiens,unknown,unknown,not_curated,,,,SAMN05213499,1,R,CLSI,,5.0,0.0,1.0,1.0,0.0,7.0,0.0,1.0,1.0,0.0,3.0,0.0,0.0,0.0,0.0,4.0,0.0,1.0,1.0,0.0,6.0,0.0,1.0,1.0,0.0,5,unknown,G169,train
PRJNA308116,Klebsiella pneumoniae,Pakistan,2013,,,Homo sapiens,unknown,unknown,not_curated,,,,SAMN05213501,1,R,CLSI,,2.0,0.0,0.0,0.0,0.0,1.0,0.0,0.0,0.0,0.0,3.0,0.0,1.0,1.0,0.0,3.0,0.0,0.0,0.0,0.0,3.0,0.0,0.0,0.0,0.0,5,unknown,G171,train
PRJNA308116,Klebsiella pneumoniae,Pakistan,2013,,,Homo sapiens,unknown,unknown,not_curated,,,,SAMN05213502,0,S,CLSI,,5.0,0.0,1.0,1.0,0.0,6.0,0.0,0.0,0.0,0.0,3.0,0.0,1.0,1.0,0.0,4.0,0.0,1.0,1.0,0.0,6.0,0.0,1.0,1.0,0.0,5,unknown,G172,train
PRJNA278886,Klebsiella pneumoniae,USA,2016,,,Homo sapiens,unknown,unknown,not_curated,,,,SAMN05774073,0,S,CLSI,,0.0,1.0,0.0,0.0,0.0,6.0,0.0,1.0,0.0,0.0,2.0,0.0,1.0,0.0,0.0,0.0,1.0,0.0,0.0,0.0,4.0,0.0,0.0,0.0,0.0,5,unknown,G175,train
PRJNA278886,Klebsiella pneumoniae,USA,2016,,,Homo sapiens,unknown,unknown,not_curated,,,,SAMN05774083,0,S,CLSI,,1.0,0.0,0.0,0.0,0.0,4.0,0.0,0.0,0.0,0.0,-2.0,1.0,0.0,0.0,0.0,0.0,1.0,0.0,0.0,0.0,1.0,1.0,0.0,0.0,0.0,5,unknown,G176,train
PRJNA278886,Klebsiella pneumoniae,USA,2016,,,Homo sapiens,unknown,unknown,not_curated,,,,SAMN05806167,0,S,CLSI,,3.0,0.0,0.0,0.0,0.0,6.0,0.0,1.0,0.0,0.0,0.0,0.0,0.0,0.0,0.0,0.0,1.0,0.0,0.0,0.0,1.0,1.0,0.0,0.0,0.0,5,unknown,G177,train
PRJNA278886,Klebsiella pneumoniae,USA,2016,,,Homo sapiens,unknown,unknown,not_curated,,,,SAMN05806176,0,S,CLSI,,0.0,1.0,0.0,0.0,0.0,6.0,0.0,1.0,0.0,0.0,2.0,0.0,1.0,0.0,0.0,1.0,0.0,0.0,0.0,0.0,4.0,0.0,0.0,0.0,0.0,5,unknown,G178,train
PRJNA278886,Klebsiella pneumoniae,USA,2016,,,Homo sapiens,unknown,unknown,not_curated,,,,SAMN06015658,0,S,CLSI,,0.0,1.0,0.0,0.0,0.0,2.0,0.0,0.0,0.0,0.0,2.0,0.0,1.0,0.0,0.0,4.0,0.0,1.0,0.0,0.0,1.0,1.0,0.0,0.0,0.0,5,unknown,G179,train
PRJNA278886,Klebsiella pneumoniae,USA,2016,,,Homo sapiens,unknown,unknown,not_curated,,,,SAMN06015668,0,S,CLSI,,2.0,0.0,0.0,0.0,0.0,6.0,0.0,1.0,0.0,0.0,2.0,0.0,1.0,0.0,0.0,4.0,0.0,1.0,0.0,0.0,1.0,1.0,0.0,0.0,0.0,5,unknown,G180,train
PRJNA278886,Klebsiella pneumoniae,USA,2016,,,Homo sapiens,unknown,unknown,not_curated,,,,SAMN06311516,0,S,CLSI,,1.0,0.0,0.0,0.0,0.0,3.0,0.0,0.0,0.0,0.0,0.0,0.0,0.0,0.0,0.0,4.0,0.0,1.0,0.0,0.0,3.0,0.0,0.0,0.0,0.0,5,unknown,G181,train
PRJNA278886,Klebsiella pneumoniae,USA,2016,,,Homo sapiens,unknown,unknown,not_curated,,,,SAMN06546423,0,S,CLSI,,3.0,0.0,0.0,0.0,0.0,2.0,0.0,0.0,0.0,0.0,1.0,0.0,0.0,0.0,0.0,4.0,0.0,1.0,0.0,0.0,4.0,0.0,0.0,0.0,0.0,5,unknown,G182,train
PRJNA278886,Klebsiella pneumoniae,USA,2016,,,Homo sapiens,unknown,unknown,not_curated,,,,SAMN06546425,1,R,CLSI,,6.0,0.0,1.0,0.0,0.0,6.0,0.0,1.0,0.0,0.0,2.0,0.0,1.0,0.0,0.0,4.0,0.0,1.0,0.0,0.0,1.0,1.0,0.0,0.0,0.0,5,unknown,G184,train
PRJNA278886,Klebsiella pneumoniae,USA,2016,,,Homo sapiens,unknown,unknown,not_curated,,,,SAMN06680398,0,S,CLSI,,1.0,1.0,0.0,0.0,0.0,2.0,0.0,1.0,0.0,0.0,0.0,1.0,0.0,0.0,0.0,4.0,1.0,0.0,0.0,0.0,2.0,0.0,0.0,0.0,0.0,5,unknown,G185,train
PRJNA278886,Klebsiella pneumoniae,USA,2016,,,Homo sapiens,unknown,unknown,not_curated,,,,SAMN06680399,0,S,CLSI,,3.0,0.0,0.0,0.0,0.0,6.0,0.0,1.0,0.0,0.0,2.0,0.0,1.0,0.0,0.0,0.0,1.0,0.0,0.0,0.0,6.0,0.0,1.0,0.0,0.0,5,unknown,G186,train
PRJNA278886,Klebsiella pneumoniae,USA,2017,,,Homo sapiens,unknown,unknown,not_curated,,,,SAMN06680408,0,S,CLSI,,3.0,0.0,0.0,0.0,0.0,6.0,0.0,1.0,0.0,0.0,2.0,0.0,1.0,0.0,0.0,2.0,0.0,0.0,0.0,0.0,6.0,0.0,1.0,0.0,0.0,5,unknown,G187,train
PRJNA278886,Klebsiella pneumoniae,USA,2017,,,Homo sapiens,unknown,unknown,not_curated,,,,SAMN06680411,1,R,CLSI,,6.0,0.0,1.0,0.0,0.0,6.0,0.0,1.0,0.0,0.0,2.0,0.0,1.0,0.0,0.0,4.0,0.0,1.0,0.0,0.0,3.0,0.0,0.0,0.0,0.0,5,unknown,G189,train
PRJNA278886,Klebsiella pneumoniae,USA,2016,,,Homo sapiens,unknown,unknown,not_curated,,,,SAMN06754730,0,S,CLSI,,6.0,0.0,1.0,0.0,0.0,6.0,0.0,1.0,0.0,0.0,2.0,0.0,1.0,0.0,0.0,4.0,0.0,1.0,0.0,0.0,4.0,0.0,0.0,0.0,0.0,5,unknown,G190,train
PRJNA278886,Klebsiella pneumoniae,USA,2016,,,Homo sapiens,unknown,unknown,not_curated,,,,SAMN06754739,0,S,CLSI,,1.0,0.0,0.0,0.0,0.0,4.0,0.0,0.0,0.0,0.0,2.0,0.0,1.0,0.0,0.0,0.0,1.0,0.0,0.0,0.0,1.0,1.0,0.0,0.0,0.0,5,unknown,G191,train
PRJNA278886,Klebsiella pneumoniae,USA,2016,,,Homo sapiens,unknown,unknown,not_curated,,,,SAMN06754741,0,S,CLSI,,1.0,0.0,0.0,0.0,0.0,4.0,0.0,0.0,0.0,0.0,2.0,0.0,1.0,0.0,0.0,4.0,0.0,1.0,0.0,0.0,3.0,0.0,0.0,0.0,0.0,5,unknown,G192,train
PRJNA278886,Klebsiella pneumoniae,USA,2016,,,Homo sapiens,unknown,unknown,not_curated,,,,SAMN07325893,0,S,CLSI,,1.0,0.0,0.0,0.0,0.0,4.0,0.0,0.0,0.0,0.0,0.0,0.0,0.0,0.0,0.0,0.0,1.0,0.0,0.0,0.0,1.0,1.0,0.0,0.0,0.0,5,unknown,G194,train
PRJNA278886,Klebsiella pneumoniae,USA,2016,,,Homo sapiens,unknown,unknown,not_curated,,,,SAMN07325895,0,S,CLSI,,1.0,0.0,0.0,0.0,0.0,4.0,0.0,0.0,0.0,0.0,-1.0,0.0,0.0,0.0,0.0,0.0,1.0,0.0,0.0,0.0,1.0,1.0,0.0,0.0,0.0,5,unknown,G195,train
PRJNA278886,Klebsiella pneumoniae,USA,2016,,,Homo sapiens,unknown,unknown,not_curated,,,,SAMN07325896,0,S,CLSI,,3.0,0.0,0.0,0.0,0.0,4.0,0.0,0.0,0.0,0.0,1.0,0.0,0.0,0.0,0.0,4.0,0.0,1.0,0.0,0.0,2.0,0.0,0.0,0.0,0.0,5,unknown,G196,train
PRJNA278886,Klebsiella pneumoniae,USA,2016,,,Homo sapiens,unknown,unknown,not_curated,,,,SAMN07325898,0,S,CLSI,,1.0,0.0,0.0,0.0,0.0,6.0,0.0,1.0,0.0,0.0,2.0,0.0,1.0,0.0,0.0,0.0,1.0,0.0,0.0,0.0,1.0,1.0,0.0,0.0,0.0,5,unknown,G197,train
PRJNA278886,Klebsiella pneumoniae,USA,2017,,,Homo sapiens,unknown,unknown,not_curated,,,,SAMN07332510,0,S,CLSI,,3.0,0.0,0.0,0.0,0.0,5.0,0.0,0.0,0.0,0.0,2.0,0.0,1.0,0.0,0.0,0.0,1.0,0.0,0.0,0.0,3.0,0.0,0.0,0.0,0.0,5,unknown,G199,train
PRJNA278886,Klebsiella pneumoniae,USA,2017,,,Homo sapiens,unknown,unknown,not_curated,,,,SAMN07332511,0,S,CLSI,,0.0,1.0,0.0,0.0,0.0,0.0,1.0,0.0,0.0,0.0,-1.0,0.0,0.0,0.0,0.0,0.0,1.0,0.0,0.0,0.0,4.0,0.0,0.0,0.0,0.0,5,unknown,G200,train
PRJNA278886,Klebsiella pneumoniae,USA,2017,,,Homo sapiens,unknown,unknown,not_curated,,,,SAMN07332513,0,S,CLSI,,1.0,0.0,0.0,0.0,0.0,6.0,0.0,1.0,0.0,0.0,2.0,0.0,1.0,0.0,0.0,0.0,1.0,0.0,0.0,0.0,4.0,0.0,0.0,0.0,0.0,5,unknown,G201,train
PRJNA278886,Klebsiella pneumoniae,USA,2017,,,Homo sapiens,unknown,unknown,not_curated,,,,SAMN07332515,0,S,CLSI,,1.0,0.0,0.0,0.0,0.0,6.0,0.0,1.0,0.0,0.0,2.0,0.0,1.0,0.0,0.0,0.0,1.0,0.0,0.0,0.0,4.0,0.0,0.0,0.0,0.0,5,unknown,G203,train
PRJNA278886,Klebsiella pneumoniae,USA,2017,,,Homo sapiens,unknown,unknown,not_curated,,,,SAMN07410710,1,R,CLSI,,1.0,0.0,0.0,0.0,0.0,6.0,0.0,1.0,0.0,0.0,1.0,0.0,0.0,0.0,0.0,0.0,1.0,0.0,0.0,0.0,1.0,1.0,0.0,0.0,0.0,5,unknown,G205,train
PRJNA278886,Klebsiella pneumoniae,USA,2017,,,Homo sapiens,unknown,unknown,not_curated,,,,SAMN08045836,1,R,CLSI,,6.0,0.0,1.0,0.0,0.0,6.0,0.0,1.0,0.0,0.0,2.0,0.0,1.0,0.0,0.0,4.0,0.0,1.0,0.0,0.0,6.0,0.0,1.0,0.0,0.0,5,unknown,G210,train
PRJNA308116,Klebsiella pneumoniae,Pakistan,1998,,,Homo sapiens,unknown,unknown,not_curated,,,,SAMN10086660,0,S,CLSI,,-1.0,1.0,0.0,1.0,0.0,0.0,1.0,0.0,1.0,0.0,-2.0,1.0,0.0,1.0,0.0,-2.0,1.0,0.0,1.0,0.0,0.0,1.0,0.0,1.0,0.0,5,unknown,G213,train
PRJNA308116,Klebsiella pneumoniae,Pakistan,2015,,,Homo sapiens,unknown,unknown,not_curated,,,,SAMN10086689,1,R,CLSI,,5.0,0.0,1.0,1.0,0.0,7.0,0.0,1.0,1.0,0.0,3.0,0.0,1.0,1.0,0.0,4.0,0.0,1.0,1.0,0.0,6.0,0.0,1.0,1.0,0.0,5,unknown,G215,train
PRJNA308116,Klebsiella pneumoniae,Pakistan,2016,,,Homo sapiens,unknown,unknown,not_curated,,,,SAMN10086696,1,R,CLSI,,5.0,0.0,1.0,1.0,0.0,7.0,0.0,1.0,1.0,0.0,3.0,0.0,1.0,1.0,0.0,4.0,0.0,1.0,1.0,0.0,6.0,0.0,1.0,1.0,0.0,5,unknown,G216,train
PRJNA308116,Klebsiella pneumoniae,Pakistan,1998,,,Homo sapiens,unknown,unknown,not_curated,,,,SAMN10086697,0,S,CLSI,,-1.0,1.0,0.0,1.0,0.0,0.0,1.0,0.0,1.0,0.0,-2.0,1.0,0.0,1.0,0.0,-2.0,1.0,0.0,1.0,0.0,0.0,1.0,0.0,1.0,0.0,5,unknown,G217,train
PRJNA308116,Klebsiella pneumoniae,Pakistan,2016,,,Homo sapiens,unknown,unknown,not_curated,,,,SAMN10086698,1,R,CLSI,,5.0,0.0,1.0,1.0,0.0,7.0,0.0,1.0,1.0,0.0,3.0,0.0,1.0,1.0,0.0,4.0,0.0,1.0,1.0,0.0,6.0,0.0,1.0,1.0,0.0,5,unknown,G218,train
PRJNA308116,Klebsiella pneumoniae,Pakistan,2016,,,Homo sapiens,unknown,unknown,not_curated,,,,SAMN10086700,1,R,CLSI,,5.0,0.0,1.0,1.0,0.0,7.0,0.0,1.0,1.0,0.0,3.0,0.0,1.0,1.0,0.0,4.0,0.0,1.0,1.0,0.0,6.0,0.0,1.0,1.0,0.0,5,unknown,G219,train
PRJNA308116,Klebsiella pneumoniae,Pakistan,2015,,,Homo sapiens,unknown,unknown,not_curated,,,,SAMN10086702,1,R,CLSI,,5.0,0.0,1.0,1.0,0.0,7.0,0.0,1.0,1.0,0.0,2.0,0.0,0.0,0.0,0.0,4.0,0.0,1.0,1.0,0.0,6.0,0.0,1.0,1.0,0.0,5,unknown,G220,train
PRJNA308116,Klebsiella pneumoniae,Pakistan,2015,,,Homo sapiens,unknown,unknown,not_curated,,,,SAMN10086705,1,R,CLSI,,5.0,0.0,1.0,1.0,0.0,7.0,0.0,1.0,1.0,0.0,3.0,0.0,1.0,1.0,0.0,4.0,0.0,1.0,1.0,0.0,6.0,0.0,1.0,1.0,0.0,5,unknown,G223,train
PRJNA308116,Klebsiella pneumoniae,Pakistan,2016,,,Homo sapiens,unknown,unknown,not_curated,,,,SAMN10086734,1,R,CLSI,,5.0,0.0,1.0,1.0,0.0,7.0,0.0,1.0,1.0,0.0,3.0,0.0,1.0,1.0,0.0,4.0,0.0,1.0,1.0,0.0,6.0,0.0,1.0,1.0,0.0,5,unknown,G224,train
PRJNA308116,Klebsiella pneumoniae,Pakistan,2015,,,Homo sapiens,unknown,unknown,not_curated,,,,SAMN10086737,1,R,CLSI,,5.0,0.0,1.0,1.0,0.0,7.0,0.0,0.0,0.0,0.0,0.0,0.0,0.0,0.0,0.0,-2.0,1.0,0.0,1.0,0.0,0.0,1.0,0.0,1.0,0.0,5,unknown,G225,train
PRJNA308116,Klebsiella pneumoniae,Pakistan,2015,,,Homo sapiens,unknown,unknown,not_curated,,,,SAMN10086747,1,R,CLSI,,5.0,0.0,1.0,1.0,0.0,7.0,0.0,1.0,1.0,0.0,3.0,0.0,1.0,1.0,0.0,4.0,0.0,1.0,1.0,0.0,6.0,0.0,1.0,1.0,0.0,5,unknown,G231,train
PRJNA308116,Klebsiella pneumoniae,Pakistan,2004,,,Homo sapiens,unknown,unknown,not_curated,,,,SAMN10086795,0,S,CLSI,,-1.0,1.0,0.0,1.0,0.0,0.0,1.0,0.0,1.0,0.0,-2.0,1.0,0.0,1.0,0.0,-2.0,1.0,0.0,1.0,0.0,0.0,1.0,0.0,1.0,0.0,5,unknown,G232,train
PRJNA308116,Klebsiella pneumoniae,Pakistan,2004,,,Homo sapiens,unknown,unknown,not_curated,,,,SAMN10086807,0,S,CLSI,,5.0,0.0,1.0,1.0,0.0,7.0,0.0,1.0,1.0,0.0,3.0,0.0,1.0,1.0,0.0,4.0,0.0,1.0,1.0,0.0,5.0,0.0,0.0,0.0,0.0,5,unknown,G233,train
PRJNA308116,Klebsiella pneumoniae,Pakistan,2016,,,Homo sapiens,unknown,unknown,not_curated,,,,SAMN10086809,1,R,CLSI,,5.0,0.0,1.0,1.0,0.0,7.0,0.0,1.0,1.0,0.0,3.0,0.0,1.0,1.0,0.0,4.0,0.0,1.0,1.0,0.0,6.0,0.0,1.0,1.0,0.0,5,unknown,G234,train
PRJNA308116,Klebsiella pneumoniae,Pakistan,1998,,,Homo sapiens,unknown,unknown,not_curated,,,,SAMN10086822,0,S,CLSI,,-1.0,1.0,0.0,1.0,0.0,0.0,1.0,0.0,1.0,0.0,-2.0,1.0,0.0,1.0,0.0,-2.0,1.0,0.0,1.0,0.0,0.0,1.0,0.0,1.0,0.0,5,unknown,G237,train
PRJNA308116,Klebsiella pneumoniae,Pakistan,2004,,,Homo sapiens,unknown,unknown,not_curated,,,,SAMN10086824,0,S,CLSI,,-1.0,1.0,0.0,1.0,0.0,0.0,1.0,0.0,1.0,0.0,-2.0,1.0,0.0,1.0,0.0,-2.0,1.0,0.0,1.0,0.0,0.0,1.0,0.0,1.0,0.0,5,unknown,G238,train
PRJNA308116,Klebsiella pneumoniae,Pakistan,2016,,,Homo sapiens,unknown,unknown,not_curated,,,,SAMN10086826,1,R,CLSI,,5.0,0.0,1.0,1.0,0.0,7.0,0.0,1.0,1.0,0.0,0.0,0.0,0.0,0.0,0.0,4.0,0.0,1.0,1.0,0.0,6.0,0.0,1.0,1.0,0.0,5,unknown,G240,train
PRJNA308116,Klebsiella pneumoniae,Pakistan,1998,,,Homo sapiens,unknown,unknown,not_curated,,,,SAMN10086829,0,S,CLSI,,-1.0,1.0,0.0,1.0,0.0,0.0,1.0,0.0,1.0,0.0,-2.0,1.0,0.0,1.0,0.0,-1.0,0.0,0.0,0.0,0.0,0.0,1.0,0.0,1.0,0.0,5,unknown,G243,train
PRJNA529562|PRJNA529587,Klebsiella pneumoniae,Israel,2017-07-21,,,Homo sapiens,unknown,unknown,not_curated,,,,SAMN11270017,0,S,CLSI,,,0.0,0.0,0.0,1.0,3.0,0.0,0.0,0.0,0.0,0.0,0.0,0.0,0.0,0.0,0.0,1.0,0.0,0.0,0.0,1.0,1.0,0.0,0.0,0.0,4,unknown,G245,train
PRJNA529562|PRJNA529587,Klebsiella pneumoniae,Israel,2017-07-18,,,Homo sapiens,unknown,unknown,not_curated,,,,SAMN11270018,0,S,CLSI,,,0.0,0.0,0.0,1.0,5.0,0.0,0.0,0.0,0.0,1.0,0.0,0.0,0.0,0.0,4.0,0.0,1.0,0.0,0.0,1.0,1.0,0.0,0.0,0.0,4,unknown,G246,train
PRJNA529562|PRJNA529587,Klebsiella pneumoniae,Israel,2017-07-31,,,Homo sapiens,unknown,unknown,not_curated,,,,SAMN11270023,0,S,CLSI,,,0.0,0.0,0.0,1.0,4.0,0.0,0.0,0.0,0.0,1.0,0.0,0.0,0.0,0.0,0.0,1.0,0.0,0.0,0.0,2.0,0.0,0.0,0.0,0.0,4,unknown,G251,train
PRJNA529562|PRJNA529587,Klebsiella pneumoniae,Israel,2017-09-22,,,Homo sapiens,unknown,unknown,not_curated,,,,SAMN11270025,0,S,CLSI,,,0.0,0.0,0.0,1.0,-1.0,0.0,0.0,0.0,0.0,0.0,0.0,0.0,0.0,0.0,4.0,0.0,1.0,0.0,0.0,1.0,1.0,0.0,0.0,0.0,4,unknown,G253,train
PRJNA529562|PRJNA529587,Klebsiella pneumoniae,Israel,2017-09-22,,,Homo sapiens,unknown,unknown,not_curated,,,,SAMN11270026,0,S,CLSI,,,0.0,0.0,0.0,1.0,5.0,0.0,0.0,0.0,0.0,2.0,0.0,1.0,0.0,0.0,0.0,1.0,0.0,0.0,0.0,1.0,1.0,0.0,0.0,0.0,4,unknown,G254,train
PRJNA529562|PRJNA529587,Klebsiella pneumoniae,Israel,2017-09-22,,,Homo sapiens,unknown,unknown,not_curated,,,,SAMN11270027,0,S,CLSI,,,0.0,0.0,0.0,1.0,6.0,0.0,1.0,0.0,0.0,0.0,0.0,0.0,0.0,0.0,0.0,1.0,0.0,0.0,0.0,1.0,1.0,0.0,0.0,0.0,4,unknown,G255,train
PRJNA529562|PRJNA529587,Klebsiella pneumoniae,Israel,2017-08-25,,,Homo sapiens,unknown,unknown,not_curated,,,,SAMN11270031,0,S,CLSI,,,0.0,0.0,0.0,1.0,3.0,0.0,0.0,0.0,0.0,-2.0,1.0,0.0,0.0,0.0,0.0,1.0,0.0,0.0,0.0,1.0,1.0,0.0,0.0,0.0,4,unknown,G259,train
PRJNA529562|PRJNA529587,Klebsiella pneumoniae,Israel,2017-08-11,,,Homo sapiens,unknown,unknown,not_curated,,,,SAMN11270033,0,S,CLSI,,,0.0,0.0,0.0,1.0,5.0,0.0,0.0,0.0,0.0,-2.0,1.0,0.0,0.0,0.0,0.0,1.0,0.0,0.0,0.0,1.0,1.0,0.0,0.0,0.0,4,unknown,G261,train
PRJNA529562|PRJNA529587,Klebsiella pneumoniae,Israel,2017-08-11,,,Homo sapiens,unknown,unknown,not_curated,,,,SAMN11270034,0,S,CLSI,,,0.0,0.0,0.0,1.0,5.0,0.0,0.0,0.0,0.0,-1.0,1.0,0.0,0.0,0.0,0.0,1.0,0.0,0.0,0.0,1.0,1.0,0.0,0.0,0.0,4,unknown,G262,train
PRJNA587095,Klebsiella pneumoniae,USA,2017-10-14,,,Homo sapiens,unknown,unknown,not_curated,,,,SAMN13176255,0,S,CLSI,,0.0,1.0,0.0,0.0,0.0,0.0,1.0,0.0,0.0,0.0,-2.0,1.0,0.0,0.0,0.0,0.0,1.0,0.0,0.0,0.0,1.0,1.0,0.0,0.0,0.0,5,unknown,G266,train
PRJNA726009,Klebsiella pneumoniae,China,2021-01-06,,,Homo sapiens,unknown,unknown,not_curated,,,,SAMN18917856,0,S,CLSI,,4.0,0.0,1.0,1.0,0.0,4.0,0.0,1.0,1.0,0.0,1.0,0.0,1.0,1.0,0.0,1.0,1.0,0.0,0.0,0.0,3.0,1.0,0.0,0.0,0.0,5,unknown,G267,train
PRJNA861833,Klebsiella pneumoniae,South Africa,2019-07-11,,,Homo sapiens,unknown,unknown,not_curated,,,,SAMN29928034,1,R,CLSI,,3.0,0.0,1.0,1.0,0.0,4.0,0.0,1.0,1.0,0.0,1.0,0.0,1.0,1.0,0.0,3.0,0.0,1.0,1.0,0.0,5.0,0.0,1.0,1.0,0.0,5,unknown,G269,train
PRJNA861833,Klebsiella pneumoniae,South Africa,2019-11-07,,,Homo sapiens,unknown,unknown,not_curated,,,,SAMN29928035,1,R,CLSI,,3.0,0.0,1.0,1.0,0.0,4.0,0.0,1.0,1.0,0.0,1.0,0.0,1.0,1.0,0.0,3.0,0.0,1.0,1.0,0.0,4.0,1.0,0.0,0.0,0.0,5,unknown,G270,train
PRJNA861833,Klebsiella pneumoniae,South Africa,2019-09-26,,,Homo sapiens,unknown,unknown,not_curated,,,,SAMN29928037,1,R,CLSI,,3.0,0.0,1.0,1.0,0.0,4.0,0.0,1.0,1.0,0.0,1.0,0.0,1.0,1.0,0.0,2.0,1.0,0.0,0.0,0.0,4.0,1.0,0.0,0.0,0.0,5,unknown,G272,train
PRJNA288601,Klebsiella pneumoniae,USA,2022,,,Homo sapiens,unknown,unknown,not_curated,,,,SAMN31774407,1,R,CLSI,,4.0,0.0,0.0,0.0,0.0,4.0,0.0,1.0,1.0,0.0,0.0,0.0,0.0,0.0,0.0,1.0,1.0,0.0,0.0,0.0,3.0,1.0,0.0,0.0,0.0,5,unknown,G274,train
PRJNA953359,Klebsiella pneumoniae,USA,2020,,,Homo sapiens,unknown,unknown,not_curated,,,,SAMN34111336,1,R,CLSI,,5.0,0.0,1.0,1.0,0.0,7.0,0.0,0.0,0.0,0.0,,0.0,0.0,0.0,1.0,,0.0,0.0,0.0,1.0,3.0,0.0,0.0,0.0,0.0,3,unknown,G275,train
PRJNA953359,Klebsiella pneumoniae,USA,2020,,,Homo sapiens,unknown,unknown,not_curated,,,,SAMN34111340,1,R,CLSI,,5.0,0.0,1.0,1.0,0.0,7.0,0.0,1.0,1.0,0.0,,0.0,0.0,0.0,1.0,,0.0,0.0,0.0,1.0,6.0,0.0,1.0,1.0,0.0,3,unknown,G276,train
PRJNA278886,Klebsiella pneumoniae,USA,2023,,,Homo sapiens,unknown,unknown,not_curated,,,,SAMN35159565,0,S,CLSI,,5.0,0.0,0.0,0.0,0.0,6.0,0.0,1.0,0.0,0.0,2.0,0.0,1.0,0.0,0.0,4.0,0.0,1.0,0.0,0.0,1.0,1.0,0.0,0.0,0.0,5,unknown,G279,train
PRJNA278886,Klebsiella pneumoniae,USA,2023,,,Homo sapiens,unknown,unknown,not_curated,,,,SAMN35159566,0,S,CLSI,,1.0,0.0,0.0,0.0,0.0,4.0,0.0,0.0,0.0,0.0,2.0,0.0,1.0,0.0,0.0,4.0,0.0,1.0,0.0,0.0,2.0,0.0,0.0,0.0,0.0,5,unknown,G280,train
PRJNA278886,Klebsiella pneumoniae,USA,2023,,,Homo sapiens,unknown,unknown,not_curated,,,,SAMN35159568,0,S,CLSI,,2.0,0.0,0.0,0.0,0.0,4.0,0.0,0.0,0.0,0.0,2.0,0.0,1.0,0.0,0.0,4.0,0.0,1.0,0.0,0.0,2.0,0.0,0.0,0.0,0.0,5,unknown,G282,train
PRJNA278886,Klebsiella pneumoniae,USA,2023,,,Homo sapiens,unknown,unknown,not_curated,,,,SAMN35159570,1,R,CLSI,,6.0,0.0,1.0,0.0,0.0,6.0,0.0,1.0,0.0,0.0,2.0,0.0,1.0,0.0,0.0,4.0,0.0,1.0,0.0,0.0,4.0,0.0,0.0,0.0,0.0,5,unknown,G283,train
PRJNA278886,Klebsiella pneumoniae,USA,2023,,,Homo sapiens,unknown,unknown,not_curated,,,,SAMN35159577,0,S,CLSI,,1.0,0.0,0.0,0.0,0.0,4.0,0.0,0.0,0.0,0.0,-1.0,0.0,0.0,0.0,0.0,4.0,0.0,1.0,0.0,0.0,1.0,1.0,0.0,0.0,0.0,5,unknown,G285,train
PRJNA278886,Klebsiella pneumoniae,USA,2023,,,Homo sapiens,unknown,unknown,not_curated,,,,SAMN35159578,0,S,CLSI,,1.0,0.0,0.0,0.0,0.0,4.0,0.0,0.0,0.0,0.0,3.0,0.0,1.0,0.0,0.0,4.0,0.0,1.0,0.0,0.0,1.0,1.0,0.0,0.0,0.0,5,unknown,G286,train
PRJNA278886,Klebsiella pneumoniae,USA,2023,,,Homo sapiens,unknown,unknown,not_curated,,,,SAMN35159581,1,R,CLSI,,6.0,0.0,1.0,0.0,0.0,6.0,0.0,1.0,0.0,0.0,2.0,0.0,1.0,0.0,0.0,4.0,0.0,1.0,0.0,0.0,6.0,0.0,1.0,0.0,0.0,5,unknown,G288,train
PRJNA278886,Klebsiella pneumoniae,USA,2023,,,Homo sapiens,unknown,unknown,not_curated,,,,SAMN35159582,0,S,CLSI,,1.0,0.0,0.0,0.0,0.0,4.0,0.0,0.0,0.0,0.0,2.0,0.0,1.0,0.0,0.0,4.0,0.0,1.0,0.0,0.0,1.0,1.0,0.0,0.0,0.0,5,unknown,G289,train
PRJNA278886,Klebsiella pneumoniae,USA,2023,,,Homo sapiens,unknown,unknown,not_curated,,,,SAMN35159584,0,S,CLSI,,1.0,0.0,0.0,0.0,0.0,3.0,0.0,0.0,0.0,0.0,1.0,0.0,0.0,0.0,0.0,4.0,0.0,1.0,0.0,0.0,1.0,1.0,0.0,0.0,0.0,5,unknown,G290,train
PRJNA278886,Klebsiella pneumoniae,USA,2023,,,Homo sapiens,unknown,unknown,not_curated,,,,SAMN35159586,0,S,CLSI,,1.0,0.0,0.0,0.0,0.0,2.0,0.0,0.0,0.0,0.0,1.0,0.0,0.0,0.0,0.0,4.0,0.0,1.0,0.0,0.0,1.0,1.0,0.0,0.0,0.0,5,unknown,G291,train
PRJNA278886,Klebsiella pneumoniae,USA,2023,,,Homo sapiens,unknown,unknown,not_curated,,,,SAMN35159587,0,S,CLSI,,1.0,0.0,0.0,0.0,0.0,2.0,0.0,0.0,0.0,0.0,1.0,0.0,0.0,0.0,0.0,4.0,0.0,1.0,0.0,0.0,1.0,1.0,0.0,0.0,0.0,5,unknown,G292,train
PRJNA278886,Klebsiella pneumoniae,USA,2023,,,Homo sapiens,unknown,unknown,not_curated,,,,SAMN35159588,0,S,CLSI,,1.0,0.0,0.0,0.0,0.0,2.0,0.0,0.0,0.0,0.0,0.0,0.0,0.0,0.0,0.0,0.0,1.0,0.0,0.0,0.0,1.0,1.0,0.0,0.0,0.0,5,unknown,G293,train
PRJNA278886,Klebsiella pneumoniae,USA,2023,,,Homo sapiens,unknown,unknown,not_curated,,,,SAMN35159589,0,S,CLSI,,0.0,1.0,0.0,0.0,0.0,0.0,1.0,0.0,0.0,0.0,-2.0,1.0,0.0,0.0,0.0,0.0,1.0,0.0,0.0,0.0,1.0,1.0,0.0,0.0,0.0,5,unknown,G294,train
PRJNA278886,Klebsiella pneumoniae,USA,2023,,,Homo sapiens,unknown,unknown,not_curated,,,,SAMN35159590,0,S,CLSI,,5.0,0.0,0.0,0.0,0.0,4.0,0.0,0.0,0.0,0.0,3.0,0.0,1.0,0.0,0.0,-1.0,1.0,0.0,0.0,0.0,1.0,1.0,0.0,0.0,0.0,5,unknown,G295,train
PRJNA278886,Klebsiella pneumoniae,USA,2023,,,Homo sapiens,unknown,unknown,not_curated,,,,SAMN35159591,0,S,CLSI,,0.0,1.0,0.0,0.0,0.0,2.0,0.0,0.0,0.0,0.0,2.0,0.0,1.0,0.0,0.0,0.0,1.0,0.0,0.0,0.0,1.0,1.0,0.0,0.0,0.0,5,unknown,G296,train
PRJNA278886,Klebsiella pneumoniae,USA,2022,,,Homo sapiens,unknown,unknown,not_curated,,,,SAMN35159592,0,S,CLSI,,6.0,0.0,1.0,0.0,0.0,6.0,0.0,1.0,0.0,0.0,-1.0,0.0,0.0,0.0,0.0,0.0,1.0,0.0,0.0,0.0,1.0,1.0,0.0,0.0,0.0,5,unknown,G297,train
PRJNA278886,Klebsiella pneumoniae,USA,2022,,,Homo sapiens,unknown,unknown,not_curated,,,,SAMN35159593,1,R,CLSI,,6.0,0.0,1.0,0.0,0.0,6.0,0.0,1.0,0.0,0.0,-2.0,1.0,0.0,0.0,0.0,4.0,0.0,1.0,0.0,0.0,4.0,0.0,0.0,0.0,0.0,5,unknown,G298,train
PRJNA278886,Klebsiella pneumoniae,USA,2022,,,Homo sapiens,unknown,unknown,not_curated,,,,SAMN35159599,0,S,CLSI,,1.0,0.0,0.0,0.0,0.0,4.0,0.0,0.0,0.0,0.0,-2.0,1.0,0.0,0.0,0.0,4.0,0.0,1.0,0.0,0.0,2.0,0.0,0.0,0.0,0.0,5,unknown,G302,train
PRJNA278886,Klebsiella pneumoniae,USA,2022,,,Homo sapiens,unknown,unknown,not_curated,,,,SAMN35159600,0,S,CLSI,,2.0,0.0,0.0,0.0,0.0,4.0,0.0,0.0,0.0,0.0,2.0,0.0,1.0,0.0,0.0,0.0,1.0,0.0,0.0,0.0,1.0,1.0,0.0,0.0,0.0,5,unknown,G303,train
PRJNA278886,Klebsiella pneumoniae,USA,2022,,,Homo sapiens,unknown,unknown,not_curated,,,,SAMN35159602,1,R,CLSI,,6.0,0.0,1.0,0.0,0.0,4.0,0.0,0.0,0.0,0.0,2.0,0.0,1.0,0.0,0.0,4.0,0.0,1.0,0.0,0.0,6.0,0.0,1.0,0.0,0.0,5,unknown,G305,train
PRJNA278886,Klebsiella pneumoniae,USA,2022,,,Homo sapiens,unknown,unknown,not_curated,,,,SAMN35159607,0,S,CLSI,,3.0,0.0,0.0,0.0,0.0,6.0,0.0,1.0,0.0,0.0,-2.0,1.0,0.0,0.0,0.0,0.0,1.0,0.0,0.0,0.0,1.0,1.0,0.0,0.0,0.0,5,unknown,G307,train
PRJNA278886,Klebsiella pneumoniae,USA,2022,,,Homo sapiens,unknown,unknown,not_curated,,,,SAMN35159612,1,R,CLSI,,3.0,0.0,0.0,0.0,0.0,6.0,0.0,1.0,0.0,0.0,0.0,0.0,0.0,0.0,0.0,0.0,1.0,0.0,0.0,0.0,3.0,0.0,0.0,0.0,0.0,5,unknown,G309,train
PRJNA278886,Klebsiella pneumoniae,USA,2022,,,Homo sapiens,unknown,unknown,not_curated,,,,SAMN35159614,0,S,CLSI,,5.0,0.0,0.0,0.0,0.0,2.0,0.0,0.0,0.0,0.0,2.0,0.0,1.0,0.0,0.0,4.0,0.0,1.0,0.0,0.0,1.0,1.0,0.0,0.0,0.0,5,unknown,G311,train
PRJNA278886,Klebsiella pneumoniae,USA,2021,,,Homo sapiens,unknown,unknown,not_curated,,,,SAMN35159615,1,R,CLSI,,4.0,0.0,0.0,0.0,0.0,0.0,1.0,0.0,0.0,0.0,0.0,0.0,0.0,0.0,0.0,2.0,0.0,0.0,0.0,0.0,4.0,0.0,0.0,0.0,0.0,5,unknown,G312,train
PRJNA278886,Klebsiella pneumoniae,USA,2022,,,Homo sapiens,unknown,unknown,not_curated,,,,SAMN35159619,0,S,CLSI,,0.0,1.0,0.0,0.0,0.0,6.0,0.0,1.0,0.0,0.0,2.0,0.0,1.0,0.0,0.0,0.0,1.0,0.0,0.0,0.0,1.0,1.0,0.0,0.0,0.0,5,unknown,G314,train
PRJNA278886,Klebsiella pneumoniae,USA,2022,,,Homo sapiens,unknown,unknown,not_curated,,,,SAMN35159622,0,S,CLSI,,3.0,0.0,0.0,0.0,0.0,6.0,0.0,1.0,0.0,0.0,1.0,0.0,0.0,0.0,0.0,4.0,0.0,1.0,0.0,0.0,3.0,0.0,0.0,0.0,0.0,5,unknown,G317,train
PRJNA278886,Klebsiella pneumoniae,USA,2022,,,Homo sapiens,unknown,unknown,not_curated,,,,SAMN35159623,0,S,CLSI,,5.0,0.0,0.0,0.0,0.0,4.0,0.0,0.0,0.0,0.0,0.0,0.0,0.0,0.0,0.0,0.0,1.0,0.0,0.0,0.0,1.0,1.0,0.0,0.0,0.0,5,unknown,G318,train
PRJNA278886,Klebsiella pneumoniae,USA,2022,,,Homo sapiens,unknown,unknown,not_curated,,,,SAMN35159624,0,S,CLSI,,3.0,0.0,0.0,0.0,0.0,6.0,0.0,1.0,0.0,0.0,1.0,0.0,0.0,0.0,0.0,4.0,0.0,1.0,0.0,0.0,3.0,0.0,0.0,0.0,0.0,5,unknown,G319,train
PRJNA278886,Klebsiella pneumoniae,USA,2022,,,Homo sapiens,unknown,unknown,not_curated,,,,SAMN35159632,0,S,CLSI,,2.0,0.0,0.0,0.0,0.0,4.0,0.0,0.0,0.0,0.0,2.0,0.0,1.0,0.0,0.0,4.0,0.0,1.0,0.0,0.0,1.0,1.0,0.0,0.0,0.0,5,unknown,G323,train
PRJNA278886,Klebsiella pneumoniae,USA,2022,,,Homo sapiens,unknown,unknown,not_curated,,,,SAMN35159634,0,S,CLSI,,1.0,0.0,0.0,0.0,0.0,6.0,0.0,1.0,0.0,0.0,2.0,0.0,1.0,0.0,0.0,3.0,0.0,0.0,0.0,0.0,1.0,1.0,0.0,0.0,0.0,5,unknown,G325,train
PRJNA278886,Klebsiella pneumoniae,USA,2022,,,Homo sapiens,unknown,unknown,not_curated,,,,SAMN35159636,0,S,CLSI,,6.0,0.0,1.0,0.0,0.0,6.0,0.0,1.0,0.0,0.0,2.0,0.0,1.0,0.0,0.0,4.0,0.0,1.0,0.0,0.0,1.0,1.0,0.0,0.0,0.0,5,unknown,G327,train
PRJNA278886,Klebsiella pneumoniae,USA,2022,,,Homo sapiens,unknown,unknown,not_curated,,,,SAMN35159638,1,R,CLSI,,6.0,0.0,1.0,0.0,0.0,6.0,0.0,1.0,0.0,0.0,2.0,0.0,1.0,0.0,0.0,2.0,0.0,0.0,0.0,0.0,1.0,1.0,0.0,0.0,0.0,5,unknown,G329,train
PRJNA278886,Klebsiella pneumoniae,USA,2022,,,Homo sapiens,unknown,unknown,not_curated,,,,SAMN35159640,0,S,CLSI,,6.0,0.0,1.0,0.0,0.0,6.0,0.0,1.0,0.0,0.0,2.0,0.0,1.0,0.0,0.0,4.0,0.0,1.0,0.0,0.0,2.0,0.0,0.0,0.0,0.0,5,unknown,G331,train
PRJNA278886,Klebsiella pneumoniae,USA,2022,,,Homo sapiens,unknown,unknown,not_curated,,,,SAMN35159642,0,S,CLSI,,1.0,0.0,0.0,0.0,0.0,4.0,0.0,0.0,0.0,0.0,2.0,0.0,1.0,0.0,0.0,4.0,0.0,1.0,0.0,0.0,1.0,1.0,0.0,0.0,0.0,5,unknown,G332,train
PRJNA278886,Klebsiella pneumoniae,USA,2022,,,Homo sapiens,unknown,unknown,not_curated,,,,SAMN35159643,0,S,CLSI,,6.0,0.0,1.0,0.0,0.0,6.0,0.0,1.0,0.0,0.0,2.0,0.0,1.0,0.0,0.0,4.0,0.0,1.0,0.0,0.0,2.0,0.0,0.0,0.0,0.0,5,unknown,G333,train
PRJNA278886,Klebsiella pneumoniae,USA,2022,,,Homo sapiens,unknown,unknown,not_curated,,,,SAMN35159650,0,S,CLSI,,4.0,0.0,0.0,0.0,0.0,6.0,0.0,1.0,0.0,0.0,-2.0,1.0,0.0,0.0,0.0,0.0,1.0,0.0,0.0,0.0,1.0,1.0,0.0,0.0,0.0,5,unknown,G338,train
PRJNA278886,Klebsiella pneumoniae,USA,2022,,,Homo sapiens,unknown,unknown,not_curated,,,,SAMN35159653,0,S,CLSI,,1.0,0.0,0.0,0.0,0.0,3.0,0.0,0.0,0.0,0.0,0.0,0.0,0.0,0.0,0.0,0.0,1.0,0.0,0.0,0.0,1.0,1.0,0.0,0.0,0.0,5,unknown,G341,train
PRJNA278886,Klebsiella pneumoniae,USA,2022,,,Homo sapiens,unknown,unknown,not_curated,,,,SAMN35159654,0,S,CLSI,,0.0,1.0,0.0,0.0,0.0,2.0,0.0,0.0,0.0,0.0,-2.0,1.0,0.0,0.0,0.0,0.0,1.0,0.0,0.0,0.0,1.0,1.0,0.0,0.0,0.0,5,unknown,G342,train
PRJNA278886,Klebsiella pneumoniae,USA,2022,,,Homo sapiens,unknown,unknown,not_curated,,,,SAMN35159657,1,R,CLSI,,2.0,0.0,0.0,0.0,0.0,6.0,0.0,1.0,0.0,0.0,-2.0,1.0,0.0,0.0,0.0,0.0,1.0,0.0,0.0,0.0,1.0,1.0,0.0,0.0,0.0,5,unknown,G343,train
PRJNA278886,Klebsiella pneumoniae,USA,2022,,,Homo sapiens,unknown,unknown,not_curated,,,,SAMN35159660,0,S,CLSI,,0.0,1.0,0.0,0.0,0.0,0.0,1.0,0.0,0.0,0.0,2.0,0.0,1.0,0.0,0.0,0.0,1.0,0.0,0.0,0.0,1.0,1.0,0.0,0.0,0.0,5,unknown,G345,train
PRJNA278886,Klebsiella pneumoniae,USA,2022,,,Homo sapiens,unknown,unknown,not_curated,,,,SAMN35159670,0,S,CLSI,,5.0,0.0,0.0,0.0,0.0,4.0,0.0,0.0,0.0,0.0,0.0,0.0,0.0,0.0,0.0,0.0,1.0,0.0,0.0,0.0,1.0,1.0,0.0,0.0,0.0,5,unknown,G350,train
PRJNA278886,Klebsiella pneumoniae,USA,2022,,,Homo sapiens,unknown,unknown,not_curated,,,,SAMN35159672,0,S,CLSI,,1.0,0.0,0.0,0.0,0.0,3.0,0.0,0.0,0.0,0.0,1.0,0.0,0.0,0.0,0.0,4.0,0.0,1.0,0.0,0.0,1.0,1.0,0.0,0.0,0.0,5,unknown,G351,train
PRJNA278886,Klebsiella pneumoniae,USA,2022,,,Homo sapiens,unknown,unknown,not_curated,,,,SAMN35159674,0,S,CLSI,,1.0,0.0,0.0,0.0,0.0,2.0,0.0,0.0,0.0,0.0,0.0,0.0,0.0,0.0,0.0,4.0,0.0,1.0,0.0,0.0,1.0,1.0,0.0,0.0,0.0,5,unknown,G352,train
PRJNA278886,Klebsiella pneumoniae,USA,2023,,,Homo sapiens,unknown,unknown,not_curated,,,,SAMN35159678,0,S,CLSI,,0.0,1.0,0.0,0.0,0.0,1.0,0.0,0.0,0.0,0.0,-1.0,0.0,0.0,0.0,0.0,0.0,1.0,0.0,0.0,0.0,1.0,1.0,0.0,0.0,0.0,5,unknown,G355,train
PRJNA278886,Klebsiella pneumoniae,USA,2023,,,Homo sapiens,unknown,unknown,not_curated,,,,SAMN35159679,0,S,CLSI,,0.0,1.0,0.0,0.0,0.0,3.0,0.0,0.0,0.0,0.0,2.0,0.0,1.0,0.0,0.0,4.0,0.0,1.0,0.0,0.0,1.0,1.0,0.0,0.0,0.0,5,unknown,G356,train
PRJNA278886,Klebsiella pneumoniae,USA,2023,,,Homo sapiens,unknown,unknown,not_curated,,,,SAMN35159681,0,S,CLSI,,6.0,0.0,1.0,0.0,0.0,6.0,0.0,1.0,0.0,0.0,1.0,0.0,0.0,0.0,0.0,0.0,1.0,0.0,0.0,0.0,2.0,0.0,0.0,0.0,0.0,5,unknown,G358,train
PRJNA278886,Klebsiella pneumoniae,USA,2022,,,Homo sapiens,unknown,unknown,not_curated,,,,SAMN35219273,0,S,CLSI,,0.0,1.0,0.0,0.0,0.0,0.0,1.0,0.0,0.0,0.0,-2.0,1.0,0.0,0.0,0.0,0.0,1.0,0.0,0.0,0.0,1.0,1.0,0.0,0.0,0.0,5,unknown,G360,train
PRJNA278886,Klebsiella pneumoniae,USA,2022,,,Homo sapiens,unknown,unknown,not_curated,,,,SAMN35219277,0,S,CLSI,,2.0,0.0,0.0,0.0,0.0,3.0,0.0,0.0,0.0,0.0,2.0,0.0,1.0,0.0,0.0,0.0,1.0,0.0,0.0,0.0,1.0,1.0,0.0,0.0,0.0,5,unknown,G363,train
PRJNA278886,Klebsiella pneumoniae,USA,2023,,,Homo sapiens,unknown,unknown,not_curated,,,,SAMN36726405,0,S,CLSI,,1.0,0.0,0.0,0.0,0.0,3.0,0.0,0.0,0.0,0.0,3.0,0.0,1.0,0.0,0.0,0.0,1.0,0.0,0.0,0.0,1.0,1.0,0.0,0.0,0.0,5,unknown,G364,train
PRJNA278886,Klebsiella pneumoniae,USA,2023,,,Homo sapiens,unknown,unknown,not_curated,,,,SAMN36727284,0,S,CLSI,,1.0,0.0,0.0,0.0,0.0,3.0,0.0,0.0,0.0,0.0,,0.0,0.0,0.0,1.0,0.0,1.0,0.0,0.0,0.0,1.0,1.0,0.0,0.0,0.0,4,unknown,G365,train
PRJNA278886,Klebsiella pneumoniae,USA,2023,,,Homo sapiens,unknown,unknown,not_curated,,,,SAMN36727322,0,S,CLSI,,1.0,0.0,0.0,0.0,0.0,4.0,0.0,0.0,0.0,0.0,0.0,0.0,0.0,0.0,0.0,0.0,1.0,0.0,0.0,0.0,1.0,1.0,0.0,0.0,0.0,5,unknown,G366,train
PRJNA278886,Klebsiella pneumoniae,USA,2023,,,Homo sapiens,unknown,unknown,not_curated,,,,SAMN36728899,0,S,CLSI,,1.0,0.0,0.0,0.0,0.0,2.0,0.0,0.0,0.0,0.0,-1.0,0.0,0.0,0.0,0.0,0.0,1.0,0.0,0.0,0.0,1.0,1.0,0.0,0.0,0.0,5,unknown,G368,train
PRJNA278886,Klebsiella pneumoniae,USA,2023,,,Homo sapiens,unknown,unknown,not_curated,,,,SAMN36729175,0,S,CLSI,,1.0,0.0,0.0,0.0,0.0,3.0,0.0,0.0,0.0,0.0,-2.0,1.0,0.0,0.0,0.0,0.0,1.0,0.0,0.0,0.0,1.0,1.0,0.0,0.0,0.0,5,unknown,G369,train
PRJNA278886,Klebsiella pneumoniae,USA,2023,,,Homo sapiens,unknown,unknown,not_curated,,,,SAMN36729193,0,S,CLSI,,6.0,0.0,1.0,0.0,0.0,6.0,0.0,1.0,0.0,0.0,1.0,0.0,0.0,0.0,0.0,0.0,1.0,0.0,0.0,0.0,1.0,1.0,0.0,0.0,0.0,5,unknown,G370,train
PRJNA278886,Klebsiella pneumoniae,USA,2023,,,Homo sapiens,unknown,unknown,not_curated,,,,SAMN36892861,0,S,CLSI,,1.0,0.0,0.0,0.0,0.0,6.0,0.0,1.0,0.0,0.0,2.0,0.0,1.0,0.0,0.0,0.0,1.0,0.0,0.0,0.0,1.0,1.0,0.0,0.0,0.0,5,unknown,G371,train
PRJNA278886,Klebsiella pneumoniae,USA,2023,,,Homo sapiens,unknown,unknown,not_curated,,,,SAMN36892889,0,S,CLSI,,1.0,0.0,0.0,0.0,0.0,4.0,0.0,0.0,0.0,0.0,1.0,0.0,0.0,0.0,0.0,4.0,0.0,1.0,0.0,0.0,1.0,1.0,0.0,0.0,0.0,5,unknown,G373,train
PRJNA278886,Klebsiella pneumoniae,USA,2023,,,Homo sapiens,unknown,unknown,not_curated,,,,SAMN37516882,0,S,CLSI,,1.0,0.0,0.0,0.0,0.0,4.0,0.0,0.0,0.0,0.0,2.0,0.0,1.0,0.0,0.0,0.0,1.0,0.0,0.0,0.0,1.0,1.0,0.0,0.0,0.0,5,unknown,G374,train
PRJNA278886,Klebsiella pneumoniae,USA,2023,,,Homo sapiens,unknown,unknown,not_curated,,,,SAMN37516894,0,S,CLSI,,1.0,0.0,0.0,0.0,0.0,3.0,0.0,0.0,0.0,0.0,-2.0,1.0,0.0,0.0,0.0,0.0,1.0,0.0,0.0,0.0,1.0,1.0,0.0,0.0,0.0,5,unknown,G377,train
PRJNA278886,Klebsiella pneumoniae,USA,2023,,,Homo sapiens,unknown,unknown,not_curated,,,,SAMN37516898,0,S,CLSI,,1.0,0.0,0.0,0.0,0.0,3.0,0.0,0.0,0.0,0.0,-2.0,1.0,0.0,0.0,0.0,4.0,0.0,1.0,0.0,0.0,1.0,1.0,0.0,0.0,0.0,5,unknown,G378,train
PRJNA278886,Klebsiella pneumoniae,USA,2023,,,Homo sapiens,unknown,unknown,not_curated,,,,SAMN37516907,0,S,CLSI,,0.0,1.0,0.0,0.0,0.0,2.0,0.0,0.0,0.0,0.0,0.0,0.0,0.0,0.0,0.0,0.0,1.0,0.0,0.0,0.0,1.0,1.0,0.0,0.0,0.0,5,unknown,G379,train
PRJNA278886,Klebsiella pneumoniae,USA,2023,,,Homo sapiens,unknown,unknown,not_curated,,,,SAMN37516928,0,S,CLSI,,1.0,0.0,0.0,0.0,0.0,3.0,0.0,0.0,0.0,0.0,0.0,0.0,0.0,0.0,0.0,0.0,1.0,0.0,0.0,0.0,1.0,1.0,0.0,0.0,0.0,5,unknown,G381,train
PRJNA278886,Klebsiella pneumoniae,USA,2023,,,Homo sapiens,unknown,unknown,not_curated,,,,SAMN38228811,0,S,CLSI,,6.0,0.0,1.0,0.0,0.0,6.0,0.0,1.0,0.0,0.0,2.0,0.0,1.0,0.0,0.0,4.0,0.0,1.0,0.0,0.0,1.0,1.0,0.0,0.0,0.0,5,unknown,G384,train
PRJNA278886,Klebsiella pneumoniae,USA,2023,,,Homo sapiens,unknown,unknown,not_curated,,,,SAMN38228812,0,S,CLSI,,4.0,0.0,0.0,0.0,0.0,6.0,0.0,1.0,0.0,0.0,2.0,0.0,1.0,0.0,0.0,4.0,0.0,1.0,0.0,0.0,1.0,1.0,0.0,0.0,0.0,5,unknown,G385,train
PRJNA278886,Klebsiella pneumoniae,USA,2023,,,Homo sapiens,unknown,unknown,not_curated,,,,SAMN38228838,0,S,CLSI,,6.0,0.0,1.0,0.0,0.0,6.0,0.0,1.0,0.0,0.0,2.0,0.0,1.0,0.0,0.0,4.0,0.0,1.0,0.0,0.0,1.0,1.0,0.0,0.0,0.0,5,unknown,G388,train
PRJNA278886,Klebsiella pneumoniae,USA,2023,,,Homo sapiens,unknown,unknown,not_curated,,,,SAMN38228839,0,S,CLSI,,6.0,0.0,1.0,0.0,0.0,4.0,0.0,0.0,0.0,0.0,-1.0,0.0,0.0,0.0,0.0,0.0,1.0,0.0,0.0,0.0,1.0,1.0,0.0,0.0,0.0,5,unknown,G389,train
PRJNA278886,Klebsiella pneumoniae,USA,2023,,,Homo sapiens,unknown,unknown,not_curated,,,,SAMN38228847,0,S,CLSI,,1.0,0.0,0.0,0.0,0.0,2.0,0.0,0.0,0.0,0.0,-2.0,1.0,0.0,0.0,0.0,4.0,0.0,1.0,0.0,0.0,1.0,1.0,0.0,0.0,0.0,5,unknown,G390,train
PRJNA278886,Klebsiella pneumoniae,USA,2023,,,Homo sapiens,unknown,unknown,not_curated,,,,SAMN38228868,0,S,CLSI,,1.0,0.0,0.0,0.0,0.0,3.0,0.0,0.0,0.0,0.0,1.0,0.0,0.0,0.0,0.0,4.0,0.0,1.0,0.0,0.0,1.0,1.0,0.0,0.0,0.0,5,unknown,G392,train
PRJNA278886,Klebsiella pneumoniae,USA,2024,,,Homo sapiens,unknown,unknown,not_curated,,,,SAMN39956415,0,S,CLSI,,0.0,1.0,0.0,0.0,0.0,,0.0,0.0,0.0,1.0,-2.0,1.0,0.0,0.0,0.0,0.0,1.0,0.0,0.0,0.0,1.0,1.0,0.0,0.0,0.0,4,unknown,G393,train
PRJNA278886,Klebsiella pneumoniae,USA,2024,,,Homo sapiens,unknown,unknown,not_curated,,,,SAMN39956422,1,R,CLSI,,6.0,0.0,1.0,0.0,0.0,6.0,0.0,1.0,0.0,0.0,2.0,0.0,1.0,0.0,0.0,0.0,1.0,0.0,0.0,0.0,4.0,0.0,0.0,0.0,0.0,5,unknown,G394,train
PRJNA278886,Klebsiella pneumoniae,USA,2024,,,Homo sapiens,unknown,unknown,not_curated,,,,SAMN40930636,1,R,CLSI,,6.0,0.0,1.0,0.0,0.0,6.0,0.0,1.0,0.0,0.0,-1.0,1.0,0.0,0.0,0.0,-1.0,1.0,0.0,0.0,0.0,1.0,1.0,0.0,0.0,0.0,5,unknown,G395,train
PRJNA278886,Klebsiella pneumoniae,USA,2024,,,Homo sapiens,unknown,unknown,not_curated,,,,SAMN40930641,0,S,CLSI,,0.0,1.0,0.0,0.0,0.0,4.0,0.0,0.0,0.0,0.0,-2.0,1.0,0.0,0.0,0.0,0.0,1.0,0.0,0.0,0.0,1.0,1.0,0.0,0.0,0.0,5,unknown,G396,train
PRJNA278886,Klebsiella pneumoniae,USA,2024,,,Homo sapiens,unknown,unknown,not_curated,,,,SAMN40930668,0,S,CLSI,,2.0,0.0,0.0,0.0,0.0,4.0,0.0,0.0,0.0,0.0,2.0,0.0,1.0,0.0,0.0,4.0,0.0,1.0,0.0,0.0,2.0,0.0,0.0,0.0,0.0,5,unknown,G397,train
PRJNA278886,Klebsiella pneumoniae,USA,2024,,,Homo sapiens,unknown,unknown,not_curated,,,,SAMN41091862,0,S,CLSI,,6.0,0.0,1.0,0.0,0.0,6.0,0.0,1.0,0.0,0.0,0.0,0.0,0.0,0.0,0.0,0.0,1.0,0.0,0.0,0.0,1.0,1.0,0.0,0.0,0.0,5,unknown,G399,train
PRJNA278886,Klebsiella pneumoniae,USA,2024,,,Homo sapiens,unknown,unknown,not_curated,,,,SAMN41091868,1,R,CLSI,,4.0,0.0,0.0,0.0,0.0,3.0,0.0,0.0,0.0,0.0,2.0,0.0,1.0,0.0,0.0,4.0,0.0,1.0,0.0,0.0,4.0,0.0,0.0,0.0,0.0,5,unknown,G400,train
PRJNA1156689,Klebsiella pneumoniae,Nigeria,not applicable,,,Homo sapiens,unknown,unknown,not_curated,,,,SAMN45204667,0,S,CLSI,,6.0,0.0,1.0,0.0,0.0,6.0,0.0,1.0,0.0,0.0,-2.0,1.0,0.0,0.0,0.0,4.0,0.0,1.0,0.0,0.0,1.0,1.0,0.0,0.0,0.0,5,unknown,G403,train
PRJNA1156689,Klebsiella pneumoniae,Nigeria,not applicable,,,Homo sapiens,unknown,unknown,not_curated,,,,SAMN45204686,0,S,CLSI,,1.0,0.0,0.0,0.0,0.0,4.0,0.0,0.0,0.0,0.0,-2.0,1.0,0.0,0.0,0.0,4.0,0.0,1.0,0.0,0.0,1.0,1.0,0.0,0.0,0.0,5,unknown,G405,train
PRJNA1156689,Klebsiella pneumoniae,Nigeria,not applicable,,,Homo sapiens,unknown,unknown,not_curated,,,,SAMN45204696,0,S,CLSI,,0.0,1.0,0.0,0.0,0.0,0.0,1.0,0.0,0.0,0.0,-2.0,1.0,0.0,0.0,0.0,0.0,1.0,0.0,0.0,0.0,1.0,1.0,0.0,0.0,0.0,5,unknown,G407,train
PRJNA1156689,Klebsiella pneumoniae,Nigeria,not applicable,,,Homo sapiens,unknown,unknown,not_curated,,,,SAMN45204702,0,S,CLSI,,6.0,0.0,1.0,0.0,0.0,6.0,0.0,1.0,0.0,0.0,-2.0,1.0,0.0,0.0,0.0,4.0,0.0,1.0,0.0,0.0,1.0,1.0,0.0,0.0,0.0,5,unknown,G409,train
PRJNA1156689,Klebsiella pneumoniae,Nigeria,not applicable,,,Homo sapiens,unknown,unknown,not_curated,,,,SAMN45204707,0,S,CLSI,,6.0,0.0,1.0,0.0,0.0,6.0,0.0,1.0,0.0,0.0,-2.0,1.0,0.0,0.0,0.0,4.0,0.0,1.0,0.0,0.0,1.0,1.0,0.0,0.0,0.0,5,unknown,G411,train
PRJNA1156689,Klebsiella pneumoniae,Nigeria,not applicable,,,Homo sapiens,unknown,unknown,not_curated,,,,SAMN45204708,0,S,CLSI,,6.0,0.0,1.0,0.0,0.0,6.0,0.0,1.0,0.0,0.0,-2.0,1.0,0.0,0.0,0.0,4.0,0.0,1.0,0.0,0.0,1.0,1.0,0.0,0.0,0.0,5,unknown,G412,train
PRJNA1156689,Klebsiella pneumoniae,Nigeria,not applicable,,,Homo sapiens,unknown,unknown,not_curated,,,,SAMN45204710,0,S,CLSI,,1.0,0.0,0.0,0.0,0.0,6.0,0.0,1.0,0.0,0.0,0.0,0.0,0.0,0.0,0.0,2.0,0.0,0.0,0.0,0.0,1.0,1.0,0.0,0.0,0.0,5,unknown,G413,train
PRJNA1156689,Klebsiella pneumoniae,Nigeria,not applicable,,,Homo sapiens,unknown,unknown,not_curated,,,,SAMN45204711,0,S,CLSI,,1.0,0.0,0.0,0.0,0.0,2.0,0.0,0.0,0.0,0.0,0.0,0.0,0.0,0.0,0.0,0.0,1.0,0.0,0.0,0.0,1.0,1.0,0.0,0.0,0.0,5,unknown,G414,train
PRJNA1156689,Klebsiella pneumoniae,Nigeria,not applicable,,,Homo sapiens,unknown,unknown,not_curated,,,,SAMN45204713,0,S,CLSI,,0.0,1.0,0.0,0.0,0.0,0.0,1.0,0.0,0.0,0.0,-2.0,1.0,0.0,0.0,0.0,0.0,1.0,0.0,0.0,0.0,1.0,1.0,0.0,0.0,0.0,5,unknown,G416,train
PRJNA1156689,Klebsiella pneumoniae,Nigeria,not applicable,,,Homo sapiens,unknown,unknown,not_curated,,,,SAMN45204714,0,S,CLSI,,1.0,0.0,0.0,0.0,0.0,4.0,0.0,0.0,0.0,0.0,-2.0,1.0,0.0,0.0,0.0,4.0,0.0,1.0,0.0,0.0,1.0,1.0,0.0,0.0,0.0,5,unknown,G417,train
PRJNA1156689,Klebsiella pneumoniae,Nigeria,not applicable,,,Homo sapiens,unknown,unknown,not_curated,,,,SAMN45204722,0,S,CLSI,,1.0,0.0,0.0,0.0,0.0,4.0,0.0,0.0,0.0,0.0,-2.0,1.0,0.0,0.0,0.0,4.0,0.0,1.0,0.0,0.0,1.0,1.0,0.0,0.0,0.0,5,unknown,G418,train
PRJNA1156689,Klebsiella pneumoniae,Nigeria,not applicable,,,Homo sapiens,unknown,unknown,not_curated,,,,SAMN45204723,0,S,CLSI,,1.0,0.0,0.0,0.0,0.0,4.0,0.0,0.0,0.0,0.0,1.0,0.0,0.0,0.0,0.0,4.0,0.0,1.0,0.0,0.0,1.0,1.0,0.0,0.0,0.0,5,unknown,G419,train
PRJNA1156689,Klebsiella pneumoniae,Nigeria,not applicable,,,Homo sapiens,unknown,unknown,not_curated,,,,SAMN45204724,0,S,CLSI,,1.0,0.0,0.0,0.0,0.0,4.0,0.0,0.0,0.0,0.0,1.0,0.0,0.0,0.0,0.0,4.0,0.0,1.0,0.0,0.0,1.0,1.0,0.0,0.0,0.0,5,unknown,G420,train
PRJNA1156689,Klebsiella pneumoniae,Nigeria,not applicable,,,Homo sapiens,unknown,unknown,not_curated,,,,SAMN45204728,0,S,CLSI,,0.0,1.0,0.0,0.0,0.0,0.0,1.0,0.0,0.0,0.0,-2.0,1.0,0.0,0.0,0.0,0.0,1.0,0.0,0.0,0.0,1.0,1.0,0.0,0.0,0.0,5,unknown,G422,train
PRJNA1156689,Klebsiella pneumoniae,Nigeria,not applicable,,,Homo sapiens,unknown,unknown,not_curated,,,,SAMN45204733,0,S,CLSI,,6.0,0.0,1.0,0.0,0.0,4.0,0.0,0.0,0.0,0.0,2.0,0.0,1.0,0.0,0.0,4.0,0.0,1.0,0.0,0.0,1.0,1.0,0.0,0.0,0.0,5,unknown,G425,train
PRJNA1156689,Klebsiella pneumoniae,Nigeria,not applicable,,,Homo sapiens,unknown,unknown,not_curated,,,,SAMN45204734,0,S,CLSI,,0.0,1.0,0.0,0.0,0.0,0.0,1.0,0.0,0.0,0.0,-2.0,1.0,0.0,0.0,0.0,0.0,1.0,0.0,0.0,0.0,1.0,1.0,0.0,0.0,0.0,5,unknown,G426,train
PRJNA1156689,Klebsiella pneumoniae,Nigeria,not applicable,,,Homo sapiens,unknown,unknown,not_curated,,,,SAMN45204737,0,S,CLSI,,5.0,0.0,0.0,0.0,0.0,6.0,0.0,1.0,0.0,0.0,-2.0,1.0,0.0,0.0,0.0,4.0,0.0,1.0,0.0,0.0,1.0,1.0,0.0,0.0,0.0,5,unknown,G427,train
PRJNA1156689,Klebsiella pneumoniae,Nigeria,not applicable,,,Homo sapiens,unknown,unknown,not_curated,,,,SAMN45204769,0,S,CLSI,,1.0,0.0,0.0,0.0,0.0,2.0,0.0,0.0,0.0,0.0,0.0,0.0,0.0,0.0,0.0,4.0,0.0,1.0,0.0,0.0,1.0,1.0,0.0,0.0,0.0,5,unknown,G430,train
PRJNA1156689,Klebsiella pneumoniae,Nigeria,not applicable,,,Homo sapiens,unknown,unknown,not_curated,,,,SAMN45204773,0,S,CLSI,,1.0,0.0,0.0,0.0,0.0,4.0,0.0,0.0,0.0,0.0,-2.0,1.0,0.0,0.0,0.0,4.0,0.0,1.0,0.0,0.0,1.0,1.0,0.0,0.0,0.0,5,unknown,G433,train
PRJNA1156689,Klebsiella pneumoniae,Nigeria,not applicable,,,Homo sapiens,unknown,unknown,not_curated,,,,SAMN45204774,0,S,CLSI,,6.0,0.0,1.0,0.0,0.0,6.0,0.0,1.0,0.0,0.0,2.0,0.0,1.0,0.0,0.0,4.0,0.0,1.0,0.0,0.0,1.0,1.0,0.0,0.0,0.0,5,unknown,G434,train
PRJNA1156689,Klebsiella pneumoniae,Nigeria,not applicable,,,Homo sapiens,unknown,unknown,not_curated,,,,SAMN45204775,0,S,CLSI,,6.0,0.0,1.0,0.0,0.0,6.0,0.0,1.0,0.0,0.0,2.0,0.0,1.0,0.0,0.0,4.0,0.0,1.0,0.0,0.0,2.0,0.0,0.0,0.0,0.0,5,unknown,G435,train
PRJNA1271593,Klebsiella pneumoniae,USA,2023-04-30,,,Homo sapiens,unknown,unknown,not_curated,,,,SAMN48878094,0,S,CLSI,,-3.0588936890535687,1.0,0.0,0.0,0.0,,0.0,0.0,0.0,1.0,-2.0,1.0,0.0,0.0,0.0,,0.0,0.0,0.0,1.0,1.0,1.0,0.0,0.0,0.0,3,unknown,G441,train
PRJNA1271593,Klebsiella pneumoniae,USA,2023-05-17,,,Homo sapiens,unknown,unknown,not_curated,,,,SAMN48878193,0,S,CLSI,,-3.0588936890535687,1.0,0.0,0.0,0.0,,0.0,0.0,0.0,1.0,-1.0,0.0,0.0,0.0,0.0,,0.0,0.0,0.0,1.0,1.0,1.0,0.0,0.0,0.0,3,unknown,G442,train
PRJNA1271593,Klebsiella pneumoniae,USA,2023-05-18,,,Homo sapiens,unknown,unknown,not_curated,,,,SAMN48878212,0,S,CLSI,,-3.0588936890535687,0.0,0.0,0.0,0.0,,0.0,0.0,0.0,1.0,-2.0,0.0,0.0,0.0,0.0,,0.0,0.0,0.0,1.0,1.0,0.0,0.0,0.0,0.0,3,unknown,G443,train
PRJNA1271593,Klebsiella pneumoniae,USA,2023-05-18,,,Homo sapiens,unknown,unknown,not_curated,,,,SAMN48878217,0,S,CLSI,,-3.0588936890535687,1.0,0.0,0.0,0.0,,0.0,0.0,0.0,1.0,-2.0,1.0,0.0,0.0,0.0,,0.0,0.0,0.0,1.0,1.0,1.0,0.0,0.0,0.0,3,unknown,G445,train
PRJNA1271593,Klebsiella pneumoniae,USA,2023-05-27,,,Homo sapiens,unknown,unknown,not_curated,,,,SAMN48878226,0,S,CLSI,,-3.0588936890535687,1.0,0.0,0.0,0.0,,0.0,0.0,0.0,1.0,-2.0,1.0,0.0,0.0,0.0,,0.0,0.0,0.0,1.0,1.0,1.0,0.0,0.0,0.0,3,unknown,G446,train
PRJNA1271593,Klebsiella pneumoniae,USA,2023-05-23,,,Homo sapiens,unknown,unknown,not_curated,,,,SAMN48878256,0,S,CLSI,,-3.0588936890535687,1.0,0.0,0.0,0.0,,0.0,0.0,0.0,1.0,-2.0,1.0,0.0,0.0,0.0,,0.0,0.0,0.0,1.0,1.0,1.0,0.0,0.0,0.0,3,unknown,G447,train
PRJNA1271593,Klebsiella pneumoniae,USA,2023-05-28,,,Homo sapiens,unknown,unknown,not_curated,,,,SAMN48878273,0,S,CLSI,,-3.0588936890535687,1.0,0.0,0.0,0.0,,0.0,0.0,0.0,1.0,-2.0,1.0,0.0,0.0,0.0,,0.0,0.0,0.0,1.0,1.0,1.0,0.0,0.0,0.0,3,unknown,G448,train
PRJNA1271593,Klebsiella pneumoniae,USA,2023-05-31,,,Homo sapiens,unknown,unknown,not_curated,,,,SAMN48878315,0,S,CLSI,,-3.0588936890535687,1.0,0.0,0.0,0.0,,0.0,0.0,0.0,1.0,-2.0,1.0,0.0,0.0,0.0,,0.0,0.0,0.0,1.0,1.0,1.0,0.0,0.0,0.0,3,unknown,G451,train
PRJNA1271593,Klebsiella pneumoniae,USA,2023-06-14,,,Homo sapiens,unknown,unknown,not_curated,,,,SAMN48878424,0,S,CLSI,,-3.0588936890535687,1.0,0.0,0.0,0.0,,0.0,0.0,0.0,1.0,-2.0,1.0,0.0,0.0,0.0,,0.0,0.0,0.0,1.0,1.0,1.0,0.0,0.0,0.0,3,unknown,G455,train
PRJNA1271593,Klebsiella pneumoniae,USA,2023-06-28,,,Homo sapiens,unknown,unknown,not_curated,,,,SAMN48878570,0,S,CLSI,,-3.0588936890535687,1.0,0.0,0.0,0.0,,0.0,0.0,0.0,1.0,-2.0,1.0,0.0,0.0,0.0,,0.0,0.0,0.0,1.0,1.0,1.0,0.0,0.0,0.0,3,unknown,G458,train
PRJNA1271593,Klebsiella pneumoniae,USA,2023-06-26,,,Homo sapiens,unknown,unknown,not_curated,,,,SAMN48878571,0,S,CLSI,,-3.0588936890535687,1.0,0.0,0.0,0.0,,0.0,0.0,0.0,1.0,-2.0,1.0,0.0,0.0,0.0,,0.0,0.0,0.0,1.0,1.0,1.0,0.0,0.0,0.0,3,unknown,G459,train
PRJNA1271593,Klebsiella pneumoniae,USA,2023-07-02,,,Homo sapiens,unknown,unknown,not_curated,,,,SAMN48878581,0,S,CLSI,,-3.0588936890535687,1.0,0.0,0.0,0.0,,0.0,0.0,0.0,1.0,-2.0,1.0,0.0,0.0,0.0,,0.0,0.0,0.0,1.0,1.0,1.0,0.0,0.0,0.0,3,unknown,G460,train
PRJNA1271593,Klebsiella pneumoniae,USA,2023-06-30,,,Homo sapiens,unknown,unknown,not_curated,,,,SAMN48878586,0,S,CLSI,,-3.0588936890535687,1.0,0.0,0.0,0.0,,0.0,0.0,0.0,1.0,-2.0,1.0,0.0,0.0,0.0,,0.0,0.0,0.0,1.0,1.0,1.0,0.0,0.0,0.0,3,unknown,G461,train
PRJNA1271593,Klebsiella pneumoniae,USA,2023-06-29,,,Homo sapiens,unknown,unknown,not_curated,,,,SAMN48878654,0,S,CLSI,,-3.0588936890535687,1.0,0.0,0.0,0.0,,0.0,0.0,0.0,1.0,-2.0,1.0,0.0,0.0,0.0,,0.0,0.0,0.0,1.0,1.0,1.0,0.0,0.0,0.0,3,unknown,G463,train
PRJNA1271593,Klebsiella pneumoniae,USA,2023-07-07,,,Homo sapiens,unknown,unknown,not_curated,,,,SAMN48878656,0,S,CLSI,,5.0,0.0,1.0,0.0,0.0,,0.0,0.0,0.0,1.0,2.0,0.0,1.0,0.0,0.0,,0.0,0.0,0.0,1.0,1.0,1.0,0.0,0.0,0.0,3,unknown,G464,train
PRJNA1271593,Klebsiella pneumoniae,USA,2023-07-10,,,Homo sapiens,unknown,unknown,not_curated,,,,SAMN48878683,0,S,CLSI,,-3.0588936890535687,1.0,0.0,0.0,0.0,,0.0,0.0,0.0,1.0,0.0,0.0,0.0,0.0,0.0,,0.0,0.0,0.0,1.0,1.0,1.0,0.0,0.0,0.0,3,unknown,G465,train
PRJNA1271593,Klebsiella pneumoniae,USA,2023-07-09,,,Homo sapiens,unknown,unknown,not_curated,,,,SAMN48878693,0,S,CLSI,,-3.0588936890535687,1.0,0.0,0.0,0.0,,0.0,0.0,0.0,1.0,-2.0,1.0,0.0,0.0,0.0,,0.0,0.0,0.0,1.0,1.0,1.0,0.0,0.0,0.0,3,unknown,G466,train
PRJNA1271593,Klebsiella pneumoniae,USA,2023-07-07,,,Homo sapiens,unknown,unknown,not_curated,,,,SAMN48878700,0,S,CLSI,,5.0,0.0,1.0,0.0,0.0,,0.0,0.0,0.0,1.0,2.0,0.0,1.0,0.0,0.0,,0.0,0.0,0.0,1.0,2.0,0.0,0.0,0.0,0.0,3,unknown,G467,train
PRJNA1271593,Klebsiella pneumoniae,USA,2023-07-18,,,Homo sapiens,unknown,unknown,not_curated,,,,SAMN48878775,0,S,CLSI,,-3.0588936890535687,1.0,0.0,0.0,0.0,,0.0,0.0,0.0,1.0,-2.0,1.0,0.0,0.0,0.0,,0.0,0.0,0.0,1.0,1.0,1.0,0.0,0.0,0.0,3,unknown,G470,train
PRJNA1271593,Klebsiella pneumoniae,USA,2023-07-26,,,Homo sapiens,unknown,unknown,not_curated,,,,SAMN48878800,0,S,CLSI,,-3.0588936890535687,1.0,0.0,0.0,0.0,,0.0,0.0,0.0,1.0,-2.0,1.0,0.0,0.0,0.0,,0.0,0.0,0.0,1.0,1.0,1.0,0.0,0.0,0.0,3,unknown,G472,train
PRJNA1271593,Klebsiella pneumoniae,USA,2023-07-27,,,Homo sapiens,unknown,unknown,not_curated,,,,SAMN48878805,0,S,CLSI,,-3.0588936890535687,1.0,0.0,0.0,0.0,,0.0,0.0,0.0,1.0,-2.0,1.0,0.0,0.0,0.0,,0.0,0.0,0.0,1.0,1.0,1.0,0.0,0.0,0.0,3,unknown,G473,train
PRJNA1271593,Klebsiella pneumoniae,USA,2023-07-25,,,Homo sapiens,unknown,unknown,not_curated,,,,SAMN48878817,0,S,CLSI,,-3.0588936890535687,1.0,0.0,0.0,0.0,,0.0,0.0,0.0,1.0,-2.0,1.0,0.0,0.0,0.0,,0.0,0.0,0.0,1.0,1.0,1.0,0.0,0.0,0.0,3,unknown,G474,train
PRJNA1271593,Klebsiella pneumoniae,USA,2023-07-29,,,Homo sapiens,unknown,unknown,not_curated,,,,SAMN48878855,0,S,CLSI,,-3.0588936890535687,1.0,0.0,0.0,0.0,,0.0,0.0,0.0,1.0,-2.0,1.0,0.0,0.0,0.0,,0.0,0.0,0.0,1.0,1.0,1.0,0.0,0.0,0.0,3,unknown,G476,train
PRJNA1271593,Klebsiella pneumoniae,USA,2023-08-01,,,Homo sapiens,unknown,unknown,not_curated,,,,SAMN48878895,0,S,CLSI,,-3.0588936890535687,1.0,0.0,0.0,0.0,,0.0,0.0,0.0,1.0,-2.0,1.0,0.0,0.0,0.0,,0.0,0.0,0.0,1.0,1.0,1.0,0.0,0.0,0.0,3,unknown,G478,train
PRJNA1271593,Klebsiella pneumoniae,USA,2023-08-07,,,Homo sapiens,unknown,unknown,not_curated,,,,SAMN48878930,0,S,CLSI,,-3.0588936890535687,1.0,0.0,0.0,0.0,,0.0,0.0,0.0,1.0,-2.0,1.0,0.0,0.0,0.0,,0.0,0.0,0.0,1.0,1.0,1.0,0.0,0.0,0.0,3,unknown,G480,train
PRJNA1271593,Klebsiella pneumoniae,USA,2023-08-03,,,Homo sapiens,unknown,unknown,not_curated,,,,SAMN48878940,0,S,CLSI,,-3.0588936890535687,1.0,0.0,0.0,0.0,,0.0,0.0,0.0,1.0,-2.0,1.0,0.0,0.0,0.0,,0.0,0.0,0.0,1.0,1.0,1.0,0.0,0.0,0.0,3,unknown,G481,train
PRJNA296771,Klebsiella pneumoniae,USA,2012-10-08,,,Homo sapiens,unknown,unknown,not_curated,,,,SAMN04448227,1,R,CLSI,,5.0,0.0,1.0,1.0,0.0,7.0,0.0,1.0,1.0,0.0,3.0,0.0,1.0,1.0,0.0,4.0,0.0,1.0,1.0,0.0,6.0,0.0,1.0,1.0,0.0,5,unknown,G9,calibration
PRJNA296771,Klebsiella pneumoniae,USA,2013-07-01,,,Homo sapiens,unknown,unknown,not_curated,,,,SAMN04448234,1,R,CLSI,,5.0,0.0,1.0,1.0,0.0,7.0,0.0,1.0,1.0,0.0,3.0,0.0,1.0,1.0,0.0,4.0,0.0,1.0,1.0,0.0,6.0,0.0,1.0,1.0,0.0,5,unknown,G15,calibration
PRJNA296771,Klebsiella pneumoniae,USA,2013-11-12,,,Homo sapiens,unknown,unknown,not_curated,,,,SAMN04448238,1,R,CLSI,,5.0,0.0,1.0,1.0,0.0,7.0,0.0,1.0,1.0,0.0,3.0,0.0,1.0,1.0,0.0,-2.0,1.0,0.0,1.0,0.0,0.0,1.0,0.0,1.0,0.0,5,unknown,G19,calibration
PRJNA296771,Klebsiella pneumoniae,USA,2013-11-05,,,Homo sapiens,unknown,unknown,not_curated,,,,SAMN04448239,0,S,CLSI,,5.0,0.0,1.0,1.0,0.0,6.0,0.0,0.0,0.0,0.0,3.0,0.0,1.0,1.0,0.0,4.0,0.0,0.0,0.0,0.0,6.0,0.0,1.0,1.0,0.0,5,unknown,G20,calibration
PRJNA296771,Klebsiella pneumoniae,USA,missing,,,Homo sapiens,unknown,unknown,not_curated,,,,SAMN04448243,1,R,CLSI,,1.0,0.0,0.0,0.0,0.0,0.0,1.0,0.0,1.0,0.0,-2.0,1.0,0.0,1.0,0.0,-1.0,0.0,0.0,0.0,0.0,0.0,1.0,0.0,1.0,0.0,5,unknown,G23,calibration
PRJNA296771,Klebsiella pneumoniae,USA,2014-09-12,,,Homo sapiens,unknown,unknown,not_curated,,,,SAMN04448249,1,R,CLSI,,5.0,0.0,1.0,1.0,0.0,7.0,0.0,1.0,1.0,0.0,3.0,0.0,1.0,1.0,0.0,4.0,0.0,1.0,1.0,0.0,3.0,0.0,0.0,0.0,0.0,5,unknown,G28,calibration
PRJNA278886,Klebsiella pneumoniae,USA,2015,,,Homo sapiens,unknown,unknown,not_curated,,,,SAMN04456590,0,S,CLSI,,0.0,1.0,0.0,0.0,0.0,0.0,1.0,0.0,0.0,0.0,-2.0,1.0,0.0,0.0,0.0,0.0,1.0,0.0,0.0,0.0,1.0,1.0,0.0,0.0,0.0,5,unknown,G29,calibration
PRJNA312972,Klebsiella pneumoniae,USA,2014-01-02,,,Homo sapiens,unknown,unknown,not_curated,,,,SAMN04514123,1,R,CLSI,,,0.0,0.0,0.0,1.0,4.0,0.0,1.0,1.0,0.0,1.0,0.0,1.0,1.0,0.0,1.0,0.0,0.0,0.0,0.0,4.0,0.0,0.0,0.0,0.0,4,unknown,G33,calibration
PRJNA288601,Klebsiella pneumoniae,USA,2012-05-02,,,Homo sapiens,unknown,unknown,not_curated,,,,SAMN05170064,0,S,CLSI,,-1.0,1.0,0.0,1.0,0.0,6.0,0.0,1.0,1.0,0.0,3.0,0.0,1.0,1.0,0.0,2.0,1.0,0.0,0.0,0.0,0.0,1.0,0.0,1.0,0.0,5,unknown,G40,calibration
PRJNA288601,Klebsiella pneumoniae,USA,2012-11-07,,,Homo sapiens,unknown,unknown,not_curated,,,,SAMN05170075,1,R,CLSI,,5.0,0.0,1.0,1.0,0.0,7.0,0.0,1.0,1.0,0.0,3.0,0.0,1.0,1.0,0.0,0.0,1.0,0.0,1.0,0.0,5.0,0.0,0.0,0.0,0.0,5,unknown,G41,calibration
PRJNA288601,Klebsiella pneumoniae,USA,2013-02-06,,,Homo sapiens,unknown,unknown,not_curated,,,,SAMN05170084,1,R,CLSI,,5.0,0.0,1.0,1.0,0.0,7.0,0.0,1.0,1.0,0.0,3.0,0.0,1.0,1.0,0.0,0.0,1.0,0.0,1.0,0.0,4.0,1.0,0.0,0.0,0.0,5,unknown,G45,calibration
PRJNA288601,Klebsiella pneumoniae,USA,2013-02-19,,,Homo sapiens,unknown,unknown,not_curated,,,,SAMN05170095,1,R,CLSI,,4.0,0.0,1.0,0.0,0.0,7.0,0.0,1.0,1.0,0.0,3.0,0.0,1.0,1.0,0.0,4.0,0.0,1.0,1.0,0.0,3.0,1.0,0.0,1.0,0.0,5,unknown,G47,calibration
PRJNA288601,Klebsiella pneumoniae,USA,2013-05-01,,,Homo sapiens,unknown,unknown,not_curated,,,,SAMN05170104,1,R,CLSI,,5.0,0.0,1.0,1.0,0.0,7.0,0.0,1.0,1.0,0.0,3.0,0.0,1.0,1.0,0.0,1.0,1.0,0.0,1.0,0.0,5.0,0.0,0.0,0.0,0.0,5,unknown,G52,calibration
PRJNA288601,Klebsiella pneumoniae,USA,2013-05-01,,,Homo sapiens,unknown,unknown,not_curated,,,,SAMN05170106,1,R,CLSI,,5.0,0.0,1.0,1.0,0.0,7.0,0.0,1.0,1.0,0.0,3.0,0.0,1.0,1.0,0.0,0.0,1.0,0.0,1.0,0.0,5.0,0.0,0.0,0.0,0.0,5,unknown,G54,calibration
PRJNA288601,Klebsiella pneumoniae,USA,2013-05-01,,,Homo sapiens,unknown,unknown,not_curated,,,,SAMN05170112,1,R,CLSI,,5.0,0.0,1.0,1.0,0.0,7.0,0.0,1.0,1.0,0.0,3.0,0.0,1.0,1.0,0.0,1.0,1.0,0.0,1.0,0.0,5.0,0.0,0.0,0.0,0.0,5,unknown,G60,calibration
PRJNA288601,Klebsiella pneumoniae,USA,2013-05-29,,,Homo sapiens,unknown,unknown,not_curated,,,,SAMN05170124,1,R,CLSI,,5.0,0.0,1.0,1.0,0.0,7.0,0.0,1.0,1.0,0.0,3.0,0.0,1.0,1.0,0.0,4.0,0.0,1.0,1.0,0.0,3.0,1.0,0.0,1.0,0.0,5,unknown,G66,calibration
PRJNA288601,Klebsiella pneumoniae,USA,2013-05-21,,,Homo sapiens,unknown,unknown,not_curated,,,,SAMN05170128,1,R,CLSI,,5.0,0.0,1.0,1.0,0.0,7.0,0.0,1.0,1.0,0.0,3.0,0.0,1.0,1.0,0.0,2.0,1.0,0.0,0.0,0.0,4.0,1.0,0.0,0.0,0.0,5,unknown,G68,calibration
PRJNA288601,Klebsiella pneumoniae,USA,2013-11-06,,,Homo sapiens,unknown,unknown,not_curated,,,,SAMN05170172,1,R,CLSI,,5.0,0.0,1.0,1.0,0.0,7.0,0.0,1.0,1.0,0.0,3.0,0.0,1.0,1.0,0.0,1.0,1.0,0.0,1.0,0.0,6.0,0.0,1.0,0.0,0.0,5,unknown,G83,calibration
PRJNA288601,Klebsiella pneumoniae,USA,2014-02-05,,,Homo sapiens,unknown,unknown,not_curated,,,,SAMN05170181,1,R,CLSI,,5.0,0.0,1.0,1.0,0.0,7.0,0.0,1.0,1.0,0.0,3.0,0.0,1.0,1.0,0.0,3.0,0.0,0.0,0.0,0.0,5.0,0.0,0.0,0.0,0.0,5,unknown,G91,calibration
PRJNA288601,Klebsiella pneumoniae,USA,2014-02-05,,,Homo sapiens,unknown,unknown,not_curated,,,,SAMN05170187,1,R,CLSI,,5.0,0.0,1.0,1.0,0.0,7.0,0.0,1.0,1.0,0.0,3.0,0.0,1.0,1.0,0.0,3.0,0.0,0.0,0.0,0.0,0.0,1.0,0.0,1.0,0.0,5,unknown,G94,calibration
PRJNA288601,Klebsiella pneumoniae,USA,2014-05-07,,,Homo sapiens,unknown,unknown,not_curated,,,,SAMN05170214,1,R,CLSI,,5.0,0.0,1.0,1.0,0.0,7.0,0.0,1.0,1.0,0.0,3.0,0.0,1.0,1.0,0.0,1.0,1.0,0.0,1.0,0.0,5.0,0.0,0.0,0.0,0.0,5,unknown,G107,calibration
PRJNA288601,Klebsiella pneumoniae,USA,2014-05-06,,,Homo sapiens,unknown,unknown,not_curated,,,,SAMN05170221,1,R,CLSI,,5.0,0.0,1.0,1.0,0.0,7.0,0.0,1.0,1.0,0.0,-2.0,1.0,0.0,1.0,0.0,4.0,0.0,1.0,1.0,0.0,3.0,1.0,0.0,1.0,0.0,5,unknown,G112,calibration
PRJNA288601,Klebsiella pneumoniae,USA,2014-05-06,,,Homo sapiens,unknown,unknown,not_curated,,,,SAMN05170230,1,R,CLSI,,5.0,0.0,1.0,1.0,0.0,7.0,0.0,1.0,1.0,0.0,3.0,0.0,1.0,1.0,0.0,4.0,0.0,1.0,0.0,0.0,3.0,1.0,0.0,1.0,0.0,5,unknown,G115,calibration
PRJNA288601,Klebsiella pneumoniae,USA,2014-06-04,,,Homo sapiens,unknown,unknown,not_curated,,,,SAMN05170239,1,R,CLSI,,5.0,0.0,1.0,1.0,0.0,7.0,0.0,1.0,1.0,0.0,2.0,0.0,1.0,0.0,0.0,2.0,1.0,0.0,0.0,0.0,1.0,1.0,0.0,1.0,0.0,5,unknown,G116,calibration
PRJNA288601,Klebsiella pneumoniae,USA,2014-06-09,,,Homo sapiens,unknown,unknown,not_curated,,,,SAMN05170245,1,R,CLSI,,5.0,0.0,1.0,1.0,0.0,6.0,0.0,1.0,1.0,0.0,3.0,0.0,1.0,1.0,0.0,4.0,0.0,1.0,1.0,0.0,4.0,1.0,0.0,0.0,0.0,5,unknown,G120,calibration
PRJNA288601,Klebsiella pneumoniae,USA,2014-08-06,,,Homo sapiens,unknown,unknown,not_curated,,,,SAMN05170256,1,R,CLSI,,5.0,0.0,1.0,1.0,0.0,7.0,0.0,1.0,1.0,0.0,3.0,0.0,1.0,1.0,0.0,-1.0,1.0,0.0,1.0,0.0,4.0,1.0,0.0,0.0,0.0,5,unknown,G130,calibration
PRJNA288601,Klebsiella pneumoniae,USA,2014-08-06,,,Homo sapiens,unknown,unknown,not_curated,,,,SAMN05170265,1,R,CLSI,,5.0,0.0,1.0,1.0,0.0,7.0,0.0,1.0,1.0,0.0,3.0,0.0,1.0,1.0,0.0,0.0,1.0,0.0,1.0,0.0,5.0,0.0,0.0,0.0,0.0,5,unknown,G134,calibration
PRJNA288601,Klebsiella pneumoniae,USA,2014-08-12,,,Homo sapiens,unknown,unknown,not_curated,,,,SAMN05170285,0,S,CLSI,,4.0,0.0,1.0,0.0,0.0,7.0,0.0,1.0,1.0,0.0,3.0,0.0,1.0,1.0,0.0,-2.0,1.0,0.0,1.0,0.0,0.0,1.0,0.0,1.0,0.0,5,unknown,G140,calibration
PRJNA288601,Klebsiella pneumoniae,USA,2014-09-10,,,Homo sapiens,unknown,unknown,not_curated,,,,SAMN05170307,1,R,CLSI,,5.0,0.0,1.0,1.0,0.0,7.0,0.0,1.0,1.0,0.0,3.0,0.0,1.0,1.0,0.0,-2.0,1.0,0.0,1.0,0.0,0.0,1.0,0.0,1.0,0.0,5,unknown,G143,calibration
PRJNA288601,Klebsiella pneumoniae,USA,2014-09-10,,,Homo sapiens,unknown,unknown,not_curated,,,,SAMN05170309,1,R,CLSI,,5.0,0.0,1.0,1.0,0.0,7.0,0.0,1.0,1.0,0.0,3.0,0.0,1.0,1.0,0.0,4.0,0.0,1.0,1.0,0.0,1.0,1.0,0.0,1.0,0.0,5,unknown,G145,calibration
PRJNA288601,Klebsiella pneumoniae,USA,2014-09-10,,,Homo sapiens,unknown,unknown,not_curated,,,,SAMN05170310,1,R,CLSI,,5.0,0.0,1.0,1.0,0.0,7.0,0.0,1.0,1.0,0.0,2.0,0.0,1.0,0.0,0.0,-1.0,1.0,0.0,1.0,0.0,0.0,1.0,0.0,1.0,0.0,5,unknown,G146,calibration
PRJNA288601,Klebsiella pneumoniae,USA,2014-09-10,,,Homo sapiens,unknown,unknown,not_curated,,,,SAMN05170313,1,R,CLSI,,2.0,0.0,0.0,0.0,0.0,4.0,0.0,1.0,0.0,0.0,-2.0,1.0,0.0,1.0,0.0,-2.0,1.0,0.0,1.0,0.0,1.0,1.0,0.0,1.0,0.0,5,unknown,G148,calibration
PRJNA288601,Klebsiella pneumoniae,USA,2014-09-10,,,Homo sapiens,unknown,unknown,not_curated,,,,SAMN05170316,1,R,CLSI,,5.0,0.0,1.0,1.0,0.0,7.0,0.0,1.0,1.0,0.0,3.0,0.0,1.0,1.0,0.0,4.0,0.0,1.0,1.0,0.0,5.0,0.0,0.0,0.0,0.0,5,unknown,G150,calibration
PRJNA288601,Klebsiella pneumoniae,USA,2014-11-05,,,Homo sapiens,unknown,unknown,not_curated,,,,SAMN05170324,1,R,CLSI,,5.0,0.0,1.0,1.0,0.0,7.0,0.0,1.0,1.0,0.0,3.0,0.0,1.0,1.0,0.0,0.0,1.0,0.0,1.0,0.0,4.0,1.0,0.0,0.0,0.0,5,unknown,G153,calibration
PRJNA288601,Klebsiella pneumoniae,USA,2014-11-05,,,Homo sapiens,unknown,unknown,not_curated,,,,SAMN05170325,0,S,CLSI,,-1.0,1.0,0.0,1.0,0.0,0.0,1.0,0.0,1.0,0.0,-2.0,1.0,0.0,1.0,0.0,-2.0,1.0,0.0,1.0,0.0,0.0,1.0,0.0,1.0,0.0,5,unknown,G154,calibration
PRJNA288601,Klebsiella pneumoniae,USA,2014-12-08,,,Homo sapiens,unknown,unknown,not_curated,,,,SAMN05170347,1,R,CLSI,,5.0,0.0,1.0,1.0,0.0,6.0,0.0,1.0,1.0,0.0,3.0,0.0,1.0,1.0,0.0,4.0,0.0,1.0,1.0,0.0,5.0,0.0,0.0,0.0,0.0,5,unknown,G163,calibration
PRJNA308116,Klebsiella pneumoniae,Pakistan,2013,,,Homo sapiens,unknown,unknown,not_curated,,,,SAMN05213503,0,S,CLSI,,5.0,0.0,1.0,1.0,0.0,6.0,0.0,0.0,0.0,0.0,3.0,0.0,1.0,1.0,0.0,4.0,0.0,1.0,1.0,0.0,6.0,0.0,1.0,1.0,0.0,5,unknown,G173,calibration
PRJNA278886,Klebsiella pneumoniae,USA,2016,,,Homo sapiens,unknown,unknown,not_curated,,,,SAMN05510459,0,S,CLSI,,1.0,0.0,0.0,0.0,0.0,4.0,0.0,0.0,0.0,0.0,-2.0,1.0,0.0,0.0,0.0,0.0,1.0,0.0,0.0,0.0,1.0,1.0,0.0,0.0,0.0,5,unknown,G174,calibration
PRJNA278886,Klebsiella pneumoniae,USA,2016,,,Homo sapiens,unknown,unknown,not_curated,,,,SAMN06754742,0,S,CLSI,,6.0,0.0,1.0,0.0,0.0,6.0,0.0,1.0,0.0,0.0,2.0,0.0,1.0,0.0,0.0,4.0,0.0,1.0,0.0,0.0,2.0,0.0,0.0,0.0,0.0,5,unknown,G193,calibration
PRJNA278886,Klebsiella pneumoniae,USA,2017,,,Homo sapiens,unknown,unknown,not_curated,,,,SAMN07325906,1,R,CLSI,,1.0,0.0,0.0,0.0,0.0,6.0,0.0,1.0,0.0,0.0,2.0,0.0,1.0,0.0,0.0,0.0,1.0,0.0,0.0,0.0,1.0,1.0,0.0,0.0,0.0,5,unknown,G198,calibration
PRJNA278886,Klebsiella pneumoniae,USA,2017,,,Homo sapiens,unknown,unknown,not_curated,,,,SAMN07332514,0,S,CLSI,,0.0,1.0,0.0,0.0,0.0,4.0,0.0,0.0,0.0,0.0,-2.0,1.0,0.0,0.0,0.0,4.0,0.0,1.0,0.0,0.0,1.0,1.0,0.0,0.0,0.0,5,unknown,G202,calibration
PRJNA278886,Klebsiella pneumoniae,USA,2017,,,Homo sapiens,unknown,unknown,not_curated,,,,SAMN07410711,1,R,CLSI,,6.0,0.0,1.0,0.0,0.0,6.0,0.0,1.0,0.0,0.0,2.0,0.0,1.0,0.0,0.0,0.0,1.0,0.0,0.0,0.0,1.0,1.0,0.0,0.0,0.0,5,unknown,G206,calibration
PRJNA278886,Klebsiella pneumoniae,USA,2017,,,Homo sapiens,unknown,unknown,not_curated,,,,SAMN07410714,1,R,CLSI,,1.0,0.0,0.0,0.0,0.0,6.0,0.0,1.0,0.0,0.0,2.0,0.0,1.0,0.0,0.0,0.0,1.0,0.0,0.0,0.0,1.0,1.0,0.0,0.0,0.0,5,unknown,G207,calibration
PRJNA278886,Klebsiella pneumoniae,USA,2017,,,Homo sapiens,unknown,unknown,not_curated,,,,SAMN07450844,1,R,CLSI,,6.0,0.0,1.0,0.0,0.0,6.0,0.0,1.0,0.0,0.0,2.0,0.0,1.0,0.0,0.0,4.0,0.0,1.0,0.0,0.0,6.0,0.0,1.0,0.0,0.0,5,unknown,G208,calibration
PRJNA278886,Klebsiella pneumoniae,USA,2017,,,Homo sapiens,unknown,unknown,not_curated,,,,SAMN08045835,0,S,CLSI,,6.0,0.0,1.0,0.0,0.0,6.0,0.0,1.0,0.0,0.0,2.0,0.0,1.0,0.0,0.0,4.0,0.0,1.0,0.0,0.0,6.0,0.0,1.0,0.0,0.0,5,unknown,G209,calibration
PRJNA308116,Klebsiella pneumoniae,Pakistan,2015,,,Homo sapiens,unknown,unknown,not_curated,,,,SAMN10086704,1,R,CLSI,,5.0,0.0,1.0,1.0,0.0,7.0,0.0,1.0,1.0,0.0,3.0,0.0,1.0,1.0,0.0,4.0,0.0,1.0,1.0,0.0,6.0,0.0,1.0,1.0,0.0,5,unknown,G222,calibration
PRJNA308116,Klebsiella pneumoniae,Pakistan,2015,,,Homo sapiens,unknown,unknown,not_curated,,,,SAMN10086745,1,R,CLSI,,5.0,0.0,1.0,1.0,0.0,7.0,0.0,1.0,1.0,0.0,3.0,0.0,1.0,1.0,0.0,-2.0,1.0,0.0,1.0,0.0,1.0,0.0,0.0,0.0,0.0,5,unknown,G229,calibration
PRJNA308116,Klebsiella pneumoniae,Pakistan,2016,,,Homo sapiens,unknown,unknown,not_curated,,,,SAMN10086825,1,R,CLSI,,5.0,0.0,1.0,1.0,0.0,7.0,0.0,1.0,1.0,0.0,3.0,0.0,1.0,1.0,0.0,4.0,0.0,1.0,1.0,0.0,6.0,0.0,1.0,1.0,0.0,5,unknown,G239,calibration
PRJNA308116,Klebsiella pneumoniae,Pakistan,2016,,,Homo sapiens,unknown,unknown,not_curated,,,,SAMN10086830,1,R,CLSI,,5.0,0.0,1.0,1.0,0.0,7.0,0.0,1.0,1.0,0.0,3.0,0.0,1.0,1.0,0.0,-2.0,1.0,0.0,1.0,0.0,1.0,0.0,0.0,0.0,0.0,5,unknown,G244,calibration
PRJNA529562|PRJNA529587,Klebsiella pneumoniae,Israel,2017-07-21,,,Homo sapiens,unknown,unknown,not_curated,,,,SAMN11270020,0,S,CLSI,,,0.0,0.0,0.0,1.0,5.0,0.0,0.0,0.0,0.0,1.0,0.0,0.0,0.0,0.0,4.0,0.0,1.0,0.0,0.0,1.0,1.0,0.0,0.0,0.0,4,unknown,G248,calibration
PRJNA529562|PRJNA529587,Klebsiella pneumoniae,Israel,2017-07-21,,,Homo sapiens,unknown,unknown,not_curated,,,,SAMN11270021,0,S,CLSI,,,0.0,0.0,0.0,1.0,4.0,0.0,0.0,0.0,0.0,1.0,0.0,0.0,0.0,0.0,4.0,1.0,0.0,0.0,0.0,1.0,1.0,0.0,0.0,0.0,4,unknown,G249,calibration
PRJNA529562|PRJNA529587,Klebsiella pneumoniae,Israel,2017-07-26,,,Homo sapiens,unknown,unknown,not_curated,,,,SAMN11270024,0,S,CLSI,,,0.0,0.0,0.0,1.0,4.0,0.0,0.0,0.0,0.0,1.0,0.0,0.0,0.0,0.0,4.0,0.0,1.0,0.0,0.0,1.0,1.0,0.0,0.0,0.0,4,unknown,G252,calibration
PRJNA529562|PRJNA529587,Klebsiella pneumoniae,Israel,2017-08-11,,,Homo sapiens,unknown,unknown,not_curated,,,,SAMN11270029,0,S,CLSI,,,0.0,0.0,0.0,1.0,5.0,0.0,0.0,0.0,0.0,-1.0,0.0,0.0,0.0,0.0,0.0,1.0,0.0,0.0,0.0,1.0,1.0,0.0,0.0,0.0,4,unknown,G257,calibration
PRJNA529562|PRJNA529587,Klebsiella pneumoniae,Israel,2017-08-11,,,Homo sapiens,unknown,unknown,not_curated,,,,SAMN11270032,0,S,CLSI,,,0.0,0.0,0.0,1.0,6.0,0.0,1.0,0.0,0.0,-1.0,0.0,0.0,0.0,0.0,0.0,1.0,0.0,0.0,0.0,1.0,1.0,0.0,0.0,0.0,4,unknown,G260,calibration
PRJNA587095,Klebsiella pneumoniae,USA,2017-09-06,,,Homo sapiens,unknown,unknown,not_curated,,,,SAMN13176245,0,S,CLSI,,0.0,1.0,0.0,0.0,0.0,6.0,0.0,1.0,0.0,0.0,-1.0,0.0,0.0,0.0,0.0,4.0,0.0,1.0,0.0,0.0,3.0,0.0,0.0,0.0,0.0,5,unknown,G265,calibration
PRJNA953359,Klebsiella pneumoniae,USA,2018,,,Homo sapiens,unknown,unknown,not_curated,,,,SAMN34111344,1,R,CLSI,,5.0,0.0,1.0,1.0,0.0,7.0,0.0,1.0,1.0,0.0,,0.0,0.0,0.0,1.0,,0.0,0.0,0.0,1.0,6.0,0.0,1.0,1.0,0.0,3,unknown,G277,calibration
PRJNA278886,Klebsiella pneumoniae,USA,2023,,,Homo sapiens,unknown,unknown,not_curated,,,,SAMN35159571,0,S,CLSI,,0.0,1.0,0.0,0.0,0.0,4.0,0.0,0.0,0.0,0.0,2.0,0.0,1.0,0.0,0.0,0.0,1.0,0.0,0.0,0.0,1.0,1.0,0.0,0.0,0.0,5,unknown,G284,calibration
PRJNA278886,Klebsiella pneumoniae,USA,2022,,,Homo sapiens,unknown,unknown,not_curated,,,,SAMN35159595,0,S,CLSI,,2.0,0.0,0.0,0.0,0.0,4.0,0.0,0.0,0.0,0.0,-1.0,0.0,0.0,0.0,0.0,0.0,1.0,0.0,0.0,0.0,1.0,1.0,0.0,0.0,0.0,5,unknown,G300,calibration
PRJNA278886,Klebsiella pneumoniae,USA,2022,,,Homo sapiens,unknown,unknown,not_curated,,,,SAMN35159596,0,S,CLSI,,6.0,0.0,1.0,0.0,0.0,6.0,0.0,1.0,0.0,0.0,2.0,0.0,1.0,0.0,0.0,4.0,0.0,1.0,0.0,0.0,1.0,1.0,0.0,0.0,0.0,5,unknown,G301,calibration
PRJNA278886,Klebsiella pneumoniae,USA,2022,,,Homo sapiens,unknown,unknown,not_curated,,,,SAMN35159601,1,R,CLSI,,6.0,0.0,1.0,0.0,0.0,4.0,0.0,0.0,0.0,0.0,-1.0,0.0,0.0,0.0,0.0,4.0,0.0,1.0,0.0,0.0,1.0,1.0,0.0,0.0,0.0,5,unknown,G304,calibration
PRJNA278886,Klebsiella pneumoniae,USA,2022,,,Homo sapiens,unknown,unknown,not_curated,,,,SAMN35159609,0,S,CLSI,,1.0,0.0,0.0,0.0,0.0,2.0,0.0,0.0,0.0,0.0,2.0,0.0,1.0,0.0,0.0,4.0,0.0,1.0,0.0,0.0,1.0,1.0,0.0,0.0,0.0,5,unknown,G308,calibration
PRJNA278886,Klebsiella pneumoniae,USA,2022,,,Homo sapiens,unknown,unknown,not_curated,,,,SAMN35159617,0,S,CLSI,,1.0,0.0,0.0,0.0,0.0,4.0,0.0,0.0,0.0,0.0,0.0,0.0,0.0,0.0,0.0,0.0,1.0,0.0,0.0,0.0,1.0,1.0,0.0,0.0,0.0,5,unknown,G313,calibration
PRJNA278886,Klebsiella pneumoniae,USA,2022,,,Homo sapiens,unknown,unknown,not_curated,,,,SAMN35159620,0,S,CLSI,,3.0,0.0,0.0,0.0,0.0,6.0,0.0,1.0,0.0,0.0,1.0,0.0,0.0,0.0,0.0,4.0,0.0,1.0,0.0,0.0,3.0,0.0,0.0,0.0,0.0,5,unknown,G315,calibration
PRJNA278886,Klebsiella pneumoniae,USA,2021,,,Homo sapiens,unknown,unknown,not_curated,,,,SAMN35159621,0,S,CLSI,,1.0,0.0,0.0,0.0,0.0,6.0,0.0,1.0,0.0,0.0,-2.0,1.0,0.0,0.0,0.0,0.0,1.0,0.0,0.0,0.0,1.0,1.0,0.0,0.0,0.0,5,unknown,G316,calibration
PRJNA278886,Klebsiella pneumoniae,USA,2022,,,Homo sapiens,unknown,unknown,not_curated,,,,SAMN35159630,0,S,CLSI,,5.0,0.0,0.0,0.0,0.0,6.0,0.0,1.0,0.0,0.0,2.0,0.0,1.0,0.0,0.0,0.0,1.0,0.0,0.0,0.0,1.0,1.0,0.0,0.0,0.0,5,unknown,G321,calibration
PRJNA278886,Klebsiella pneumoniae,USA,2022,,,Homo sapiens,unknown,unknown,not_curated,,,,SAMN35159635,0,S,CLSI,,1.0,0.0,0.0,0.0,0.0,4.0,0.0,0.0,0.0,0.0,0.0,0.0,0.0,0.0,0.0,0.0,1.0,0.0,0.0,0.0,1.0,1.0,0.0,0.0,0.0,5,unknown,G326,calibration
PRJNA278886,Klebsiella pneumoniae,USA,2022,,,Homo sapiens,unknown,unknown,not_curated,,,,SAMN35159637,0,S,CLSI,,6.0,0.0,1.0,0.0,0.0,6.0,0.0,1.0,0.0,0.0,2.0,0.0,1.0,0.0,0.0,4.0,0.0,1.0,0.0,0.0,3.0,0.0,0.0,0.0,0.0,5,unknown,G328,calibration
PRJNA278886,Klebsiella pneumoniae,USA,2022,,,Homo sapiens,unknown,unknown,not_curated,,,,SAMN35159647,0,S,CLSI,,3.0,0.0,0.0,0.0,0.0,4.0,0.0,0.0,0.0,0.0,-2.0,1.0,0.0,0.0,0.0,4.0,0.0,1.0,0.0,0.0,2.0,0.0,0.0,0.0,0.0,5,unknown,G335,calibration
PRJNA278886,Klebsiella pneumoniae,USA,2022,,,Homo sapiens,unknown,unknown,not_curated,,,,SAMN35159661,0,S,CLSI,,6.0,0.0,1.0,0.0,0.0,6.0,0.0,1.0,0.0,0.0,2.0,0.0,1.0,0.0,0.0,4.0,0.0,1.0,0.0,0.0,2.0,0.0,0.0,0.0,0.0,5,unknown,G346,calibration
PRJNA278886,Klebsiella pneumoniae,USA,2022,,,Homo sapiens,unknown,unknown,not_curated,,,,SAMN35159662,0,S,CLSI,,1.0,0.0,0.0,0.0,0.0,4.0,0.0,0.0,0.0,0.0,2.0,0.0,1.0,0.0,0.0,4.0,0.0,1.0,0.0,0.0,1.0,1.0,0.0,0.0,0.0,5,unknown,G347,calibration
PRJNA278886,Klebsiella pneumoniae,USA,2022,,,Homo sapiens,unknown,unknown,not_curated,,,,SAMN35159665,1,R,CLSI,,2.0,0.0,0.0,0.0,0.0,6.0,0.0,1.0,0.0,0.0,-2.0,1.0,0.0,0.0,0.0,0.0,1.0,0.0,0.0,0.0,1.0,1.0,0.0,0.0,0.0,5,unknown,G348,calibration
PRJNA278886,Klebsiella pneumoniae,USA,2022,,,Homo sapiens,unknown,unknown,not_curated,,,,SAMN35159676,0,S,CLSI,,6.0,0.0,1.0,0.0,0.0,6.0,0.0,1.0,0.0,0.0,2.0,0.0,1.0,0.0,0.0,0.0,1.0,0.0,0.0,0.0,1.0,1.0,0.0,0.0,0.0,5,unknown,G353,calibration
PRJNA278886,Klebsiella pneumoniae,USA,2022,,,Homo sapiens,unknown,unknown,not_curated,,,,SAMN35159677,0,S,CLSI,,0.0,1.0,0.0,0.0,0.0,4.0,0.0,0.0,0.0,0.0,-2.0,1.0,0.0,0.0,0.0,0.0,1.0,0.0,0.0,0.0,1.0,1.0,0.0,0.0,0.0,5,unknown,G354,calibration
PRJNA278886,Klebsiella pneumoniae,USA,2023,,,Homo sapiens,unknown,unknown,not_curated,,,,SAMN37516910,0,S,CLSI,,1.0,0.0,0.0,0.0,0.0,3.0,0.0,0.0,0.0,0.0,-2.0,1.0,0.0,0.0,0.0,4.0,0.0,1.0,0.0,0.0,1.0,1.0,0.0,0.0,0.0,5,unknown,G380,calibration
PRJNA278886,Klebsiella pneumoniae,USA,2023,,,Homo sapiens,unknown,unknown,not_curated,,,,SAMN37516935,0,S,CLSI,,1.0,0.0,0.0,0.0,0.0,3.0,0.0,0.0,0.0,0.0,0.0,0.0,0.0,0.0,0.0,0.0,1.0,0.0,0.0,0.0,1.0,1.0,0.0,0.0,0.0,5,unknown,G382,calibration
PRJNA278886,Klebsiella pneumoniae,USA,2023,,,Homo sapiens,unknown,unknown,not_curated,,,,SAMN38228821,0,S,CLSI,,1.0,0.0,0.0,0.0,0.0,4.0,0.0,0.0,0.0,0.0,1.0,0.0,0.0,0.0,0.0,4.0,0.0,1.0,0.0,0.0,1.0,1.0,0.0,0.0,0.0,5,unknown,G386,calibration
PRJNA278886,Klebsiella pneumoniae,USA,2023,,,Homo sapiens,unknown,unknown,not_curated,,,,SAMN38228823,0,S,CLSI,,2.0,0.0,0.0,0.0,0.0,3.0,0.0,0.0,0.0,0.0,1.0,0.0,0.0,0.0,0.0,4.0,0.0,1.0,0.0,0.0,2.0,0.0,0.0,0.0,0.0,5,unknown,G387,calibration
PRJNA278886,Klebsiella pneumoniae,USA,2024,,,Homo sapiens,unknown,unknown,not_curated,,,,SAMN40930671,0,S,CLSI,,5.0,0.0,0.0,0.0,0.0,6.0,0.0,1.0,0.0,0.0,2.0,0.0,1.0,0.0,0.0,0.0,1.0,0.0,0.0,0.0,1.0,1.0,0.0,0.0,0.0,5,unknown,G398,calibration
PRJNA1156689,Klebsiella pneumoniae,Nigeria,not applicable,,,Homo sapiens,unknown,unknown,not_curated,,,,SAMN45204650,0,S,CLSI,,6.0,0.0,1.0,0.0,0.0,6.0,0.0,1.0,0.0,0.0,-2.0,1.0,0.0,0.0,0.0,4.0,0.0,1.0,0.0,0.0,1.0,1.0,0.0,0.0,0.0,5,unknown,G401,calibration
PRJNA1156689,Klebsiella pneumoniae,Nigeria,not applicable,,,Homo sapiens,unknown,unknown,not_curated,,,,SAMN45204673,0,S,CLSI,,1.0,0.0,0.0,0.0,0.0,2.0,0.0,0.0,0.0,0.0,0.0,0.0,0.0,0.0,0.0,4.0,0.0,1.0,0.0,0.0,1.0,1.0,0.0,0.0,0.0,5,unknown,G404,calibration
PRJNA1156689,Klebsiella pneumoniae,Nigeria,not applicable,,,Homo sapiens,unknown,unknown,not_curated,,,,SAMN45204703,0,S,CLSI,,1.0,0.0,0.0,0.0,0.0,4.0,0.0,0.0,0.0,0.0,-2.0,1.0,0.0,0.0,0.0,4.0,0.0,1.0,0.0,0.0,1.0,1.0,0.0,0.0,0.0,5,unknown,G410,calibration
PRJNA1156689,Klebsiella pneumoniae,Nigeria,not applicable,,,Homo sapiens,unknown,unknown,not_curated,,,,SAMN45204712,0,S,CLSI,,1.0,0.0,0.0,0.0,0.0,3.0,0.0,0.0,0.0,0.0,-2.0,1.0,0.0,0.0,0.0,4.0,0.0,1.0,0.0,0.0,1.0,1.0,0.0,0.0,0.0,5,unknown,G415,calibration
PRJNA1156689,Klebsiella pneumoniae,Nigeria,not applicable,,,Homo sapiens,unknown,unknown,not_curated,,,,SAMN45204726,0,S,CLSI,,1.0,0.0,0.0,0.0,0.0,4.0,0.0,0.0,0.0,0.0,-2.0,1.0,0.0,0.0,0.0,4.0,0.0,1.0,0.0,0.0,1.0,1.0,0.0,0.0,0.0,5,unknown,G421,calibration
PRJNA1156689,Klebsiella pneumoniae,Nigeria,not applicable,,,Homo sapiens,unknown,unknown,not_curated,,,,SAMN45204768,0,S,CLSI,,0.0,1.0,0.0,0.0,0.0,2.0,0.0,0.0,0.0,0.0,0.0,0.0,0.0,0.0,0.0,4.0,0.0,1.0,0.0,0.0,1.0,1.0,0.0,0.0,0.0,5,unknown,G429,calibration
PRJNA1156689,Klebsiella pneumoniae,Nigeria,not applicable,,,Homo sapiens,unknown,unknown,not_curated,,,,SAMN45204770,0,S,CLSI,,1.0,0.0,0.0,0.0,0.0,4.0,0.0,0.0,0.0,0.0,2.0,0.0,1.0,0.0,0.0,4.0,0.0,1.0,0.0,0.0,1.0,1.0,0.0,0.0,0.0,5,unknown,G431,calibration
PRJNA1156689,Klebsiella pneumoniae,Nigeria,not applicable,,,Homo sapiens,unknown,unknown,not_curated,,,,SAMN45204772,0,S,CLSI,,6.0,0.0,1.0,0.0,0.0,6.0,0.0,1.0,0.0,0.0,-2.0,1.0,0.0,0.0,0.0,4.0,0.0,1.0,0.0,0.0,1.0,1.0,0.0,0.0,0.0,5,unknown,G432,calibration
PRJNA1156689,Klebsiella pneumoniae,Nigeria,not applicable,,,Homo sapiens,unknown,unknown,not_curated,,,,SAMN45204778,0,S,CLSI,,6.0,0.0,1.0,0.0,0.0,6.0,0.0,1.0,0.0,0.0,2.0,0.0,1.0,0.0,0.0,4.0,0.0,1.0,0.0,0.0,1.0,1.0,0.0,0.0,0.0,5,unknown,G436,calibration
PRJNA1271593,Klebsiella pneumoniae,USA,2023-05-02,,,Homo sapiens,unknown,unknown,not_curated,,,,SAMN48878077,0,S,CLSI,,-3.0588936890535687,1.0,0.0,0.0,0.0,,0.0,0.0,0.0,1.0,-2.0,1.0,0.0,0.0,0.0,,0.0,0.0,0.0,1.0,1.0,1.0,0.0,0.0,0.0,3,unknown,G440,calibration
PRJNA1271593,Klebsiella pneumoniae,USA,2023-05-14,,,Homo sapiens,unknown,unknown,not_curated,,,,SAMN48878213,0,S,CLSI,,-3.0588936890535687,0.0,0.0,0.0,0.0,,0.0,0.0,0.0,1.0,-2.0,0.0,0.0,0.0,0.0,,0.0,0.0,0.0,1.0,1.0,0.0,0.0,0.0,0.0,3,unknown,G444,calibration
PRJNA1271593,Klebsiella pneumoniae,USA,2023-06-03,,,Homo sapiens,unknown,unknown,not_curated,,,,SAMN48878346,0,S,CLSI,,-3.0588936890535687,1.0,0.0,0.0,0.0,,0.0,0.0,0.0,1.0,-2.0,1.0,0.0,0.0,0.0,,0.0,0.0,0.0,1.0,1.0,1.0,0.0,0.0,0.0,3,unknown,G454,calibration
PRJNA1271593,Klebsiella pneumoniae,USA,2023-06-13,,,Homo sapiens,unknown,unknown,not_curated,,,,SAMN48878529,0,S,CLSI,,-3.0588936890535687,1.0,0.0,0.0,0.0,,0.0,0.0,0.0,1.0,-2.0,1.0,0.0,0.0,0.0,,0.0,0.0,0.0,1.0,1.0,1.0,0.0,0.0,0.0,3,unknown,G456,calibration
PRJNA1271593,Klebsiella pneumoniae,USA,2023-07-01,,,Homo sapiens,unknown,unknown,not_curated,,,,SAMN48878565,0,S,CLSI,,5.0,0.0,1.0,0.0,0.0,,0.0,0.0,0.0,1.0,2.0,0.0,1.0,0.0,0.0,,0.0,0.0,0.0,1.0,1.0,1.0,0.0,0.0,0.0,3,unknown,G457,calibration
PRJNA1271593,Klebsiella pneumoniae,USA,2023-07-18,,,Homo sapiens,unknown,unknown,not_curated,,,,SAMN48878748,0,S,CLSI,,5.0,0.0,1.0,0.0,0.0,,0.0,0.0,0.0,1.0,0.0,0.0,0.0,0.0,0.0,,0.0,0.0,0.0,1.0,1.0,1.0,0.0,0.0,0.0,3,unknown,G468,calibration
PRJNA1271593,Klebsiella pneumoniae,USA,2023-07-24,,,Homo sapiens,unknown,unknown,not_curated,,,,SAMN48878795,0,S,CLSI,,-3.0588936890535687,1.0,0.0,0.0,0.0,,0.0,0.0,0.0,1.0,-2.0,1.0,0.0,0.0,0.0,,0.0,0.0,0.0,1.0,1.0,1.0,0.0,0.0,0.0,3,unknown,G471,calibration
PRJNA1271593,Klebsiella pneumoniae,USA,2023-07-30,,,Homo sapiens,unknown,unknown,not_curated,,,,SAMN48878891,0,S,CLSI,,5.0,0.0,1.0,0.0,0.0,,0.0,0.0,0.0,1.0,2.0,0.0,1.0,0.0,0.0,,0.0,0.0,0.0,1.0,1.0,1.0,0.0,0.0,0.0,3,unknown,G477,calibration
PRJNA1271593,Klebsiella pneumoniae,USA,2023-08-04,,,Homo sapiens,unknown,unknown,not_curated,,,,SAMN48878929,0,S,CLSI,,-3.0588936890535687,1.0,0.0,0.0,0.0,,0.0,0.0,0.0,1.0,-2.0,1.0,0.0,0.0,0.0,,0.0,0.0,0.0,1.0,1.0,1.0,0.0,0.0,0.0,3,unknown,G479,calibration
PRJNA296771,Klebsiella pneumoniae,USA,2011-02-28,,,Homo sapiens,unknown,unknown,not_curated,,,,SAMN04448221,1,R,CLSI,,5.0,0.0,1.0,1.0,0.0,7.0,0.0,1.0,1.0,0.0,3.0,0.0,1.0,1.0,0.0,4.0,0.0,1.0,1.0,0.0,6.0,0.0,1.0,1.0,0.0,5,unknown,G6,test
PRJNA296771,Klebsiella pneumoniae,USA,2013-09-07,,,Homo sapiens,unknown,unknown,not_curated,,,,SAMN04448246,1,R,CLSI,,5.0,0.0,1.0,1.0,0.0,7.0,0.0,1.0,1.0,0.0,3.0,0.0,1.0,1.0,0.0,4.0,0.0,1.0,1.0,0.0,0.0,1.0,0.0,1.0,0.0,5,unknown,G25,test
PRJNA296771,Klebsiella pneumoniae,USA,2014-08-03,,,Homo sapiens,unknown,unknown,not_curated,,,,SAMN04448248,1,R,CLSI,,5.0,0.0,1.0,1.0,0.0,7.0,0.0,1.0,1.0,0.0,3.0,0.0,1.0,1.0,0.0,4.0,0.0,1.0,1.0,0.0,3.0,0.0,0.0,0.0,0.0,5,unknown,G27,test
PRJNA288601,Klebsiella pneumoniae,USA,2012-02-01,,,Homo sapiens,unknown,unknown,not_curated,,,,SAMN05170058,1,R,CLSI,,5.0,0.0,1.0,1.0,0.0,7.0,0.0,1.0,1.0,0.0,3.0,0.0,1.0,1.0,0.0,4.0,0.0,1.0,0.0,0.0,4.0,1.0,0.0,0.0,0.0,5,unknown,G37,test
PRJNA288601,Klebsiella pneumoniae,USA,2013-05-01,,,Homo sapiens,unknown,unknown,not_curated,,,,SAMN05170102,1,R,CLSI,,5.0,0.0,1.0,1.0,0.0,7.0,0.0,1.0,1.0,0.0,3.0,0.0,1.0,1.0,0.0,-2.0,1.0,0.0,1.0,0.0,0.0,1.0,0.0,1.0,0.0,5,unknown,G50,test
PRJNA288601,Klebsiella pneumoniae,USA,2013-05-01,,,Homo sapiens,unknown,unknown,not_curated,,,,SAMN05170109,1,R,CLSI,,3.0,0.0,0.0,0.0,0.0,7.0,0.0,1.0,1.0,0.0,3.0,0.0,1.0,1.0,0.0,2.0,1.0,0.0,0.0,0.0,1.0,1.0,0.0,1.0,0.0,5,unknown,G57,test
PRJNA288601,Klebsiella pneumoniae,USA,2013-08-07,,,Homo sapiens,unknown,unknown,not_curated,,,,SAMN05170134,1,R,CLSI,,5.0,0.0,1.0,1.0,0.0,7.0,0.0,1.0,1.0,0.0,3.0,0.0,1.0,1.0,0.0,0.0,1.0,0.0,1.0,0.0,4.0,1.0,0.0,0.0,0.0,5,unknown,G72,test
PRJNA288601,Klebsiella pneumoniae,USA,2013-09-03,,,Homo sapiens,unknown,unknown,not_curated,,,,SAMN05170141,0,S,CLSI,,5.0,0.0,1.0,1.0,0.0,7.0,0.0,1.0,1.0,0.0,3.0,0.0,1.0,1.0,0.0,-2.0,1.0,0.0,1.0,0.0,0.0,1.0,0.0,1.0,0.0,5,unknown,G76,test
PRJNA288601,Klebsiella pneumoniae,USA,2013-09-03,,,Homo sapiens,unknown,unknown,not_curated,,,,SAMN05170143,1,R,CLSI,,5.0,0.0,1.0,1.0,0.0,7.0,0.0,1.0,1.0,0.0,3.0,0.0,1.0,1.0,0.0,3.0,0.0,0.0,0.0,0.0,0.0,1.0,0.0,1.0,0.0,5,unknown,G77,test
PRJNA288601,Klebsiella pneumoniae,USA,2013-12-02,,,Homo sapiens,unknown,unknown,not_curated,,,,SAMN05170171,1,R,CLSI,,5.0,0.0,1.0,1.0,0.0,7.0,0.0,1.0,1.0,0.0,3.0,0.0,1.0,1.0,0.0,4.0,0.0,1.0,1.0,0.0,3.0,1.0,0.0,1.0,0.0,5,unknown,G82,test
PRJNA288601,Klebsiella pneumoniae,USA,2013-11-06,,,Homo sapiens,unknown,unknown,not_curated,,,,SAMN05170174,1,R,CLSI,,5.0,0.0,1.0,1.0,0.0,7.0,0.0,1.0,1.0,0.0,3.0,0.0,1.0,1.0,0.0,1.0,1.0,0.0,1.0,0.0,5.0,0.0,0.0,0.0,0.0,5,unknown,G85,test
PRJNA288601,Klebsiella pneumoniae,USA,2013-11-06,,,Homo sapiens,unknown,unknown,not_curated,,,,SAMN05170176,1,R,CLSI,,5.0,0.0,1.0,1.0,0.0,7.0,0.0,1.0,1.0,0.0,3.0,0.0,1.0,1.0,0.0,1.0,1.0,0.0,1.0,0.0,5.0,0.0,0.0,0.0,0.0,5,unknown,G87,test
PRJNA288601,Klebsiella pneumoniae,USA,2013-12-02,,,Homo sapiens,unknown,unknown,not_curated,,,,SAMN05170180,1,R,CLSI,,5.0,0.0,1.0,1.0,0.0,7.0,0.0,1.0,1.0,0.0,3.0,0.0,1.0,1.0,0.0,4.0,0.0,1.0,1.0,0.0,5.0,0.0,0.0,0.0,0.0,5,unknown,G90,test
PRJNA288601,Klebsiella pneumoniae,USA,2014-02-05,,,Homo sapiens,unknown,unknown,not_curated,,,,SAMN05170182,1,R,CLSI,,4.0,0.0,1.0,0.0,0.0,6.0,0.0,1.0,1.0,0.0,0.0,1.0,0.0,0.0,0.0,-2.0,1.0,0.0,1.0,0.0,0.0,1.0,0.0,1.0,0.0,5,unknown,G92,test
PRJNA288601,Klebsiella pneumoniae,USA,2014-02-05,,,Homo sapiens,unknown,unknown,not_curated,,,,SAMN05170195,1,R,CLSI,,5.0,0.0,1.0,1.0,0.0,7.0,0.0,1.0,1.0,0.0,3.0,0.0,1.0,1.0,0.0,0.0,1.0,0.0,1.0,0.0,5.0,0.0,0.0,0.0,0.0,5,unknown,G101,test
PRJNA288601,Klebsiella pneumoniae,USA,2014-02-05,,,Homo sapiens,unknown,unknown,not_curated,,,,SAMN05170197,1,R,CLSI,,5.0,0.0,1.0,1.0,0.0,7.0,0.0,1.0,1.0,0.0,3.0,0.0,1.0,1.0,0.0,0.0,1.0,0.0,1.0,0.0,5.0,0.0,0.0,0.0,0.0,5,unknown,G103,test
PRJNA288601,Klebsiella pneumoniae,USA,2014-05-07,,,Homo sapiens,unknown,unknown,not_curated,,,,SAMN05170216,1,R,CLSI,,5.0,0.0,1.0,1.0,0.0,7.0,0.0,1.0,1.0,0.0,3.0,0.0,1.0,1.0,0.0,1.0,1.0,0.0,1.0,0.0,6.0,0.0,1.0,0.0,0.0,5,unknown,G108,test
PRJNA288601,Klebsiella pneumoniae,USA,2014-05-07,,,Homo sapiens,unknown,unknown,not_curated,,,,SAMN05170218,1,R,CLSI,,5.0,0.0,1.0,1.0,0.0,7.0,0.0,1.0,1.0,0.0,3.0,0.0,1.0,1.0,0.0,0.0,1.0,0.0,1.0,0.0,6.0,0.0,1.0,0.0,0.0,5,unknown,G110,test
PRJNA288601,Klebsiella pneumoniae,USA,2014-06-09,,,Homo sapiens,unknown,unknown,not_curated,,,,SAMN05170249,1,R,CLSI,,5.0,0.0,1.0,1.0,0.0,5.0,0.0,1.0,1.0,0.0,-1.0,1.0,0.0,1.0,0.0,-2.0,1.0,0.0,1.0,0.0,0.0,1.0,0.0,1.0,0.0,5,unknown,G124,test
PRJNA288601,Klebsiella pneumoniae,USA,2014-06-09,,,Homo sapiens,unknown,unknown,not_curated,,,,SAMN05170251,1,R,CLSI,,5.0,0.0,1.0,1.0,0.0,6.0,0.0,1.0,1.0,0.0,3.0,0.0,1.0,1.0,0.0,4.0,0.0,1.0,0.0,0.0,5.0,0.0,0.0,0.0,0.0,5,unknown,G125,test
PRJNA288601,Klebsiella pneumoniae,USA,2014-06-09,,,Homo sapiens,unknown,unknown,not_curated,,,,SAMN05170252,1,R,CLSI,,5.0,0.0,1.0,1.0,0.0,7.0,0.0,1.0,1.0,0.0,3.0,0.0,1.0,1.0,0.0,3.0,0.0,0.0,0.0,0.0,3.0,1.0,0.0,1.0,0.0,5,unknown,G126,test
PRJNA288601,Klebsiella pneumoniae,USA,2014-08-06,,,Homo sapiens,unknown,unknown,not_curated,,,,SAMN05170263,1,R,CLSI,,5.0,0.0,1.0,1.0,0.0,7.0,0.0,1.0,1.0,0.0,3.0,0.0,1.0,1.0,0.0,4.0,0.0,1.0,0.0,0.0,0.0,1.0,0.0,1.0,0.0,5,unknown,G132,test
PRJNA288601,Klebsiella pneumoniae,USA,2014-08-12,,,Homo sapiens,unknown,unknown,not_curated,,,,SAMN05170284,1,R,CLSI,,4.0,0.0,1.0,0.0,0.0,7.0,0.0,1.0,1.0,0.0,3.0,0.0,1.0,1.0,0.0,1.0,1.0,0.0,1.0,0.0,5.0,0.0,0.0,0.0,0.0,5,unknown,G139,test
PRJNA288601,Klebsiella pneumoniae,USA,2014-09-10,,,Homo sapiens,unknown,unknown,not_curated,,,,SAMN05170311,1,R,CLSI,,5.0,0.0,1.0,1.0,0.0,7.0,0.0,1.0,1.0,0.0,3.0,0.0,1.0,1.0,0.0,-2.0,1.0,0.0,1.0,0.0,0.0,1.0,0.0,1.0,0.0,5,unknown,G147,test
PRJNA288601,Klebsiella pneumoniae,USA,2014-09-10,,,Homo sapiens,unknown,unknown,not_curated,,,,SAMN05170315,1,R,CLSI,,5.0,0.0,1.0,1.0,0.0,7.0,0.0,1.0,1.0,0.0,3.0,0.0,1.0,1.0,0.0,4.0,0.0,1.0,1.0,0.0,5.0,0.0,0.0,0.0,0.0,5,unknown,G149,test
PRJNA288601,Klebsiella pneumoniae,USA,2014-11-17,,,Homo sapiens,unknown,unknown,not_curated,,,,SAMN05170329,1,R,CLSI,,5.0,0.0,1.0,1.0,0.0,7.0,0.0,1.0,1.0,0.0,3.0,0.0,1.0,1.0,0.0,-2.0,1.0,0.0,1.0,0.0,2.0,1.0,0.0,1.0,0.0,5,unknown,G155,test
PRJNA288601,Klebsiella pneumoniae,USA,2014-12-08,,,Homo sapiens,unknown,unknown,not_curated,,,,SAMN05170339,1,R,CLSI,,5.0,0.0,1.0,1.0,0.0,7.0,0.0,1.0,1.0,0.0,3.0,0.0,1.0,1.0,0.0,-2.0,1.0,0.0,1.0,0.0,0.0,1.0,0.0,1.0,0.0,5,unknown,G157,test
PRJNA278886,Klebsiella pneumoniae,USA,2016,,,Homo sapiens,unknown,unknown,not_curated,,,,SAMN05194535,1,R,CLSI,,6.0,0.0,1.0,0.0,0.0,6.0,0.0,1.0,0.0,0.0,2.0,0.0,1.0,0.0,0.0,4.0,0.0,1.0,0.0,0.0,4.0,0.0,0.0,0.0,0.0,5,unknown,G164,test
PRJNA308116,Klebsiella pneumoniae,Pakistan,2013,,,Homo sapiens,unknown,unknown,not_curated,,,,SAMN05213496,1,R,CLSI,,5.0,0.0,1.0,1.0,0.0,7.0,0.0,1.0,1.0,0.0,3.0,0.0,1.0,1.0,0.0,4.0,0.0,1.0,1.0,0.0,6.0,0.0,1.0,1.0,0.0,5,unknown,G167,test
PRJNA308116,Klebsiella pneumoniae,Pakistan,2013,,,Homo sapiens,unknown,unknown,not_curated,,,,SAMN05213500,1,R,CLSI,,5.0,0.0,1.0,1.0,0.0,7.0,0.0,1.0,1.0,0.0,3.0,0.0,1.0,1.0,0.0,4.0,0.0,1.0,1.0,0.0,6.0,0.0,1.0,1.0,0.0,5,unknown,G170,test
PRJNA278886,Klebsiella pneumoniae,USA,2016,,,Homo sapiens,unknown,unknown,not_curated,,,,SAMN06546424,1,R,CLSI,,6.0,0.0,1.0,0.0,0.0,6.0,0.0,1.0,0.0,0.0,2.0,0.0,1.0,0.0,0.0,4.0,0.0,1.0,0.0,0.0,1.0,1.0,0.0,0.0,0.0,5,unknown,G183,test
PRJNA278886,Klebsiella pneumoniae,USA,2017,,,Homo sapiens,unknown,unknown,not_curated,,,,SAMN06680409,0,S,CLSI,,2.0,0.0,0.0,0.0,0.0,4.0,0.0,0.0,0.0,0.0,-2.0,1.0,0.0,0.0,0.0,0.0,1.0,0.0,0.0,0.0,1.0,1.0,0.0,0.0,0.0,5,unknown,G188,test
PRJNA278886,Klebsiella pneumoniae,USA,2017,,,Homo sapiens,unknown,unknown,not_curated,,,,SAMN07410707,0,S,CLSI,,6.0,0.0,1.0,0.0,0.0,6.0,0.0,1.0,0.0,0.0,2.0,0.0,1.0,0.0,0.0,2.0,0.0,0.0,0.0,0.0,5.0,0.0,0.0,0.0,0.0,5,unknown,G204,test
PRJNA482724,Klebsiella pneumoniae,Taiwan,2014-01,,,Homo sapiens,unknown,unknown,not_curated,,,,SAMN09711403,0,S,CLSI,,2.0,0.0,0.0,0.0,0.0,5.0,0.0,0.0,0.0,0.0,1.0,0.0,1.0,1.0,0.0,3.0,0.0,1.0,1.0,0.0,5.0,0.0,1.0,1.0,0.0,5,unknown,G211,test
PRJNA308116,Klebsiella pneumoniae,Pakistan,1998,,,Homo sapiens,unknown,unknown,not_curated,,,,SAMN10086659,0,S,CLSI,,1.0,0.0,0.0,0.0,0.0,7.0,0.0,0.0,0.0,0.0,0.0,0.0,0.0,0.0,0.0,4.0,0.0,1.0,1.0,0.0,4.0,0.0,0.0,0.0,0.0,5,unknown,G212,test
PRJNA308116,Klebsiella pneumoniae,Pakistan,1998,,,Homo sapiens,unknown,unknown,not_curated,,,,SAMN10086661,0,S,CLSI,,-1.0,1.0,0.0,1.0,0.0,0.0,1.0,0.0,1.0,0.0,-2.0,1.0,0.0,1.0,0.0,-2.0,1.0,0.0,1.0,0.0,0.0,1.0,0.0,1.0,0.0,5,unknown,G214,test
PRJNA308116,Klebsiella pneumoniae,Pakistan,2015,,,Homo sapiens,unknown,unknown,not_curated,,,,SAMN10086703,1,R,CLSI,,5.0,0.0,1.0,1.0,0.0,7.0,0.0,1.0,1.0,0.0,3.0,0.0,1.0,1.0,0.0,4.0,0.0,1.0,1.0,0.0,6.0,0.0,1.0,1.0,0.0,5,unknown,G221,test
PRJNA308116,Klebsiella pneumoniae,Pakistan,2015,,,Homo sapiens,unknown,unknown,not_curated,,,,SAMN10086740,1,R,CLSI,,5.0,0.0,1.0,1.0,0.0,7.0,0.0,1.0,1.0,0.0,3.0,0.0,1.0,1.0,0.0,4.0,0.0,1.0,1.0,0.0,6.0,0.0,1.0,1.0,0.0,5,unknown,G226,test
PRJNA308116,Klebsiella pneumoniae,Pakistan,2015,,,Homo sapiens,unknown,unknown,not_curated,,,,SAMN10086741,1,R,CLSI,,5.0,0.0,1.0,1.0,0.0,7.0,0.0,0.0,0.0,0.0,3.0,0.0,1.0,1.0,0.0,4.0,0.0,1.0,1.0,0.0,6.0,0.0,1.0,1.0,0.0,5,unknown,G227,test
PRJNA308116,Klebsiella pneumoniae,Pakistan,2015,,,Homo sapiens,unknown,unknown,not_curated,,,,SAMN10086743,0,S,CLSI,,5.0,0.0,1.0,1.0,0.0,7.0,0.0,0.0,0.0,0.0,3.0,0.0,1.0,1.0,0.0,4.0,0.0,1.0,1.0,0.0,6.0,0.0,1.0,1.0,0.0,5,unknown,G228,test
PRJNA308116,Klebsiella pneumoniae,Pakistan,2015,,,Homo sapiens,unknown,unknown,not_curated,,,,SAMN10086746,1,R,CLSI,,5.0,0.0,1.0,1.0,0.0,6.0,0.0,0.0,0.0,0.0,3.0,0.0,1.0,1.0,0.0,-2.0,1.0,0.0,1.0,0.0,0.0,1.0,0.0,1.0,0.0,5,unknown,G230,test
PRJNA308116,Klebsiella pneumoniae,Pakistan,2016,,,Homo sapiens,unknown,unknown,not_curated,,,,SAMN10086811,1,R,CLSI,,5.0,0.0,1.0,1.0,0.0,7.0,0.0,1.0,1.0,0.0,-1.0,0.0,0.0,0.0,0.0,4.0,0.0,1.0,1.0,0.0,6.0,0.0,1.0,1.0,0.0,5,unknown,G235,test
PRJNA308116,Klebsiella pneumoniae,Pakistan,2016,,,Homo sapiens,unknown,unknown,not_curated,,,,SAMN10086816,1,R,CLSI,,5.0,0.0,1.0,1.0,0.0,7.0,0.0,1.0,1.0,0.0,3.0,0.0,1.0,1.0,0.0,4.0,0.0,1.0,1.0,0.0,6.0,0.0,1.0,1.0,0.0,5,unknown,G236,test
PRJNA308116,Klebsiella pneumoniae,Pakistan,2016,,,Homo sapiens,unknown,unknown,not_curated,,,,SAMN10086827,0,S,CLSI,,3.0,0.0,0.0,0.0,0.0,4.0,0.0,0.0,0.0,0.0,-1.0,0.0,0.0,0.0,0.0,-2.0,1.0,0.0,1.0,0.0,0.0,1.0,0.0,1.0,0.0,5,unknown,G241,test
PRJNA308116,Klebsiella pneumoniae,Pakistan,2016,,,Homo sapiens,unknown,unknown,not_curated,,,,SAMN10086828,1,R,CLSI,,5.0,0.0,1.0,1.0,0.0,7.0,0.0,1.0,1.0,0.0,3.0,0.0,1.0,1.0,0.0,4.0,0.0,1.0,1.0,0.0,6.0,0.0,1.0,1.0,0.0,5,unknown,G242,test
PRJNA529562|PRJNA529587,Klebsiella pneumoniae,Israel,2017-07-17,,,Homo sapiens,unknown,unknown,not_curated,,,,SAMN11270019,0,S,CLSI,,,0.0,0.0,0.0,1.0,5.0,0.0,0.0,0.0,0.0,1.0,0.0,0.0,0.0,0.0,4.0,0.0,1.0,0.0,0.0,1.0,1.0,0.0,0.0,0.0,4,unknown,G247,test
PRJNA529562|PRJNA529587,Klebsiella pneumoniae,Israel,2017-07-21,,,Homo sapiens,unknown,unknown,not_curated,,,,SAMN11270022,0,S,CLSI,,,0.0,0.0,0.0,1.0,3.0,0.0,0.0,0.0,0.0,0.0,0.0,0.0,0.0,0.0,0.0,1.0,0.0,0.0,0.0,1.0,1.0,0.0,0.0,0.0,4,unknown,G250,test
PRJNA529562|PRJNA529587,Klebsiella pneumoniae,Israel,2017-09-22,,,Homo sapiens,unknown,unknown,not_curated,,,,SAMN11270028,0,S,CLSI,,,0.0,0.0,0.0,1.0,-1.0,0.0,0.0,0.0,0.0,0.0,0.0,0.0,0.0,0.0,4.0,0.0,1.0,0.0,0.0,1.0,1.0,0.0,0.0,0.0,4,unknown,G256,test
PRJNA529562|PRJNA529587,Klebsiella pneumoniae,Israel,2017-08-11,,,Homo sapiens,unknown,unknown,not_curated,,,,SAMN11270030,0,S,CLSI,,,0.0,0.0,0.0,1.0,2.0,0.0,0.0,0.0,0.0,0.0,0.0,0.0,0.0,0.0,4.0,0.0,1.0,0.0,0.0,1.0,1.0,0.0,0.0,0.0,4,unknown,G258,test
PRJNA529562|PRJNA529587,Klebsiella pneumoniae,Israel,2017-08-11,,,Homo sapiens,unknown,unknown,not_curated,,,,SAMN11270035,0,S,CLSI,,,0.0,0.0,0.0,1.0,5.0,0.0,0.0,0.0,0.0,-1.0,0.0,0.0,0.0,0.0,0.0,1.0,0.0,0.0,0.0,1.0,1.0,0.0,0.0,0.0,4,unknown,G263,test
PRJNA587095,Klebsiella pneumoniae,USA,2017-09-12,,,Homo sapiens,unknown,unknown,not_curated,,,,SAMN13176241,0,S,CLSI,,0.0,1.0,0.0,0.0,0.0,0.0,1.0,0.0,0.0,0.0,-2.0,1.0,0.0,0.0,0.0,0.0,1.0,0.0,0.0,0.0,1.0,1.0,0.0,0.0,0.0,5,unknown,G264,test
PRJNA861833,Klebsiella pneumoniae,South Africa,2019-01-27,,,Homo sapiens,unknown,unknown,not_curated,,,,SAMN29928033,0,S,CLSI,,3.0,0.0,1.0,1.0,0.0,4.0,0.0,1.0,1.0,0.0,2.0,0.0,1.0,1.0,0.0,3.0,0.0,0.0,0.0,0.0,4.0,1.0,0.0,0.0,0.0,5,unknown,G268,test
PRJNA861833,Klebsiella pneumoniae,South Africa,2019-10-11,,,Homo sapiens,unknown,unknown,not_curated,,,,SAMN29928036,1,R,CLSI,,3.0,0.0,1.0,1.0,0.0,4.0,0.0,1.0,1.0,0.0,1.0,0.0,1.0,1.0,0.0,3.0,0.0,1.0,1.0,0.0,4.0,1.0,0.0,0.0,0.0,5,unknown,G271,test
PRJNA861833,Klebsiella pneumoniae,South Africa,2020,,,Homo sapiens,unknown,unknown,not_curated,,,,SAMN29928043,0,S,CLSI,,0.0,1.0,0.0,0.0,0.0,0.0,1.0,0.0,0.0,0.0,0.0,1.0,0.0,0.0,0.0,2.0,1.0,0.0,0.0,0.0,4.0,1.0,0.0,0.0,0.0,5,unknown,G273,test
PRJNA953359,Klebsiella pneumoniae,USA,2022,,,Homo sapiens,unknown,unknown,not_curated,,,,SAMN34111349,1,R,CLSI,,5.0,0.0,1.0,1.0,0.0,7.0,0.0,1.0,1.0,0.0,,0.0,0.0,0.0,1.0,,0.0,0.0,0.0,1.0,6.0,0.0,1.0,1.0,0.0,3,unknown,G278,test
PRJNA278886,Klebsiella pneumoniae,USA,2023,,,Homo sapiens,unknown,unknown,not_curated,,,,SAMN35159567,0,S,CLSI,,2.0,0.0,0.0,0.0,0.0,4.0,0.0,0.0,0.0,0.0,2.0,0.0,1.0,0.0,0.0,4.0,0.0,1.0,0.0,0.0,2.0,0.0,0.0,0.0,0.0,5,unknown,G281,test
PRJNA278886,Klebsiella pneumoniae,USA,2023,,,Homo sapiens,unknown,unknown,not_curated,,,,SAMN35159580,0,S,CLSI,,1.0,0.0,0.0,0.0,0.0,4.0,0.0,0.0,0.0,0.0,-1.0,0.0,0.0,0.0,0.0,4.0,0.0,1.0,0.0,0.0,1.0,1.0,0.0,0.0,0.0,5,unknown,G287,test
PRJNA278886,Klebsiella pneumoniae,USA,2022,,,Homo sapiens,unknown,unknown,not_curated,,,,SAMN35159594,0,S,CLSI,,1.0,0.0,0.0,0.0,0.0,6.0,0.0,1.0,0.0,0.0,-2.0,1.0,0.0,0.0,0.0,4.0,0.0,1.0,0.0,0.0,1.0,1.0,0.0,0.0,0.0,5,unknown,G299,test
PRJNA278886,Klebsiella pneumoniae,USA,2022,,,Homo sapiens,unknown,unknown,not_curated,,,,SAMN35159603,0,S,CLSI,,3.0,0.0,0.0,0.0,0.0,2.0,0.0,0.0,0.0,0.0,-2.0,1.0,0.0,0.0,0.0,0.0,1.0,0.0,0.0,0.0,1.0,1.0,0.0,0.0,0.0,5,unknown,G306,test
PRJNA278886,Klebsiella pneumoniae,USA,2021,,,Homo sapiens,unknown,unknown,not_curated,,,,SAMN35159613,1,R,CLSI,,4.0,0.0,0.0,0.0,0.0,0.0,1.0,0.0,0.0,0.0,0.0,0.0,0.0,0.0,0.0,2.0,0.0,0.0,0.0,0.0,4.0,0.0,0.0,0.0,0.0,5,unknown,G310,test
PRJNA278886,Klebsiella pneumoniae,USA,2022,,,Homo sapiens,unknown,unknown,not_curated,,,,SAMN35159627,0,S,CLSI,,0.0,1.0,0.0,0.0,0.0,6.0,0.0,1.0,0.0,0.0,-2.0,1.0,0.0,0.0,0.0,0.0,1.0,0.0,0.0,0.0,1.0,1.0,0.0,0.0,0.0,5,unknown,G320,test
PRJNA278886,Klebsiella pneumoniae,USA,2022,,,Homo sapiens,unknown,unknown,not_curated,,,,SAMN35159631,0,S,CLSI,,5.0,0.0,0.0,0.0,0.0,6.0,0.0,1.0,0.0,0.0,2.0,0.0,1.0,0.0,0.0,0.0,1.0,0.0,0.0,0.0,1.0,1.0,0.0,0.0,0.0,5,unknown,G322,test
PRJNA278886,Klebsiella pneumoniae,USA,2022,,,Homo sapiens,unknown,unknown,not_curated,,,,SAMN35159633,0,S,CLSI,,1.0,0.0,0.0,0.0,0.0,4.0,0.0,0.0,0.0,0.0,2.0,0.0,1.0,0.0,0.0,0.0,1.0,0.0,0.0,0.0,1.0,1.0,0.0,0.0,0.0,5,unknown,G324,test
PRJNA278886,Klebsiella pneumoniae,USA,2022,,,Homo sapiens,unknown,unknown,not_curated,,,,SAMN35159639,1,R,CLSI,,6.0,0.0,1.0,0.0,0.0,6.0,0.0,1.0,0.0,0.0,2.0,0.0,1.0,0.0,0.0,2.0,0.0,0.0,0.0,0.0,1.0,1.0,0.0,0.0,0.0,5,unknown,G330,test
PRJNA278886,Klebsiella pneumoniae,USA,2022,,,Homo sapiens,unknown,unknown,not_curated,,,,SAMN35159644,0,S,CLSI,,1.0,0.0,0.0,0.0,0.0,2.0,0.0,0.0,0.0,0.0,2.0,0.0,1.0,0.0,0.0,4.0,0.0,1.0,0.0,0.0,1.0,1.0,0.0,0.0,0.0,5,unknown,G334,test
PRJNA278886,Klebsiella pneumoniae,USA,2022,,,Homo sapiens,unknown,unknown,not_curated,,,,SAMN35159648,0,S,CLSI,,1.0,0.0,0.0,0.0,0.0,4.0,0.0,0.0,0.0,0.0,2.0,0.0,1.0,0.0,0.0,4.0,0.0,1.0,0.0,0.0,1.0,1.0,0.0,0.0,0.0,5,unknown,G336,test
PRJNA278886,Klebsiella pneumoniae,USA,2022,,,Homo sapiens,unknown,unknown,not_curated,,,,SAMN35159649,0,S,CLSI,,1.0,0.0,0.0,0.0,0.0,3.0,0.0,0.0,0.0,0.0,2.0,0.0,1.0,0.0,0.0,4.0,0.0,1.0,0.0,0.0,1.0,1.0,0.0,0.0,0.0,5,unknown,G337,test
PRJNA278886,Klebsiella pneumoniae,USA,2022,,,Homo sapiens,unknown,unknown,not_curated,,,,SAMN35159651,0,S,CLSI,,1.0,0.0,0.0,0.0,0.0,4.0,0.0,0.0,0.0,0.0,2.0,0.0,1.0,0.0,0.0,4.0,0.0,1.0,0.0,0.0,1.0,1.0,0.0,0.0,0.0,5,unknown,G339,test
PRJNA278886,Klebsiella pneumoniae,USA,2022,,,Homo sapiens,unknown,unknown,not_curated,,,,SAMN35159652,0,S,CLSI,,3.0,0.0,0.0,0.0,0.0,6.0,0.0,1.0,0.0,0.0,-2.0,1.0,0.0,0.0,0.0,0.0,1.0,0.0,0.0,0.0,1.0,1.0,0.0,0.0,0.0,5,unknown,G340,test
PRJNA278886,Klebsiella pneumoniae,USA,2022,,,Homo sapiens,unknown,unknown,not_curated,,,,SAMN35159658,0,S,CLSI,,0.0,1.0,0.0,0.0,0.0,4.0,0.0,0.0,0.0,0.0,-2.0,1.0,0.0,0.0,0.0,0.0,1.0,0.0,0.0,0.0,1.0,1.0,0.0,0.0,0.0,5,unknown,G344,test
PRJNA278886,Klebsiella pneumoniae,USA,2022,,,Homo sapiens,unknown,unknown,not_curated,,,,SAMN35159666,0,S,CLSI,,1.0,0.0,0.0,0.0,0.0,4.0,0.0,0.0,0.0,0.0,1.0,0.0,0.0,0.0,0.0,4.0,0.0,1.0,0.0,0.0,2.0,0.0,0.0,0.0,0.0,5,unknown,G349,test
PRJNA278886,Klebsiella pneumoniae,USA,2023,,,Homo sapiens,unknown,unknown,not_curated,,,,SAMN35159680,0,S,CLSI,,2.0,0.0,0.0,0.0,0.0,0.0,1.0,0.0,0.0,0.0,2.0,0.0,1.0,0.0,0.0,0.0,1.0,0.0,0.0,0.0,1.0,1.0,0.0,0.0,0.0,5,unknown,G357,test
PRJNA278886,Klebsiella pneumoniae,USA,2022,,,Homo sapiens,unknown,unknown,not_curated,,,,SAMN35159682,0,S,CLSI,,6.0,0.0,1.0,0.0,0.0,6.0,0.0,1.0,0.0,0.0,0.0,0.0,0.0,0.0,0.0,0.0,1.0,0.0,0.0,0.0,1.0,1.0,0.0,0.0,0.0,5,unknown,G359,test
PRJNA278886,Klebsiella pneumoniae,USA,2022,,,Homo sapiens,unknown,unknown,not_curated,,,,SAMN35219275,0,S,CLSI,,3.0,0.0,0.0,0.0,0.0,2.0,0.0,0.0,0.0,0.0,-2.0,1.0,0.0,0.0,0.0,0.0,1.0,0.0,0.0,0.0,1.0,1.0,0.0,0.0,0.0,5,unknown,G361,test
PRJNA278886,Klebsiella pneumoniae,USA,2021,,,Homo sapiens,unknown,unknown,not_curated,,,,SAMN35219276,1,R,CLSI,,3.0,0.0,0.0,0.0,0.0,6.0,0.0,1.0,0.0,0.0,-1.0,0.0,0.0,0.0,0.0,0.0,1.0,0.0,0.0,0.0,1.0,1.0,0.0,0.0,0.0,5,unknown,G362,test
PRJNA278886,Klebsiella pneumoniae,USA,2023,,,Homo sapiens,unknown,unknown,not_curated,,,,SAMN36727339,0,S,CLSI,,0.0,1.0,0.0,0.0,0.0,0.0,1.0,0.0,0.0,0.0,2.0,0.0,1.0,0.0,0.0,0.0,1.0,0.0,0.0,0.0,1.0,1.0,0.0,0.0,0.0,5,unknown,G367,test
PRJNA278886,Klebsiella pneumoniae,USA,2023,,,Homo sapiens,unknown,unknown,not_curated,,,,SAMN36892884,0,S,CLSI,,0.0,1.0,0.0,0.0,0.0,3.0,0.0,0.0,0.0,0.0,-2.0,1.0,0.0,0.0,0.0,0.0,1.0,0.0,0.0,0.0,1.0,1.0,0.0,0.0,0.0,5,unknown,G372,test
PRJNA278886,Klebsiella pneumoniae,USA,2023,,,Homo sapiens,unknown,unknown,not_curated,,,,SAMN37516883,0,S,CLSI,,1.0,0.0,0.0,0.0,0.0,2.0,0.0,0.0,0.0,0.0,1.0,0.0,0.0,0.0,0.0,0.0,1.0,0.0,0.0,0.0,1.0,1.0,0.0,0.0,0.0,5,unknown,G375,test
PRJNA278886,Klebsiella pneumoniae,USA,2023,,,Homo sapiens,unknown,unknown,not_curated,,,,SAMN37516885,0,S,CLSI,,0.0,1.0,0.0,0.0,0.0,0.0,1.0,0.0,0.0,0.0,-2.0,1.0,0.0,0.0,0.0,0.0,1.0,0.0,0.0,0.0,1.0,1.0,0.0,0.0,0.0,5,unknown,G376,test
PRJNA278886,Klebsiella pneumoniae,USA,2023,,,Homo sapiens,unknown,unknown,not_curated,,,,SAMN37516937,0,S,CLSI,,1.0,0.0,0.0,0.0,0.0,4.0,0.0,0.0,0.0,0.0,-2.0,1.0,0.0,0.0,0.0,4.0,0.0,1.0,0.0,0.0,1.0,1.0,0.0,0.0,0.0,5,unknown,G383,test
PRJNA278886,Klebsiella pneumoniae,USA,2023,,,Homo sapiens,unknown,unknown,not_curated,,,,SAMN38228851,1,R,CLSI,,3.0,0.0,0.0,0.0,0.0,6.0,0.0,1.0,0.0,0.0,1.0,0.0,0.0,0.0,0.0,4.0,0.0,1.0,0.0,0.0,1.0,1.0,0.0,0.0,0.0,5,unknown,G391,test
PRJNA1156689,Klebsiella pneumoniae,Nigeria,not applicable,,,Homo sapiens,unknown,unknown,not_curated,,,,SAMN45204659,0,S,CLSI,,1.0,0.0,0.0,0.0,0.0,4.0,0.0,0.0,0.0,0.0,-2.0,1.0,0.0,0.0,0.0,4.0,0.0,1.0,0.0,0.0,1.0,1.0,0.0,0.0,0.0,5,unknown,G402,test
PRJNA1156689,Klebsiella pneumoniae,Nigeria,not applicable,,,Homo sapiens,unknown,unknown,not_curated,,,,SAMN45204695,0,S,CLSI,,1.0,0.0,0.0,0.0,0.0,6.0,0.0,1.0,0.0,0.0,2.0,0.0,1.0,0.0,0.0,4.0,0.0,1.0,0.0,0.0,1.0,1.0,0.0,0.0,0.0,5,unknown,G406,test
PRJNA1156689,Klebsiella pneumoniae,Nigeria,not applicable,,,Homo sapiens,unknown,unknown,not_curated,,,,SAMN45204701,0,S,CLSI,,1.0,0.0,0.0,0.0,0.0,4.0,0.0,0.0,0.0,0.0,1.0,0.0,0.0,0.0,0.0,4.0,0.0,1.0,0.0,0.0,1.0,1.0,0.0,0.0,0.0,5,unknown,G408,test
PRJNA1156689,Klebsiella pneumoniae,Nigeria,not applicable,,,Homo sapiens,unknown,unknown,not_curated,,,,SAMN45204730,0,S,CLSI,,0.0,1.0,0.0,0.0,0.0,0.0,1.0,0.0,0.0,0.0,-2.0,1.0,0.0,0.0,0.0,0.0,1.0,0.0,0.0,0.0,1.0,1.0,0.0,0.0,0.0,5,unknown,G423,test
PRJNA1156689,Klebsiella pneumoniae,Nigeria,not applicable,,,Homo sapiens,unknown,unknown,not_curated,,,,SAMN45204731,0,S,CLSI,,1.0,0.0,0.0,0.0,0.0,4.0,0.0,0.0,0.0,0.0,-2.0,1.0,0.0,0.0,0.0,4.0,0.0,1.0,0.0,0.0,1.0,1.0,0.0,0.0,0.0,5,unknown,G424,test
PRJNA1156689,Klebsiella pneumoniae,Nigeria,not applicable,,,Homo sapiens,unknown,unknown,not_curated,,,,SAMN45204767,0,S,CLSI,,1.0,0.0,0.0,0.0,0.0,3.0,0.0,0.0,0.0,0.0,-2.0,1.0,0.0,0.0,0.0,4.0,0.0,1.0,0.0,0.0,3.0,0.0,0.0,0.0,0.0,5,unknown,G428,test
PRJNA1156689,Klebsiella pneumoniae,Nigeria,not applicable,,,Homo sapiens,unknown,unknown,not_curated,,,,SAMN45204779,0,S,CLSI,,1.0,0.0,0.0,0.0,0.0,3.0,0.0,0.0,0.0,0.0,-2.0,1.0,0.0,0.0,0.0,4.0,0.0,1.0,0.0,0.0,2.0,0.0,0.0,0.0,0.0,5,unknown,G437,test
PRJNA1271593,Klebsiella pneumoniae,USA,2023-04-28,,,Homo sapiens,unknown,unknown,not_curated,,,,SAMN48878022,0,S,CLSI,,-3.0588936890535687,1.0,0.0,0.0,0.0,,0.0,0.0,0.0,1.0,-2.0,1.0,0.0,0.0,0.0,,0.0,0.0,0.0,1.0,1.0,1.0,0.0,0.0,0.0,3,unknown,G438,test
PRJNA1271593,Klebsiella pneumoniae,USA,2023-05-01,,,Homo sapiens,unknown,unknown,not_curated,,,,SAMN48878038,0,S,CLSI,,-3.0588936890535687,1.0,0.0,0.0,0.0,,0.0,0.0,0.0,1.0,-2.0,1.0,0.0,0.0,0.0,,0.0,0.0,0.0,1.0,1.0,1.0,0.0,0.0,0.0,3,unknown,G439,test
PRJNA1271593,Klebsiella pneumoniae,USA,2023-05-27,,,Homo sapiens,unknown,unknown,not_curated,,,,SAMN48878274,0,S,CLSI,,-3.0588936890535687,1.0,0.0,0.0,0.0,,0.0,0.0,0.0,1.0,-2.0,1.0,0.0,0.0,0.0,,0.0,0.0,0.0,1.0,1.0,1.0,0.0,0.0,0.0,3,unknown,G449,test
PRJNA1271593,Klebsiella pneumoniae,USA,2023-05-24,,,Homo sapiens,unknown,unknown,not_curated,,,,SAMN48878279,0,S,CLSI,,-3.0588936890535687,1.0,0.0,0.0,0.0,,0.0,0.0,0.0,1.0,-2.0,1.0,0.0,0.0,0.0,,0.0,0.0,0.0,1.0,1.0,1.0,0.0,0.0,0.0,3,unknown,G450,test
PRJNA1271593,Klebsiella pneumoniae,USA,2023-06-01,,,Homo sapiens,unknown,unknown,not_curated,,,,SAMN48878326,0,S,CLSI,,1.0,0.0,0.0,0.0,0.0,,0.0,0.0,0.0,1.0,0.0,0.0,0.0,0.0,0.0,,0.0,0.0,0.0,1.0,2.0,0.0,0.0,0.0,0.0,3,unknown,G452,test
PRJNA1271593,Klebsiella pneumoniae,USA,2023-05-29,,,Homo sapiens,unknown,unknown,not_curated,,,,SAMN48878340,0,S,CLSI,,-3.0588936890535687,1.0,0.0,0.0,0.0,,0.0,0.0,0.0,1.0,-2.0,1.0,0.0,0.0,0.0,,0.0,0.0,0.0,1.0,1.0,1.0,0.0,0.0,0.0,3,unknown,G453,test
PRJNA1271593,Klebsiella pneumoniae,USA,2023-07-03,,,Homo sapiens,unknown,unknown,not_curated,,,,SAMN48878612,0,S,CLSI,,5.0,0.0,1.0,0.0,0.0,,0.0,0.0,0.0,1.0,2.0,0.0,1.0,0.0,0.0,,0.0,0.0,0.0,1.0,3.0,0.0,0.0,0.0,0.0,3,unknown,G462,test
PRJNA1271593,Klebsiella pneumoniae,USA,2023-07-18,,,Homo sapiens,unknown,unknown,not_curated,,,,SAMN48878774,0,S,CLSI,,-3.0588936890535687,1.0,0.0,0.0,0.0,,0.0,0.0,0.0,1.0,2.0,0.0,1.0,0.0,0.0,,0.0,0.0,0.0,1.0,1.0,1.0,0.0,0.0,0.0,3,unknown,G469,test
PRJNA1271593,Klebsiella pneumoniae,USA,2023-07-28,,,Homo sapiens,unknown,unknown,not_curated,,,,SAMN48878834,0,S,CLSI,,-3.0588936890535687,1.0,0.0,0.0,0.0,,0.0,0.0,0.0,1.0,-1.0,0.0,0.0,0.0,0.0,,0.0,0.0,0.0,1.0,1.0,1.0,0.0,0.0,0.0,3,unknown,G475,test
