isolate_id,source_id,patient_id,duplicate_group,species,country,collection_date,host,specimen,drug,measurement,operator,units,method,platform,standard,standard_version,reported_sir,ndm,oxa48,mechanism_evidence,evidence_class,accession,source_row,curation_status
INDIA_ICU2026:K-37,INDIA_ICU2026_SINGLE_HOSPITAL,2597893,,Escherichia coli,India,,Homo sapiens,patient rectal swab,ceftazidime,>=64,,,MIC,VITEK2 AST N406,UNKNOWN_REVIEW_REQUIRED,,R,unknown,unknown,not_curated,measured_public,SAMN55405129,41467_2026_74764_MOESM4_ESM.xlsx:Patient isolates AST:Excel row 3,QUARANTINED_STANDARD_VERSION_AND_UNITS_REVIEW_REQUIRED
INDIA_ICU2026:K-37,INDIA_ICU2026_SINGLE_HOSPITAL,2597893,,Escherichia coli,India,,Homo sapiens,patient rectal swab,cefepime,>=32,,,MIC,VITEK2 AST N406,UNKNOWN_REVIEW_REQUIRED,,R,unknown,unknown,not_curated,measured_public,SAMN55405129,41467_2026_74764_MOESM4_ESM.xlsx:Patient isolates AST:Excel row 3,QUARANTINED_STANDARD_VERSION_AND_UNITS_REVIEW_REQUIRED
INDIA_ICU2026:K-37,INDIA_ICU2026_SINGLE_HOSPITAL,2597893,,Escherichia coli,India,,Homo sapiens,patient rectal swab,ciprofloxacin,>=4,,,MIC,VITEK2 AST N406,UNKNOWN_REVIEW_REQUIRED,,R,unknown,unknown,not_curated,measured_public,SAMN55405129,41467_2026_74764_MOESM4_ESM.xlsx:Patient isolates AST:Excel row 3,QUARANTINED_STANDARD_VERSION_AND_UNITS_REVIEW_REQUIRED
INDIA_ICU2026:K-37,INDIA_ICU2026_SINGLE_HOSPITAL,2597893,,Escherichia coli,India,,Homo sapiens,patient rectal swab,gentamicin,<=1,,,MIC,VITEK2 AST N406,UNKNOWN_REVIEW_REQUIRED,,S,unknown,unknown,not_curated,measured_public,SAMN55405129,41467_2026_74764_MOESM4_ESM.xlsx:Patient isolates AST:Excel row 3,QUARANTINED_STANDARD_VERSION_AND_UNITS_REVIEW_REQUIRED
INDIA_ICU2026:K-37,INDIA_ICU2026_SINGLE_HOSPITAL,2597893,,Escherichia coli,India,,Homo sapiens,patient rectal swab,amikacin,2,,,MIC,VITEK2 AST N406,UNKNOWN_REVIEW_REQUIRED,,S,unknown,unknown,not_curated,measured_public,SAMN55405129,41467_2026_74764_MOESM4_ESM.xlsx:Patient isolates AST:Excel row 3,QUARANTINED_STANDARD_VERSION_AND_UNITS_REVIEW_REQUIRED
INDIA_ICU2026:K-37,INDIA_ICU2026_SINGLE_HOSPITAL,2597893,,Escherichia coli,India,,Homo sapiens,patient rectal swab,meropenem,>=16,,,MIC,VITEK2 AST N406,UNKNOWN_REVIEW_REQUIRED,,R,unknown,unknown,not_curated,measured_public,SAMN55405129,41467_2026_74764_MOESM4_ESM.xlsx:Patient isolates AST:Excel row 3,QUARANTINED_STANDARD_VERSION_AND_UNITS_REVIEW_REQUIRED
INDIA_ICU2026:K-37,INDIA_ICU2026_SINGLE_HOSPITAL,2597893,,Escherichia coli,India,,Homo sapiens,patient rectal swab,imipenem,>=16,,,MIC,VITEK2 AST N406,UNKNOWN_REVIEW_REQUIRED,,R,unknown,unknown,not_curated,measured_public,SAMN55405129,41467_2026_74764_MOESM4_ESM.xlsx:Patient isolates AST:Excel row 3,QUARANTINED_STANDARD_VERSION_AND_UNITS_REVIEW_REQUIRED
INDIA_ICU2026:K-38,INDIA_ICU2026_SINGLE_HOSPITAL,2607778,,Escherichia coli,India,,Homo sapiens,patient rectal swab,ceftazidime,>=64,,,MIC,VITEK2 AST N406,UNKNOWN_REVIEW_REQUIRED,,R,unknown,unknown,not_curated,measured_public,SAMN55405130,41467_2026_74764_MOESM4_ESM.xlsx:Patient isolates AST:Excel row 4,QUARANTINED_STANDARD_VERSION_AND_UNITS_REVIEW_REQUIRED
INDIA_ICU2026:K-38,INDIA_ICU2026_SINGLE_HOSPITAL,2607778,,Escherichia coli,India,,Homo sapiens,patient rectal swab,cefepime,4,,,MIC,VITEK2 AST N406,UNKNOWN_REVIEW_REQUIRED,,SSD,unknown,unknown,not_curated,measured_public,SAMN55405130,41467_2026_74764_MOESM4_ESM.xlsx:Patient isolates AST:Excel row 4,QUARANTINED_STANDARD_VERSION_AND_UNITS_REVIEW_REQUIRED
INDIA_ICU2026:K-38,INDIA_ICU2026_SINGLE_HOSPITAL,2607778,,Escherichia coli,India,,Homo sapiens,patient rectal swab,ciprofloxacin,0.5,,,MIC,VITEK2 AST N406,UNKNOWN_REVIEW_REQUIRED,,I,unknown,unknown,not_curated,measured_public,SAMN55405130,41467_2026_74764_MOESM4_ESM.xlsx:Patient isolates AST:Excel row 4,QUARANTINED_STANDARD_VERSION_AND_UNITS_REVIEW_REQUIRED
INDIA_ICU2026:K-38,INDIA_ICU2026_SINGLE_HOSPITAL,2607778,,Escherichia coli,India,,Homo sapiens,patient rectal swab,gentamicin,<=1,,,MIC,VITEK2 AST N406,UNKNOWN_REVIEW_REQUIRED,,S,unknown,unknown,not_curated,measured_public,SAMN55405130,41467_2026_74764_MOESM4_ESM.xlsx:Patient isolates AST:Excel row 4,QUARANTINED_STANDARD_VERSION_AND_UNITS_REVIEW_REQUIRED
INDIA_ICU2026:K-38,INDIA_ICU2026_SINGLE_HOSPITAL,2607778,,Escherichia coli,India,,Homo sapiens,patient rectal swab,amikacin,16,,,MIC,VITEK2 AST N406,UNKNOWN_REVIEW_REQUIRED,,R,unknown,unknown,not_curated,measured_public,SAMN55405130,41467_2026_74764_MOESM4_ESM.xlsx:Patient isolates AST:Excel row 4,QUARANTINED_STANDARD_VERSION_AND_UNITS_REVIEW_REQUIRED
INDIA_ICU2026:K-38,INDIA_ICU2026_SINGLE_HOSPITAL,2607778,,Escherichia coli,India,,Homo sapiens,patient rectal swab,meropenem,>=16,,,MIC,VITEK2 AST N406,UNKNOWN_REVIEW_REQUIRED,,R,unknown,unknown,not_curated,measured_public,SAMN55405130,41467_2026_74764_MOESM4_ESM.xlsx:Patient isolates AST:Excel row 4,QUARANTINED_STANDARD_VERSION_AND_UNITS_REVIEW_REQUIRED
INDIA_ICU2026:K-38,INDIA_ICU2026_SINGLE_HOSPITAL,2607778,,Escherichia coli,India,,Homo sapiens,patient rectal swab,imipenem,8,,,MIC,VITEK2 AST N406,UNKNOWN_REVIEW_REQUIRED,,R,unknown,unknown,not_curated,measured_public,SAMN55405130,41467_2026_74764_MOESM4_ESM.xlsx:Patient isolates AST:Excel row 4,QUARANTINED_STANDARD_VERSION_AND_UNITS_REVIEW_REQUIRED
INDIA_ICU2026:K-39,INDIA_ICU2026_SINGLE_HOSPITAL,2609245,,Escherichia coli,India,,Homo sapiens,patient rectal swab,ceftazidime,>=64,,,MIC,VITEK2 AST N406,UNKNOWN_REVIEW_REQUIRED,,R,unknown,unknown,not_curated,measured_public,SAMN55405131,41467_2026_74764_MOESM4_ESM.xlsx:Patient isolates AST:Excel row 5,QUARANTINED_STANDARD_VERSION_AND_UNITS_REVIEW_REQUIRED
INDIA_ICU2026:K-39,INDIA_ICU2026_SINGLE_HOSPITAL,2609245,,Escherichia coli,India,,Homo sapiens,patient rectal swab,cefepime,>=32,,,MIC,VITEK2 AST N406,UNKNOWN_REVIEW_REQUIRED,,R,unknown,unknown,not_curated,measured_public,SAMN55405131,41467_2026_74764_MOESM4_ESM.xlsx:Patient isolates AST:Excel row 5,QUARANTINED_STANDARD_VERSION_AND_UNITS_REVIEW_REQUIRED
INDIA_ICU2026:K-39,INDIA_ICU2026_SINGLE_HOSPITAL,2609245,,Escherichia coli,India,,Homo sapiens,patient rectal swab,ciprofloxacin,>=4,,,MIC,VITEK2 AST N406,UNKNOWN_REVIEW_REQUIRED,,R,unknown,unknown,not_curated,measured_public,SAMN55405131,41467_2026_74764_MOESM4_ESM.xlsx:Patient isolates AST:Excel row 5,QUARANTINED_STANDARD_VERSION_AND_UNITS_REVIEW_REQUIRED
INDIA_ICU2026:K-39,INDIA_ICU2026_SINGLE_HOSPITAL,2609245,,Escherichia coli,India,,Homo sapiens,patient rectal swab,gentamicin,<=1,,,MIC,VITEK2 AST N406,UNKNOWN_REVIEW_REQUIRED,,S,unknown,unknown,not_curated,measured_public,SAMN55405131,41467_2026_74764_MOESM4_ESM.xlsx:Patient isolates AST:Excel row 5,QUARANTINED_STANDARD_VERSION_AND_UNITS_REVIEW_REQUIRED
INDIA_ICU2026:K-39,INDIA_ICU2026_SINGLE_HOSPITAL,2609245,,Escherichia coli,India,,Homo sapiens,patient rectal swab,amikacin,4,,,MIC,VITEK2 AST N406,UNKNOWN_REVIEW_REQUIRED,,S,unknown,unknown,not_curated,measured_public,SAMN55405131,41467_2026_74764_MOESM4_ESM.xlsx:Patient isolates AST:Excel row 5,QUARANTINED_STANDARD_VERSION_AND_UNITS_REVIEW_REQUIRED
INDIA_ICU2026:K-39,INDIA_ICU2026_SINGLE_HOSPITAL,2609245,,Escherichia coli,India,,Homo sapiens,patient rectal swab,meropenem,>=16,,,MIC,VITEK2 AST N406,UNKNOWN_REVIEW_REQUIRED,,R,unknown,unknown,not_curated,measured_public,SAMN55405131,41467_2026_74764_MOESM4_ESM.xlsx:Patient isolates AST:Excel row 5,QUARANTINED_STANDARD_VERSION_AND_UNITS_REVIEW_REQUIRED
INDIA_ICU2026:K-39,INDIA_ICU2026_SINGLE_HOSPITAL,2609245,,Escherichia coli,India,,Homo sapiens,patient rectal swab,imipenem,>=16,,,MIC,VITEK2 AST N406,UNKNOWN_REVIEW_REQUIRED,,R,unknown,unknown,not_curated,measured_public,SAMN55405131,41467_2026_74764_MOESM4_ESM.xlsx:Patient isolates AST:Excel row 5,QUARANTINED_STANDARD_VERSION_AND_UNITS_REVIEW_REQUIRED
INDIA_ICU2026:K-40,INDIA_ICU2026_SINGLE_HOSPITAL,2609245,,Klebsiella pneumoniae,India,,Homo sapiens,patient rectal swab,ceftazidime,>=64,,,MIC,VITEK2 AST N406,UNKNOWN_REVIEW_REQUIRED,,R,unknown,unknown,not_curated,measured_public,SAMN55405133,41467_2026_74764_MOESM4_ESM.xlsx:Patient isolates AST:Excel row 6,QUARANTINED_STANDARD_VERSION_AND_UNITS_REVIEW_REQUIRED
INDIA_ICU2026:K-40,INDIA_ICU2026_SINGLE_HOSPITAL,2609245,,Klebsiella pneumoniae,India,,Homo sapiens,patient rectal swab,cefepime,>=32,,,MIC,VITEK2 AST N406,UNKNOWN_REVIEW_REQUIRED,,R,unknown,unknown,not_curated,measured_public,SAMN55405133,41467_2026_74764_MOESM4_ESM.xlsx:Patient isolates AST:Excel row 6,QUARANTINED_STANDARD_VERSION_AND_UNITS_REVIEW_REQUIRED
INDIA_ICU2026:K-40,INDIA_ICU2026_SINGLE_HOSPITAL,2609245,,Klebsiella pneumoniae,India,,Homo sapiens,patient rectal swab,ciprofloxacin,>=4,,,MIC,VITEK2 AST N406,UNKNOWN_REVIEW_REQUIRED,,R,unknown,unknown,not_curated,measured_public,SAMN55405133,41467_2026_74764_MOESM4_ESM.xlsx:Patient isolates AST:Excel row 6,QUARANTINED_STANDARD_VERSION_AND_UNITS_REVIEW_REQUIRED
INDIA_ICU2026:K-40,INDIA_ICU2026_SINGLE_HOSPITAL,2609245,,Klebsiella pneumoniae,India,,Homo sapiens,patient rectal swab,gentamicin,>=16,,,MIC,VITEK2 AST N406,UNKNOWN_REVIEW_REQUIRED,,R,unknown,unknown,not_curated,measured_public,SAMN55405133,41467_2026_74764_MOESM4_ESM.xlsx:Patient isolates AST:Excel row 6,QUARANTINED_STANDARD_VERSION_AND_UNITS_REVIEW_REQUIRED
INDIA_ICU2026:K-40,INDIA_ICU2026_SINGLE_HOSPITAL,2609245,,Klebsiella pneumoniae,India,,Homo sapiens,patient rectal swab,amikacin,32,,,MIC,VITEK2 AST N406,UNKNOWN_REVIEW_REQUIRED,,R,unknown,unknown,not_curated,measured_public,SAMN55405133,41467_2026_74764_MOESM4_ESM.xlsx:Patient isolates AST:Excel row 6,QUARANTINED_STANDARD_VERSION_AND_UNITS_REVIEW_REQUIRED
INDIA_ICU2026:K-40,INDIA_ICU2026_SINGLE_HOSPITAL,2609245,,Klebsiella pneumoniae,India,,Homo sapiens,patient rectal swab,meropenem,>=16,,,MIC,VITEK2 AST N406,UNKNOWN_REVIEW_REQUIRED,,R,unknown,unknown,not_curated,measured_public,SAMN55405133,41467_2026_74764_MOESM4_ESM.xlsx:Patient isolates AST:Excel row 6,QUARANTINED_STANDARD_VERSION_AND_UNITS_REVIEW_REQUIRED
INDIA_ICU2026:K-40,INDIA_ICU2026_SINGLE_HOSPITAL,2609245,,Klebsiella pneumoniae,India,,Homo sapiens,patient rectal swab,imipenem,>=16,,,MIC,VITEK2 AST N406,UNKNOWN_REVIEW_REQUIRED,,R,unknown,unknown,not_curated,measured_public,SAMN55405133,41467_2026_74764_MOESM4_ESM.xlsx:Patient isolates AST:Excel row 6,QUARANTINED_STANDARD_VERSION_AND_UNITS_REVIEW_REQUIRED
INDIA_ICU2026:K-2,INDIA_ICU2026_SINGLE_HOSPITAL,2603506,,Escherichia coli,India,,Homo sapiens,patient rectal swab,ceftazidime,>=64,,,MIC,VITEK2 AST N406,UNKNOWN_REVIEW_REQUIRED,,R,unknown,unknown,not_curated,measured_public,SAMN55405116,41467_2026_74764_MOESM4_ESM.xlsx:Patient isolates AST:Excel row 7,QUARANTINED_STANDARD_VERSION_AND_UNITS_REVIEW_REQUIRED
INDIA_ICU2026:K-2,INDIA_ICU2026_SINGLE_HOSPITAL,2603506,,Escherichia coli,India,,Homo sapiens,patient rectal swab,cefepime,>=32,,,MIC,VITEK2 AST N406,UNKNOWN_REVIEW_REQUIRED,,R,unknown,unknown,not_curated,measured_public,SAMN55405116,41467_2026_74764_MOESM4_ESM.xlsx:Patient isolates AST:Excel row 7,QUARANTINED_STANDARD_VERSION_AND_UNITS_REVIEW_REQUIRED
INDIA_ICU2026:K-2,INDIA_ICU2026_SINGLE_HOSPITAL,2603506,,Escherichia coli,India,,Homo sapiens,patient rectal swab,ciprofloxacin,>=4,,,MIC,VITEK2 AST N406,UNKNOWN_REVIEW_REQUIRED,,R,unknown,unknown,not_curated,measured_public,SAMN55405116,41467_2026_74764_MOESM4_ESM.xlsx:Patient isolates AST:Excel row 7,QUARANTINED_STANDARD_VERSION_AND_UNITS_REVIEW_REQUIRED
INDIA_ICU2026:K-2,INDIA_ICU2026_SINGLE_HOSPITAL,2603506,,Escherichia coli,India,,Homo sapiens,patient rectal swab,gentamicin,>=16,,,MIC,VITEK2 AST N406,UNKNOWN_REVIEW_REQUIRED,,R,unknown,unknown,not_curated,measured_public,SAMN55405116,41467_2026_74764_MOESM4_ESM.xlsx:Patient isolates AST:Excel row 7,QUARANTINED_STANDARD_VERSION_AND_UNITS_REVIEW_REQUIRED
INDIA_ICU2026:K-2,INDIA_ICU2026_SINGLE_HOSPITAL,2603506,,Escherichia coli,India,,Homo sapiens,patient rectal swab,amikacin,>=64,,,MIC,VITEK2 AST N406,UNKNOWN_REVIEW_REQUIRED,,R,unknown,unknown,not_curated,measured_public,SAMN55405116,41467_2026_74764_MOESM4_ESM.xlsx:Patient isolates AST:Excel row 7,QUARANTINED_STANDARD_VERSION_AND_UNITS_REVIEW_REQUIRED
INDIA_ICU2026:K-2,INDIA_ICU2026_SINGLE_HOSPITAL,2603506,,Escherichia coli,India,,Homo sapiens,patient rectal swab,meropenem,>=16,,,MIC,VITEK2 AST N406,UNKNOWN_REVIEW_REQUIRED,,R,unknown,unknown,not_curated,measured_public,SAMN55405116,41467_2026_74764_MOESM4_ESM.xlsx:Patient isolates AST:Excel row 7,QUARANTINED_STANDARD_VERSION_AND_UNITS_REVIEW_REQUIRED
INDIA_ICU2026:K-2,INDIA_ICU2026_SINGLE_HOSPITAL,2603506,,Escherichia coli,India,,Homo sapiens,patient rectal swab,imipenem,8,,,MIC,VITEK2 AST N406,UNKNOWN_REVIEW_REQUIRED,,R,unknown,unknown,not_curated,measured_public,SAMN55405116,41467_2026_74764_MOESM4_ESM.xlsx:Patient isolates AST:Excel row 7,QUARANTINED_STANDARD_VERSION_AND_UNITS_REVIEW_REQUIRED
INDIA_ICU2026:K-41,INDIA_ICU2026_SINGLE_HOSPITAL,2607146,,Escherichia coli,India,,Homo sapiens,patient rectal swab,ceftazidime,>=64,,,MIC,VITEK2 AST N406,UNKNOWN_REVIEW_REQUIRED,,R,unknown,unknown,not_curated,measured_public,SAMN55405134,41467_2026_74764_MOESM4_ESM.xlsx:Patient isolates AST:Excel row 8,QUARANTINED_STANDARD_VERSION_AND_UNITS_REVIEW_REQUIRED
INDIA_ICU2026:K-41,INDIA_ICU2026_SINGLE_HOSPITAL,2607146,,Escherichia coli,India,,Homo sapiens,patient rectal swab,cefepime,4,,,MIC,VITEK2 AST N406,UNKNOWN_REVIEW_REQUIRED,,SDD,unknown,unknown,not_curated,measured_public,SAMN55405134,41467_2026_74764_MOESM4_ESM.xlsx:Patient isolates AST:Excel row 8,QUARANTINED_STANDARD_VERSION_AND_UNITS_REVIEW_REQUIRED
INDIA_ICU2026:K-41,INDIA_ICU2026_SINGLE_HOSPITAL,2607146,,Escherichia coli,India,,Homo sapiens,patient rectal swab,ciprofloxacin,0.5,,,MIC,VITEK2 AST N406,UNKNOWN_REVIEW_REQUIRED,,I,unknown,unknown,not_curated,measured_public,SAMN55405134,41467_2026_74764_MOESM4_ESM.xlsx:Patient isolates AST:Excel row 8,QUARANTINED_STANDARD_VERSION_AND_UNITS_REVIEW_REQUIRED
INDIA_ICU2026:K-41,INDIA_ICU2026_SINGLE_HOSPITAL,2607146,,Escherichia coli,India,,Homo sapiens,patient rectal swab,gentamicin,<=1,,,MIC,VITEK2 AST N406,UNKNOWN_REVIEW_REQUIRED,,S,unknown,unknown,not_curated,measured_public,SAMN55405134,41467_2026_74764_MOESM4_ESM.xlsx:Patient isolates AST:Excel row 8,QUARANTINED_STANDARD_VERSION_AND_UNITS_REVIEW_REQUIRED
INDIA_ICU2026:K-41,INDIA_ICU2026_SINGLE_HOSPITAL,2607146,,Escherichia coli,India,,Homo sapiens,patient rectal swab,amikacin,4,,,MIC,VITEK2 AST N406,UNKNOWN_REVIEW_REQUIRED,,S,unknown,unknown,not_curated,measured_public,SAMN55405134,41467_2026_74764_MOESM4_ESM.xlsx:Patient isolates AST:Excel row 8,QUARANTINED_STANDARD_VERSION_AND_UNITS_REVIEW_REQUIRED
INDIA_ICU2026:K-41,INDIA_ICU2026_SINGLE_HOSPITAL,2607146,,Escherichia coli,India,,Homo sapiens,patient rectal swab,meropenem,>=16,,,MIC,VITEK2 AST N406,UNKNOWN_REVIEW_REQUIRED,,R,unknown,unknown,not_curated,measured_public,SAMN55405134,41467_2026_74764_MOESM4_ESM.xlsx:Patient isolates AST:Excel row 8,QUARANTINED_STANDARD_VERSION_AND_UNITS_REVIEW_REQUIRED
INDIA_ICU2026:K-41,INDIA_ICU2026_SINGLE_HOSPITAL,2607146,,Escherichia coli,India,,Homo sapiens,patient rectal swab,imipenem,8,,,MIC,VITEK2 AST N406,UNKNOWN_REVIEW_REQUIRED,,R,unknown,unknown,not_curated,measured_public,SAMN55405134,41467_2026_74764_MOESM4_ESM.xlsx:Patient isolates AST:Excel row 8,QUARANTINED_STANDARD_VERSION_AND_UNITS_REVIEW_REQUIRED
INDIA_ICU2026:K-42,INDIA_ICU2026_SINGLE_HOSPITAL,2607146,,Enterobacter hormaechei,India,,Homo sapiens,patient rectal swab,ceftazidime,>=64,,,MIC,VITEK2 AST N406,UNKNOWN_REVIEW_REQUIRED,,R,unknown,unknown,not_curated,measured_public,SAMN55405135,41467_2026_74764_MOESM4_ESM.xlsx:Patient isolates AST:Excel row 9,QUARANTINED_STANDARD_VERSION_AND_UNITS_REVIEW_REQUIRED
INDIA_ICU2026:K-42,INDIA_ICU2026_SINGLE_HOSPITAL,2607146,,Enterobacter hormaechei,India,,Homo sapiens,patient rectal swab,cefepime,>=32,,,MIC,VITEK2 AST N406,UNKNOWN_REVIEW_REQUIRED,,R,unknown,unknown,not_curated,measured_public,SAMN55405135,41467_2026_74764_MOESM4_ESM.xlsx:Patient isolates AST:Excel row 9,QUARANTINED_STANDARD_VERSION_AND_UNITS_REVIEW_REQUIRED
INDIA_ICU2026:K-42,INDIA_ICU2026_SINGLE_HOSPITAL,2607146,,Enterobacter hormaechei,India,,Homo sapiens,patient rectal swab,ciprofloxacin,0.5,,,MIC,VITEK2 AST N406,UNKNOWN_REVIEW_REQUIRED,,I,unknown,unknown,not_curated,measured_public,SAMN55405135,41467_2026_74764_MOESM4_ESM.xlsx:Patient isolates AST:Excel row 9,QUARANTINED_STANDARD_VERSION_AND_UNITS_REVIEW_REQUIRED
INDIA_ICU2026:K-42,INDIA_ICU2026_SINGLE_HOSPITAL,2607146,,Enterobacter hormaechei,India,,Homo sapiens,patient rectal swab,gentamicin,<=1,,,MIC,VITEK2 AST N406,UNKNOWN_REVIEW_REQUIRED,,S,unknown,unknown,not_curated,measured_public,SAMN55405135,41467_2026_74764_MOESM4_ESM.xlsx:Patient isolates AST:Excel row 9,QUARANTINED_STANDARD_VERSION_AND_UNITS_REVIEW_REQUIRED
INDIA_ICU2026:K-42,INDIA_ICU2026_SINGLE_HOSPITAL,2607146,,Enterobacter hormaechei,India,,Homo sapiens,patient rectal swab,amikacin,16,,,MIC,VITEK2 AST N406,UNKNOWN_REVIEW_REQUIRED,,R,unknown,unknown,not_curated,measured_public,SAMN55405135,41467_2026_74764_MOESM4_ESM.xlsx:Patient isolates AST:Excel row 9,QUARANTINED_STANDARD_VERSION_AND_UNITS_REVIEW_REQUIRED
INDIA_ICU2026:K-42,INDIA_ICU2026_SINGLE_HOSPITAL,2607146,,Enterobacter hormaechei,India,,Homo sapiens,patient rectal swab,meropenem,>=16,,,MIC,VITEK2 AST N406,UNKNOWN_REVIEW_REQUIRED,,R,unknown,unknown,not_curated,measured_public,SAMN55405135,41467_2026_74764_MOESM4_ESM.xlsx:Patient isolates AST:Excel row 9,QUARANTINED_STANDARD_VERSION_AND_UNITS_REVIEW_REQUIRED
INDIA_ICU2026:K-42,INDIA_ICU2026_SINGLE_HOSPITAL,2607146,,Enterobacter hormaechei,India,,Homo sapiens,patient rectal swab,imipenem,>=16,,,MIC,VITEK2 AST N406,UNKNOWN_REVIEW_REQUIRED,,R,unknown,unknown,not_curated,measured_public,SAMN55405135,41467_2026_74764_MOESM4_ESM.xlsx:Patient isolates AST:Excel row 9,QUARANTINED_STANDARD_VERSION_AND_UNITS_REVIEW_REQUIRED
INDIA_ICU2026:K-43,INDIA_ICU2026_SINGLE_HOSPITAL,2589369,,Escherichia coli,India,,Homo sapiens,patient rectal swab,ceftazidime,>=64,,,MIC,VITEK2 AST N406,UNKNOWN_REVIEW_REQUIRED,,R,unknown,unknown,not_curated,measured_public,SAMN55405136,41467_2026_74764_MOESM4_ESM.xlsx:Patient isolates AST:Excel row 10,QUARANTINED_STANDARD_VERSION_AND_UNITS_REVIEW_REQUIRED
INDIA_ICU2026:K-43,INDIA_ICU2026_SINGLE_HOSPITAL,2589369,,Escherichia coli,India,,Homo sapiens,patient rectal swab,cefepime,>=32,,,MIC,VITEK2 AST N406,UNKNOWN_REVIEW_REQUIRED,,R,unknown,unknown,not_curated,measured_public,SAMN55405136,41467_2026_74764_MOESM4_ESM.xlsx:Patient isolates AST:Excel row 10,QUARANTINED_STANDARD_VERSION_AND_UNITS_REVIEW_REQUIRED
INDIA_ICU2026:K-43,INDIA_ICU2026_SINGLE_HOSPITAL,2589369,,Escherichia coli,India,,Homo sapiens,patient rectal swab,ciprofloxacin,0.5,,,MIC,VITEK2 AST N406,UNKNOWN_REVIEW_REQUIRED,,I,unknown,unknown,not_curated,measured_public,SAMN55405136,41467_2026_74764_MOESM4_ESM.xlsx:Patient isolates AST:Excel row 10,QUARANTINED_STANDARD_VERSION_AND_UNITS_REVIEW_REQUIRED
INDIA_ICU2026:K-43,INDIA_ICU2026_SINGLE_HOSPITAL,2589369,,Escherichia coli,India,,Homo sapiens,patient rectal swab,gentamicin,<=1,,,MIC,VITEK2 AST N406,UNKNOWN_REVIEW_REQUIRED,,S,unknown,unknown,not_curated,measured_public,SAMN55405136,41467_2026_74764_MOESM4_ESM.xlsx:Patient isolates AST:Excel row 10,QUARANTINED_STANDARD_VERSION_AND_UNITS_REVIEW_REQUIRED
INDIA_ICU2026:K-43,INDIA_ICU2026_SINGLE_HOSPITAL,2589369,,Escherichia coli,India,,Homo sapiens,patient rectal swab,amikacin,4,,,MIC,VITEK2 AST N406,UNKNOWN_REVIEW_REQUIRED,,S,unknown,unknown,not_curated,measured_public,SAMN55405136,41467_2026_74764_MOESM4_ESM.xlsx:Patient isolates AST:Excel row 10,QUARANTINED_STANDARD_VERSION_AND_UNITS_REVIEW_REQUIRED
INDIA_ICU2026:K-43,INDIA_ICU2026_SINGLE_HOSPITAL,2589369,,Escherichia coli,India,,Homo sapiens,patient rectal swab,meropenem,>=16,,,MIC,VITEK2 AST N406,UNKNOWN_REVIEW_REQUIRED,,R,unknown,unknown,not_curated,measured_public,SAMN55405136,41467_2026_74764_MOESM4_ESM.xlsx:Patient isolates AST:Excel row 10,QUARANTINED_STANDARD_VERSION_AND_UNITS_REVIEW_REQUIRED
INDIA_ICU2026:K-43,INDIA_ICU2026_SINGLE_HOSPITAL,2589369,,Escherichia coli,India,,Homo sapiens,patient rectal swab,imipenem,>=16,,,MIC,VITEK2 AST N406,UNKNOWN_REVIEW_REQUIRED,,R,unknown,unknown,not_curated,measured_public,SAMN55405136,41467_2026_74764_MOESM4_ESM.xlsx:Patient isolates AST:Excel row 10,QUARANTINED_STANDARD_VERSION_AND_UNITS_REVIEW_REQUIRED
INDIA_ICU2026:K-44,INDIA_ICU2026_SINGLE_HOSPITAL,2589369,,Klebsiella pneumoniae,India,,Homo sapiens,patient rectal swab,ceftazidime,>=64,,,MIC,VITEK2 AST N406,UNKNOWN_REVIEW_REQUIRED,,R,unknown,unknown,not_curated,measured_public,SAMN55405137,41467_2026_74764_MOESM4_ESM.xlsx:Patient isolates AST:Excel row 11,QUARANTINED_STANDARD_VERSION_AND_UNITS_REVIEW_REQUIRED
INDIA_ICU2026:K-44,INDIA_ICU2026_SINGLE_HOSPITAL,2589369,,Klebsiella pneumoniae,India,,Homo sapiens,patient rectal swab,cefepime,>=32,,,MIC,VITEK2 AST N406,UNKNOWN_REVIEW_REQUIRED,,R,unknown,unknown,not_curated,measured_public,SAMN55405137,41467_2026_74764_MOESM4_ESM.xlsx:Patient isolates AST:Excel row 11,QUARANTINED_STANDARD_VERSION_AND_UNITS_REVIEW_REQUIRED
INDIA_ICU2026:K-44,INDIA_ICU2026_SINGLE_HOSPITAL,2589369,,Klebsiella pneumoniae,India,,Homo sapiens,patient rectal swab,ciprofloxacin,>=4,,,MIC,VITEK2 AST N406,UNKNOWN_REVIEW_REQUIRED,,R,unknown,unknown,not_curated,measured_public,SAMN55405137,41467_2026_74764_MOESM4_ESM.xlsx:Patient isolates AST:Excel row 11,QUARANTINED_STANDARD_VERSION_AND_UNITS_REVIEW_REQUIRED
INDIA_ICU2026:K-44,INDIA_ICU2026_SINGLE_HOSPITAL,2589369,,Klebsiella pneumoniae,India,,Homo sapiens,patient rectal swab,gentamicin,>=16,,,MIC,VITEK2 AST N406,UNKNOWN_REVIEW_REQUIRED,,R,unknown,unknown,not_curated,measured_public,SAMN55405137,41467_2026_74764_MOESM4_ESM.xlsx:Patient isolates AST:Excel row 11,QUARANTINED_STANDARD_VERSION_AND_UNITS_REVIEW_REQUIRED
INDIA_ICU2026:K-44,INDIA_ICU2026_SINGLE_HOSPITAL,2589369,,Klebsiella pneumoniae,India,,Homo sapiens,patient rectal swab,amikacin,32,,,MIC,VITEK2 AST N406,UNKNOWN_REVIEW_REQUIRED,,R,unknown,unknown,not_curated,measured_public,SAMN55405137,41467_2026_74764_MOESM4_ESM.xlsx:Patient isolates AST:Excel row 11,QUARANTINED_STANDARD_VERSION_AND_UNITS_REVIEW_REQUIRED
INDIA_ICU2026:K-44,INDIA_ICU2026_SINGLE_HOSPITAL,2589369,,Klebsiella pneumoniae,India,,Homo sapiens,patient rectal swab,meropenem,>=16,,,MIC,VITEK2 AST N406,UNKNOWN_REVIEW_REQUIRED,,R,unknown,unknown,not_curated,measured_public,SAMN55405137,41467_2026_74764_MOESM4_ESM.xlsx:Patient isolates AST:Excel row 11,QUARANTINED_STANDARD_VERSION_AND_UNITS_REVIEW_REQUIRED
INDIA_ICU2026:K-44,INDIA_ICU2026_SINGLE_HOSPITAL,2589369,,Klebsiella pneumoniae,India,,Homo sapiens,patient rectal swab,imipenem,>=16,,,MIC,VITEK2 AST N406,UNKNOWN_REVIEW_REQUIRED,,R,unknown,unknown,not_curated,measured_public,SAMN55405137,41467_2026_74764_MOESM4_ESM.xlsx:Patient isolates AST:Excel row 11,QUARANTINED_STANDARD_VERSION_AND_UNITS_REVIEW_REQUIRED
INDIA_ICU2026:K-45,INDIA_ICU2026_SINGLE_HOSPITAL,1793235,,Escherichia coli,India,,Homo sapiens,patient rectal swab,ceftazidime,>=64,,,MIC,VITEK2 AST N406,UNKNOWN_REVIEW_REQUIRED,,R,unknown,unknown,not_curated,measured_public,SAMN55405138,41467_2026_74764_MOESM4_ESM.xlsx:Patient isolates AST:Excel row 12,QUARANTINED_STANDARD_VERSION_AND_UNITS_REVIEW_REQUIRED
INDIA_ICU2026:K-45,INDIA_ICU2026_SINGLE_HOSPITAL,1793235,,Escherichia coli,India,,Homo sapiens,patient rectal swab,cefepime,>=32,,,MIC,VITEK2 AST N406,UNKNOWN_REVIEW_REQUIRED,,R,unknown,unknown,not_curated,measured_public,SAMN55405138,41467_2026_74764_MOESM4_ESM.xlsx:Patient isolates AST:Excel row 12,QUARANTINED_STANDARD_VERSION_AND_UNITS_REVIEW_REQUIRED
INDIA_ICU2026:K-45,INDIA_ICU2026_SINGLE_HOSPITAL,1793235,,Escherichia coli,India,,Homo sapiens,patient rectal swab,ciprofloxacin,>=4,,,MIC,VITEK2 AST N406,UNKNOWN_REVIEW_REQUIRED,,R,unknown,unknown,not_curated,measured_public,SAMN55405138,41467_2026_74764_MOESM4_ESM.xlsx:Patient isolates AST:Excel row 12,QUARANTINED_STANDARD_VERSION_AND_UNITS_REVIEW_REQUIRED
INDIA_ICU2026:K-45,INDIA_ICU2026_SINGLE_HOSPITAL,1793235,,Escherichia coli,India,,Homo sapiens,patient rectal swab,gentamicin,<=1,,,MIC,VITEK2 AST N406,UNKNOWN_REVIEW_REQUIRED,,S,unknown,unknown,not_curated,measured_public,SAMN55405138,41467_2026_74764_MOESM4_ESM.xlsx:Patient isolates AST:Excel row 12,QUARANTINED_STANDARD_VERSION_AND_UNITS_REVIEW_REQUIRED
INDIA_ICU2026:K-45,INDIA_ICU2026_SINGLE_HOSPITAL,1793235,,Escherichia coli,India,,Homo sapiens,patient rectal swab,amikacin,4,,,MIC,VITEK2 AST N406,UNKNOWN_REVIEW_REQUIRED,,S,unknown,unknown,not_curated,measured_public,SAMN55405138,41467_2026_74764_MOESM4_ESM.xlsx:Patient isolates AST:Excel row 12,QUARANTINED_STANDARD_VERSION_AND_UNITS_REVIEW_REQUIRED
INDIA_ICU2026:K-45,INDIA_ICU2026_SINGLE_HOSPITAL,1793235,,Escherichia coli,India,,Homo sapiens,patient rectal swab,meropenem,>=16,,,MIC,VITEK2 AST N406,UNKNOWN_REVIEW_REQUIRED,,R,unknown,unknown,not_curated,measured_public,SAMN55405138,41467_2026_74764_MOESM4_ESM.xlsx:Patient isolates AST:Excel row 12,QUARANTINED_STANDARD_VERSION_AND_UNITS_REVIEW_REQUIRED
INDIA_ICU2026:K-45,INDIA_ICU2026_SINGLE_HOSPITAL,1793235,,Escherichia coli,India,,Homo sapiens,patient rectal swab,imipenem,>=16,,,MIC,VITEK2 AST N406,UNKNOWN_REVIEW_REQUIRED,,R,unknown,unknown,not_curated,measured_public,SAMN55405138,41467_2026_74764_MOESM4_ESM.xlsx:Patient isolates AST:Excel row 12,QUARANTINED_STANDARD_VERSION_AND_UNITS_REVIEW_REQUIRED
INDIA_ICU2026:K-46,INDIA_ICU2026_SINGLE_HOSPITAL,2607207,,Enterobacter roggenkampii,India,,Homo sapiens,patient rectal swab,ceftazidime,>=64,,,MIC,VITEK2 AST N406,UNKNOWN_REVIEW_REQUIRED,,R,unknown,unknown,not_curated,measured_public,SAMN55405139,41467_2026_74764_MOESM4_ESM.xlsx:Patient isolates AST:Excel row 13,QUARANTINED_STANDARD_VERSION_AND_UNITS_REVIEW_REQUIRED
INDIA_ICU2026:K-46,INDIA_ICU2026_SINGLE_HOSPITAL,2607207,,Enterobacter roggenkampii,India,,Homo sapiens,patient rectal swab,cefepime,>=32,,,MIC,VITEK2 AST N406,UNKNOWN_REVIEW_REQUIRED,,R,unknown,unknown,not_curated,measured_public,SAMN55405139,41467_2026_74764_MOESM4_ESM.xlsx:Patient isolates AST:Excel row 13,QUARANTINED_STANDARD_VERSION_AND_UNITS_REVIEW_REQUIRED
INDIA_ICU2026:K-46,INDIA_ICU2026_SINGLE_HOSPITAL,2607207,,Enterobacter roggenkampii,India,,Homo sapiens,patient rectal swab,ciprofloxacin,0.25,,,MIC,VITEK2 AST N406,UNKNOWN_REVIEW_REQUIRED,,S,unknown,unknown,not_curated,measured_public,SAMN55405139,41467_2026_74764_MOESM4_ESM.xlsx:Patient isolates AST:Excel row 13,QUARANTINED_STANDARD_VERSION_AND_UNITS_REVIEW_REQUIRED
INDIA_ICU2026:K-46,INDIA_ICU2026_SINGLE_HOSPITAL,2607207,,Enterobacter roggenkampii,India,,Homo sapiens,patient rectal swab,gentamicin,<=1,,,MIC,VITEK2 AST N406,UNKNOWN_REVIEW_REQUIRED,,S,unknown,unknown,not_curated,measured_public,SAMN55405139,41467_2026_74764_MOESM4_ESM.xlsx:Patient isolates AST:Excel row 13,QUARANTINED_STANDARD_VERSION_AND_UNITS_REVIEW_REQUIRED
INDIA_ICU2026:K-46,INDIA_ICU2026_SINGLE_HOSPITAL,2607207,,Enterobacter roggenkampii,India,,Homo sapiens,patient rectal swab,amikacin,<=1,,,MIC,VITEK2 AST N406,UNKNOWN_REVIEW_REQUIRED,,S,unknown,unknown,not_curated,measured_public,SAMN55405139,41467_2026_74764_MOESM4_ESM.xlsx:Patient isolates AST:Excel row 13,QUARANTINED_STANDARD_VERSION_AND_UNITS_REVIEW_REQUIRED
INDIA_ICU2026:K-46,INDIA_ICU2026_SINGLE_HOSPITAL,2607207,,Enterobacter roggenkampii,India,,Homo sapiens,patient rectal swab,meropenem,>=16,,,MIC,VITEK2 AST N406,UNKNOWN_REVIEW_REQUIRED,,R,unknown,unknown,not_curated,measured_public,SAMN55405139,41467_2026_74764_MOESM4_ESM.xlsx:Patient isolates AST:Excel row 13,QUARANTINED_STANDARD_VERSION_AND_UNITS_REVIEW_REQUIRED
INDIA_ICU2026:K-46,INDIA_ICU2026_SINGLE_HOSPITAL,2607207,,Enterobacter roggenkampii,India,,Homo sapiens,patient rectal swab,imipenem,8,,,MIC,VITEK2 AST N406,UNKNOWN_REVIEW_REQUIRED,,R,unknown,unknown,not_curated,measured_public,SAMN55405139,41467_2026_74764_MOESM4_ESM.xlsx:Patient isolates AST:Excel row 13,QUARANTINED_STANDARD_VERSION_AND_UNITS_REVIEW_REQUIRED
INDIA_ICU2026:K-47,INDIA_ICU2026_SINGLE_HOSPITAL,2607207,,Escherichia coli,India,,Homo sapiens,patient rectal swab,ceftazidime,>=64,,,MIC,VITEK2 AST N406,UNKNOWN_REVIEW_REQUIRED,,R,unknown,unknown,not_curated,measured_public,SAMN55405140,41467_2026_74764_MOESM4_ESM.xlsx:Patient isolates AST:Excel row 14,QUARANTINED_STANDARD_VERSION_AND_UNITS_REVIEW_REQUIRED
INDIA_ICU2026:K-47,INDIA_ICU2026_SINGLE_HOSPITAL,2607207,,Escherichia coli,India,,Homo sapiens,patient rectal swab,cefepime,>=32,,,MIC,VITEK2 AST N406,UNKNOWN_REVIEW_REQUIRED,,R,unknown,unknown,not_curated,measured_public,SAMN55405140,41467_2026_74764_MOESM4_ESM.xlsx:Patient isolates AST:Excel row 14,QUARANTINED_STANDARD_VERSION_AND_UNITS_REVIEW_REQUIRED
INDIA_ICU2026:K-47,INDIA_ICU2026_SINGLE_HOSPITAL,2607207,,Escherichia coli,India,,Homo sapiens,patient rectal swab,ciprofloxacin,>=4,,,MIC,VITEK2 AST N406,UNKNOWN_REVIEW_REQUIRED,,R,unknown,unknown,not_curated,measured_public,SAMN55405140,41467_2026_74764_MOESM4_ESM.xlsx:Patient isolates AST:Excel row 14,QUARANTINED_STANDARD_VERSION_AND_UNITS_REVIEW_REQUIRED
INDIA_ICU2026:K-47,INDIA_ICU2026_SINGLE_HOSPITAL,2607207,,Escherichia coli,India,,Homo sapiens,patient rectal swab,gentamicin,<=1,,,MIC,VITEK2 AST N406,UNKNOWN_REVIEW_REQUIRED,,S,unknown,unknown,not_curated,measured_public,SAMN55405140,41467_2026_74764_MOESM4_ESM.xlsx:Patient isolates AST:Excel row 14,QUARANTINED_STANDARD_VERSION_AND_UNITS_REVIEW_REQUIRED
INDIA_ICU2026:K-47,INDIA_ICU2026_SINGLE_HOSPITAL,2607207,,Escherichia coli,India,,Homo sapiens,patient rectal swab,amikacin,4,,,MIC,VITEK2 AST N406,UNKNOWN_REVIEW_REQUIRED,,S,unknown,unknown,not_curated,measured_public,SAMN55405140,41467_2026_74764_MOESM4_ESM.xlsx:Patient isolates AST:Excel row 14,QUARANTINED_STANDARD_VERSION_AND_UNITS_REVIEW_REQUIRED
INDIA_ICU2026:K-47,INDIA_ICU2026_SINGLE_HOSPITAL,2607207,,Escherichia coli,India,,Homo sapiens,patient rectal swab,meropenem,1,,,MIC,VITEK2 AST N406,UNKNOWN_REVIEW_REQUIRED,,S,unknown,unknown,not_curated,measured_public,SAMN55405140,41467_2026_74764_MOESM4_ESM.xlsx:Patient isolates AST:Excel row 14,QUARANTINED_STANDARD_VERSION_AND_UNITS_REVIEW_REQUIRED
INDIA_ICU2026:K-47,INDIA_ICU2026_SINGLE_HOSPITAL,2607207,,Escherichia coli,India,,Homo sapiens,patient rectal swab,imipenem,4,,,MIC,VITEK2 AST N406,UNKNOWN_REVIEW_REQUIRED,,R,unknown,unknown,not_curated,measured_public,SAMN55405140,41467_2026_74764_MOESM4_ESM.xlsx:Patient isolates AST:Excel row 14,QUARANTINED_STANDARD_VERSION_AND_UNITS_REVIEW_REQUIRED
INDIA_ICU2026:K-48,INDIA_ICU2026_SINGLE_HOSPITAL,2605597,,Escherichia coli,India,,Homo sapiens,patient rectal swab,ceftazidime,>=64,,,MIC,VITEK2 AST N406,UNKNOWN_REVIEW_REQUIRED,,R,unknown,unknown,not_curated,measured_public,SAMN55405141,41467_2026_74764_MOESM4_ESM.xlsx:Patient isolates AST:Excel row 15,QUARANTINED_STANDARD_VERSION_AND_UNITS_REVIEW_REQUIRED
INDIA_ICU2026:K-48,INDIA_ICU2026_SINGLE_HOSPITAL,2605597,,Escherichia coli,India,,Homo sapiens,patient rectal swab,cefepime,>=32,,,MIC,VITEK2 AST N406,UNKNOWN_REVIEW_REQUIRED,,R,unknown,unknown,not_curated,measured_public,SAMN55405141,41467_2026_74764_MOESM4_ESM.xlsx:Patient isolates AST:Excel row 15,QUARANTINED_STANDARD_VERSION_AND_UNITS_REVIEW_REQUIRED
INDIA_ICU2026:K-48,INDIA_ICU2026_SINGLE_HOSPITAL,2605597,,Escherichia coli,India,,Homo sapiens,patient rectal swab,ciprofloxacin,>=4,,,MIC,VITEK2 AST N406,UNKNOWN_REVIEW_REQUIRED,,R,unknown,unknown,not_curated,measured_public,SAMN55405141,41467_2026_74764_MOESM4_ESM.xlsx:Patient isolates AST:Excel row 15,QUARANTINED_STANDARD_VERSION_AND_UNITS_REVIEW_REQUIRED
INDIA_ICU2026:K-48,INDIA_ICU2026_SINGLE_HOSPITAL,2605597,,Escherichia coli,India,,Homo sapiens,patient rectal swab,gentamicin,<=1,,,MIC,VITEK2 AST N406,UNKNOWN_REVIEW_REQUIRED,,S,unknown,unknown,not_curated,measured_public,SAMN55405141,41467_2026_74764_MOESM4_ESM.xlsx:Patient isolates AST:Excel row 15,QUARANTINED_STANDARD_VERSION_AND_UNITS_REVIEW_REQUIRED
INDIA_ICU2026:K-48,INDIA_ICU2026_SINGLE_HOSPITAL,2605597,,Escherichia coli,India,,Homo sapiens,patient rectal swab,amikacin,4,,,MIC,VITEK2 AST N406,UNKNOWN_REVIEW_REQUIRED,,S,unknown,unknown,not_curated,measured_public,SAMN55405141,41467_2026_74764_MOESM4_ESM.xlsx:Patient isolates AST:Excel row 15,QUARANTINED_STANDARD_VERSION_AND_UNITS_REVIEW_REQUIRED
INDIA_ICU2026:K-48,INDIA_ICU2026_SINGLE_HOSPITAL,2605597,,Escherichia coli,India,,Homo sapiens,patient rectal swab,meropenem,>=16,,,MIC,VITEK2 AST N406,UNKNOWN_REVIEW_REQUIRED,,R,unknown,unknown,not_curated,measured_public,SAMN55405141,41467_2026_74764_MOESM4_ESM.xlsx:Patient isolates AST:Excel row 15,QUARANTINED_STANDARD_VERSION_AND_UNITS_REVIEW_REQUIRED
INDIA_ICU2026:K-48,INDIA_ICU2026_SINGLE_HOSPITAL,2605597,,Escherichia coli,India,,Homo sapiens,patient rectal swab,imipenem,4,,,MIC,VITEK2 AST N406,UNKNOWN_REVIEW_REQUIRED,,R,unknown,unknown,not_curated,measured_public,SAMN55405141,41467_2026_74764_MOESM4_ESM.xlsx:Patient isolates AST:Excel row 15,QUARANTINED_STANDARD_VERSION_AND_UNITS_REVIEW_REQUIRED
INDIA_ICU2026:K-49,INDIA_ICU2026_SINGLE_HOSPITAL,2421488,,Escherichia coli,India,,Homo sapiens,patient rectal swab,ceftazidime,>=64,,,MIC,VITEK2 AST N406,UNKNOWN_REVIEW_REQUIRED,,R,unknown,unknown,not_curated,measured_public,SAMN55405142,41467_2026_74764_MOESM4_ESM.xlsx:Patient isolates AST:Excel row 16,QUARANTINED_STANDARD_VERSION_AND_UNITS_REVIEW_REQUIRED
INDIA_ICU2026:K-49,INDIA_ICU2026_SINGLE_HOSPITAL,2421488,,Escherichia coli,India,,Homo sapiens,patient rectal swab,cefepime,8,,,MIC,VITEK2 AST N406,UNKNOWN_REVIEW_REQUIRED,,SSD,unknown,unknown,not_curated,measured_public,SAMN55405142,41467_2026_74764_MOESM4_ESM.xlsx:Patient isolates AST:Excel row 16,QUARANTINED_STANDARD_VERSION_AND_UNITS_REVIEW_REQUIRED
INDIA_ICU2026:K-49,INDIA_ICU2026_SINGLE_HOSPITAL,2421488,,Escherichia coli,India,,Homo sapiens,patient rectal swab,ciprofloxacin,>=4,,,MIC,VITEK2 AST N406,UNKNOWN_REVIEW_REQUIRED,,R,unknown,unknown,not_curated,measured_public,SAMN55405142,41467_2026_74764_MOESM4_ESM.xlsx:Patient isolates AST:Excel row 16,QUARANTINED_STANDARD_VERSION_AND_UNITS_REVIEW_REQUIRED
INDIA_ICU2026:K-49,INDIA_ICU2026_SINGLE_HOSPITAL,2421488,,Escherichia coli,India,,Homo sapiens,patient rectal swab,gentamicin,>=16,,,MIC,VITEK2 AST N406,UNKNOWN_REVIEW_REQUIRED,,R,unknown,unknown,not_curated,measured_public,SAMN55405142,41467_2026_74764_MOESM4_ESM.xlsx:Patient isolates AST:Excel row 16,QUARANTINED_STANDARD_VERSION_AND_UNITS_REVIEW_REQUIRED
INDIA_ICU2026:K-49,INDIA_ICU2026_SINGLE_HOSPITAL,2421488,,Escherichia coli,India,,Homo sapiens,patient rectal swab,amikacin,2,,,MIC,VITEK2 AST N406,UNKNOWN_REVIEW_REQUIRED,,S,unknown,unknown,not_curated,measured_public,SAMN55405142,41467_2026_74764_MOESM4_ESM.xlsx:Patient isolates AST:Excel row 16,QUARANTINED_STANDARD_VERSION_AND_UNITS_REVIEW_REQUIRED
INDIA_ICU2026:K-49,INDIA_ICU2026_SINGLE_HOSPITAL,2421488,,Escherichia coli,India,,Homo sapiens,patient rectal swab,meropenem,1,,,MIC,VITEK2 AST N406,UNKNOWN_REVIEW_REQUIRED,,S,unknown,unknown,not_curated,measured_public,SAMN55405142,41467_2026_74764_MOESM4_ESM.xlsx:Patient isolates AST:Excel row 16,QUARANTINED_STANDARD_VERSION_AND_UNITS_REVIEW_REQUIRED
INDIA_ICU2026:K-49,INDIA_ICU2026_SINGLE_HOSPITAL,2421488,,Escherichia coli,India,,Homo sapiens,patient rectal swab,imipenem,0.5*,,,MIC,VITEK2 AST N406,UNKNOWN_REVIEW_REQUIRED,,I*,unknown,unknown,not_curated,measured_public,SAMN55405142,41467_2026_74764_MOESM4_ESM.xlsx:Patient isolates AST:Excel row 16,QUARANTINED_STANDARD_VERSION_AND_UNITS_REVIEW_REQUIRED
INDIA_ICU2026:K-3,INDIA_ICU2026_SINGLE_HOSPITAL,987142,,Escherichia coli,India,,Homo sapiens,patient rectal swab,ceftazidime,>=64,,,MIC,VITEK2 AST N406,UNKNOWN_REVIEW_REQUIRED,,R,unknown,unknown,not_curated,measured_public,SAMN55405122,41467_2026_74764_MOESM4_ESM.xlsx:Patient isolates AST:Excel row 17,QUARANTINED_STANDARD_VERSION_AND_UNITS_REVIEW_REQUIRED
INDIA_ICU2026:K-3,INDIA_ICU2026_SINGLE_HOSPITAL,987142,,Escherichia coli,India,,Homo sapiens,patient rectal swab,cefepime,>=32,,,MIC,VITEK2 AST N406,UNKNOWN_REVIEW_REQUIRED,,R,unknown,unknown,not_curated,measured_public,SAMN55405122,41467_2026_74764_MOESM4_ESM.xlsx:Patient isolates AST:Excel row 17,QUARANTINED_STANDARD_VERSION_AND_UNITS_REVIEW_REQUIRED
INDIA_ICU2026:K-3,INDIA_ICU2026_SINGLE_HOSPITAL,987142,,Escherichia coli,India,,Homo sapiens,patient rectal swab,ciprofloxacin,>=4,,,MIC,VITEK2 AST N406,UNKNOWN_REVIEW_REQUIRED,,R,unknown,unknown,not_curated,measured_public,SAMN55405122,41467_2026_74764_MOESM4_ESM.xlsx:Patient isolates AST:Excel row 17,QUARANTINED_STANDARD_VERSION_AND_UNITS_REVIEW_REQUIRED
INDIA_ICU2026:K-3,INDIA_ICU2026_SINGLE_HOSPITAL,987142,,Escherichia coli,India,,Homo sapiens,patient rectal swab,gentamicin,<=1,,,MIC,VITEK2 AST N406,UNKNOWN_REVIEW_REQUIRED,,S,unknown,unknown,not_curated,measured_public,SAMN55405122,41467_2026_74764_MOESM4_ESM.xlsx:Patient isolates AST:Excel row 17,QUARANTINED_STANDARD_VERSION_AND_UNITS_REVIEW_REQUIRED
INDIA_ICU2026:K-3,INDIA_ICU2026_SINGLE_HOSPITAL,987142,,Escherichia coli,India,,Homo sapiens,patient rectal swab,amikacin,4,,,MIC,VITEK2 AST N406,UNKNOWN_REVIEW_REQUIRED,,S,unknown,unknown,not_curated,measured_public,SAMN55405122,41467_2026_74764_MOESM4_ESM.xlsx:Patient isolates AST:Excel row 17,QUARANTINED_STANDARD_VERSION_AND_UNITS_REVIEW_REQUIRED
INDIA_ICU2026:K-3,INDIA_ICU2026_SINGLE_HOSPITAL,987142,,Escherichia coli,India,,Homo sapiens,patient rectal swab,meropenem,>=16,,,MIC,VITEK2 AST N406,UNKNOWN_REVIEW_REQUIRED,,R,unknown,unknown,not_curated,measured_public,SAMN55405122,41467_2026_74764_MOESM4_ESM.xlsx:Patient isolates AST:Excel row 17,QUARANTINED_STANDARD_VERSION_AND_UNITS_REVIEW_REQUIRED
INDIA_ICU2026:K-3,INDIA_ICU2026_SINGLE_HOSPITAL,987142,,Escherichia coli,India,,Homo sapiens,patient rectal swab,imipenem,>=16,,,MIC,VITEK2 AST N406,UNKNOWN_REVIEW_REQUIRED,,R,unknown,unknown,not_curated,measured_public,SAMN55405122,41467_2026_74764_MOESM4_ESM.xlsx:Patient isolates AST:Excel row 17,QUARANTINED_STANDARD_VERSION_AND_UNITS_REVIEW_REQUIRED
INDIA_ICU2026:K-50,INDIA_ICU2026_SINGLE_HOSPITAL,2611650,,Escherichia coli,India,,Homo sapiens,patient rectal swab,ceftazidime,>=64,,,MIC,VITEK2 AST N406,UNKNOWN_REVIEW_REQUIRED,,R,unknown,unknown,not_curated,measured_public,SAMN55405144,41467_2026_74764_MOESM4_ESM.xlsx:Patient isolates AST:Excel row 18,QUARANTINED_STANDARD_VERSION_AND_UNITS_REVIEW_REQUIRED
INDIA_ICU2026:K-50,INDIA_ICU2026_SINGLE_HOSPITAL,2611650,,Escherichia coli,India,,Homo sapiens,patient rectal swab,cefepime,>=32,,,MIC,VITEK2 AST N406,UNKNOWN_REVIEW_REQUIRED,,R,unknown,unknown,not_curated,measured_public,SAMN55405144,41467_2026_74764_MOESM4_ESM.xlsx:Patient isolates AST:Excel row 18,QUARANTINED_STANDARD_VERSION_AND_UNITS_REVIEW_REQUIRED
INDIA_ICU2026:K-50,INDIA_ICU2026_SINGLE_HOSPITAL,2611650,,Escherichia coli,India,,Homo sapiens,patient rectal swab,ciprofloxacin,>=4,,,MIC,VITEK2 AST N406,UNKNOWN_REVIEW_REQUIRED,,R,unknown,unknown,not_curated,measured_public,SAMN55405144,41467_2026_74764_MOESM4_ESM.xlsx:Patient isolates AST:Excel row 18,QUARANTINED_STANDARD_VERSION_AND_UNITS_REVIEW_REQUIRED
INDIA_ICU2026:K-50,INDIA_ICU2026_SINGLE_HOSPITAL,2611650,,Escherichia coli,India,,Homo sapiens,patient rectal swab,gentamicin,<=1,,,MIC,VITEK2 AST N406,UNKNOWN_REVIEW_REQUIRED,,S,unknown,unknown,not_curated,measured_public,SAMN55405144,41467_2026_74764_MOESM4_ESM.xlsx:Patient isolates AST:Excel row 18,QUARANTINED_STANDARD_VERSION_AND_UNITS_REVIEW_REQUIRED
INDIA_ICU2026:K-50,INDIA_ICU2026_SINGLE_HOSPITAL,2611650,,Escherichia coli,India,,Homo sapiens,patient rectal swab,amikacin,2,,,MIC,VITEK2 AST N406,UNKNOWN_REVIEW_REQUIRED,,S,unknown,unknown,not_curated,measured_public,SAMN55405144,41467_2026_74764_MOESM4_ESM.xlsx:Patient isolates AST:Excel row 18,QUARANTINED_STANDARD_VERSION_AND_UNITS_REVIEW_REQUIRED
INDIA_ICU2026:K-50,INDIA_ICU2026_SINGLE_HOSPITAL,2611650,,Escherichia coli,India,,Homo sapiens,patient rectal swab,meropenem,>=16,,,MIC,VITEK2 AST N406,UNKNOWN_REVIEW_REQUIRED,,R,unknown,unknown,not_curated,measured_public,SAMN55405144,41467_2026_74764_MOESM4_ESM.xlsx:Patient isolates AST:Excel row 18,QUARANTINED_STANDARD_VERSION_AND_UNITS_REVIEW_REQUIRED
INDIA_ICU2026:K-50,INDIA_ICU2026_SINGLE_HOSPITAL,2611650,,Escherichia coli,India,,Homo sapiens,patient rectal swab,imipenem,>=16,,,MIC,VITEK2 AST N406,UNKNOWN_REVIEW_REQUIRED,,R,unknown,unknown,not_curated,measured_public,SAMN55405144,41467_2026_74764_MOESM4_ESM.xlsx:Patient isolates AST:Excel row 18,QUARANTINED_STANDARD_VERSION_AND_UNITS_REVIEW_REQUIRED
INDIA_ICU2026:K-51,INDIA_ICU2026_SINGLE_HOSPITAL,518338,,Klebsiella pneumoniae,India,,Homo sapiens,patient rectal swab,ceftazidime,>=64,,,MIC,VITEK2 AST N406,UNKNOWN_REVIEW_REQUIRED,,R,unknown,unknown,not_curated,measured_public,SAMN55405145,41467_2026_74764_MOESM4_ESM.xlsx:Patient isolates AST:Excel row 19,QUARANTINED_STANDARD_VERSION_AND_UNITS_REVIEW_REQUIRED
INDIA_ICU2026:K-51,INDIA_ICU2026_SINGLE_HOSPITAL,518338,,Klebsiella pneumoniae,India,,Homo sapiens,patient rectal swab,cefepime,>=32,,,MIC,VITEK2 AST N406,UNKNOWN_REVIEW_REQUIRED,,R,unknown,unknown,not_curated,measured_public,SAMN55405145,41467_2026_74764_MOESM4_ESM.xlsx:Patient isolates AST:Excel row 19,QUARANTINED_STANDARD_VERSION_AND_UNITS_REVIEW_REQUIRED
INDIA_ICU2026:K-51,INDIA_ICU2026_SINGLE_HOSPITAL,518338,,Klebsiella pneumoniae,India,,Homo sapiens,patient rectal swab,ciprofloxacin,>=4,,,MIC,VITEK2 AST N406,UNKNOWN_REVIEW_REQUIRED,,R,unknown,unknown,not_curated,measured_public,SAMN55405145,41467_2026_74764_MOESM4_ESM.xlsx:Patient isolates AST:Excel row 19,QUARANTINED_STANDARD_VERSION_AND_UNITS_REVIEW_REQUIRED
INDIA_ICU2026:K-51,INDIA_ICU2026_SINGLE_HOSPITAL,518338,,Klebsiella pneumoniae,India,,Homo sapiens,patient rectal swab,gentamicin,>=16,,,MIC,VITEK2 AST N406,UNKNOWN_REVIEW_REQUIRED,,R,unknown,unknown,not_curated,measured_public,SAMN55405145,41467_2026_74764_MOESM4_ESM.xlsx:Patient isolates AST:Excel row 19,QUARANTINED_STANDARD_VERSION_AND_UNITS_REVIEW_REQUIRED
INDIA_ICU2026:K-51,INDIA_ICU2026_SINGLE_HOSPITAL,518338,,Klebsiella pneumoniae,India,,Homo sapiens,patient rectal swab,amikacin,32,,,MIC,VITEK2 AST N406,UNKNOWN_REVIEW_REQUIRED,,R,unknown,unknown,not_curated,measured_public,SAMN55405145,41467_2026_74764_MOESM4_ESM.xlsx:Patient isolates AST:Excel row 19,QUARANTINED_STANDARD_VERSION_AND_UNITS_REVIEW_REQUIRED
INDIA_ICU2026:K-51,INDIA_ICU2026_SINGLE_HOSPITAL,518338,,Klebsiella pneumoniae,India,,Homo sapiens,patient rectal swab,meropenem,>=16,,,MIC,VITEK2 AST N406,UNKNOWN_REVIEW_REQUIRED,,R,unknown,unknown,not_curated,measured_public,SAMN55405145,41467_2026_74764_MOESM4_ESM.xlsx:Patient isolates AST:Excel row 19,QUARANTINED_STANDARD_VERSION_AND_UNITS_REVIEW_REQUIRED
INDIA_ICU2026:K-51,INDIA_ICU2026_SINGLE_HOSPITAL,518338,,Klebsiella pneumoniae,India,,Homo sapiens,patient rectal swab,imipenem,>=16,,,MIC,VITEK2 AST N406,UNKNOWN_REVIEW_REQUIRED,,R,unknown,unknown,not_curated,measured_public,SAMN55405145,41467_2026_74764_MOESM4_ESM.xlsx:Patient isolates AST:Excel row 19,QUARANTINED_STANDARD_VERSION_AND_UNITS_REVIEW_REQUIRED
INDIA_ICU2026:K-52,INDIA_ICU2026_SINGLE_HOSPITAL,159134,,Escherichia coli,India,,Homo sapiens,patient rectal swab,ceftazidime,>=64,,,MIC,VITEK2 AST N406,UNKNOWN_REVIEW_REQUIRED,,R,unknown,unknown,not_curated,measured_public,SAMN55405146,41467_2026_74764_MOESM4_ESM.xlsx:Patient isolates AST:Excel row 20,QUARANTINED_STANDARD_VERSION_AND_UNITS_REVIEW_REQUIRED
INDIA_ICU2026:K-52,INDIA_ICU2026_SINGLE_HOSPITAL,159134,,Escherichia coli,India,,Homo sapiens,patient rectal swab,cefepime,8,,,MIC,VITEK2 AST N406,UNKNOWN_REVIEW_REQUIRED,,SSD,unknown,unknown,not_curated,measured_public,SAMN55405146,41467_2026_74764_MOESM4_ESM.xlsx:Patient isolates AST:Excel row 20,QUARANTINED_STANDARD_VERSION_AND_UNITS_REVIEW_REQUIRED
INDIA_ICU2026:K-52,INDIA_ICU2026_SINGLE_HOSPITAL,159134,,Escherichia coli,India,,Homo sapiens,patient rectal swab,ciprofloxacin,0.5,,,MIC,VITEK2 AST N406,UNKNOWN_REVIEW_REQUIRED,,I,unknown,unknown,not_curated,measured_public,SAMN55405146,41467_2026_74764_MOESM4_ESM.xlsx:Patient isolates AST:Excel row 20,QUARANTINED_STANDARD_VERSION_AND_UNITS_REVIEW_REQUIRED
INDIA_ICU2026:K-52,INDIA_ICU2026_SINGLE_HOSPITAL,159134,,Escherichia coli,India,,Homo sapiens,patient rectal swab,gentamicin,<=1,,,MIC,VITEK2 AST N406,UNKNOWN_REVIEW_REQUIRED,,S,unknown,unknown,not_curated,measured_public,SAMN55405146,41467_2026_74764_MOESM4_ESM.xlsx:Patient isolates AST:Excel row 20,QUARANTINED_STANDARD_VERSION_AND_UNITS_REVIEW_REQUIRED
INDIA_ICU2026:K-52,INDIA_ICU2026_SINGLE_HOSPITAL,159134,,Escherichia coli,India,,Homo sapiens,patient rectal swab,amikacin,4,,,MIC,VITEK2 AST N406,UNKNOWN_REVIEW_REQUIRED,,S,unknown,unknown,not_curated,measured_public,SAMN55405146,41467_2026_74764_MOESM4_ESM.xlsx:Patient isolates AST:Excel row 20,QUARANTINED_STANDARD_VERSION_AND_UNITS_REVIEW_REQUIRED
INDIA_ICU2026:K-52,INDIA_ICU2026_SINGLE_HOSPITAL,159134,,Escherichia coli,India,,Homo sapiens,patient rectal swab,meropenem,>=16,,,MIC,VITEK2 AST N406,UNKNOWN_REVIEW_REQUIRED,,R,unknown,unknown,not_curated,measured_public,SAMN55405146,41467_2026_74764_MOESM4_ESM.xlsx:Patient isolates AST:Excel row 20,QUARANTINED_STANDARD_VERSION_AND_UNITS_REVIEW_REQUIRED
INDIA_ICU2026:K-52,INDIA_ICU2026_SINGLE_HOSPITAL,159134,,Escherichia coli,India,,Homo sapiens,patient rectal swab,imipenem,8,,,MIC,VITEK2 AST N406,UNKNOWN_REVIEW_REQUIRED,,R,unknown,unknown,not_curated,measured_public,SAMN55405146,41467_2026_74764_MOESM4_ESM.xlsx:Patient isolates AST:Excel row 20,QUARANTINED_STANDARD_VERSION_AND_UNITS_REVIEW_REQUIRED
INDIA_ICU2026:K-4,INDIA_ICU2026_SINGLE_HOSPITAL,2053466,,Escherichia coli,India,,Homo sapiens,patient rectal swab,ceftazidime,>=64,,,MIC,VITEK2 AST N406,UNKNOWN_REVIEW_REQUIRED,,R,unknown,unknown,not_curated,measured_public,SAMN55405132,41467_2026_74764_MOESM4_ESM.xlsx:Patient isolates AST:Excel row 21,QUARANTINED_STANDARD_VERSION_AND_UNITS_REVIEW_REQUIRED
INDIA_ICU2026:K-4,INDIA_ICU2026_SINGLE_HOSPITAL,2053466,,Escherichia coli,India,,Homo sapiens,patient rectal swab,cefepime,>=32,,,MIC,VITEK2 AST N406,UNKNOWN_REVIEW_REQUIRED,,R,unknown,unknown,not_curated,measured_public,SAMN55405132,41467_2026_74764_MOESM4_ESM.xlsx:Patient isolates AST:Excel row 21,QUARANTINED_STANDARD_VERSION_AND_UNITS_REVIEW_REQUIRED
INDIA_ICU2026:K-4,INDIA_ICU2026_SINGLE_HOSPITAL,2053466,,Escherichia coli,India,,Homo sapiens,patient rectal swab,ciprofloxacin,>=4,,,MIC,VITEK2 AST N406,UNKNOWN_REVIEW_REQUIRED,,R,unknown,unknown,not_curated,measured_public,SAMN55405132,41467_2026_74764_MOESM4_ESM.xlsx:Patient isolates AST:Excel row 21,QUARANTINED_STANDARD_VERSION_AND_UNITS_REVIEW_REQUIRED
INDIA_ICU2026:K-4,INDIA_ICU2026_SINGLE_HOSPITAL,2053466,,Escherichia coli,India,,Homo sapiens,patient rectal swab,gentamicin,<=1,,,MIC,VITEK2 AST N406,UNKNOWN_REVIEW_REQUIRED,,S,unknown,unknown,not_curated,measured_public,SAMN55405132,41467_2026_74764_MOESM4_ESM.xlsx:Patient isolates AST:Excel row 21,QUARANTINED_STANDARD_VERSION_AND_UNITS_REVIEW_REQUIRED
INDIA_ICU2026:K-4,INDIA_ICU2026_SINGLE_HOSPITAL,2053466,,Escherichia coli,India,,Homo sapiens,patient rectal swab,amikacin,2,,,MIC,VITEK2 AST N406,UNKNOWN_REVIEW_REQUIRED,,S,unknown,unknown,not_curated,measured_public,SAMN55405132,41467_2026_74764_MOESM4_ESM.xlsx:Patient isolates AST:Excel row 21,QUARANTINED_STANDARD_VERSION_AND_UNITS_REVIEW_REQUIRED
INDIA_ICU2026:K-4,INDIA_ICU2026_SINGLE_HOSPITAL,2053466,,Escherichia coli,India,,Homo sapiens,patient rectal swab,meropenem,8,,,MIC,VITEK2 AST N406,UNKNOWN_REVIEW_REQUIRED,,R,unknown,unknown,not_curated,measured_public,SAMN55405132,41467_2026_74764_MOESM4_ESM.xlsx:Patient isolates AST:Excel row 21,QUARANTINED_STANDARD_VERSION_AND_UNITS_REVIEW_REQUIRED
INDIA_ICU2026:K-4,INDIA_ICU2026_SINGLE_HOSPITAL,2053466,,Escherichia coli,India,,Homo sapiens,patient rectal swab,imipenem,>=16,,,MIC,VITEK2 AST N406,UNKNOWN_REVIEW_REQUIRED,,R,unknown,unknown,not_curated,measured_public,SAMN55405132,41467_2026_74764_MOESM4_ESM.xlsx:Patient isolates AST:Excel row 21,QUARANTINED_STANDARD_VERSION_AND_UNITS_REVIEW_REQUIRED
INDIA_ICU2026:K-5,INDIA_ICU2026_SINGLE_HOSPITAL,2053466,,Klebsiella pneumoniae,India,,Homo sapiens,patient rectal swab,ceftazidime,>=64,,,MIC,VITEK2 AST N406,UNKNOWN_REVIEW_REQUIRED,,R,unknown,unknown,not_curated,measured_public,SAMN55405143,41467_2026_74764_MOESM4_ESM.xlsx:Patient isolates AST:Excel row 22,QUARANTINED_STANDARD_VERSION_AND_UNITS_REVIEW_REQUIRED
INDIA_ICU2026:K-5,INDIA_ICU2026_SINGLE_HOSPITAL,2053466,,Klebsiella pneumoniae,India,,Homo sapiens,patient rectal swab,cefepime,>=32,,,MIC,VITEK2 AST N406,UNKNOWN_REVIEW_REQUIRED,,R,unknown,unknown,not_curated,measured_public,SAMN55405143,41467_2026_74764_MOESM4_ESM.xlsx:Patient isolates AST:Excel row 22,QUARANTINED_STANDARD_VERSION_AND_UNITS_REVIEW_REQUIRED
INDIA_ICU2026:K-5,INDIA_ICU2026_SINGLE_HOSPITAL,2053466,,Klebsiella pneumoniae,India,,Homo sapiens,patient rectal swab,ciprofloxacin,>=4,,,MIC,VITEK2 AST N406,UNKNOWN_REVIEW_REQUIRED,,R,unknown,unknown,not_curated,measured_public,SAMN55405143,41467_2026_74764_MOESM4_ESM.xlsx:Patient isolates AST:Excel row 22,QUARANTINED_STANDARD_VERSION_AND_UNITS_REVIEW_REQUIRED
INDIA_ICU2026:K-5,INDIA_ICU2026_SINGLE_HOSPITAL,2053466,,Klebsiella pneumoniae,India,,Homo sapiens,patient rectal swab,gentamicin,>=16,,,MIC,VITEK2 AST N406,UNKNOWN_REVIEW_REQUIRED,,R,unknown,unknown,not_curated,measured_public,SAMN55405143,41467_2026_74764_MOESM4_ESM.xlsx:Patient isolates AST:Excel row 22,QUARANTINED_STANDARD_VERSION_AND_UNITS_REVIEW_REQUIRED
INDIA_ICU2026:K-5,INDIA_ICU2026_SINGLE_HOSPITAL,2053466,,Klebsiella pneumoniae,India,,Homo sapiens,patient rectal swab,amikacin,32,,,MIC,VITEK2 AST N406,UNKNOWN_REVIEW_REQUIRED,,R,unknown,unknown,not_curated,measured_public,SAMN55405143,41467_2026_74764_MOESM4_ESM.xlsx:Patient isolates AST:Excel row 22,QUARANTINED_STANDARD_VERSION_AND_UNITS_REVIEW_REQUIRED
INDIA_ICU2026:K-5,INDIA_ICU2026_SINGLE_HOSPITAL,2053466,,Klebsiella pneumoniae,India,,Homo sapiens,patient rectal swab,meropenem,>=16,,,MIC,VITEK2 AST N406,UNKNOWN_REVIEW_REQUIRED,,R,unknown,unknown,not_curated,measured_public,SAMN55405143,41467_2026_74764_MOESM4_ESM.xlsx:Patient isolates AST:Excel row 22,QUARANTINED_STANDARD_VERSION_AND_UNITS_REVIEW_REQUIRED
INDIA_ICU2026:K-5,INDIA_ICU2026_SINGLE_HOSPITAL,2053466,,Klebsiella pneumoniae,India,,Homo sapiens,patient rectal swab,imipenem,>=16,,,MIC,VITEK2 AST N406,UNKNOWN_REVIEW_REQUIRED,,R,unknown,unknown,not_curated,measured_public,SAMN55405143,41467_2026_74764_MOESM4_ESM.xlsx:Patient isolates AST:Excel row 22,QUARANTINED_STANDARD_VERSION_AND_UNITS_REVIEW_REQUIRED
INDIA_ICU2026:K-53,INDIA_ICU2026_SINGLE_HOSPITAL,2418359,,Escherichia coli,India,,Homo sapiens,patient rectal swab,ceftazidime,>=64,,,MIC,VITEK2 AST N406,UNKNOWN_REVIEW_REQUIRED,,R,unknown,unknown,not_curated,measured_public,SAMN55405147,41467_2026_74764_MOESM4_ESM.xlsx:Patient isolates AST:Excel row 23,QUARANTINED_STANDARD_VERSION_AND_UNITS_REVIEW_REQUIRED
INDIA_ICU2026:K-53,INDIA_ICU2026_SINGLE_HOSPITAL,2418359,,Escherichia coli,India,,Homo sapiens,patient rectal swab,cefepime,>=32,,,MIC,VITEK2 AST N406,UNKNOWN_REVIEW_REQUIRED,,R,unknown,unknown,not_curated,measured_public,SAMN55405147,41467_2026_74764_MOESM4_ESM.xlsx:Patient isolates AST:Excel row 23,QUARANTINED_STANDARD_VERSION_AND_UNITS_REVIEW_REQUIRED
INDIA_ICU2026:K-53,INDIA_ICU2026_SINGLE_HOSPITAL,2418359,,Escherichia coli,India,,Homo sapiens,patient rectal swab,ciprofloxacin,>=4,,,MIC,VITEK2 AST N406,UNKNOWN_REVIEW_REQUIRED,,R,unknown,unknown,not_curated,measured_public,SAMN55405147,41467_2026_74764_MOESM4_ESM.xlsx:Patient isolates AST:Excel row 23,QUARANTINED_STANDARD_VERSION_AND_UNITS_REVIEW_REQUIRED
INDIA_ICU2026:K-53,INDIA_ICU2026_SINGLE_HOSPITAL,2418359,,Escherichia coli,India,,Homo sapiens,patient rectal swab,gentamicin,>=16,,,MIC,VITEK2 AST N406,UNKNOWN_REVIEW_REQUIRED,,R,unknown,unknown,not_curated,measured_public,SAMN55405147,41467_2026_74764_MOESM4_ESM.xlsx:Patient isolates AST:Excel row 23,QUARANTINED_STANDARD_VERSION_AND_UNITS_REVIEW_REQUIRED
INDIA_ICU2026:K-53,INDIA_ICU2026_SINGLE_HOSPITAL,2418359,,Escherichia coli,India,,Homo sapiens,patient rectal swab,amikacin,>=64,,,MIC,VITEK2 AST N406,UNKNOWN_REVIEW_REQUIRED,,R,unknown,unknown,not_curated,measured_public,SAMN55405147,41467_2026_74764_MOESM4_ESM.xlsx:Patient isolates AST:Excel row 23,QUARANTINED_STANDARD_VERSION_AND_UNITS_REVIEW_REQUIRED
INDIA_ICU2026:K-53,INDIA_ICU2026_SINGLE_HOSPITAL,2418359,,Escherichia coli,India,,Homo sapiens,patient rectal swab,meropenem,8,,,MIC,VITEK2 AST N406,UNKNOWN_REVIEW_REQUIRED,,R,unknown,unknown,not_curated,measured_public,SAMN55405147,41467_2026_74764_MOESM4_ESM.xlsx:Patient isolates AST:Excel row 23,QUARANTINED_STANDARD_VERSION_AND_UNITS_REVIEW_REQUIRED
INDIA_ICU2026:K-53,INDIA_ICU2026_SINGLE_HOSPITAL,2418359,,Escherichia coli,India,,Homo sapiens,patient rectal swab,imipenem,8,,,MIC,VITEK2 AST N406,UNKNOWN_REVIEW_REQUIRED,,R,unknown,unknown,not_curated,measured_public,SAMN55405147,41467_2026_74764_MOESM4_ESM.xlsx:Patient isolates AST:Excel row 23,QUARANTINED_STANDARD_VERSION_AND_UNITS_REVIEW_REQUIRED
INDIA_ICU2026:K-54,INDIA_ICU2026_SINGLE_HOSPITAL,2418359,,Klebsiella pneumoniae,India,,Homo sapiens,patient rectal swab,ceftazidime,>=64,,,MIC,VITEK2 AST N406,UNKNOWN_REVIEW_REQUIRED,,R,unknown,unknown,not_curated,measured_public,SAMN55405148,41467_2026_74764_MOESM4_ESM.xlsx:Patient isolates AST:Excel row 24,QUARANTINED_STANDARD_VERSION_AND_UNITS_REVIEW_REQUIRED
INDIA_ICU2026:K-54,INDIA_ICU2026_SINGLE_HOSPITAL,2418359,,Klebsiella pneumoniae,India,,Homo sapiens,patient rectal swab,cefepime,>=32,,,MIC,VITEK2 AST N406,UNKNOWN_REVIEW_REQUIRED,,R,unknown,unknown,not_curated,measured_public,SAMN55405148,41467_2026_74764_MOESM4_ESM.xlsx:Patient isolates AST:Excel row 24,QUARANTINED_STANDARD_VERSION_AND_UNITS_REVIEW_REQUIRED
INDIA_ICU2026:K-54,INDIA_ICU2026_SINGLE_HOSPITAL,2418359,,Klebsiella pneumoniae,India,,Homo sapiens,patient rectal swab,ciprofloxacin,>=4,,,MIC,VITEK2 AST N406,UNKNOWN_REVIEW_REQUIRED,,R,unknown,unknown,not_curated,measured_public,SAMN55405148,41467_2026_74764_MOESM4_ESM.xlsx:Patient isolates AST:Excel row 24,QUARANTINED_STANDARD_VERSION_AND_UNITS_REVIEW_REQUIRED
INDIA_ICU2026:K-54,INDIA_ICU2026_SINGLE_HOSPITAL,2418359,,Klebsiella pneumoniae,India,,Homo sapiens,patient rectal swab,gentamicin,>=16,,,MIC,VITEK2 AST N406,UNKNOWN_REVIEW_REQUIRED,,R,unknown,unknown,not_curated,measured_public,SAMN55405148,41467_2026_74764_MOESM4_ESM.xlsx:Patient isolates AST:Excel row 24,QUARANTINED_STANDARD_VERSION_AND_UNITS_REVIEW_REQUIRED
INDIA_ICU2026:K-54,INDIA_ICU2026_SINGLE_HOSPITAL,2418359,,Klebsiella pneumoniae,India,,Homo sapiens,patient rectal swab,amikacin,32,,,MIC,VITEK2 AST N406,UNKNOWN_REVIEW_REQUIRED,,R,unknown,unknown,not_curated,measured_public,SAMN55405148,41467_2026_74764_MOESM4_ESM.xlsx:Patient isolates AST:Excel row 24,QUARANTINED_STANDARD_VERSION_AND_UNITS_REVIEW_REQUIRED
INDIA_ICU2026:K-54,INDIA_ICU2026_SINGLE_HOSPITAL,2418359,,Klebsiella pneumoniae,India,,Homo sapiens,patient rectal swab,meropenem,>=16,,,MIC,VITEK2 AST N406,UNKNOWN_REVIEW_REQUIRED,,R,unknown,unknown,not_curated,measured_public,SAMN55405148,41467_2026_74764_MOESM4_ESM.xlsx:Patient isolates AST:Excel row 24,QUARANTINED_STANDARD_VERSION_AND_UNITS_REVIEW_REQUIRED
INDIA_ICU2026:K-54,INDIA_ICU2026_SINGLE_HOSPITAL,2418359,,Klebsiella pneumoniae,India,,Homo sapiens,patient rectal swab,imipenem,>=16,,,MIC,VITEK2 AST N406,UNKNOWN_REVIEW_REQUIRED,,R,unknown,unknown,not_curated,measured_public,SAMN55405148,41467_2026_74764_MOESM4_ESM.xlsx:Patient isolates AST:Excel row 24,QUARANTINED_STANDARD_VERSION_AND_UNITS_REVIEW_REQUIRED
INDIA_ICU2026:K-55,INDIA_ICU2026_SINGLE_HOSPITAL,2604781,,Escherichia coli,India,,Homo sapiens,patient rectal swab,ceftazidime,>=64,,,MIC,VITEK2 AST N406,UNKNOWN_REVIEW_REQUIRED,,R,unknown,unknown,not_curated,measured_public,SAMN55405149,41467_2026_74764_MOESM4_ESM.xlsx:Patient isolates AST:Excel row 25,QUARANTINED_STANDARD_VERSION_AND_UNITS_REVIEW_REQUIRED
INDIA_ICU2026:K-55,INDIA_ICU2026_SINGLE_HOSPITAL,2604781,,Escherichia coli,India,,Homo sapiens,patient rectal swab,cefepime,>=32,,,MIC,VITEK2 AST N406,UNKNOWN_REVIEW_REQUIRED,,R,unknown,unknown,not_curated,measured_public,SAMN55405149,41467_2026_74764_MOESM4_ESM.xlsx:Patient isolates AST:Excel row 25,QUARANTINED_STANDARD_VERSION_AND_UNITS_REVIEW_REQUIRED
INDIA_ICU2026:K-55,INDIA_ICU2026_SINGLE_HOSPITAL,2604781,,Escherichia coli,India,,Homo sapiens,patient rectal swab,ciprofloxacin,>=4,,,MIC,VITEK2 AST N406,UNKNOWN_REVIEW_REQUIRED,,R,unknown,unknown,not_curated,measured_public,SAMN55405149,41467_2026_74764_MOESM4_ESM.xlsx:Patient isolates AST:Excel row 25,QUARANTINED_STANDARD_VERSION_AND_UNITS_REVIEW_REQUIRED
INDIA_ICU2026:K-55,INDIA_ICU2026_SINGLE_HOSPITAL,2604781,,Escherichia coli,India,,Homo sapiens,patient rectal swab,gentamicin,>=16,,,MIC,VITEK2 AST N406,UNKNOWN_REVIEW_REQUIRED,,R,unknown,unknown,not_curated,measured_public,SAMN55405149,41467_2026_74764_MOESM4_ESM.xlsx:Patient isolates AST:Excel row 25,QUARANTINED_STANDARD_VERSION_AND_UNITS_REVIEW_REQUIRED
INDIA_ICU2026:K-55,INDIA_ICU2026_SINGLE_HOSPITAL,2604781,,Escherichia coli,India,,Homo sapiens,patient rectal swab,amikacin,4,,,MIC,VITEK2 AST N406,UNKNOWN_REVIEW_REQUIRED,,S,unknown,unknown,not_curated,measured_public,SAMN55405149,41467_2026_74764_MOESM4_ESM.xlsx:Patient isolates AST:Excel row 25,QUARANTINED_STANDARD_VERSION_AND_UNITS_REVIEW_REQUIRED
INDIA_ICU2026:K-55,INDIA_ICU2026_SINGLE_HOSPITAL,2604781,,Escherichia coli,India,,Homo sapiens,patient rectal swab,meropenem,>=16,,,MIC,VITEK2 AST N406,UNKNOWN_REVIEW_REQUIRED,,R,unknown,unknown,not_curated,measured_public,SAMN55405149,41467_2026_74764_MOESM4_ESM.xlsx:Patient isolates AST:Excel row 25,QUARANTINED_STANDARD_VERSION_AND_UNITS_REVIEW_REQUIRED
INDIA_ICU2026:K-55,INDIA_ICU2026_SINGLE_HOSPITAL,2604781,,Escherichia coli,India,,Homo sapiens,patient rectal swab,imipenem,>=16,,,MIC,VITEK2 AST N406,UNKNOWN_REVIEW_REQUIRED,,R,unknown,unknown,not_curated,measured_public,SAMN55405149,41467_2026_74764_MOESM4_ESM.xlsx:Patient isolates AST:Excel row 25,QUARANTINED_STANDARD_VERSION_AND_UNITS_REVIEW_REQUIRED
INDIA_ICU2026:K-56,INDIA_ICU2026_SINGLE_HOSPITAL,2604781,,Escherichia coli,India,,Homo sapiens,patient rectal swab,ceftazidime,>=64,,,MIC,VITEK2 AST N406,UNKNOWN_REVIEW_REQUIRED,,R,unknown,unknown,not_curated,measured_public,SAMN55405150,41467_2026_74764_MOESM4_ESM.xlsx:Patient isolates AST:Excel row 26,QUARANTINED_STANDARD_VERSION_AND_UNITS_REVIEW_REQUIRED
INDIA_ICU2026:K-56,INDIA_ICU2026_SINGLE_HOSPITAL,2604781,,Escherichia coli,India,,Homo sapiens,patient rectal swab,cefepime,>=32,,,MIC,VITEK2 AST N406,UNKNOWN_REVIEW_REQUIRED,,R,unknown,unknown,not_curated,measured_public,SAMN55405150,41467_2026_74764_MOESM4_ESM.xlsx:Patient isolates AST:Excel row 26,QUARANTINED_STANDARD_VERSION_AND_UNITS_REVIEW_REQUIRED
INDIA_ICU2026:K-56,INDIA_ICU2026_SINGLE_HOSPITAL,2604781,,Escherichia coli,India,,Homo sapiens,patient rectal swab,ciprofloxacin,>=4,,,MIC,VITEK2 AST N406,UNKNOWN_REVIEW_REQUIRED,,R,unknown,unknown,not_curated,measured_public,SAMN55405150,41467_2026_74764_MOESM4_ESM.xlsx:Patient isolates AST:Excel row 26,QUARANTINED_STANDARD_VERSION_AND_UNITS_REVIEW_REQUIRED
INDIA_ICU2026:K-56,INDIA_ICU2026_SINGLE_HOSPITAL,2604781,,Escherichia coli,India,,Homo sapiens,patient rectal swab,gentamicin,<=1,,,MIC,VITEK2 AST N406,UNKNOWN_REVIEW_REQUIRED,,S,unknown,unknown,not_curated,measured_public,SAMN55405150,41467_2026_74764_MOESM4_ESM.xlsx:Patient isolates AST:Excel row 26,QUARANTINED_STANDARD_VERSION_AND_UNITS_REVIEW_REQUIRED
INDIA_ICU2026:K-56,INDIA_ICU2026_SINGLE_HOSPITAL,2604781,,Escherichia coli,India,,Homo sapiens,patient rectal swab,amikacin,2,,,MIC,VITEK2 AST N406,UNKNOWN_REVIEW_REQUIRED,,S,unknown,unknown,not_curated,measured_public,SAMN55405150,41467_2026_74764_MOESM4_ESM.xlsx:Patient isolates AST:Excel row 26,QUARANTINED_STANDARD_VERSION_AND_UNITS_REVIEW_REQUIRED
INDIA_ICU2026:K-56,INDIA_ICU2026_SINGLE_HOSPITAL,2604781,,Escherichia coli,India,,Homo sapiens,patient rectal swab,meropenem,>=16,,,MIC,VITEK2 AST N406,UNKNOWN_REVIEW_REQUIRED,,R,unknown,unknown,not_curated,measured_public,SAMN55405150,41467_2026_74764_MOESM4_ESM.xlsx:Patient isolates AST:Excel row 26,QUARANTINED_STANDARD_VERSION_AND_UNITS_REVIEW_REQUIRED
INDIA_ICU2026:K-56,INDIA_ICU2026_SINGLE_HOSPITAL,2604781,,Escherichia coli,India,,Homo sapiens,patient rectal swab,imipenem,>=16,,,MIC,VITEK2 AST N406,UNKNOWN_REVIEW_REQUIRED,,R,unknown,unknown,not_curated,measured_public,SAMN55405150,41467_2026_74764_MOESM4_ESM.xlsx:Patient isolates AST:Excel row 26,QUARANTINED_STANDARD_VERSION_AND_UNITS_REVIEW_REQUIRED
INDIA_ICU2026:K-57,INDIA_ICU2026_SINGLE_HOSPITAL,2611804,,Escherichia coli,India,,Homo sapiens,patient rectal swab,ceftazidime,>=64,,,MIC,VITEK2 AST N406,UNKNOWN_REVIEW_REQUIRED,,R,unknown,unknown,not_curated,measured_public,SAMN55405151,41467_2026_74764_MOESM4_ESM.xlsx:Patient isolates AST:Excel row 27,QUARANTINED_STANDARD_VERSION_AND_UNITS_REVIEW_REQUIRED
INDIA_ICU2026:K-57,INDIA_ICU2026_SINGLE_HOSPITAL,2611804,,Escherichia coli,India,,Homo sapiens,patient rectal swab,cefepime,>=32,,,MIC,VITEK2 AST N406,UNKNOWN_REVIEW_REQUIRED,,R,unknown,unknown,not_curated,measured_public,SAMN55405151,41467_2026_74764_MOESM4_ESM.xlsx:Patient isolates AST:Excel row 27,QUARANTINED_STANDARD_VERSION_AND_UNITS_REVIEW_REQUIRED
INDIA_ICU2026:K-57,INDIA_ICU2026_SINGLE_HOSPITAL,2611804,,Escherichia coli,India,,Homo sapiens,patient rectal swab,ciprofloxacin,>=4,,,MIC,VITEK2 AST N406,UNKNOWN_REVIEW_REQUIRED,,R,unknown,unknown,not_curated,measured_public,SAMN55405151,41467_2026_74764_MOESM4_ESM.xlsx:Patient isolates AST:Excel row 27,QUARANTINED_STANDARD_VERSION_AND_UNITS_REVIEW_REQUIRED
INDIA_ICU2026:K-57,INDIA_ICU2026_SINGLE_HOSPITAL,2611804,,Escherichia coli,India,,Homo sapiens,patient rectal swab,gentamicin,>=16,,,MIC,VITEK2 AST N406,UNKNOWN_REVIEW_REQUIRED,,R,unknown,unknown,not_curated,measured_public,SAMN55405151,41467_2026_74764_MOESM4_ESM.xlsx:Patient isolates AST:Excel row 27,QUARANTINED_STANDARD_VERSION_AND_UNITS_REVIEW_REQUIRED
INDIA_ICU2026:K-57,INDIA_ICU2026_SINGLE_HOSPITAL,2611804,,Escherichia coli,India,,Homo sapiens,patient rectal swab,amikacin,>=64,,,MIC,VITEK2 AST N406,UNKNOWN_REVIEW_REQUIRED,,R,unknown,unknown,not_curated,measured_public,SAMN55405151,41467_2026_74764_MOESM4_ESM.xlsx:Patient isolates AST:Excel row 27,QUARANTINED_STANDARD_VERSION_AND_UNITS_REVIEW_REQUIRED
INDIA_ICU2026:K-57,INDIA_ICU2026_SINGLE_HOSPITAL,2611804,,Escherichia coli,India,,Homo sapiens,patient rectal swab,meropenem,>=16,,,MIC,VITEK2 AST N406,UNKNOWN_REVIEW_REQUIRED,,R,unknown,unknown,not_curated,measured_public,SAMN55405151,41467_2026_74764_MOESM4_ESM.xlsx:Patient isolates AST:Excel row 27,QUARANTINED_STANDARD_VERSION_AND_UNITS_REVIEW_REQUIRED
INDIA_ICU2026:K-57,INDIA_ICU2026_SINGLE_HOSPITAL,2611804,,Escherichia coli,India,,Homo sapiens,patient rectal swab,imipenem,>=16,,,MIC,VITEK2 AST N406,UNKNOWN_REVIEW_REQUIRED,,R,unknown,unknown,not_curated,measured_public,SAMN55405151,41467_2026_74764_MOESM4_ESM.xlsx:Patient isolates AST:Excel row 27,QUARANTINED_STANDARD_VERSION_AND_UNITS_REVIEW_REQUIRED
INDIA_ICU2026:K-58,INDIA_ICU2026_SINGLE_HOSPITAL,2611258,,Escherichia coli,India,,Homo sapiens,patient rectal swab,ceftazidime,>=64,,,MIC,VITEK2 AST N406,UNKNOWN_REVIEW_REQUIRED,,R,unknown,unknown,not_curated,measured_public,SAMN55405152,41467_2026_74764_MOESM4_ESM.xlsx:Patient isolates AST:Excel row 28,QUARANTINED_STANDARD_VERSION_AND_UNITS_REVIEW_REQUIRED
INDIA_ICU2026:K-58,INDIA_ICU2026_SINGLE_HOSPITAL,2611258,,Escherichia coli,India,,Homo sapiens,patient rectal swab,cefepime,>=32,,,MIC,VITEK2 AST N406,UNKNOWN_REVIEW_REQUIRED,,R,unknown,unknown,not_curated,measured_public,SAMN55405152,41467_2026_74764_MOESM4_ESM.xlsx:Patient isolates AST:Excel row 28,QUARANTINED_STANDARD_VERSION_AND_UNITS_REVIEW_REQUIRED
INDIA_ICU2026:K-58,INDIA_ICU2026_SINGLE_HOSPITAL,2611258,,Escherichia coli,India,,Homo sapiens,patient rectal swab,ciprofloxacin,>=4,,,MIC,VITEK2 AST N406,UNKNOWN_REVIEW_REQUIRED,,R,unknown,unknown,not_curated,measured_public,SAMN55405152,41467_2026_74764_MOESM4_ESM.xlsx:Patient isolates AST:Excel row 28,QUARANTINED_STANDARD_VERSION_AND_UNITS_REVIEW_REQUIRED
INDIA_ICU2026:K-58,INDIA_ICU2026_SINGLE_HOSPITAL,2611258,,Escherichia coli,India,,Homo sapiens,patient rectal swab,gentamicin,<=1,,,MIC,VITEK2 AST N406,UNKNOWN_REVIEW_REQUIRED,,S,unknown,unknown,not_curated,measured_public,SAMN55405152,41467_2026_74764_MOESM4_ESM.xlsx:Patient isolates AST:Excel row 28,QUARANTINED_STANDARD_VERSION_AND_UNITS_REVIEW_REQUIRED
INDIA_ICU2026:K-58,INDIA_ICU2026_SINGLE_HOSPITAL,2611258,,Escherichia coli,India,,Homo sapiens,patient rectal swab,amikacin,<=1,,,MIC,VITEK2 AST N406,UNKNOWN_REVIEW_REQUIRED,,S,unknown,unknown,not_curated,measured_public,SAMN55405152,41467_2026_74764_MOESM4_ESM.xlsx:Patient isolates AST:Excel row 28,QUARANTINED_STANDARD_VERSION_AND_UNITS_REVIEW_REQUIRED
INDIA_ICU2026:K-58,INDIA_ICU2026_SINGLE_HOSPITAL,2611258,,Escherichia coli,India,,Homo sapiens,patient rectal swab,meropenem,>=16,,,MIC,VITEK2 AST N406,UNKNOWN_REVIEW_REQUIRED,,R,unknown,unknown,not_curated,measured_public,SAMN55405152,41467_2026_74764_MOESM4_ESM.xlsx:Patient isolates AST:Excel row 28,QUARANTINED_STANDARD_VERSION_AND_UNITS_REVIEW_REQUIRED
INDIA_ICU2026:K-58,INDIA_ICU2026_SINGLE_HOSPITAL,2611258,,Escherichia coli,India,,Homo sapiens,patient rectal swab,imipenem,>=16,,,MIC,VITEK2 AST N406,UNKNOWN_REVIEW_REQUIRED,,R,unknown,unknown,not_curated,measured_public,SAMN55405152,41467_2026_74764_MOESM4_ESM.xlsx:Patient isolates AST:Excel row 28,QUARANTINED_STANDARD_VERSION_AND_UNITS_REVIEW_REQUIRED
INDIA_ICU2026:K-59,INDIA_ICU2026_SINGLE_HOSPITAL,2592078,,Escherichia coli,India,,Homo sapiens,patient rectal swab,ceftazidime,>=64,,,MIC,VITEK2 AST N406,UNKNOWN_REVIEW_REQUIRED,,R,unknown,unknown,not_curated,measured_public,SAMN55405153,41467_2026_74764_MOESM4_ESM.xlsx:Patient isolates AST:Excel row 29,QUARANTINED_STANDARD_VERSION_AND_UNITS_REVIEW_REQUIRED
INDIA_ICU2026:K-59,INDIA_ICU2026_SINGLE_HOSPITAL,2592078,,Escherichia coli,India,,Homo sapiens,patient rectal swab,cefepime,>=32,,,MIC,VITEK2 AST N406,UNKNOWN_REVIEW_REQUIRED,,R,unknown,unknown,not_curated,measured_public,SAMN55405153,41467_2026_74764_MOESM4_ESM.xlsx:Patient isolates AST:Excel row 29,QUARANTINED_STANDARD_VERSION_AND_UNITS_REVIEW_REQUIRED
INDIA_ICU2026:K-59,INDIA_ICU2026_SINGLE_HOSPITAL,2592078,,Escherichia coli,India,,Homo sapiens,patient rectal swab,ciprofloxacin,>=4,,,MIC,VITEK2 AST N406,UNKNOWN_REVIEW_REQUIRED,,R,unknown,unknown,not_curated,measured_public,SAMN55405153,41467_2026_74764_MOESM4_ESM.xlsx:Patient isolates AST:Excel row 29,QUARANTINED_STANDARD_VERSION_AND_UNITS_REVIEW_REQUIRED
INDIA_ICU2026:K-59,INDIA_ICU2026_SINGLE_HOSPITAL,2592078,,Escherichia coli,India,,Homo sapiens,patient rectal swab,gentamicin,16,,,MIC,VITEK2 AST N406,UNKNOWN_REVIEW_REQUIRED,,R,unknown,unknown,not_curated,measured_public,SAMN55405153,41467_2026_74764_MOESM4_ESM.xlsx:Patient isolates AST:Excel row 29,QUARANTINED_STANDARD_VERSION_AND_UNITS_REVIEW_REQUIRED
INDIA_ICU2026:K-59,INDIA_ICU2026_SINGLE_HOSPITAL,2592078,,Escherichia coli,India,,Homo sapiens,patient rectal swab,amikacin,4,,,MIC,VITEK2 AST N406,UNKNOWN_REVIEW_REQUIRED,,S,unknown,unknown,not_curated,measured_public,SAMN55405153,41467_2026_74764_MOESM4_ESM.xlsx:Patient isolates AST:Excel row 29,QUARANTINED_STANDARD_VERSION_AND_UNITS_REVIEW_REQUIRED
INDIA_ICU2026:K-59,INDIA_ICU2026_SINGLE_HOSPITAL,2592078,,Escherichia coli,India,,Homo sapiens,patient rectal swab,meropenem,>=16,,,MIC,VITEK2 AST N406,UNKNOWN_REVIEW_REQUIRED,,R,unknown,unknown,not_curated,measured_public,SAMN55405153,41467_2026_74764_MOESM4_ESM.xlsx:Patient isolates AST:Excel row 29,QUARANTINED_STANDARD_VERSION_AND_UNITS_REVIEW_REQUIRED
INDIA_ICU2026:K-59,INDIA_ICU2026_SINGLE_HOSPITAL,2592078,,Escherichia coli,India,,Homo sapiens,patient rectal swab,imipenem,>=16,,,MIC,VITEK2 AST N406,UNKNOWN_REVIEW_REQUIRED,,R,unknown,unknown,not_curated,measured_public,SAMN55405153,41467_2026_74764_MOESM4_ESM.xlsx:Patient isolates AST:Excel row 29,QUARANTINED_STANDARD_VERSION_AND_UNITS_REVIEW_REQUIRED
INDIA_ICU2026:K-60,INDIA_ICU2026_SINGLE_HOSPITAL,2595196,,Escherichia coli,India,,Homo sapiens,patient rectal swab,ceftazidime,>=64,,,MIC,VITEK2 AST N406,UNKNOWN_REVIEW_REQUIRED,,R,unknown,unknown,not_curated,measured_public,SAMN55405154,41467_2026_74764_MOESM4_ESM.xlsx:Patient isolates AST:Excel row 30,QUARANTINED_STANDARD_VERSION_AND_UNITS_REVIEW_REQUIRED
INDIA_ICU2026:K-60,INDIA_ICU2026_SINGLE_HOSPITAL,2595196,,Escherichia coli,India,,Homo sapiens,patient rectal swab,cefepime,>=32,,,MIC,VITEK2 AST N406,UNKNOWN_REVIEW_REQUIRED,,R,unknown,unknown,not_curated,measured_public,SAMN55405154,41467_2026_74764_MOESM4_ESM.xlsx:Patient isolates AST:Excel row 30,QUARANTINED_STANDARD_VERSION_AND_UNITS_REVIEW_REQUIRED
INDIA_ICU2026:K-60,INDIA_ICU2026_SINGLE_HOSPITAL,2595196,,Escherichia coli,India,,Homo sapiens,patient rectal swab,ciprofloxacin,>=4,,,MIC,VITEK2 AST N406,UNKNOWN_REVIEW_REQUIRED,,R,unknown,unknown,not_curated,measured_public,SAMN55405154,41467_2026_74764_MOESM4_ESM.xlsx:Patient isolates AST:Excel row 30,QUARANTINED_STANDARD_VERSION_AND_UNITS_REVIEW_REQUIRED
INDIA_ICU2026:K-60,INDIA_ICU2026_SINGLE_HOSPITAL,2595196,,Escherichia coli,India,,Homo sapiens,patient rectal swab,gentamicin,<=1,,,MIC,VITEK2 AST N406,UNKNOWN_REVIEW_REQUIRED,,S,unknown,unknown,not_curated,measured_public,SAMN55405154,41467_2026_74764_MOESM4_ESM.xlsx:Patient isolates AST:Excel row 30,QUARANTINED_STANDARD_VERSION_AND_UNITS_REVIEW_REQUIRED
INDIA_ICU2026:K-60,INDIA_ICU2026_SINGLE_HOSPITAL,2595196,,Escherichia coli,India,,Homo sapiens,patient rectal swab,amikacin,2,,,MIC,VITEK2 AST N406,UNKNOWN_REVIEW_REQUIRED,,S,unknown,unknown,not_curated,measured_public,SAMN55405154,41467_2026_74764_MOESM4_ESM.xlsx:Patient isolates AST:Excel row 30,QUARANTINED_STANDARD_VERSION_AND_UNITS_REVIEW_REQUIRED
INDIA_ICU2026:K-60,INDIA_ICU2026_SINGLE_HOSPITAL,2595196,,Escherichia coli,India,,Homo sapiens,patient rectal swab,meropenem,>=16,,,MIC,VITEK2 AST N406,UNKNOWN_REVIEW_REQUIRED,,R,unknown,unknown,not_curated,measured_public,SAMN55405154,41467_2026_74764_MOESM4_ESM.xlsx:Patient isolates AST:Excel row 30,QUARANTINED_STANDARD_VERSION_AND_UNITS_REVIEW_REQUIRED
INDIA_ICU2026:K-60,INDIA_ICU2026_SINGLE_HOSPITAL,2595196,,Escherichia coli,India,,Homo sapiens,patient rectal swab,imipenem,>=16,,,MIC,VITEK2 AST N406,UNKNOWN_REVIEW_REQUIRED,,R,unknown,unknown,not_curated,measured_public,SAMN55405154,41467_2026_74764_MOESM4_ESM.xlsx:Patient isolates AST:Excel row 30,QUARANTINED_STANDARD_VERSION_AND_UNITS_REVIEW_REQUIRED
INDIA_ICU2026:K-61,INDIA_ICU2026_SINGLE_HOSPITAL,2619404,,Enterobacter sichuanensis,India,,Homo sapiens,patient rectal swab,ceftazidime,>=64,,,MIC,VITEK2 AST N406,UNKNOWN_REVIEW_REQUIRED,,R,unknown,unknown,not_curated,measured_public,SAMN55405155,41467_2026_74764_MOESM4_ESM.xlsx:Patient isolates AST:Excel row 31,QUARANTINED_STANDARD_VERSION_AND_UNITS_REVIEW_REQUIRED
INDIA_ICU2026:K-61,INDIA_ICU2026_SINGLE_HOSPITAL,2619404,,Enterobacter sichuanensis,India,,Homo sapiens,patient rectal swab,cefepime,2,,,MIC,VITEK2 AST N406,UNKNOWN_REVIEW_REQUIRED,,S,unknown,unknown,not_curated,measured_public,SAMN55405155,41467_2026_74764_MOESM4_ESM.xlsx:Patient isolates AST:Excel row 31,QUARANTINED_STANDARD_VERSION_AND_UNITS_REVIEW_REQUIRED
INDIA_ICU2026:K-61,INDIA_ICU2026_SINGLE_HOSPITAL,2619404,,Enterobacter sichuanensis,India,,Homo sapiens,patient rectal swab,ciprofloxacin,0.12,,,MIC,VITEK2 AST N406,UNKNOWN_REVIEW_REQUIRED,,S,unknown,unknown,not_curated,measured_public,SAMN55405155,41467_2026_74764_MOESM4_ESM.xlsx:Patient isolates AST:Excel row 31,QUARANTINED_STANDARD_VERSION_AND_UNITS_REVIEW_REQUIRED
INDIA_ICU2026:K-61,INDIA_ICU2026_SINGLE_HOSPITAL,2619404,,Enterobacter sichuanensis,India,,Homo sapiens,patient rectal swab,gentamicin,<=1,,,MIC,VITEK2 AST N406,UNKNOWN_REVIEW_REQUIRED,,S,unknown,unknown,not_curated,measured_public,SAMN55405155,41467_2026_74764_MOESM4_ESM.xlsx:Patient isolates AST:Excel row 31,QUARANTINED_STANDARD_VERSION_AND_UNITS_REVIEW_REQUIRED
INDIA_ICU2026:K-61,INDIA_ICU2026_SINGLE_HOSPITAL,2619404,,Enterobacter sichuanensis,India,,Homo sapiens,patient rectal swab,amikacin,4,,,MIC,VITEK2 AST N406,UNKNOWN_REVIEW_REQUIRED,,S,unknown,unknown,not_curated,measured_public,SAMN55405155,41467_2026_74764_MOESM4_ESM.xlsx:Patient isolates AST:Excel row 31,QUARANTINED_STANDARD_VERSION_AND_UNITS_REVIEW_REQUIRED
INDIA_ICU2026:K-61,INDIA_ICU2026_SINGLE_HOSPITAL,2619404,,Enterobacter sichuanensis,India,,Homo sapiens,patient rectal swab,meropenem,>=16,,,MIC,VITEK2 AST N406,UNKNOWN_REVIEW_REQUIRED,,R,unknown,unknown,not_curated,measured_public,SAMN55405155,41467_2026_74764_MOESM4_ESM.xlsx:Patient isolates AST:Excel row 31,QUARANTINED_STANDARD_VERSION_AND_UNITS_REVIEW_REQUIRED
INDIA_ICU2026:K-61,INDIA_ICU2026_SINGLE_HOSPITAL,2619404,,Enterobacter sichuanensis,India,,Homo sapiens,patient rectal swab,imipenem,2,,,MIC,VITEK2 AST N406,UNKNOWN_REVIEW_REQUIRED,,I,unknown,unknown,not_curated,measured_public,SAMN55405155,41467_2026_74764_MOESM4_ESM.xlsx:Patient isolates AST:Excel row 31,QUARANTINED_STANDARD_VERSION_AND_UNITS_REVIEW_REQUIRED
INDIA_ICU2026:K-62,INDIA_ICU2026_SINGLE_HOSPITAL,2621039,,Escherichia coli,India,,Homo sapiens,patient rectal swab,ceftazidime,>=64,,,MIC,VITEK2 AST N406,UNKNOWN_REVIEW_REQUIRED,,R,unknown,unknown,not_curated,measured_public,SAMN55405156,41467_2026_74764_MOESM4_ESM.xlsx:Patient isolates AST:Excel row 32,QUARANTINED_STANDARD_VERSION_AND_UNITS_REVIEW_REQUIRED
INDIA_ICU2026:K-62,INDIA_ICU2026_SINGLE_HOSPITAL,2621039,,Escherichia coli,India,,Homo sapiens,patient rectal swab,cefepime,>=32,,,MIC,VITEK2 AST N406,UNKNOWN_REVIEW_REQUIRED,,R,unknown,unknown,not_curated,measured_public,SAMN55405156,41467_2026_74764_MOESM4_ESM.xlsx:Patient isolates AST:Excel row 32,QUARANTINED_STANDARD_VERSION_AND_UNITS_REVIEW_REQUIRED
INDIA_ICU2026:K-62,INDIA_ICU2026_SINGLE_HOSPITAL,2621039,,Escherichia coli,India,,Homo sapiens,patient rectal swab,ciprofloxacin,0.5,,,MIC,VITEK2 AST N406,UNKNOWN_REVIEW_REQUIRED,,I,unknown,unknown,not_curated,measured_public,SAMN55405156,41467_2026_74764_MOESM4_ESM.xlsx:Patient isolates AST:Excel row 32,QUARANTINED_STANDARD_VERSION_AND_UNITS_REVIEW_REQUIRED
INDIA_ICU2026:K-62,INDIA_ICU2026_SINGLE_HOSPITAL,2621039,,Escherichia coli,India,,Homo sapiens,patient rectal swab,gentamicin,<=1,,,MIC,VITEK2 AST N406,UNKNOWN_REVIEW_REQUIRED,,S,unknown,unknown,not_curated,measured_public,SAMN55405156,41467_2026_74764_MOESM4_ESM.xlsx:Patient isolates AST:Excel row 32,QUARANTINED_STANDARD_VERSION_AND_UNITS_REVIEW_REQUIRED
INDIA_ICU2026:K-62,INDIA_ICU2026_SINGLE_HOSPITAL,2621039,,Escherichia coli,India,,Homo sapiens,patient rectal swab,amikacin,16,,,MIC,VITEK2 AST N406,UNKNOWN_REVIEW_REQUIRED,,R,unknown,unknown,not_curated,measured_public,SAMN55405156,41467_2026_74764_MOESM4_ESM.xlsx:Patient isolates AST:Excel row 32,QUARANTINED_STANDARD_VERSION_AND_UNITS_REVIEW_REQUIRED
INDIA_ICU2026:K-62,INDIA_ICU2026_SINGLE_HOSPITAL,2621039,,Escherichia coli,India,,Homo sapiens,patient rectal swab,meropenem,>=16,,,MIC,VITEK2 AST N406,UNKNOWN_REVIEW_REQUIRED,,R,unknown,unknown,not_curated,measured_public,SAMN55405156,41467_2026_74764_MOESM4_ESM.xlsx:Patient isolates AST:Excel row 32,QUARANTINED_STANDARD_VERSION_AND_UNITS_REVIEW_REQUIRED
INDIA_ICU2026:K-62,INDIA_ICU2026_SINGLE_HOSPITAL,2621039,,Escherichia coli,India,,Homo sapiens,patient rectal swab,imipenem,8,,,MIC,VITEK2 AST N406,UNKNOWN_REVIEW_REQUIRED,,R,unknown,unknown,not_curated,measured_public,SAMN55405156,41467_2026_74764_MOESM4_ESM.xlsx:Patient isolates AST:Excel row 32,QUARANTINED_STANDARD_VERSION_AND_UNITS_REVIEW_REQUIRED
INDIA_ICU2026:K-63,INDIA_ICU2026_SINGLE_HOSPITAL,2621039,,Klebsiella pneumoniae,India,,Homo sapiens,patient rectal swab,ceftazidime,>=64,,,MIC,VITEK2 AST N406,UNKNOWN_REVIEW_REQUIRED,,R,unknown,unknown,not_curated,measured_public,SAMN55405157,41467_2026_74764_MOESM4_ESM.xlsx:Patient isolates AST:Excel row 33,QUARANTINED_STANDARD_VERSION_AND_UNITS_REVIEW_REQUIRED
INDIA_ICU2026:K-63,INDIA_ICU2026_SINGLE_HOSPITAL,2621039,,Klebsiella pneumoniae,India,,Homo sapiens,patient rectal swab,cefepime,>=32,,,MIC,VITEK2 AST N406,UNKNOWN_REVIEW_REQUIRED,,R,unknown,unknown,not_curated,measured_public,SAMN55405157,41467_2026_74764_MOESM4_ESM.xlsx:Patient isolates AST:Excel row 33,QUARANTINED_STANDARD_VERSION_AND_UNITS_REVIEW_REQUIRED
INDIA_ICU2026:K-63,INDIA_ICU2026_SINGLE_HOSPITAL,2621039,,Klebsiella pneumoniae,India,,Homo sapiens,patient rectal swab,ciprofloxacin,>=4,,,MIC,VITEK2 AST N406,UNKNOWN_REVIEW_REQUIRED,,R,unknown,unknown,not_curated,measured_public,SAMN55405157,41467_2026_74764_MOESM4_ESM.xlsx:Patient isolates AST:Excel row 33,QUARANTINED_STANDARD_VERSION_AND_UNITS_REVIEW_REQUIRED
INDIA_ICU2026:K-63,INDIA_ICU2026_SINGLE_HOSPITAL,2621039,,Klebsiella pneumoniae,India,,Homo sapiens,patient rectal swab,gentamicin,16,,,MIC,VITEK2 AST N406,UNKNOWN_REVIEW_REQUIRED,,R,unknown,unknown,not_curated,measured_public,SAMN55405157,41467_2026_74764_MOESM4_ESM.xlsx:Patient isolates AST:Excel row 33,QUARANTINED_STANDARD_VERSION_AND_UNITS_REVIEW_REQUIRED
INDIA_ICU2026:K-63,INDIA_ICU2026_SINGLE_HOSPITAL,2621039,,Klebsiella pneumoniae,India,,Homo sapiens,patient rectal swab,amikacin,4,,,MIC,VITEK2 AST N406,UNKNOWN_REVIEW_REQUIRED,,S,unknown,unknown,not_curated,measured_public,SAMN55405157,41467_2026_74764_MOESM4_ESM.xlsx:Patient isolates AST:Excel row 33,QUARANTINED_STANDARD_VERSION_AND_UNITS_REVIEW_REQUIRED
INDIA_ICU2026:K-63,INDIA_ICU2026_SINGLE_HOSPITAL,2621039,,Klebsiella pneumoniae,India,,Homo sapiens,patient rectal swab,meropenem,>=16,,,MIC,VITEK2 AST N406,UNKNOWN_REVIEW_REQUIRED,,R,unknown,unknown,not_curated,measured_public,SAMN55405157,41467_2026_74764_MOESM4_ESM.xlsx:Patient isolates AST:Excel row 33,QUARANTINED_STANDARD_VERSION_AND_UNITS_REVIEW_REQUIRED
INDIA_ICU2026:K-63,INDIA_ICU2026_SINGLE_HOSPITAL,2621039,,Klebsiella pneumoniae,India,,Homo sapiens,patient rectal swab,imipenem,2,,,MIC,VITEK2 AST N406,UNKNOWN_REVIEW_REQUIRED,,I,unknown,unknown,not_curated,measured_public,SAMN55405157,41467_2026_74764_MOESM4_ESM.xlsx:Patient isolates AST:Excel row 33,QUARANTINED_STANDARD_VERSION_AND_UNITS_REVIEW_REQUIRED
INDIA_ICU2026:K-64,INDIA_ICU2026_SINGLE_HOSPITAL,2025908,,Escherichia coli,India,,Homo sapiens,patient rectal swab,ceftazidime,>=64,,,MIC,VITEK2 AST N406,UNKNOWN_REVIEW_REQUIRED,,R,unknown,unknown,not_curated,measured_public,SAMN55405158,41467_2026_74764_MOESM4_ESM.xlsx:Patient isolates AST:Excel row 34,QUARANTINED_STANDARD_VERSION_AND_UNITS_REVIEW_REQUIRED
INDIA_ICU2026:K-64,INDIA_ICU2026_SINGLE_HOSPITAL,2025908,,Escherichia coli,India,,Homo sapiens,patient rectal swab,cefepime,8,,,MIC,VITEK2 AST N406,UNKNOWN_REVIEW_REQUIRED,,SDD,unknown,unknown,not_curated,measured_public,SAMN55405158,41467_2026_74764_MOESM4_ESM.xlsx:Patient isolates AST:Excel row 34,QUARANTINED_STANDARD_VERSION_AND_UNITS_REVIEW_REQUIRED
INDIA_ICU2026:K-64,INDIA_ICU2026_SINGLE_HOSPITAL,2025908,,Escherichia coli,India,,Homo sapiens,patient rectal swab,ciprofloxacin,1,,,MIC,VITEK2 AST N406,UNKNOWN_REVIEW_REQUIRED,,R,unknown,unknown,not_curated,measured_public,SAMN55405158,41467_2026_74764_MOESM4_ESM.xlsx:Patient isolates AST:Excel row 34,QUARANTINED_STANDARD_VERSION_AND_UNITS_REVIEW_REQUIRED
INDIA_ICU2026:K-64,INDIA_ICU2026_SINGLE_HOSPITAL,2025908,,Escherichia coli,India,,Homo sapiens,patient rectal swab,gentamicin,<=1,,,MIC,VITEK2 AST N406,UNKNOWN_REVIEW_REQUIRED,,S,unknown,unknown,not_curated,measured_public,SAMN55405158,41467_2026_74764_MOESM4_ESM.xlsx:Patient isolates AST:Excel row 34,QUARANTINED_STANDARD_VERSION_AND_UNITS_REVIEW_REQUIRED
INDIA_ICU2026:K-64,INDIA_ICU2026_SINGLE_HOSPITAL,2025908,,Escherichia coli,India,,Homo sapiens,patient rectal swab,amikacin,2,,,MIC,VITEK2 AST N406,UNKNOWN_REVIEW_REQUIRED,,S,unknown,unknown,not_curated,measured_public,SAMN55405158,41467_2026_74764_MOESM4_ESM.xlsx:Patient isolates AST:Excel row 34,QUARANTINED_STANDARD_VERSION_AND_UNITS_REVIEW_REQUIRED
INDIA_ICU2026:K-64,INDIA_ICU2026_SINGLE_HOSPITAL,2025908,,Escherichia coli,India,,Homo sapiens,patient rectal swab,meropenem,>=16,,,MIC,VITEK2 AST N406,UNKNOWN_REVIEW_REQUIRED,,R,unknown,unknown,not_curated,measured_public,SAMN55405158,41467_2026_74764_MOESM4_ESM.xlsx:Patient isolates AST:Excel row 34,QUARANTINED_STANDARD_VERSION_AND_UNITS_REVIEW_REQUIRED
INDIA_ICU2026:K-64,INDIA_ICU2026_SINGLE_HOSPITAL,2025908,,Escherichia coli,India,,Homo sapiens,patient rectal swab,imipenem,>=16,,,MIC,VITEK2 AST N406,UNKNOWN_REVIEW_REQUIRED,,R,unknown,unknown,not_curated,measured_public,SAMN55405158,41467_2026_74764_MOESM4_ESM.xlsx:Patient isolates AST:Excel row 34,QUARANTINED_STANDARD_VERSION_AND_UNITS_REVIEW_REQUIRED
INDIA_ICU2026:K-65,INDIA_ICU2026_SINGLE_HOSPITAL,2080612,,Escherichia coli,India,,Homo sapiens,patient rectal swab,ceftazidime,>=64,,,MIC,VITEK2 AST N406,UNKNOWN_REVIEW_REQUIRED,,R,unknown,unknown,not_curated,measured_public,SAMN55405159,41467_2026_74764_MOESM4_ESM.xlsx:Patient isolates AST:Excel row 35,QUARANTINED_STANDARD_VERSION_AND_UNITS_REVIEW_REQUIRED
INDIA_ICU2026:K-65,INDIA_ICU2026_SINGLE_HOSPITAL,2080612,,Escherichia coli,India,,Homo sapiens,patient rectal swab,cefepime,>=32,,,MIC,VITEK2 AST N406,UNKNOWN_REVIEW_REQUIRED,,R,unknown,unknown,not_curated,measured_public,SAMN55405159,41467_2026_74764_MOESM4_ESM.xlsx:Patient isolates AST:Excel row 35,QUARANTINED_STANDARD_VERSION_AND_UNITS_REVIEW_REQUIRED
INDIA_ICU2026:K-65,INDIA_ICU2026_SINGLE_HOSPITAL,2080612,,Escherichia coli,India,,Homo sapiens,patient rectal swab,ciprofloxacin,>=4,,,MIC,VITEK2 AST N406,UNKNOWN_REVIEW_REQUIRED,,R,unknown,unknown,not_curated,measured_public,SAMN55405159,41467_2026_74764_MOESM4_ESM.xlsx:Patient isolates AST:Excel row 35,QUARANTINED_STANDARD_VERSION_AND_UNITS_REVIEW_REQUIRED
INDIA_ICU2026:K-65,INDIA_ICU2026_SINGLE_HOSPITAL,2080612,,Escherichia coli,India,,Homo sapiens,patient rectal swab,gentamicin,<=1,,,MIC,VITEK2 AST N406,UNKNOWN_REVIEW_REQUIRED,,S,unknown,unknown,not_curated,measured_public,SAMN55405159,41467_2026_74764_MOESM4_ESM.xlsx:Patient isolates AST:Excel row 35,QUARANTINED_STANDARD_VERSION_AND_UNITS_REVIEW_REQUIRED
INDIA_ICU2026:K-65,INDIA_ICU2026_SINGLE_HOSPITAL,2080612,,Escherichia coli,India,,Homo sapiens,patient rectal swab,amikacin,<=1,,,MIC,VITEK2 AST N406,UNKNOWN_REVIEW_REQUIRED,,S,unknown,unknown,not_curated,measured_public,SAMN55405159,41467_2026_74764_MOESM4_ESM.xlsx:Patient isolates AST:Excel row 35,QUARANTINED_STANDARD_VERSION_AND_UNITS_REVIEW_REQUIRED
INDIA_ICU2026:K-65,INDIA_ICU2026_SINGLE_HOSPITAL,2080612,,Escherichia coli,India,,Homo sapiens,patient rectal swab,meropenem,>=16,,,MIC,VITEK2 AST N406,UNKNOWN_REVIEW_REQUIRED,,R,unknown,unknown,not_curated,measured_public,SAMN55405159,41467_2026_74764_MOESM4_ESM.xlsx:Patient isolates AST:Excel row 35,QUARANTINED_STANDARD_VERSION_AND_UNITS_REVIEW_REQUIRED
INDIA_ICU2026:K-65,INDIA_ICU2026_SINGLE_HOSPITAL,2080612,,Escherichia coli,India,,Homo sapiens,patient rectal swab,imipenem,8,,,MIC,VITEK2 AST N406,UNKNOWN_REVIEW_REQUIRED,,R,unknown,unknown,not_curated,measured_public,SAMN55405159,41467_2026_74764_MOESM4_ESM.xlsx:Patient isolates AST:Excel row 35,QUARANTINED_STANDARD_VERSION_AND_UNITS_REVIEW_REQUIRED
INDIA_ICU2026:K-6,INDIA_ICU2026_SINGLE_HOSPITAL,2301607,,,India,,Homo sapiens,patient rectal swab,ceftazidime,>=64,,,MIC,VITEK2 AST N406,UNKNOWN_REVIEW_REQUIRED,,R,unknown,unknown,not_curated,measured_public,,41467_2026_74764_MOESM4_ESM.xlsx:Patient isolates AST:Excel row 36,QUARANTINED_STANDARD_VERSION_AND_UNITS_REVIEW_REQUIRED
INDIA_ICU2026:K-6,INDIA_ICU2026_SINGLE_HOSPITAL,2301607,,,India,,Homo sapiens,patient rectal swab,cefepime,2,,,MIC,VITEK2 AST N406,UNKNOWN_REVIEW_REQUIRED,,S,unknown,unknown,not_curated,measured_public,,41467_2026_74764_MOESM4_ESM.xlsx:Patient isolates AST:Excel row 36,QUARANTINED_STANDARD_VERSION_AND_UNITS_REVIEW_REQUIRED
INDIA_ICU2026:K-6,INDIA_ICU2026_SINGLE_HOSPITAL,2301607,,,India,,Homo sapiens,patient rectal swab,ciprofloxacin,0.12,,,MIC,VITEK2 AST N406,UNKNOWN_REVIEW_REQUIRED,,S,unknown,unknown,not_curated,measured_public,,41467_2026_74764_MOESM4_ESM.xlsx:Patient isolates AST:Excel row 36,QUARANTINED_STANDARD_VERSION_AND_UNITS_REVIEW_REQUIRED
INDIA_ICU2026:K-6,INDIA_ICU2026_SINGLE_HOSPITAL,2301607,,,India,,Homo sapiens,patient rectal swab,gentamicin,<=1,,,MIC,VITEK2 AST N406,UNKNOWN_REVIEW_REQUIRED,,S,unknown,unknown,not_curated,measured_public,,41467_2026_74764_MOESM4_ESM.xlsx:Patient isolates AST:Excel row 36,QUARANTINED_STANDARD_VERSION_AND_UNITS_REVIEW_REQUIRED
INDIA_ICU2026:K-6,INDIA_ICU2026_SINGLE_HOSPITAL,2301607,,,India,,Homo sapiens,patient rectal swab,amikacin,4,,,MIC,VITEK2 AST N406,UNKNOWN_REVIEW_REQUIRED,,S,unknown,unknown,not_curated,measured_public,,41467_2026_74764_MOESM4_ESM.xlsx:Patient isolates AST:Excel row 36,QUARANTINED_STANDARD_VERSION_AND_UNITS_REVIEW_REQUIRED
INDIA_ICU2026:K-6,INDIA_ICU2026_SINGLE_HOSPITAL,2301607,,,India,,Homo sapiens,patient rectal swab,meropenem,>=16,,,MIC,VITEK2 AST N406,UNKNOWN_REVIEW_REQUIRED,,R,unknown,unknown,not_curated,measured_public,,41467_2026_74764_MOESM4_ESM.xlsx:Patient isolates AST:Excel row 36,QUARANTINED_STANDARD_VERSION_AND_UNITS_REVIEW_REQUIRED
INDIA_ICU2026:K-6,INDIA_ICU2026_SINGLE_HOSPITAL,2301607,,,India,,Homo sapiens,patient rectal swab,imipenem,2,,,MIC,VITEK2 AST N406,UNKNOWN_REVIEW_REQUIRED,,I,unknown,unknown,not_curated,measured_public,,41467_2026_74764_MOESM4_ESM.xlsx:Patient isolates AST:Excel row 36,QUARANTINED_STANDARD_VERSION_AND_UNITS_REVIEW_REQUIRED
INDIA_ICU2026:K-66,INDIA_ICU2026_SINGLE_HOSPITAL,2616245,,Escherichia coli,India,,Homo sapiens,patient rectal swab,ceftazidime,>=64,,,MIC,VITEK2 AST N406,UNKNOWN_REVIEW_REQUIRED,,R,unknown,unknown,not_curated,measured_public,SAMN55405160,41467_2026_74764_MOESM4_ESM.xlsx:Patient isolates AST:Excel row 37,QUARANTINED_STANDARD_VERSION_AND_UNITS_REVIEW_REQUIRED
INDIA_ICU2026:K-66,INDIA_ICU2026_SINGLE_HOSPITAL,2616245,,Escherichia coli,India,,Homo sapiens,patient rectal swab,cefepime,>=32,,,MIC,VITEK2 AST N406,UNKNOWN_REVIEW_REQUIRED,,R,unknown,unknown,not_curated,measured_public,SAMN55405160,41467_2026_74764_MOESM4_ESM.xlsx:Patient isolates AST:Excel row 37,QUARANTINED_STANDARD_VERSION_AND_UNITS_REVIEW_REQUIRED
INDIA_ICU2026:K-66,INDIA_ICU2026_SINGLE_HOSPITAL,2616245,,Escherichia coli,India,,Homo sapiens,patient rectal swab,ciprofloxacin,>=4,,,MIC,VITEK2 AST N406,UNKNOWN_REVIEW_REQUIRED,,R,unknown,unknown,not_curated,measured_public,SAMN55405160,41467_2026_74764_MOESM4_ESM.xlsx:Patient isolates AST:Excel row 37,QUARANTINED_STANDARD_VERSION_AND_UNITS_REVIEW_REQUIRED
INDIA_ICU2026:K-66,INDIA_ICU2026_SINGLE_HOSPITAL,2616245,,Escherichia coli,India,,Homo sapiens,patient rectal swab,gentamicin,<=1,,,MIC,VITEK2 AST N406,UNKNOWN_REVIEW_REQUIRED,,S,unknown,unknown,not_curated,measured_public,SAMN55405160,41467_2026_74764_MOESM4_ESM.xlsx:Patient isolates AST:Excel row 37,QUARANTINED_STANDARD_VERSION_AND_UNITS_REVIEW_REQUIRED
INDIA_ICU2026:K-66,INDIA_ICU2026_SINGLE_HOSPITAL,2616245,,Escherichia coli,India,,Homo sapiens,patient rectal swab,amikacin,2,,,MIC,VITEK2 AST N406,UNKNOWN_REVIEW_REQUIRED,,S,unknown,unknown,not_curated,measured_public,SAMN55405160,41467_2026_74764_MOESM4_ESM.xlsx:Patient isolates AST:Excel row 37,QUARANTINED_STANDARD_VERSION_AND_UNITS_REVIEW_REQUIRED
INDIA_ICU2026:K-66,INDIA_ICU2026_SINGLE_HOSPITAL,2616245,,Escherichia coli,India,,Homo sapiens,patient rectal swab,meropenem,>=16,,,MIC,VITEK2 AST N406,UNKNOWN_REVIEW_REQUIRED,,R,unknown,unknown,not_curated,measured_public,SAMN55405160,41467_2026_74764_MOESM4_ESM.xlsx:Patient isolates AST:Excel row 37,QUARANTINED_STANDARD_VERSION_AND_UNITS_REVIEW_REQUIRED
INDIA_ICU2026:K-66,INDIA_ICU2026_SINGLE_HOSPITAL,2616245,,Escherichia coli,India,,Homo sapiens,patient rectal swab,imipenem,8,,,MIC,VITEK2 AST N406,UNKNOWN_REVIEW_REQUIRED,,R,unknown,unknown,not_curated,measured_public,SAMN55405160,41467_2026_74764_MOESM4_ESM.xlsx:Patient isolates AST:Excel row 37,QUARANTINED_STANDARD_VERSION_AND_UNITS_REVIEW_REQUIRED
INDIA_ICU2026:K-67,INDIA_ICU2026_SINGLE_HOSPITAL,2572514,,Escherichia coli,India,,Homo sapiens,patient rectal swab,ceftazidime,>=64,,,MIC,VITEK2 AST N406,UNKNOWN_REVIEW_REQUIRED,,R,unknown,unknown,not_curated,measured_public,SAMN55405161,41467_2026_74764_MOESM4_ESM.xlsx:Patient isolates AST:Excel row 38,QUARANTINED_STANDARD_VERSION_AND_UNITS_REVIEW_REQUIRED
INDIA_ICU2026:K-67,INDIA_ICU2026_SINGLE_HOSPITAL,2572514,,Escherichia coli,India,,Homo sapiens,patient rectal swab,cefepime,>=32,,,MIC,VITEK2 AST N406,UNKNOWN_REVIEW_REQUIRED,,R,unknown,unknown,not_curated,measured_public,SAMN55405161,41467_2026_74764_MOESM4_ESM.xlsx:Patient isolates AST:Excel row 38,QUARANTINED_STANDARD_VERSION_AND_UNITS_REVIEW_REQUIRED
INDIA_ICU2026:K-67,INDIA_ICU2026_SINGLE_HOSPITAL,2572514,,Escherichia coli,India,,Homo sapiens,patient rectal swab,ciprofloxacin,>=4,,,MIC,VITEK2 AST N406,UNKNOWN_REVIEW_REQUIRED,,R,unknown,unknown,not_curated,measured_public,SAMN55405161,41467_2026_74764_MOESM4_ESM.xlsx:Patient isolates AST:Excel row 38,QUARANTINED_STANDARD_VERSION_AND_UNITS_REVIEW_REQUIRED
INDIA_ICU2026:K-67,INDIA_ICU2026_SINGLE_HOSPITAL,2572514,,Escherichia coli,India,,Homo sapiens,patient rectal swab,gentamicin,<=1,,,MIC,VITEK2 AST N406,UNKNOWN_REVIEW_REQUIRED,,S,unknown,unknown,not_curated,measured_public,SAMN55405161,41467_2026_74764_MOESM4_ESM.xlsx:Patient isolates AST:Excel row 38,QUARANTINED_STANDARD_VERSION_AND_UNITS_REVIEW_REQUIRED
INDIA_ICU2026:K-67,INDIA_ICU2026_SINGLE_HOSPITAL,2572514,,Escherichia coli,India,,Homo sapiens,patient rectal swab,amikacin,2,,,MIC,VITEK2 AST N406,UNKNOWN_REVIEW_REQUIRED,,S,unknown,unknown,not_curated,measured_public,SAMN55405161,41467_2026_74764_MOESM4_ESM.xlsx:Patient isolates AST:Excel row 38,QUARANTINED_STANDARD_VERSION_AND_UNITS_REVIEW_REQUIRED
INDIA_ICU2026:K-67,INDIA_ICU2026_SINGLE_HOSPITAL,2572514,,Escherichia coli,India,,Homo sapiens,patient rectal swab,meropenem,>=16,,,MIC,VITEK2 AST N406,UNKNOWN_REVIEW_REQUIRED,,R,unknown,unknown,not_curated,measured_public,SAMN55405161,41467_2026_74764_MOESM4_ESM.xlsx:Patient isolates AST:Excel row 38,QUARANTINED_STANDARD_VERSION_AND_UNITS_REVIEW_REQUIRED
INDIA_ICU2026:K-67,INDIA_ICU2026_SINGLE_HOSPITAL,2572514,,Escherichia coli,India,,Homo sapiens,patient rectal swab,imipenem,4,,,MIC,VITEK2 AST N406,UNKNOWN_REVIEW_REQUIRED,,R,unknown,unknown,not_curated,measured_public,SAMN55405161,41467_2026_74764_MOESM4_ESM.xlsx:Patient isolates AST:Excel row 38,QUARANTINED_STANDARD_VERSION_AND_UNITS_REVIEW_REQUIRED
INDIA_ICU2026:K-7,INDIA_ICU2026_SINGLE_HOSPITAL,2618401,,Klebsiella pneumoniae,India,,Homo sapiens,patient rectal swab,ceftazidime,>=64,,,MIC,VITEK2 AST N406,UNKNOWN_REVIEW_REQUIRED,,R,unknown,unknown,not_curated,measured_public,SAMN55405164,41467_2026_74764_MOESM4_ESM.xlsx:Patient isolates AST:Excel row 39,QUARANTINED_STANDARD_VERSION_AND_UNITS_REVIEW_REQUIRED
INDIA_ICU2026:K-7,INDIA_ICU2026_SINGLE_HOSPITAL,2618401,,Klebsiella pneumoniae,India,,Homo sapiens,patient rectal swab,cefepime,>=32,,,MIC,VITEK2 AST N406,UNKNOWN_REVIEW_REQUIRED,,R,unknown,unknown,not_curated,measured_public,SAMN55405164,41467_2026_74764_MOESM4_ESM.xlsx:Patient isolates AST:Excel row 39,QUARANTINED_STANDARD_VERSION_AND_UNITS_REVIEW_REQUIRED
INDIA_ICU2026:K-7,INDIA_ICU2026_SINGLE_HOSPITAL,2618401,,Klebsiella pneumoniae,India,,Homo sapiens,patient rectal swab,ciprofloxacin,>=4,,,MIC,VITEK2 AST N406,UNKNOWN_REVIEW_REQUIRED,,R,unknown,unknown,not_curated,measured_public,SAMN55405164,41467_2026_74764_MOESM4_ESM.xlsx:Patient isolates AST:Excel row 39,QUARANTINED_STANDARD_VERSION_AND_UNITS_REVIEW_REQUIRED
INDIA_ICU2026:K-7,INDIA_ICU2026_SINGLE_HOSPITAL,2618401,,Klebsiella pneumoniae,India,,Homo sapiens,patient rectal swab,gentamicin,>=16,,,MIC,VITEK2 AST N406,UNKNOWN_REVIEW_REQUIRED,,R,unknown,unknown,not_curated,measured_public,SAMN55405164,41467_2026_74764_MOESM4_ESM.xlsx:Patient isolates AST:Excel row 39,QUARANTINED_STANDARD_VERSION_AND_UNITS_REVIEW_REQUIRED
INDIA_ICU2026:K-7,INDIA_ICU2026_SINGLE_HOSPITAL,2618401,,Klebsiella pneumoniae,India,,Homo sapiens,patient rectal swab,amikacin,32,,,MIC,VITEK2 AST N406,UNKNOWN_REVIEW_REQUIRED,,R,unknown,unknown,not_curated,measured_public,SAMN55405164,41467_2026_74764_MOESM4_ESM.xlsx:Patient isolates AST:Excel row 39,QUARANTINED_STANDARD_VERSION_AND_UNITS_REVIEW_REQUIRED
INDIA_ICU2026:K-7,INDIA_ICU2026_SINGLE_HOSPITAL,2618401,,Klebsiella pneumoniae,India,,Homo sapiens,patient rectal swab,meropenem,>=16,,,MIC,VITEK2 AST N406,UNKNOWN_REVIEW_REQUIRED,,R,unknown,unknown,not_curated,measured_public,SAMN55405164,41467_2026_74764_MOESM4_ESM.xlsx:Patient isolates AST:Excel row 39,QUARANTINED_STANDARD_VERSION_AND_UNITS_REVIEW_REQUIRED
INDIA_ICU2026:K-7,INDIA_ICU2026_SINGLE_HOSPITAL,2618401,,Klebsiella pneumoniae,India,,Homo sapiens,patient rectal swab,imipenem,>=16,,,MIC,VITEK2 AST N406,UNKNOWN_REVIEW_REQUIRED,,R,unknown,unknown,not_curated,measured_public,SAMN55405164,41467_2026_74764_MOESM4_ESM.xlsx:Patient isolates AST:Excel row 39,QUARANTINED_STANDARD_VERSION_AND_UNITS_REVIEW_REQUIRED
INDIA_ICU2026:K-8,INDIA_ICU2026_SINGLE_HOSPITAL,2618401,,Escherichia coli,India,,Homo sapiens,patient rectal swab,ceftazidime,>=64,,,MIC,VITEK2 AST N406,UNKNOWN_REVIEW_REQUIRED,,R,unknown,unknown,not_curated,measured_public,SAMN55405175,41467_2026_74764_MOESM4_ESM.xlsx:Patient isolates AST:Excel row 40,QUARANTINED_STANDARD_VERSION_AND_UNITS_REVIEW_REQUIRED
INDIA_ICU2026:K-8,INDIA_ICU2026_SINGLE_HOSPITAL,2618401,,Escherichia coli,India,,Homo sapiens,patient rectal swab,cefepime,>=32,,,MIC,VITEK2 AST N406,UNKNOWN_REVIEW_REQUIRED,,R,unknown,unknown,not_curated,measured_public,SAMN55405175,41467_2026_74764_MOESM4_ESM.xlsx:Patient isolates AST:Excel row 40,QUARANTINED_STANDARD_VERSION_AND_UNITS_REVIEW_REQUIRED
INDIA_ICU2026:K-8,INDIA_ICU2026_SINGLE_HOSPITAL,2618401,,Escherichia coli,India,,Homo sapiens,patient rectal swab,ciprofloxacin,>=4,,,MIC,VITEK2 AST N406,UNKNOWN_REVIEW_REQUIRED,,R,unknown,unknown,not_curated,measured_public,SAMN55405175,41467_2026_74764_MOESM4_ESM.xlsx:Patient isolates AST:Excel row 40,QUARANTINED_STANDARD_VERSION_AND_UNITS_REVIEW_REQUIRED
INDIA_ICU2026:K-8,INDIA_ICU2026_SINGLE_HOSPITAL,2618401,,Escherichia coli,India,,Homo sapiens,patient rectal swab,gentamicin,<=1,,,MIC,VITEK2 AST N406,UNKNOWN_REVIEW_REQUIRED,,S,unknown,unknown,not_curated,measured_public,SAMN55405175,41467_2026_74764_MOESM4_ESM.xlsx:Patient isolates AST:Excel row 40,QUARANTINED_STANDARD_VERSION_AND_UNITS_REVIEW_REQUIRED
INDIA_ICU2026:K-8,INDIA_ICU2026_SINGLE_HOSPITAL,2618401,,Escherichia coli,India,,Homo sapiens,patient rectal swab,amikacin,4,,,MIC,VITEK2 AST N406,UNKNOWN_REVIEW_REQUIRED,,S,unknown,unknown,not_curated,measured_public,SAMN55405175,41467_2026_74764_MOESM4_ESM.xlsx:Patient isolates AST:Excel row 40,QUARANTINED_STANDARD_VERSION_AND_UNITS_REVIEW_REQUIRED
INDIA_ICU2026:K-8,INDIA_ICU2026_SINGLE_HOSPITAL,2618401,,Escherichia coli,India,,Homo sapiens,patient rectal swab,meropenem,>=16,,,MIC,VITEK2 AST N406,UNKNOWN_REVIEW_REQUIRED,,R,unknown,unknown,not_curated,measured_public,SAMN55405175,41467_2026_74764_MOESM4_ESM.xlsx:Patient isolates AST:Excel row 40,QUARANTINED_STANDARD_VERSION_AND_UNITS_REVIEW_REQUIRED
INDIA_ICU2026:K-8,INDIA_ICU2026_SINGLE_HOSPITAL,2618401,,Escherichia coli,India,,Homo sapiens,patient rectal swab,imipenem,>=16,,,MIC,VITEK2 AST N406,UNKNOWN_REVIEW_REQUIRED,,R,unknown,unknown,not_curated,measured_public,SAMN55405175,41467_2026_74764_MOESM4_ESM.xlsx:Patient isolates AST:Excel row 40,QUARANTINED_STANDARD_VERSION_AND_UNITS_REVIEW_REQUIRED
INDIA_ICU2026:K-68,INDIA_ICU2026_SINGLE_HOSPITAL,2582467,,Escherichia coli,India,,Homo sapiens,patient rectal swab,ceftazidime,>=64,,,MIC,VITEK2 AST N406,UNKNOWN_REVIEW_REQUIRED,,R,unknown,unknown,not_curated,measured_public,SAMN55405162,41467_2026_74764_MOESM4_ESM.xlsx:Patient isolates AST:Excel row 41,QUARANTINED_STANDARD_VERSION_AND_UNITS_REVIEW_REQUIRED
INDIA_ICU2026:K-68,INDIA_ICU2026_SINGLE_HOSPITAL,2582467,,Escherichia coli,India,,Homo sapiens,patient rectal swab,cefepime,>=32,,,MIC,VITEK2 AST N406,UNKNOWN_REVIEW_REQUIRED,,R,unknown,unknown,not_curated,measured_public,SAMN55405162,41467_2026_74764_MOESM4_ESM.xlsx:Patient isolates AST:Excel row 41,QUARANTINED_STANDARD_VERSION_AND_UNITS_REVIEW_REQUIRED
INDIA_ICU2026:K-68,INDIA_ICU2026_SINGLE_HOSPITAL,2582467,,Escherichia coli,India,,Homo sapiens,patient rectal swab,ciprofloxacin,>=4,,,MIC,VITEK2 AST N406,UNKNOWN_REVIEW_REQUIRED,,R,unknown,unknown,not_curated,measured_public,SAMN55405162,41467_2026_74764_MOESM4_ESM.xlsx:Patient isolates AST:Excel row 41,QUARANTINED_STANDARD_VERSION_AND_UNITS_REVIEW_REQUIRED
INDIA_ICU2026:K-68,INDIA_ICU2026_SINGLE_HOSPITAL,2582467,,Escherichia coli,India,,Homo sapiens,patient rectal swab,gentamicin,<=1,,,MIC,VITEK2 AST N406,UNKNOWN_REVIEW_REQUIRED,,S,unknown,unknown,not_curated,measured_public,SAMN55405162,41467_2026_74764_MOESM4_ESM.xlsx:Patient isolates AST:Excel row 41,QUARANTINED_STANDARD_VERSION_AND_UNITS_REVIEW_REQUIRED
INDIA_ICU2026:K-68,INDIA_ICU2026_SINGLE_HOSPITAL,2582467,,Escherichia coli,India,,Homo sapiens,patient rectal swab,amikacin,2,,,MIC,VITEK2 AST N406,UNKNOWN_REVIEW_REQUIRED,,S,unknown,unknown,not_curated,measured_public,SAMN55405162,41467_2026_74764_MOESM4_ESM.xlsx:Patient isolates AST:Excel row 41,QUARANTINED_STANDARD_VERSION_AND_UNITS_REVIEW_REQUIRED
INDIA_ICU2026:K-68,INDIA_ICU2026_SINGLE_HOSPITAL,2582467,,Escherichia coli,India,,Homo sapiens,patient rectal swab,meropenem,>=16,,,MIC,VITEK2 AST N406,UNKNOWN_REVIEW_REQUIRED,,R,unknown,unknown,not_curated,measured_public,SAMN55405162,41467_2026_74764_MOESM4_ESM.xlsx:Patient isolates AST:Excel row 41,QUARANTINED_STANDARD_VERSION_AND_UNITS_REVIEW_REQUIRED
INDIA_ICU2026:K-68,INDIA_ICU2026_SINGLE_HOSPITAL,2582467,,Escherichia coli,India,,Homo sapiens,patient rectal swab,imipenem,8,,,MIC,VITEK2 AST N406,UNKNOWN_REVIEW_REQUIRED,,R,unknown,unknown,not_curated,measured_public,SAMN55405162,41467_2026_74764_MOESM4_ESM.xlsx:Patient isolates AST:Excel row 41,QUARANTINED_STANDARD_VERSION_AND_UNITS_REVIEW_REQUIRED
INDIA_ICU2026:K-69,INDIA_ICU2026_SINGLE_HOSPITAL,2625034,,Klebsiella pneumoniae,India,,Homo sapiens,patient rectal swab,ceftazidime,>=64,,,MIC,VITEK2 AST N406,UNKNOWN_REVIEW_REQUIRED,,R,unknown,unknown,not_curated,measured_public,SAMN55405163,41467_2026_74764_MOESM4_ESM.xlsx:Patient isolates AST:Excel row 42,QUARANTINED_STANDARD_VERSION_AND_UNITS_REVIEW_REQUIRED
INDIA_ICU2026:K-69,INDIA_ICU2026_SINGLE_HOSPITAL,2625034,,Klebsiella pneumoniae,India,,Homo sapiens,patient rectal swab,cefepime,>=32,,,MIC,VITEK2 AST N406,UNKNOWN_REVIEW_REQUIRED,,R,unknown,unknown,not_curated,measured_public,SAMN55405163,41467_2026_74764_MOESM4_ESM.xlsx:Patient isolates AST:Excel row 42,QUARANTINED_STANDARD_VERSION_AND_UNITS_REVIEW_REQUIRED
INDIA_ICU2026:K-69,INDIA_ICU2026_SINGLE_HOSPITAL,2625034,,Klebsiella pneumoniae,India,,Homo sapiens,patient rectal swab,ciprofloxacin,>=4,,,MIC,VITEK2 AST N406,UNKNOWN_REVIEW_REQUIRED,,R,unknown,unknown,not_curated,measured_public,SAMN55405163,41467_2026_74764_MOESM4_ESM.xlsx:Patient isolates AST:Excel row 42,QUARANTINED_STANDARD_VERSION_AND_UNITS_REVIEW_REQUIRED
INDIA_ICU2026:K-69,INDIA_ICU2026_SINGLE_HOSPITAL,2625034,,Klebsiella pneumoniae,India,,Homo sapiens,patient rectal swab,gentamicin,>=16,,,MIC,VITEK2 AST N406,UNKNOWN_REVIEW_REQUIRED,,R,unknown,unknown,not_curated,measured_public,SAMN55405163,41467_2026_74764_MOESM4_ESM.xlsx:Patient isolates AST:Excel row 42,QUARANTINED_STANDARD_VERSION_AND_UNITS_REVIEW_REQUIRED
INDIA_ICU2026:K-69,INDIA_ICU2026_SINGLE_HOSPITAL,2625034,,Klebsiella pneumoniae,India,,Homo sapiens,patient rectal swab,amikacin,32,,,MIC,VITEK2 AST N406,UNKNOWN_REVIEW_REQUIRED,,R,unknown,unknown,not_curated,measured_public,SAMN55405163,41467_2026_74764_MOESM4_ESM.xlsx:Patient isolates AST:Excel row 42,QUARANTINED_STANDARD_VERSION_AND_UNITS_REVIEW_REQUIRED
INDIA_ICU2026:K-69,INDIA_ICU2026_SINGLE_HOSPITAL,2625034,,Klebsiella pneumoniae,India,,Homo sapiens,patient rectal swab,meropenem,>=16,,,MIC,VITEK2 AST N406,UNKNOWN_REVIEW_REQUIRED,,R,unknown,unknown,not_curated,measured_public,SAMN55405163,41467_2026_74764_MOESM4_ESM.xlsx:Patient isolates AST:Excel row 42,QUARANTINED_STANDARD_VERSION_AND_UNITS_REVIEW_REQUIRED
INDIA_ICU2026:K-69,INDIA_ICU2026_SINGLE_HOSPITAL,2625034,,Klebsiella pneumoniae,India,,Homo sapiens,patient rectal swab,imipenem,2,,,MIC,VITEK2 AST N406,UNKNOWN_REVIEW_REQUIRED,,I,unknown,unknown,not_curated,measured_public,SAMN55405163,41467_2026_74764_MOESM4_ESM.xlsx:Patient isolates AST:Excel row 42,QUARANTINED_STANDARD_VERSION_AND_UNITS_REVIEW_REQUIRED
INDIA_ICU2026:K-9,INDIA_ICU2026_SINGLE_HOSPITAL,2256227,,Klebsiella quasipneumoniae,India,,Homo sapiens,patient rectal swab,ceftazidime,>=64,,,MIC,VITEK2 AST N406,UNKNOWN_REVIEW_REQUIRED,,R,unknown,unknown,not_curated,measured_public,SAMN55405186,41467_2026_74764_MOESM4_ESM.xlsx:Patient isolates AST:Excel row 43,QUARANTINED_STANDARD_VERSION_AND_UNITS_REVIEW_REQUIRED
INDIA_ICU2026:K-9,INDIA_ICU2026_SINGLE_HOSPITAL,2256227,,Klebsiella quasipneumoniae,India,,Homo sapiens,patient rectal swab,cefepime,>=32,,,MIC,VITEK2 AST N406,UNKNOWN_REVIEW_REQUIRED,,R,unknown,unknown,not_curated,measured_public,SAMN55405186,41467_2026_74764_MOESM4_ESM.xlsx:Patient isolates AST:Excel row 43,QUARANTINED_STANDARD_VERSION_AND_UNITS_REVIEW_REQUIRED
INDIA_ICU2026:K-9,INDIA_ICU2026_SINGLE_HOSPITAL,2256227,,Klebsiella quasipneumoniae,India,,Homo sapiens,patient rectal swab,ciprofloxacin,>=4,,,MIC,VITEK2 AST N406,UNKNOWN_REVIEW_REQUIRED,,R,unknown,unknown,not_curated,measured_public,SAMN55405186,41467_2026_74764_MOESM4_ESM.xlsx:Patient isolates AST:Excel row 43,QUARANTINED_STANDARD_VERSION_AND_UNITS_REVIEW_REQUIRED
INDIA_ICU2026:K-9,INDIA_ICU2026_SINGLE_HOSPITAL,2256227,,Klebsiella quasipneumoniae,India,,Homo sapiens,patient rectal swab,gentamicin,<=1,,,MIC,VITEK2 AST N406,UNKNOWN_REVIEW_REQUIRED,,S,unknown,unknown,not_curated,measured_public,SAMN55405186,41467_2026_74764_MOESM4_ESM.xlsx:Patient isolates AST:Excel row 43,QUARANTINED_STANDARD_VERSION_AND_UNITS_REVIEW_REQUIRED
INDIA_ICU2026:K-9,INDIA_ICU2026_SINGLE_HOSPITAL,2256227,,Klebsiella quasipneumoniae,India,,Homo sapiens,patient rectal swab,amikacin,32,,,MIC,VITEK2 AST N406,UNKNOWN_REVIEW_REQUIRED,,R,unknown,unknown,not_curated,measured_public,SAMN55405186,41467_2026_74764_MOESM4_ESM.xlsx:Patient isolates AST:Excel row 43,QUARANTINED_STANDARD_VERSION_AND_UNITS_REVIEW_REQUIRED
INDIA_ICU2026:K-9,INDIA_ICU2026_SINGLE_HOSPITAL,2256227,,Klebsiella quasipneumoniae,India,,Homo sapiens,patient rectal swab,meropenem,8,,,MIC,VITEK2 AST N406,UNKNOWN_REVIEW_REQUIRED,,R,unknown,unknown,not_curated,measured_public,SAMN55405186,41467_2026_74764_MOESM4_ESM.xlsx:Patient isolates AST:Excel row 43,QUARANTINED_STANDARD_VERSION_AND_UNITS_REVIEW_REQUIRED
INDIA_ICU2026:K-9,INDIA_ICU2026_SINGLE_HOSPITAL,2256227,,Klebsiella quasipneumoniae,India,,Homo sapiens,patient rectal swab,imipenem,>=16,,,MIC,VITEK2 AST N406,UNKNOWN_REVIEW_REQUIRED,,R,unknown,unknown,not_curated,measured_public,SAMN55405186,41467_2026_74764_MOESM4_ESM.xlsx:Patient isolates AST:Excel row 43,QUARANTINED_STANDARD_VERSION_AND_UNITS_REVIEW_REQUIRED
INDIA_ICU2026:K-70,INDIA_ICU2026_SINGLE_HOSPITAL,2568850,,Escherichia coli,India,,Homo sapiens,patient rectal swab,ceftazidime,>=64,,,MIC,VITEK2 AST N406,UNKNOWN_REVIEW_REQUIRED,,R,unknown,unknown,not_curated,measured_public,SAMN55405165,41467_2026_74764_MOESM4_ESM.xlsx:Patient isolates AST:Excel row 44,QUARANTINED_STANDARD_VERSION_AND_UNITS_REVIEW_REQUIRED
INDIA_ICU2026:K-70,INDIA_ICU2026_SINGLE_HOSPITAL,2568850,,Escherichia coli,India,,Homo sapiens,patient rectal swab,cefepime,>=32,,,MIC,VITEK2 AST N406,UNKNOWN_REVIEW_REQUIRED,,R,unknown,unknown,not_curated,measured_public,SAMN55405165,41467_2026_74764_MOESM4_ESM.xlsx:Patient isolates AST:Excel row 44,QUARANTINED_STANDARD_VERSION_AND_UNITS_REVIEW_REQUIRED
INDIA_ICU2026:K-70,INDIA_ICU2026_SINGLE_HOSPITAL,2568850,,Escherichia coli,India,,Homo sapiens,patient rectal swab,ciprofloxacin,>=4,,,MIC,VITEK2 AST N406,UNKNOWN_REVIEW_REQUIRED,,R,unknown,unknown,not_curated,measured_public,SAMN55405165,41467_2026_74764_MOESM4_ESM.xlsx:Patient isolates AST:Excel row 44,QUARANTINED_STANDARD_VERSION_AND_UNITS_REVIEW_REQUIRED
INDIA_ICU2026:K-70,INDIA_ICU2026_SINGLE_HOSPITAL,2568850,,Escherichia coli,India,,Homo sapiens,patient rectal swab,gentamicin,<=1,,,MIC,VITEK2 AST N406,UNKNOWN_REVIEW_REQUIRED,,S,unknown,unknown,not_curated,measured_public,SAMN55405165,41467_2026_74764_MOESM4_ESM.xlsx:Patient isolates AST:Excel row 44,QUARANTINED_STANDARD_VERSION_AND_UNITS_REVIEW_REQUIRED
INDIA_ICU2026:K-70,INDIA_ICU2026_SINGLE_HOSPITAL,2568850,,Escherichia coli,India,,Homo sapiens,patient rectal swab,amikacin,2,,,MIC,VITEK2 AST N406,UNKNOWN_REVIEW_REQUIRED,,S,unknown,unknown,not_curated,measured_public,SAMN55405165,41467_2026_74764_MOESM4_ESM.xlsx:Patient isolates AST:Excel row 44,QUARANTINED_STANDARD_VERSION_AND_UNITS_REVIEW_REQUIRED
INDIA_ICU2026:K-70,INDIA_ICU2026_SINGLE_HOSPITAL,2568850,,Escherichia coli,India,,Homo sapiens,patient rectal swab,meropenem,8,,,MIC,VITEK2 AST N406,UNKNOWN_REVIEW_REQUIRED,,R,unknown,unknown,not_curated,measured_public,SAMN55405165,41467_2026_74764_MOESM4_ESM.xlsx:Patient isolates AST:Excel row 44,QUARANTINED_STANDARD_VERSION_AND_UNITS_REVIEW_REQUIRED
INDIA_ICU2026:K-70,INDIA_ICU2026_SINGLE_HOSPITAL,2568850,,Escherichia coli,India,,Homo sapiens,patient rectal swab,imipenem,>=16,,,MIC,VITEK2 AST N406,UNKNOWN_REVIEW_REQUIRED,,R,unknown,unknown,not_curated,measured_public,SAMN55405165,41467_2026_74764_MOESM4_ESM.xlsx:Patient isolates AST:Excel row 44,QUARANTINED_STANDARD_VERSION_AND_UNITS_REVIEW_REQUIRED
INDIA_ICU2026:K-10,INDIA_ICU2026_SINGLE_HOSPITAL,2619859,,Klebsiella pneumoniae,India,,Homo sapiens,patient rectal swab,ceftazidime,>=64,,,MIC,VITEK2 AST N406,UNKNOWN_REVIEW_REQUIRED,,R,unknown,unknown,not_curated,measured_public,SAMN55405075,41467_2026_74764_MOESM4_ESM.xlsx:Patient isolates AST:Excel row 45,QUARANTINED_STANDARD_VERSION_AND_UNITS_REVIEW_REQUIRED
INDIA_ICU2026:K-10,INDIA_ICU2026_SINGLE_HOSPITAL,2619859,,Klebsiella pneumoniae,India,,Homo sapiens,patient rectal swab,cefepime,>=32,,,MIC,VITEK2 AST N406,UNKNOWN_REVIEW_REQUIRED,,R,unknown,unknown,not_curated,measured_public,SAMN55405075,41467_2026_74764_MOESM4_ESM.xlsx:Patient isolates AST:Excel row 45,QUARANTINED_STANDARD_VERSION_AND_UNITS_REVIEW_REQUIRED
INDIA_ICU2026:K-10,INDIA_ICU2026_SINGLE_HOSPITAL,2619859,,Klebsiella pneumoniae,India,,Homo sapiens,patient rectal swab,ciprofloxacin,>=4,,,MIC,VITEK2 AST N406,UNKNOWN_REVIEW_REQUIRED,,R,unknown,unknown,not_curated,measured_public,SAMN55405075,41467_2026_74764_MOESM4_ESM.xlsx:Patient isolates AST:Excel row 45,QUARANTINED_STANDARD_VERSION_AND_UNITS_REVIEW_REQUIRED
INDIA_ICU2026:K-10,INDIA_ICU2026_SINGLE_HOSPITAL,2619859,,Klebsiella pneumoniae,India,,Homo sapiens,patient rectal swab,gentamicin,<=1,,,MIC,VITEK2 AST N406,UNKNOWN_REVIEW_REQUIRED,,S,unknown,unknown,not_curated,measured_public,SAMN55405075,41467_2026_74764_MOESM4_ESM.xlsx:Patient isolates AST:Excel row 45,QUARANTINED_STANDARD_VERSION_AND_UNITS_REVIEW_REQUIRED
INDIA_ICU2026:K-10,INDIA_ICU2026_SINGLE_HOSPITAL,2619859,,Klebsiella pneumoniae,India,,Homo sapiens,patient rectal swab,amikacin,32,,,MIC,VITEK2 AST N406,UNKNOWN_REVIEW_REQUIRED,,R,unknown,unknown,not_curated,measured_public,SAMN55405075,41467_2026_74764_MOESM4_ESM.xlsx:Patient isolates AST:Excel row 45,QUARANTINED_STANDARD_VERSION_AND_UNITS_REVIEW_REQUIRED
INDIA_ICU2026:K-10,INDIA_ICU2026_SINGLE_HOSPITAL,2619859,,Klebsiella pneumoniae,India,,Homo sapiens,patient rectal swab,meropenem,>=16,,,MIC,VITEK2 AST N406,UNKNOWN_REVIEW_REQUIRED,,R,unknown,unknown,not_curated,measured_public,SAMN55405075,41467_2026_74764_MOESM4_ESM.xlsx:Patient isolates AST:Excel row 45,QUARANTINED_STANDARD_VERSION_AND_UNITS_REVIEW_REQUIRED
INDIA_ICU2026:K-10,INDIA_ICU2026_SINGLE_HOSPITAL,2619859,,Klebsiella pneumoniae,India,,Homo sapiens,patient rectal swab,imipenem,2,,,MIC,VITEK2 AST N406,UNKNOWN_REVIEW_REQUIRED,,I,unknown,unknown,not_curated,measured_public,SAMN55405075,41467_2026_74764_MOESM4_ESM.xlsx:Patient isolates AST:Excel row 45,QUARANTINED_STANDARD_VERSION_AND_UNITS_REVIEW_REQUIRED
INDIA_ICU2026:K-11,INDIA_ICU2026_SINGLE_HOSPITAL,2600796,,Klebsiella pneumoniae,India,,Homo sapiens,patient rectal swab,ceftazidime,>=64,,,MIC,VITEK2 AST N406,UNKNOWN_REVIEW_REQUIRED,,R,unknown,unknown,not_curated,measured_public,SAMN55405084,41467_2026_74764_MOESM4_ESM.xlsx:Patient isolates AST:Excel row 46,QUARANTINED_STANDARD_VERSION_AND_UNITS_REVIEW_REQUIRED
INDIA_ICU2026:K-11,INDIA_ICU2026_SINGLE_HOSPITAL,2600796,,Klebsiella pneumoniae,India,,Homo sapiens,patient rectal swab,cefepime,>=32,,,MIC,VITEK2 AST N406,UNKNOWN_REVIEW_REQUIRED,,R,unknown,unknown,not_curated,measured_public,SAMN55405084,41467_2026_74764_MOESM4_ESM.xlsx:Patient isolates AST:Excel row 46,QUARANTINED_STANDARD_VERSION_AND_UNITS_REVIEW_REQUIRED
INDIA_ICU2026:K-11,INDIA_ICU2026_SINGLE_HOSPITAL,2600796,,Klebsiella pneumoniae,India,,Homo sapiens,patient rectal swab,ciprofloxacin,>=4,,,MIC,VITEK2 AST N406,UNKNOWN_REVIEW_REQUIRED,,R,unknown,unknown,not_curated,measured_public,SAMN55405084,41467_2026_74764_MOESM4_ESM.xlsx:Patient isolates AST:Excel row 46,QUARANTINED_STANDARD_VERSION_AND_UNITS_REVIEW_REQUIRED
INDIA_ICU2026:K-11,INDIA_ICU2026_SINGLE_HOSPITAL,2600796,,Klebsiella pneumoniae,India,,Homo sapiens,patient rectal swab,gentamicin,<=1,,,MIC,VITEK2 AST N406,UNKNOWN_REVIEW_REQUIRED,,S,unknown,unknown,not_curated,measured_public,SAMN55405084,41467_2026_74764_MOESM4_ESM.xlsx:Patient isolates AST:Excel row 46,QUARANTINED_STANDARD_VERSION_AND_UNITS_REVIEW_REQUIRED
INDIA_ICU2026:K-11,INDIA_ICU2026_SINGLE_HOSPITAL,2600796,,Klebsiella pneumoniae,India,,Homo sapiens,patient rectal swab,amikacin,32,,,MIC,VITEK2 AST N406,UNKNOWN_REVIEW_REQUIRED,,R,unknown,unknown,not_curated,measured_public,SAMN55405084,41467_2026_74764_MOESM4_ESM.xlsx:Patient isolates AST:Excel row 46,QUARANTINED_STANDARD_VERSION_AND_UNITS_REVIEW_REQUIRED
INDIA_ICU2026:K-11,INDIA_ICU2026_SINGLE_HOSPITAL,2600796,,Klebsiella pneumoniae,India,,Homo sapiens,patient rectal swab,meropenem,>=16,,,MIC,VITEK2 AST N406,UNKNOWN_REVIEW_REQUIRED,,R,unknown,unknown,not_curated,measured_public,SAMN55405084,41467_2026_74764_MOESM4_ESM.xlsx:Patient isolates AST:Excel row 46,QUARANTINED_STANDARD_VERSION_AND_UNITS_REVIEW_REQUIRED
INDIA_ICU2026:K-11,INDIA_ICU2026_SINGLE_HOSPITAL,2600796,,Klebsiella pneumoniae,India,,Homo sapiens,patient rectal swab,imipenem,1,,,MIC,VITEK2 AST N406,UNKNOWN_REVIEW_REQUIRED,,R,unknown,unknown,not_curated,measured_public,SAMN55405084,41467_2026_74764_MOESM4_ESM.xlsx:Patient isolates AST:Excel row 46,QUARANTINED_STANDARD_VERSION_AND_UNITS_REVIEW_REQUIRED
INDIA_ICU2026:K-12,INDIA_ICU2026_SINGLE_HOSPITAL,2600796,,Escherichia coli,India,,Homo sapiens,patient rectal swab,ceftazidime,>=64,,,MIC,VITEK2 AST N406,UNKNOWN_REVIEW_REQUIRED,,R,unknown,unknown,not_curated,measured_public,SAMN55405092,41467_2026_74764_MOESM4_ESM.xlsx:Patient isolates AST:Excel row 47,QUARANTINED_STANDARD_VERSION_AND_UNITS_REVIEW_REQUIRED
INDIA_ICU2026:K-12,INDIA_ICU2026_SINGLE_HOSPITAL,2600796,,Escherichia coli,India,,Homo sapiens,patient rectal swab,cefepime,>=32,,,MIC,VITEK2 AST N406,UNKNOWN_REVIEW_REQUIRED,,R,unknown,unknown,not_curated,measured_public,SAMN55405092,41467_2026_74764_MOESM4_ESM.xlsx:Patient isolates AST:Excel row 47,QUARANTINED_STANDARD_VERSION_AND_UNITS_REVIEW_REQUIRED
INDIA_ICU2026:K-12,INDIA_ICU2026_SINGLE_HOSPITAL,2600796,,Escherichia coli,India,,Homo sapiens,patient rectal swab,ciprofloxacin,>=4,,,MIC,VITEK2 AST N406,UNKNOWN_REVIEW_REQUIRED,,R,unknown,unknown,not_curated,measured_public,SAMN55405092,41467_2026_74764_MOESM4_ESM.xlsx:Patient isolates AST:Excel row 47,QUARANTINED_STANDARD_VERSION_AND_UNITS_REVIEW_REQUIRED
INDIA_ICU2026:K-12,INDIA_ICU2026_SINGLE_HOSPITAL,2600796,,Escherichia coli,India,,Homo sapiens,patient rectal swab,gentamicin,>=16,,,MIC,VITEK2 AST N406,UNKNOWN_REVIEW_REQUIRED,,R,unknown,unknown,not_curated,measured_public,SAMN55405092,41467_2026_74764_MOESM4_ESM.xlsx:Patient isolates AST:Excel row 47,QUARANTINED_STANDARD_VERSION_AND_UNITS_REVIEW_REQUIRED
INDIA_ICU2026:K-12,INDIA_ICU2026_SINGLE_HOSPITAL,2600796,,Escherichia coli,India,,Homo sapiens,patient rectal swab,amikacin,16,,,MIC,VITEK2 AST N406,UNKNOWN_REVIEW_REQUIRED,,R,unknown,unknown,not_curated,measured_public,SAMN55405092,41467_2026_74764_MOESM4_ESM.xlsx:Patient isolates AST:Excel row 47,QUARANTINED_STANDARD_VERSION_AND_UNITS_REVIEW_REQUIRED
INDIA_ICU2026:K-12,INDIA_ICU2026_SINGLE_HOSPITAL,2600796,,Escherichia coli,India,,Homo sapiens,patient rectal swab,meropenem,>=16,,,MIC,VITEK2 AST N406,UNKNOWN_REVIEW_REQUIRED,,R,unknown,unknown,not_curated,measured_public,SAMN55405092,41467_2026_74764_MOESM4_ESM.xlsx:Patient isolates AST:Excel row 47,QUARANTINED_STANDARD_VERSION_AND_UNITS_REVIEW_REQUIRED
INDIA_ICU2026:K-12,INDIA_ICU2026_SINGLE_HOSPITAL,2600796,,Escherichia coli,India,,Homo sapiens,patient rectal swab,imipenem,>=16,,,MIC,VITEK2 AST N406,UNKNOWN_REVIEW_REQUIRED,,R,unknown,unknown,not_curated,measured_public,SAMN55405092,41467_2026_74764_MOESM4_ESM.xlsx:Patient isolates AST:Excel row 47,QUARANTINED_STANDARD_VERSION_AND_UNITS_REVIEW_REQUIRED
INDIA_ICU2026:K-71,INDIA_ICU2026_SINGLE_HOSPITAL,2164500,,Enterobacter cloacae,India,,Homo sapiens,patient rectal swab,ceftazidime,>=64,,,MIC,VITEK2 AST N406,UNKNOWN_REVIEW_REQUIRED,,R,unknown,unknown,not_curated,measured_public,SAMN55405166,41467_2026_74764_MOESM4_ESM.xlsx:Patient isolates AST:Excel row 48,QUARANTINED_STANDARD_VERSION_AND_UNITS_REVIEW_REQUIRED
INDIA_ICU2026:K-71,INDIA_ICU2026_SINGLE_HOSPITAL,2164500,,Enterobacter cloacae,India,,Homo sapiens,patient rectal swab,cefepime,8,,,MIC,VITEK2 AST N406,UNKNOWN_REVIEW_REQUIRED,,SDD,unknown,unknown,not_curated,measured_public,SAMN55405166,41467_2026_74764_MOESM4_ESM.xlsx:Patient isolates AST:Excel row 48,QUARANTINED_STANDARD_VERSION_AND_UNITS_REVIEW_REQUIRED
INDIA_ICU2026:K-71,INDIA_ICU2026_SINGLE_HOSPITAL,2164500,,Enterobacter cloacae,India,,Homo sapiens,patient rectal swab,ciprofloxacin,0.5,,,MIC,VITEK2 AST N406,UNKNOWN_REVIEW_REQUIRED,,I,unknown,unknown,not_curated,measured_public,SAMN55405166,41467_2026_74764_MOESM4_ESM.xlsx:Patient isolates AST:Excel row 48,QUARANTINED_STANDARD_VERSION_AND_UNITS_REVIEW_REQUIRED
INDIA_ICU2026:K-71,INDIA_ICU2026_SINGLE_HOSPITAL,2164500,,Enterobacter cloacae,India,,Homo sapiens,patient rectal swab,gentamicin,<=1,,,MIC,VITEK2 AST N406,UNKNOWN_REVIEW_REQUIRED,,S,unknown,unknown,not_curated,measured_public,SAMN55405166,41467_2026_74764_MOESM4_ESM.xlsx:Patient isolates AST:Excel row 48,QUARANTINED_STANDARD_VERSION_AND_UNITS_REVIEW_REQUIRED
INDIA_ICU2026:K-71,INDIA_ICU2026_SINGLE_HOSPITAL,2164500,,Enterobacter cloacae,India,,Homo sapiens,patient rectal swab,amikacin,4,,,MIC,VITEK2 AST N406,UNKNOWN_REVIEW_REQUIRED,,S,unknown,unknown,not_curated,measured_public,SAMN55405166,41467_2026_74764_MOESM4_ESM.xlsx:Patient isolates AST:Excel row 48,QUARANTINED_STANDARD_VERSION_AND_UNITS_REVIEW_REQUIRED
INDIA_ICU2026:K-71,INDIA_ICU2026_SINGLE_HOSPITAL,2164500,,Enterobacter cloacae,India,,Homo sapiens,patient rectal swab,meropenem,>=16,,,MIC,VITEK2 AST N406,UNKNOWN_REVIEW_REQUIRED,,R,unknown,unknown,not_curated,measured_public,SAMN55405166,41467_2026_74764_MOESM4_ESM.xlsx:Patient isolates AST:Excel row 48,QUARANTINED_STANDARD_VERSION_AND_UNITS_REVIEW_REQUIRED
INDIA_ICU2026:K-71,INDIA_ICU2026_SINGLE_HOSPITAL,2164500,,Enterobacter cloacae,India,,Homo sapiens,patient rectal swab,imipenem,>=16,,,MIC,VITEK2 AST N406,UNKNOWN_REVIEW_REQUIRED,,R,unknown,unknown,not_curated,measured_public,SAMN55405166,41467_2026_74764_MOESM4_ESM.xlsx:Patient isolates AST:Excel row 48,QUARANTINED_STANDARD_VERSION_AND_UNITS_REVIEW_REQUIRED
INDIA_ICU2026:K-72,INDIA_ICU2026_SINGLE_HOSPITAL,2625490,,Klebsiella pneumoniae,India,,Homo sapiens,patient rectal swab,ceftazidime,32,,,MIC,VITEK2 AST N406,UNKNOWN_REVIEW_REQUIRED,,R,unknown,unknown,not_curated,measured_public,SAMN55405167,41467_2026_74764_MOESM4_ESM.xlsx:Patient isolates AST:Excel row 49,QUARANTINED_STANDARD_VERSION_AND_UNITS_REVIEW_REQUIRED
INDIA_ICU2026:K-72,INDIA_ICU2026_SINGLE_HOSPITAL,2625490,,Klebsiella pneumoniae,India,,Homo sapiens,patient rectal swab,cefepime,>=32,,,MIC,VITEK2 AST N406,UNKNOWN_REVIEW_REQUIRED,,R,unknown,unknown,not_curated,measured_public,SAMN55405167,41467_2026_74764_MOESM4_ESM.xlsx:Patient isolates AST:Excel row 49,QUARANTINED_STANDARD_VERSION_AND_UNITS_REVIEW_REQUIRED
INDIA_ICU2026:K-72,INDIA_ICU2026_SINGLE_HOSPITAL,2625490,,Klebsiella pneumoniae,India,,Homo sapiens,patient rectal swab,ciprofloxacin,>=4,,,MIC,VITEK2 AST N406,UNKNOWN_REVIEW_REQUIRED,,R,unknown,unknown,not_curated,measured_public,SAMN55405167,41467_2026_74764_MOESM4_ESM.xlsx:Patient isolates AST:Excel row 49,QUARANTINED_STANDARD_VERSION_AND_UNITS_REVIEW_REQUIRED
INDIA_ICU2026:K-72,INDIA_ICU2026_SINGLE_HOSPITAL,2625490,,Klebsiella pneumoniae,India,,Homo sapiens,patient rectal swab,gentamicin,>=16,,,MIC,VITEK2 AST N406,UNKNOWN_REVIEW_REQUIRED,,R,unknown,unknown,not_curated,measured_public,SAMN55405167,41467_2026_74764_MOESM4_ESM.xlsx:Patient isolates AST:Excel row 49,QUARANTINED_STANDARD_VERSION_AND_UNITS_REVIEW_REQUIRED
INDIA_ICU2026:K-72,INDIA_ICU2026_SINGLE_HOSPITAL,2625490,,Klebsiella pneumoniae,India,,Homo sapiens,patient rectal swab,amikacin,4,,,MIC,VITEK2 AST N406,UNKNOWN_REVIEW_REQUIRED,,S,unknown,unknown,not_curated,measured_public,SAMN55405167,41467_2026_74764_MOESM4_ESM.xlsx:Patient isolates AST:Excel row 49,QUARANTINED_STANDARD_VERSION_AND_UNITS_REVIEW_REQUIRED
INDIA_ICU2026:K-72,INDIA_ICU2026_SINGLE_HOSPITAL,2625490,,Klebsiella pneumoniae,India,,Homo sapiens,patient rectal swab,meropenem,>=16,,,MIC,VITEK2 AST N406,UNKNOWN_REVIEW_REQUIRED,,R,unknown,unknown,not_curated,measured_public,SAMN55405167,41467_2026_74764_MOESM4_ESM.xlsx:Patient isolates AST:Excel row 49,QUARANTINED_STANDARD_VERSION_AND_UNITS_REVIEW_REQUIRED
INDIA_ICU2026:K-72,INDIA_ICU2026_SINGLE_HOSPITAL,2625490,,Klebsiella pneumoniae,India,,Homo sapiens,patient rectal swab,imipenem,1,,,MIC,VITEK2 AST N406,UNKNOWN_REVIEW_REQUIRED,,R,unknown,unknown,not_curated,measured_public,SAMN55405167,41467_2026_74764_MOESM4_ESM.xlsx:Patient isolates AST:Excel row 49,QUARANTINED_STANDARD_VERSION_AND_UNITS_REVIEW_REQUIRED
INDIA_ICU2026:K-73,INDIA_ICU2026_SINGLE_HOSPITAL,2625490,,Escherichia coli,India,,Homo sapiens,patient rectal swab,ceftazidime,>=64,,,MIC,VITEK2 AST N406,UNKNOWN_REVIEW_REQUIRED,,R,unknown,unknown,not_curated,measured_public,SAMN55405168,41467_2026_74764_MOESM4_ESM.xlsx:Patient isolates AST:Excel row 50,QUARANTINED_STANDARD_VERSION_AND_UNITS_REVIEW_REQUIRED
INDIA_ICU2026:K-73,INDIA_ICU2026_SINGLE_HOSPITAL,2625490,,Escherichia coli,India,,Homo sapiens,patient rectal swab,cefepime,>=32,,,MIC,VITEK2 AST N406,UNKNOWN_REVIEW_REQUIRED,,R,unknown,unknown,not_curated,measured_public,SAMN55405168,41467_2026_74764_MOESM4_ESM.xlsx:Patient isolates AST:Excel row 50,QUARANTINED_STANDARD_VERSION_AND_UNITS_REVIEW_REQUIRED
INDIA_ICU2026:K-73,INDIA_ICU2026_SINGLE_HOSPITAL,2625490,,Escherichia coli,India,,Homo sapiens,patient rectal swab,ciprofloxacin,>=4,,,MIC,VITEK2 AST N406,UNKNOWN_REVIEW_REQUIRED,,R,unknown,unknown,not_curated,measured_public,SAMN55405168,41467_2026_74764_MOESM4_ESM.xlsx:Patient isolates AST:Excel row 50,QUARANTINED_STANDARD_VERSION_AND_UNITS_REVIEW_REQUIRED
INDIA_ICU2026:K-73,INDIA_ICU2026_SINGLE_HOSPITAL,2625490,,Escherichia coli,India,,Homo sapiens,patient rectal swab,gentamicin,>=16,,,MIC,VITEK2 AST N406,UNKNOWN_REVIEW_REQUIRED,,R,unknown,unknown,not_curated,measured_public,SAMN55405168,41467_2026_74764_MOESM4_ESM.xlsx:Patient isolates AST:Excel row 50,QUARANTINED_STANDARD_VERSION_AND_UNITS_REVIEW_REQUIRED
INDIA_ICU2026:K-73,INDIA_ICU2026_SINGLE_HOSPITAL,2625490,,Escherichia coli,India,,Homo sapiens,patient rectal swab,amikacin,>=64,,,MIC,VITEK2 AST N406,UNKNOWN_REVIEW_REQUIRED,,R,unknown,unknown,not_curated,measured_public,SAMN55405168,41467_2026_74764_MOESM4_ESM.xlsx:Patient isolates AST:Excel row 50,QUARANTINED_STANDARD_VERSION_AND_UNITS_REVIEW_REQUIRED
INDIA_ICU2026:K-73,INDIA_ICU2026_SINGLE_HOSPITAL,2625490,,Escherichia coli,India,,Homo sapiens,patient rectal swab,meropenem,8,,,MIC,VITEK2 AST N406,UNKNOWN_REVIEW_REQUIRED,,R,unknown,unknown,not_curated,measured_public,SAMN55405168,41467_2026_74764_MOESM4_ESM.xlsx:Patient isolates AST:Excel row 50,QUARANTINED_STANDARD_VERSION_AND_UNITS_REVIEW_REQUIRED
INDIA_ICU2026:K-73,INDIA_ICU2026_SINGLE_HOSPITAL,2625490,,Escherichia coli,India,,Homo sapiens,patient rectal swab,imipenem,>=16,,,MIC,VITEK2 AST N406,UNKNOWN_REVIEW_REQUIRED,,R,unknown,unknown,not_curated,measured_public,SAMN55405168,41467_2026_74764_MOESM4_ESM.xlsx:Patient isolates AST:Excel row 50,QUARANTINED_STANDARD_VERSION_AND_UNITS_REVIEW_REQUIRED
INDIA_ICU2026:K-13,INDIA_ICU2026_SINGLE_HOSPITAL,2168125,,,India,,Homo sapiens,patient rectal swab,ceftazidime,>=64,,,MIC,VITEK2 AST N406,UNKNOWN_REVIEW_REQUIRED,,R,unknown,unknown,not_curated,measured_public,,41467_2026_74764_MOESM4_ESM.xlsx:Patient isolates AST:Excel row 51,QUARANTINED_STANDARD_VERSION_AND_UNITS_REVIEW_REQUIRED
INDIA_ICU2026:K-13,INDIA_ICU2026_SINGLE_HOSPITAL,2168125,,,India,,Homo sapiens,patient rectal swab,cefepime,>=32,,,MIC,VITEK2 AST N406,UNKNOWN_REVIEW_REQUIRED,,R,unknown,unknown,not_curated,measured_public,,41467_2026_74764_MOESM4_ESM.xlsx:Patient isolates AST:Excel row 51,QUARANTINED_STANDARD_VERSION_AND_UNITS_REVIEW_REQUIRED
INDIA_ICU2026:K-13,INDIA_ICU2026_SINGLE_HOSPITAL,2168125,,,India,,Homo sapiens,patient rectal swab,ciprofloxacin,>=4,,,MIC,VITEK2 AST N406,UNKNOWN_REVIEW_REQUIRED,,R,unknown,unknown,not_curated,measured_public,,41467_2026_74764_MOESM4_ESM.xlsx:Patient isolates AST:Excel row 51,QUARANTINED_STANDARD_VERSION_AND_UNITS_REVIEW_REQUIRED
INDIA_ICU2026:K-13,INDIA_ICU2026_SINGLE_HOSPITAL,2168125,,,India,,Homo sapiens,patient rectal swab,gentamicin,>=16,,,MIC,VITEK2 AST N406,UNKNOWN_REVIEW_REQUIRED,,R,unknown,unknown,not_curated,measured_public,,41467_2026_74764_MOESM4_ESM.xlsx:Patient isolates AST:Excel row 51,QUARANTINED_STANDARD_VERSION_AND_UNITS_REVIEW_REQUIRED
INDIA_ICU2026:K-13,INDIA_ICU2026_SINGLE_HOSPITAL,2168125,,,India,,Homo sapiens,patient rectal swab,amikacin,32,,,MIC,VITEK2 AST N406,UNKNOWN_REVIEW_REQUIRED,,R,unknown,unknown,not_curated,measured_public,,41467_2026_74764_MOESM4_ESM.xlsx:Patient isolates AST:Excel row 51,QUARANTINED_STANDARD_VERSION_AND_UNITS_REVIEW_REQUIRED
INDIA_ICU2026:K-13,INDIA_ICU2026_SINGLE_HOSPITAL,2168125,,,India,,Homo sapiens,patient rectal swab,meropenem,>=16,,,MIC,VITEK2 AST N406,UNKNOWN_REVIEW_REQUIRED,,R,unknown,unknown,not_curated,measured_public,,41467_2026_74764_MOESM4_ESM.xlsx:Patient isolates AST:Excel row 51,QUARANTINED_STANDARD_VERSION_AND_UNITS_REVIEW_REQUIRED
INDIA_ICU2026:K-13,INDIA_ICU2026_SINGLE_HOSPITAL,2168125,,,India,,Homo sapiens,patient rectal swab,imipenem,2,,,MIC,VITEK2 AST N406,UNKNOWN_REVIEW_REQUIRED,,I,unknown,unknown,not_curated,measured_public,,41467_2026_74764_MOESM4_ESM.xlsx:Patient isolates AST:Excel row 51,QUARANTINED_STANDARD_VERSION_AND_UNITS_REVIEW_REQUIRED
INDIA_ICU2026:K-74,INDIA_ICU2026_SINGLE_HOSPITAL,316322,,Escherichia coli,India,,Homo sapiens,patient rectal swab,ceftazidime,>=64,,,MIC,VITEK2 AST N406,UNKNOWN_REVIEW_REQUIRED,,R,unknown,unknown,not_curated,measured_public,SAMN55405169,41467_2026_74764_MOESM4_ESM.xlsx:Patient isolates AST:Excel row 52,QUARANTINED_STANDARD_VERSION_AND_UNITS_REVIEW_REQUIRED
INDIA_ICU2026:K-74,INDIA_ICU2026_SINGLE_HOSPITAL,316322,,Escherichia coli,India,,Homo sapiens,patient rectal swab,cefepime,16,,,MIC,VITEK2 AST N406,UNKNOWN_REVIEW_REQUIRED,,R,unknown,unknown,not_curated,measured_public,SAMN55405169,41467_2026_74764_MOESM4_ESM.xlsx:Patient isolates AST:Excel row 52,QUARANTINED_STANDARD_VERSION_AND_UNITS_REVIEW_REQUIRED
INDIA_ICU2026:K-74,INDIA_ICU2026_SINGLE_HOSPITAL,316322,,Escherichia coli,India,,Homo sapiens,patient rectal swab,ciprofloxacin,>=4,,,MIC,VITEK2 AST N406,UNKNOWN_REVIEW_REQUIRED,,R,unknown,unknown,not_curated,measured_public,SAMN55405169,41467_2026_74764_MOESM4_ESM.xlsx:Patient isolates AST:Excel row 52,QUARANTINED_STANDARD_VERSION_AND_UNITS_REVIEW_REQUIRED
INDIA_ICU2026:K-74,INDIA_ICU2026_SINGLE_HOSPITAL,316322,,Escherichia coli,India,,Homo sapiens,patient rectal swab,gentamicin,>=16,,,MIC,VITEK2 AST N406,UNKNOWN_REVIEW_REQUIRED,,R,unknown,unknown,not_curated,measured_public,SAMN55405169,41467_2026_74764_MOESM4_ESM.xlsx:Patient isolates AST:Excel row 52,QUARANTINED_STANDARD_VERSION_AND_UNITS_REVIEW_REQUIRED
INDIA_ICU2026:K-74,INDIA_ICU2026_SINGLE_HOSPITAL,316322,,Escherichia coli,India,,Homo sapiens,patient rectal swab,amikacin,>=64,,,MIC,VITEK2 AST N406,UNKNOWN_REVIEW_REQUIRED,,R,unknown,unknown,not_curated,measured_public,SAMN55405169,41467_2026_74764_MOESM4_ESM.xlsx:Patient isolates AST:Excel row 52,QUARANTINED_STANDARD_VERSION_AND_UNITS_REVIEW_REQUIRED
INDIA_ICU2026:K-74,INDIA_ICU2026_SINGLE_HOSPITAL,316322,,Escherichia coli,India,,Homo sapiens,patient rectal swab,meropenem,>=16,,,MIC,VITEK2 AST N406,UNKNOWN_REVIEW_REQUIRED,,R,unknown,unknown,not_curated,measured_public,SAMN55405169,41467_2026_74764_MOESM4_ESM.xlsx:Patient isolates AST:Excel row 52,QUARANTINED_STANDARD_VERSION_AND_UNITS_REVIEW_REQUIRED
INDIA_ICU2026:K-74,INDIA_ICU2026_SINGLE_HOSPITAL,316322,,Escherichia coli,India,,Homo sapiens,patient rectal swab,imipenem,4,,,MIC,VITEK2 AST N406,UNKNOWN_REVIEW_REQUIRED,,R,unknown,unknown,not_curated,measured_public,SAMN55405169,41467_2026_74764_MOESM4_ESM.xlsx:Patient isolates AST:Excel row 52,QUARANTINED_STANDARD_VERSION_AND_UNITS_REVIEW_REQUIRED
INDIA_ICU2026:K-14,INDIA_ICU2026_SINGLE_HOSPITAL,2218620,,Klebsiella pneumoniae,India,,Homo sapiens,patient rectal swab,ceftazidime,>=64,,,MIC,VITEK2 AST N406,UNKNOWN_REVIEW_REQUIRED,,R,unknown,unknown,not_curated,measured_public,SAMN55405104,41467_2026_74764_MOESM4_ESM.xlsx:Patient isolates AST:Excel row 53,QUARANTINED_STANDARD_VERSION_AND_UNITS_REVIEW_REQUIRED
INDIA_ICU2026:K-14,INDIA_ICU2026_SINGLE_HOSPITAL,2218620,,Klebsiella pneumoniae,India,,Homo sapiens,patient rectal swab,cefepime,>=32,,,MIC,VITEK2 AST N406,UNKNOWN_REVIEW_REQUIRED,,R,unknown,unknown,not_curated,measured_public,SAMN55405104,41467_2026_74764_MOESM4_ESM.xlsx:Patient isolates AST:Excel row 53,QUARANTINED_STANDARD_VERSION_AND_UNITS_REVIEW_REQUIRED
INDIA_ICU2026:K-14,INDIA_ICU2026_SINGLE_HOSPITAL,2218620,,Klebsiella pneumoniae,India,,Homo sapiens,patient rectal swab,ciprofloxacin,>=4,,,MIC,VITEK2 AST N406,UNKNOWN_REVIEW_REQUIRED,,R,unknown,unknown,not_curated,measured_public,SAMN55405104,41467_2026_74764_MOESM4_ESM.xlsx:Patient isolates AST:Excel row 53,QUARANTINED_STANDARD_VERSION_AND_UNITS_REVIEW_REQUIRED
INDIA_ICU2026:K-14,INDIA_ICU2026_SINGLE_HOSPITAL,2218620,,Klebsiella pneumoniae,India,,Homo sapiens,patient rectal swab,gentamicin,>=16,,,MIC,VITEK2 AST N406,UNKNOWN_REVIEW_REQUIRED,,R,unknown,unknown,not_curated,measured_public,SAMN55405104,41467_2026_74764_MOESM4_ESM.xlsx:Patient isolates AST:Excel row 53,QUARANTINED_STANDARD_VERSION_AND_UNITS_REVIEW_REQUIRED
INDIA_ICU2026:K-14,INDIA_ICU2026_SINGLE_HOSPITAL,2218620,,Klebsiella pneumoniae,India,,Homo sapiens,patient rectal swab,amikacin,32,,,MIC,VITEK2 AST N406,UNKNOWN_REVIEW_REQUIRED,,R,unknown,unknown,not_curated,measured_public,SAMN55405104,41467_2026_74764_MOESM4_ESM.xlsx:Patient isolates AST:Excel row 53,QUARANTINED_STANDARD_VERSION_AND_UNITS_REVIEW_REQUIRED
INDIA_ICU2026:K-14,INDIA_ICU2026_SINGLE_HOSPITAL,2218620,,Klebsiella pneumoniae,India,,Homo sapiens,patient rectal swab,meropenem,>=16,,,MIC,VITEK2 AST N406,UNKNOWN_REVIEW_REQUIRED,,R,unknown,unknown,not_curated,measured_public,SAMN55405104,41467_2026_74764_MOESM4_ESM.xlsx:Patient isolates AST:Excel row 53,QUARANTINED_STANDARD_VERSION_AND_UNITS_REVIEW_REQUIRED
INDIA_ICU2026:K-14,INDIA_ICU2026_SINGLE_HOSPITAL,2218620,,Klebsiella pneumoniae,India,,Homo sapiens,patient rectal swab,imipenem,>=16,,,MIC,VITEK2 AST N406,UNKNOWN_REVIEW_REQUIRED,,R,unknown,unknown,not_curated,measured_public,SAMN55405104,41467_2026_74764_MOESM4_ESM.xlsx:Patient isolates AST:Excel row 53,QUARANTINED_STANDARD_VERSION_AND_UNITS_REVIEW_REQUIRED
INDIA_ICU2026:K-75,INDIA_ICU2026_SINGLE_HOSPITAL,2622108,,Klebsiella pneumoniae,India,,Homo sapiens,patient rectal swab,ceftazidime,>=64,,,MIC,VITEK2 AST N406,UNKNOWN_REVIEW_REQUIRED,,R,unknown,unknown,not_curated,measured_public,SAMN55405170,41467_2026_74764_MOESM4_ESM.xlsx:Patient isolates AST:Excel row 54,QUARANTINED_STANDARD_VERSION_AND_UNITS_REVIEW_REQUIRED
INDIA_ICU2026:K-75,INDIA_ICU2026_SINGLE_HOSPITAL,2622108,,Klebsiella pneumoniae,India,,Homo sapiens,patient rectal swab,cefepime,>=32,,,MIC,VITEK2 AST N406,UNKNOWN_REVIEW_REQUIRED,,R,unknown,unknown,not_curated,measured_public,SAMN55405170,41467_2026_74764_MOESM4_ESM.xlsx:Patient isolates AST:Excel row 54,QUARANTINED_STANDARD_VERSION_AND_UNITS_REVIEW_REQUIRED
INDIA_ICU2026:K-75,INDIA_ICU2026_SINGLE_HOSPITAL,2622108,,Klebsiella pneumoniae,India,,Homo sapiens,patient rectal swab,ciprofloxacin,>=4,,,MIC,VITEK2 AST N406,UNKNOWN_REVIEW_REQUIRED,,R,unknown,unknown,not_curated,measured_public,SAMN55405170,41467_2026_74764_MOESM4_ESM.xlsx:Patient isolates AST:Excel row 54,QUARANTINED_STANDARD_VERSION_AND_UNITS_REVIEW_REQUIRED
INDIA_ICU2026:K-75,INDIA_ICU2026_SINGLE_HOSPITAL,2622108,,Klebsiella pneumoniae,India,,Homo sapiens,patient rectal swab,gentamicin,>=16,,,MIC,VITEK2 AST N406,UNKNOWN_REVIEW_REQUIRED,,R,unknown,unknown,not_curated,measured_public,SAMN55405170,41467_2026_74764_MOESM4_ESM.xlsx:Patient isolates AST:Excel row 54,QUARANTINED_STANDARD_VERSION_AND_UNITS_REVIEW_REQUIRED
INDIA_ICU2026:K-75,INDIA_ICU2026_SINGLE_HOSPITAL,2622108,,Klebsiella pneumoniae,India,,Homo sapiens,patient rectal swab,amikacin,32,,,MIC,VITEK2 AST N406,UNKNOWN_REVIEW_REQUIRED,,R,unknown,unknown,not_curated,measured_public,SAMN55405170,41467_2026_74764_MOESM4_ESM.xlsx:Patient isolates AST:Excel row 54,QUARANTINED_STANDARD_VERSION_AND_UNITS_REVIEW_REQUIRED
INDIA_ICU2026:K-75,INDIA_ICU2026_SINGLE_HOSPITAL,2622108,,Klebsiella pneumoniae,India,,Homo sapiens,patient rectal swab,meropenem,>=16,,,MIC,VITEK2 AST N406,UNKNOWN_REVIEW_REQUIRED,,R,unknown,unknown,not_curated,measured_public,SAMN55405170,41467_2026_74764_MOESM4_ESM.xlsx:Patient isolates AST:Excel row 54,QUARANTINED_STANDARD_VERSION_AND_UNITS_REVIEW_REQUIRED
INDIA_ICU2026:K-75,INDIA_ICU2026_SINGLE_HOSPITAL,2622108,,Klebsiella pneumoniae,India,,Homo sapiens,patient rectal swab,imipenem,>=16,,,MIC,VITEK2 AST N406,UNKNOWN_REVIEW_REQUIRED,,R,unknown,unknown,not_curated,measured_public,SAMN55405170,41467_2026_74764_MOESM4_ESM.xlsx:Patient isolates AST:Excel row 54,QUARANTINED_STANDARD_VERSION_AND_UNITS_REVIEW_REQUIRED
INDIA_ICU2026:K-15,INDIA_ICU2026_SINGLE_HOSPITAL,2579979,,Enterobacter hormaechei,India,,Homo sapiens,patient rectal swab,ceftazidime,>=64,,,MIC,VITEK2 AST N406,UNKNOWN_REVIEW_REQUIRED,,R,unknown,unknown,not_curated,measured_public,SAMN55405112,41467_2026_74764_MOESM4_ESM.xlsx:Patient isolates AST:Excel row 55,QUARANTINED_STANDARD_VERSION_AND_UNITS_REVIEW_REQUIRED
INDIA_ICU2026:K-15,INDIA_ICU2026_SINGLE_HOSPITAL,2579979,,Enterobacter hormaechei,India,,Homo sapiens,patient rectal swab,cefepime,8,,,MIC,VITEK2 AST N406,UNKNOWN_REVIEW_REQUIRED,,SDD,unknown,unknown,not_curated,measured_public,SAMN55405112,41467_2026_74764_MOESM4_ESM.xlsx:Patient isolates AST:Excel row 55,QUARANTINED_STANDARD_VERSION_AND_UNITS_REVIEW_REQUIRED
INDIA_ICU2026:K-15,INDIA_ICU2026_SINGLE_HOSPITAL,2579979,,Enterobacter hormaechei,India,,Homo sapiens,patient rectal swab,ciprofloxacin,0.5,,,MIC,VITEK2 AST N406,UNKNOWN_REVIEW_REQUIRED,,I,unknown,unknown,not_curated,measured_public,SAMN55405112,41467_2026_74764_MOESM4_ESM.xlsx:Patient isolates AST:Excel row 55,QUARANTINED_STANDARD_VERSION_AND_UNITS_REVIEW_REQUIRED
INDIA_ICU2026:K-15,INDIA_ICU2026_SINGLE_HOSPITAL,2579979,,Enterobacter hormaechei,India,,Homo sapiens,patient rectal swab,gentamicin,<=1,,,MIC,VITEK2 AST N406,UNKNOWN_REVIEW_REQUIRED,,S,unknown,unknown,not_curated,measured_public,SAMN55405112,41467_2026_74764_MOESM4_ESM.xlsx:Patient isolates AST:Excel row 55,QUARANTINED_STANDARD_VERSION_AND_UNITS_REVIEW_REQUIRED
INDIA_ICU2026:K-15,INDIA_ICU2026_SINGLE_HOSPITAL,2579979,,Enterobacter hormaechei,India,,Homo sapiens,patient rectal swab,amikacin,16,,,MIC,VITEK2 AST N406,UNKNOWN_REVIEW_REQUIRED,,R,unknown,unknown,not_curated,measured_public,SAMN55405112,41467_2026_74764_MOESM4_ESM.xlsx:Patient isolates AST:Excel row 55,QUARANTINED_STANDARD_VERSION_AND_UNITS_REVIEW_REQUIRED
INDIA_ICU2026:K-15,INDIA_ICU2026_SINGLE_HOSPITAL,2579979,,Enterobacter hormaechei,India,,Homo sapiens,patient rectal swab,meropenem,>=16,,,MIC,VITEK2 AST N406,UNKNOWN_REVIEW_REQUIRED,,R,unknown,unknown,not_curated,measured_public,SAMN55405112,41467_2026_74764_MOESM4_ESM.xlsx:Patient isolates AST:Excel row 55,QUARANTINED_STANDARD_VERSION_AND_UNITS_REVIEW_REQUIRED
INDIA_ICU2026:K-15,INDIA_ICU2026_SINGLE_HOSPITAL,2579979,,Enterobacter hormaechei,India,,Homo sapiens,patient rectal swab,imipenem,>=16,,,MIC,VITEK2 AST N406,UNKNOWN_REVIEW_REQUIRED,,R,unknown,unknown,not_curated,measured_public,SAMN55405112,41467_2026_74764_MOESM4_ESM.xlsx:Patient isolates AST:Excel row 55,QUARANTINED_STANDARD_VERSION_AND_UNITS_REVIEW_REQUIRED
INDIA_ICU2026:K-16,INDIA_ICU2026_SINGLE_HOSPITAL,2608432,,Escherichia coli,India,,Homo sapiens,patient rectal swab,ceftazidime,>=64,,,MIC,VITEK2 AST N406,UNKNOWN_REVIEW_REQUIRED,,R,unknown,unknown,not_curated,measured_public,SAMN55405113,41467_2026_74764_MOESM4_ESM.xlsx:Patient isolates AST:Excel row 56,QUARANTINED_STANDARD_VERSION_AND_UNITS_REVIEW_REQUIRED
INDIA_ICU2026:K-16,INDIA_ICU2026_SINGLE_HOSPITAL,2608432,,Escherichia coli,India,,Homo sapiens,patient rectal swab,cefepime,>=32,,,MIC,VITEK2 AST N406,UNKNOWN_REVIEW_REQUIRED,,R,unknown,unknown,not_curated,measured_public,SAMN55405113,41467_2026_74764_MOESM4_ESM.xlsx:Patient isolates AST:Excel row 56,QUARANTINED_STANDARD_VERSION_AND_UNITS_REVIEW_REQUIRED
INDIA_ICU2026:K-16,INDIA_ICU2026_SINGLE_HOSPITAL,2608432,,Escherichia coli,India,,Homo sapiens,patient rectal swab,ciprofloxacin,>=4,,,MIC,VITEK2 AST N406,UNKNOWN_REVIEW_REQUIRED,,R,unknown,unknown,not_curated,measured_public,SAMN55405113,41467_2026_74764_MOESM4_ESM.xlsx:Patient isolates AST:Excel row 56,QUARANTINED_STANDARD_VERSION_AND_UNITS_REVIEW_REQUIRED
INDIA_ICU2026:K-16,INDIA_ICU2026_SINGLE_HOSPITAL,2608432,,Escherichia coli,India,,Homo sapiens,patient rectal swab,gentamicin,<=1,,,MIC,VITEK2 AST N406,UNKNOWN_REVIEW_REQUIRED,,S,unknown,unknown,not_curated,measured_public,SAMN55405113,41467_2026_74764_MOESM4_ESM.xlsx:Patient isolates AST:Excel row 56,QUARANTINED_STANDARD_VERSION_AND_UNITS_REVIEW_REQUIRED
INDIA_ICU2026:K-16,INDIA_ICU2026_SINGLE_HOSPITAL,2608432,,Escherichia coli,India,,Homo sapiens,patient rectal swab,amikacin,4,,,MIC,VITEK2 AST N406,UNKNOWN_REVIEW_REQUIRED,,S,unknown,unknown,not_curated,measured_public,SAMN55405113,41467_2026_74764_MOESM4_ESM.xlsx:Patient isolates AST:Excel row 56,QUARANTINED_STANDARD_VERSION_AND_UNITS_REVIEW_REQUIRED
INDIA_ICU2026:K-16,INDIA_ICU2026_SINGLE_HOSPITAL,2608432,,Escherichia coli,India,,Homo sapiens,patient rectal swab,meropenem,>=16,,,MIC,VITEK2 AST N406,UNKNOWN_REVIEW_REQUIRED,,R,unknown,unknown,not_curated,measured_public,SAMN55405113,41467_2026_74764_MOESM4_ESM.xlsx:Patient isolates AST:Excel row 56,QUARANTINED_STANDARD_VERSION_AND_UNITS_REVIEW_REQUIRED
INDIA_ICU2026:K-16,INDIA_ICU2026_SINGLE_HOSPITAL,2608432,,Escherichia coli,India,,Homo sapiens,patient rectal swab,imipenem,>=16,,,MIC,VITEK2 AST N406,UNKNOWN_REVIEW_REQUIRED,,R,unknown,unknown,not_curated,measured_public,SAMN55405113,41467_2026_74764_MOESM4_ESM.xlsx:Patient isolates AST:Excel row 56,QUARANTINED_STANDARD_VERSION_AND_UNITS_REVIEW_REQUIRED
INDIA_ICU2026:K-76,INDIA_ICU2026_SINGLE_HOSPITAL,2617808,,Escherichia coli,India,,Homo sapiens,patient rectal swab,ceftazidime,>=64,,,MIC,VITEK2 AST N406,UNKNOWN_REVIEW_REQUIRED,,R,unknown,unknown,not_curated,measured_public,SAMN55405171,41467_2026_74764_MOESM4_ESM.xlsx:Patient isolates AST:Excel row 57,QUARANTINED_STANDARD_VERSION_AND_UNITS_REVIEW_REQUIRED
INDIA_ICU2026:K-76,INDIA_ICU2026_SINGLE_HOSPITAL,2617808,,Escherichia coli,India,,Homo sapiens,patient rectal swab,cefepime,>=32,,,MIC,VITEK2 AST N406,UNKNOWN_REVIEW_REQUIRED,,R,unknown,unknown,not_curated,measured_public,SAMN55405171,41467_2026_74764_MOESM4_ESM.xlsx:Patient isolates AST:Excel row 57,QUARANTINED_STANDARD_VERSION_AND_UNITS_REVIEW_REQUIRED
INDIA_ICU2026:K-76,INDIA_ICU2026_SINGLE_HOSPITAL,2617808,,Escherichia coli,India,,Homo sapiens,patient rectal swab,ciprofloxacin,>=4,,,MIC,VITEK2 AST N406,UNKNOWN_REVIEW_REQUIRED,,R,unknown,unknown,not_curated,measured_public,SAMN55405171,41467_2026_74764_MOESM4_ESM.xlsx:Patient isolates AST:Excel row 57,QUARANTINED_STANDARD_VERSION_AND_UNITS_REVIEW_REQUIRED
INDIA_ICU2026:K-76,INDIA_ICU2026_SINGLE_HOSPITAL,2617808,,Escherichia coli,India,,Homo sapiens,patient rectal swab,gentamicin,>=16,,,MIC,VITEK2 AST N406,UNKNOWN_REVIEW_REQUIRED,,R,unknown,unknown,not_curated,measured_public,SAMN55405171,41467_2026_74764_MOESM4_ESM.xlsx:Patient isolates AST:Excel row 57,QUARANTINED_STANDARD_VERSION_AND_UNITS_REVIEW_REQUIRED
INDIA_ICU2026:K-76,INDIA_ICU2026_SINGLE_HOSPITAL,2617808,,Escherichia coli,India,,Homo sapiens,patient rectal swab,amikacin,>=64,,,MIC,VITEK2 AST N406,UNKNOWN_REVIEW_REQUIRED,,R,unknown,unknown,not_curated,measured_public,SAMN55405171,41467_2026_74764_MOESM4_ESM.xlsx:Patient isolates AST:Excel row 57,QUARANTINED_STANDARD_VERSION_AND_UNITS_REVIEW_REQUIRED
INDIA_ICU2026:K-76,INDIA_ICU2026_SINGLE_HOSPITAL,2617808,,Escherichia coli,India,,Homo sapiens,patient rectal swab,meropenem,>=16,,,MIC,VITEK2 AST N406,UNKNOWN_REVIEW_REQUIRED,,R,unknown,unknown,not_curated,measured_public,SAMN55405171,41467_2026_74764_MOESM4_ESM.xlsx:Patient isolates AST:Excel row 57,QUARANTINED_STANDARD_VERSION_AND_UNITS_REVIEW_REQUIRED
INDIA_ICU2026:K-76,INDIA_ICU2026_SINGLE_HOSPITAL,2617808,,Escherichia coli,India,,Homo sapiens,patient rectal swab,imipenem,>=16,,,MIC,VITEK2 AST N406,UNKNOWN_REVIEW_REQUIRED,,R,unknown,unknown,not_curated,measured_public,SAMN55405171,41467_2026_74764_MOESM4_ESM.xlsx:Patient isolates AST:Excel row 57,QUARANTINED_STANDARD_VERSION_AND_UNITS_REVIEW_REQUIRED
INDIA_ICU2026:K-17,INDIA_ICU2026_SINGLE_HOSPITAL,1432228,,Escherichia coli,India,,Homo sapiens,patient rectal swab,ceftazidime,>=64,,,MIC,VITEK2 AST N406,UNKNOWN_REVIEW_REQUIRED,,R,unknown,unknown,not_curated,measured_public,SAMN55405114,41467_2026_74764_MOESM4_ESM.xlsx:Patient isolates AST:Excel row 58,QUARANTINED_STANDARD_VERSION_AND_UNITS_REVIEW_REQUIRED
INDIA_ICU2026:K-17,INDIA_ICU2026_SINGLE_HOSPITAL,1432228,,Escherichia coli,India,,Homo sapiens,patient rectal swab,cefepime,>=32,,,MIC,VITEK2 AST N406,UNKNOWN_REVIEW_REQUIRED,,R,unknown,unknown,not_curated,measured_public,SAMN55405114,41467_2026_74764_MOESM4_ESM.xlsx:Patient isolates AST:Excel row 58,QUARANTINED_STANDARD_VERSION_AND_UNITS_REVIEW_REQUIRED
INDIA_ICU2026:K-17,INDIA_ICU2026_SINGLE_HOSPITAL,1432228,,Escherichia coli,India,,Homo sapiens,patient rectal swab,ciprofloxacin,>=4,,,MIC,VITEK2 AST N406,UNKNOWN_REVIEW_REQUIRED,,R,unknown,unknown,not_curated,measured_public,SAMN55405114,41467_2026_74764_MOESM4_ESM.xlsx:Patient isolates AST:Excel row 58,QUARANTINED_STANDARD_VERSION_AND_UNITS_REVIEW_REQUIRED
INDIA_ICU2026:K-17,INDIA_ICU2026_SINGLE_HOSPITAL,1432228,,Escherichia coli,India,,Homo sapiens,patient rectal swab,gentamicin,<=1,,,MIC,VITEK2 AST N406,UNKNOWN_REVIEW_REQUIRED,,S,unknown,unknown,not_curated,measured_public,SAMN55405114,41467_2026_74764_MOESM4_ESM.xlsx:Patient isolates AST:Excel row 58,QUARANTINED_STANDARD_VERSION_AND_UNITS_REVIEW_REQUIRED
INDIA_ICU2026:K-17,INDIA_ICU2026_SINGLE_HOSPITAL,1432228,,Escherichia coli,India,,Homo sapiens,patient rectal swab,amikacin,2,,,MIC,VITEK2 AST N406,UNKNOWN_REVIEW_REQUIRED,,S,unknown,unknown,not_curated,measured_public,SAMN55405114,41467_2026_74764_MOESM4_ESM.xlsx:Patient isolates AST:Excel row 58,QUARANTINED_STANDARD_VERSION_AND_UNITS_REVIEW_REQUIRED
INDIA_ICU2026:K-17,INDIA_ICU2026_SINGLE_HOSPITAL,1432228,,Escherichia coli,India,,Homo sapiens,patient rectal swab,meropenem,>=16,,,MIC,VITEK2 AST N406,UNKNOWN_REVIEW_REQUIRED,,R,unknown,unknown,not_curated,measured_public,SAMN55405114,41467_2026_74764_MOESM4_ESM.xlsx:Patient isolates AST:Excel row 58,QUARANTINED_STANDARD_VERSION_AND_UNITS_REVIEW_REQUIRED
INDIA_ICU2026:K-17,INDIA_ICU2026_SINGLE_HOSPITAL,1432228,,Escherichia coli,India,,Homo sapiens,patient rectal swab,imipenem,>=16,,,MIC,VITEK2 AST N406,UNKNOWN_REVIEW_REQUIRED,,R,unknown,unknown,not_curated,measured_public,SAMN55405114,41467_2026_74764_MOESM4_ESM.xlsx:Patient isolates AST:Excel row 58,QUARANTINED_STANDARD_VERSION_AND_UNITS_REVIEW_REQUIRED
INDIA_ICU2026:K-18,INDIA_ICU2026_SINGLE_HOSPITAL,1432228,,Escherichia coli,India,,Homo sapiens,patient rectal swab,ceftazidime,>=64,,,MIC,VITEK2 AST N406,UNKNOWN_REVIEW_REQUIRED,,R,unknown,unknown,not_curated,measured_public,SAMN55405115,41467_2026_74764_MOESM4_ESM.xlsx:Patient isolates AST:Excel row 59,QUARANTINED_STANDARD_VERSION_AND_UNITS_REVIEW_REQUIRED
INDIA_ICU2026:K-18,INDIA_ICU2026_SINGLE_HOSPITAL,1432228,,Escherichia coli,India,,Homo sapiens,patient rectal swab,cefepime,>=32,,,MIC,VITEK2 AST N406,UNKNOWN_REVIEW_REQUIRED,,R,unknown,unknown,not_curated,measured_public,SAMN55405115,41467_2026_74764_MOESM4_ESM.xlsx:Patient isolates AST:Excel row 59,QUARANTINED_STANDARD_VERSION_AND_UNITS_REVIEW_REQUIRED
INDIA_ICU2026:K-18,INDIA_ICU2026_SINGLE_HOSPITAL,1432228,,Escherichia coli,India,,Homo sapiens,patient rectal swab,ciprofloxacin,>=4,,,MIC,VITEK2 AST N406,UNKNOWN_REVIEW_REQUIRED,,R,unknown,unknown,not_curated,measured_public,SAMN55405115,41467_2026_74764_MOESM4_ESM.xlsx:Patient isolates AST:Excel row 59,QUARANTINED_STANDARD_VERSION_AND_UNITS_REVIEW_REQUIRED
INDIA_ICU2026:K-18,INDIA_ICU2026_SINGLE_HOSPITAL,1432228,,Escherichia coli,India,,Homo sapiens,patient rectal swab,gentamicin,<=1,,,MIC,VITEK2 AST N406,UNKNOWN_REVIEW_REQUIRED,,S,unknown,unknown,not_curated,measured_public,SAMN55405115,41467_2026_74764_MOESM4_ESM.xlsx:Patient isolates AST:Excel row 59,QUARANTINED_STANDARD_VERSION_AND_UNITS_REVIEW_REQUIRED
INDIA_ICU2026:K-18,INDIA_ICU2026_SINGLE_HOSPITAL,1432228,,Escherichia coli,India,,Homo sapiens,patient rectal swab,amikacin,2,,,MIC,VITEK2 AST N406,UNKNOWN_REVIEW_REQUIRED,,S,unknown,unknown,not_curated,measured_public,SAMN55405115,41467_2026_74764_MOESM4_ESM.xlsx:Patient isolates AST:Excel row 59,QUARANTINED_STANDARD_VERSION_AND_UNITS_REVIEW_REQUIRED
INDIA_ICU2026:K-18,INDIA_ICU2026_SINGLE_HOSPITAL,1432228,,Escherichia coli,India,,Homo sapiens,patient rectal swab,meropenem,>=16,,,MIC,VITEK2 AST N406,UNKNOWN_REVIEW_REQUIRED,,R,unknown,unknown,not_curated,measured_public,SAMN55405115,41467_2026_74764_MOESM4_ESM.xlsx:Patient isolates AST:Excel row 59,QUARANTINED_STANDARD_VERSION_AND_UNITS_REVIEW_REQUIRED
INDIA_ICU2026:K-18,INDIA_ICU2026_SINGLE_HOSPITAL,1432228,,Escherichia coli,India,,Homo sapiens,patient rectal swab,imipenem,>=16,,,MIC,VITEK2 AST N406,UNKNOWN_REVIEW_REQUIRED,,R,unknown,unknown,not_curated,measured_public,SAMN55405115,41467_2026_74764_MOESM4_ESM.xlsx:Patient isolates AST:Excel row 59,QUARANTINED_STANDARD_VERSION_AND_UNITS_REVIEW_REQUIRED
INDIA_ICU2026:K-77,INDIA_ICU2026_SINGLE_HOSPITAL,2628027,,Klebsiella pneumoniae,India,,Homo sapiens,patient rectal swab,ceftazidime,>=64,,,MIC,VITEK2 AST N406,UNKNOWN_REVIEW_REQUIRED,,R,unknown,unknown,not_curated,measured_public,SAMN55405172,41467_2026_74764_MOESM4_ESM.xlsx:Patient isolates AST:Excel row 60,QUARANTINED_STANDARD_VERSION_AND_UNITS_REVIEW_REQUIRED
INDIA_ICU2026:K-77,INDIA_ICU2026_SINGLE_HOSPITAL,2628027,,Klebsiella pneumoniae,India,,Homo sapiens,patient rectal swab,cefepime,>=32,,,MIC,VITEK2 AST N406,UNKNOWN_REVIEW_REQUIRED,,R,unknown,unknown,not_curated,measured_public,SAMN55405172,41467_2026_74764_MOESM4_ESM.xlsx:Patient isolates AST:Excel row 60,QUARANTINED_STANDARD_VERSION_AND_UNITS_REVIEW_REQUIRED
INDIA_ICU2026:K-77,INDIA_ICU2026_SINGLE_HOSPITAL,2628027,,Klebsiella pneumoniae,India,,Homo sapiens,patient rectal swab,ciprofloxacin,>=4,,,MIC,VITEK2 AST N406,UNKNOWN_REVIEW_REQUIRED,,R,unknown,unknown,not_curated,measured_public,SAMN55405172,41467_2026_74764_MOESM4_ESM.xlsx:Patient isolates AST:Excel row 60,QUARANTINED_STANDARD_VERSION_AND_UNITS_REVIEW_REQUIRED
INDIA_ICU2026:K-77,INDIA_ICU2026_SINGLE_HOSPITAL,2628027,,Klebsiella pneumoniae,India,,Homo sapiens,patient rectal swab,gentamicin,>=16,,,MIC,VITEK2 AST N406,UNKNOWN_REVIEW_REQUIRED,,R,unknown,unknown,not_curated,measured_public,SAMN55405172,41467_2026_74764_MOESM4_ESM.xlsx:Patient isolates AST:Excel row 60,QUARANTINED_STANDARD_VERSION_AND_UNITS_REVIEW_REQUIRED
INDIA_ICU2026:K-77,INDIA_ICU2026_SINGLE_HOSPITAL,2628027,,Klebsiella pneumoniae,India,,Homo sapiens,patient rectal swab,amikacin,8,,,MIC,VITEK2 AST N406,UNKNOWN_REVIEW_REQUIRED,,I,unknown,unknown,not_curated,measured_public,SAMN55405172,41467_2026_74764_MOESM4_ESM.xlsx:Patient isolates AST:Excel row 60,QUARANTINED_STANDARD_VERSION_AND_UNITS_REVIEW_REQUIRED
INDIA_ICU2026:K-77,INDIA_ICU2026_SINGLE_HOSPITAL,2628027,,Klebsiella pneumoniae,India,,Homo sapiens,patient rectal swab,meropenem,>=16,,,MIC,VITEK2 AST N406,UNKNOWN_REVIEW_REQUIRED,,R,unknown,unknown,not_curated,measured_public,SAMN55405172,41467_2026_74764_MOESM4_ESM.xlsx:Patient isolates AST:Excel row 60,QUARANTINED_STANDARD_VERSION_AND_UNITS_REVIEW_REQUIRED
INDIA_ICU2026:K-77,INDIA_ICU2026_SINGLE_HOSPITAL,2628027,,Klebsiella pneumoniae,India,,Homo sapiens,patient rectal swab,imipenem,1,,,MIC,VITEK2 AST N406,UNKNOWN_REVIEW_REQUIRED,,R,unknown,unknown,not_curated,measured_public,SAMN55405172,41467_2026_74764_MOESM4_ESM.xlsx:Patient isolates AST:Excel row 60,QUARANTINED_STANDARD_VERSION_AND_UNITS_REVIEW_REQUIRED
INDIA_ICU2026:K-78,INDIA_ICU2026_SINGLE_HOSPITAL,2625314,,Klebsiella pneumoniae,India,,Homo sapiens,patient rectal swab,ceftazidime,>=64,,,MIC,VITEK2 AST N406,UNKNOWN_REVIEW_REQUIRED,,R,unknown,unknown,not_curated,measured_public,SAMN55405173,41467_2026_74764_MOESM4_ESM.xlsx:Patient isolates AST:Excel row 61,QUARANTINED_STANDARD_VERSION_AND_UNITS_REVIEW_REQUIRED
INDIA_ICU2026:K-78,INDIA_ICU2026_SINGLE_HOSPITAL,2625314,,Klebsiella pneumoniae,India,,Homo sapiens,patient rectal swab,cefepime,>=32,,,MIC,VITEK2 AST N406,UNKNOWN_REVIEW_REQUIRED,,R,unknown,unknown,not_curated,measured_public,SAMN55405173,41467_2026_74764_MOESM4_ESM.xlsx:Patient isolates AST:Excel row 61,QUARANTINED_STANDARD_VERSION_AND_UNITS_REVIEW_REQUIRED
INDIA_ICU2026:K-78,INDIA_ICU2026_SINGLE_HOSPITAL,2625314,,Klebsiella pneumoniae,India,,Homo sapiens,patient rectal swab,ciprofloxacin,>=4,,,MIC,VITEK2 AST N406,UNKNOWN_REVIEW_REQUIRED,,R,unknown,unknown,not_curated,measured_public,SAMN55405173,41467_2026_74764_MOESM4_ESM.xlsx:Patient isolates AST:Excel row 61,QUARANTINED_STANDARD_VERSION_AND_UNITS_REVIEW_REQUIRED
INDIA_ICU2026:K-78,INDIA_ICU2026_SINGLE_HOSPITAL,2625314,,Klebsiella pneumoniae,India,,Homo sapiens,patient rectal swab,gentamicin,<=1,,,MIC,VITEK2 AST N406,UNKNOWN_REVIEW_REQUIRED,,S,unknown,unknown,not_curated,measured_public,SAMN55405173,41467_2026_74764_MOESM4_ESM.xlsx:Patient isolates AST:Excel row 61,QUARANTINED_STANDARD_VERSION_AND_UNITS_REVIEW_REQUIRED
INDIA_ICU2026:K-78,INDIA_ICU2026_SINGLE_HOSPITAL,2625314,,Klebsiella pneumoniae,India,,Homo sapiens,patient rectal swab,amikacin,16,,,MIC,VITEK2 AST N406,UNKNOWN_REVIEW_REQUIRED,,R,unknown,unknown,not_curated,measured_public,SAMN55405173,41467_2026_74764_MOESM4_ESM.xlsx:Patient isolates AST:Excel row 61,QUARANTINED_STANDARD_VERSION_AND_UNITS_REVIEW_REQUIRED
INDIA_ICU2026:K-78,INDIA_ICU2026_SINGLE_HOSPITAL,2625314,,Klebsiella pneumoniae,India,,Homo sapiens,patient rectal swab,meropenem,>=16,,,MIC,VITEK2 AST N406,UNKNOWN_REVIEW_REQUIRED,,R,unknown,unknown,not_curated,measured_public,SAMN55405173,41467_2026_74764_MOESM4_ESM.xlsx:Patient isolates AST:Excel row 61,QUARANTINED_STANDARD_VERSION_AND_UNITS_REVIEW_REQUIRED
INDIA_ICU2026:K-78,INDIA_ICU2026_SINGLE_HOSPITAL,2625314,,Klebsiella pneumoniae,India,,Homo sapiens,patient rectal swab,imipenem,>=16,,,MIC,VITEK2 AST N406,UNKNOWN_REVIEW_REQUIRED,,R,unknown,unknown,not_curated,measured_public,SAMN55405173,41467_2026_74764_MOESM4_ESM.xlsx:Patient isolates AST:Excel row 61,QUARANTINED_STANDARD_VERSION_AND_UNITS_REVIEW_REQUIRED
INDIA_ICU2026:K-79,INDIA_ICU2026_SINGLE_HOSPITAL,1997124,,Klebsiella pneumoniae,India,,Homo sapiens,patient rectal swab,ceftazidime,>=64,,,MIC,VITEK2 AST N406,UNKNOWN_REVIEW_REQUIRED,,R,unknown,unknown,not_curated,measured_public,SAMN55405174,41467_2026_74764_MOESM4_ESM.xlsx:Patient isolates AST:Excel row 62,QUARANTINED_STANDARD_VERSION_AND_UNITS_REVIEW_REQUIRED
INDIA_ICU2026:K-79,INDIA_ICU2026_SINGLE_HOSPITAL,1997124,,Klebsiella pneumoniae,India,,Homo sapiens,patient rectal swab,cefepime,>=32,,,MIC,VITEK2 AST N406,UNKNOWN_REVIEW_REQUIRED,,R,unknown,unknown,not_curated,measured_public,SAMN55405174,41467_2026_74764_MOESM4_ESM.xlsx:Patient isolates AST:Excel row 62,QUARANTINED_STANDARD_VERSION_AND_UNITS_REVIEW_REQUIRED
INDIA_ICU2026:K-79,INDIA_ICU2026_SINGLE_HOSPITAL,1997124,,Klebsiella pneumoniae,India,,Homo sapiens,patient rectal swab,ciprofloxacin,>=4,,,MIC,VITEK2 AST N406,UNKNOWN_REVIEW_REQUIRED,,R,unknown,unknown,not_curated,measured_public,SAMN55405174,41467_2026_74764_MOESM4_ESM.xlsx:Patient isolates AST:Excel row 62,QUARANTINED_STANDARD_VERSION_AND_UNITS_REVIEW_REQUIRED
INDIA_ICU2026:K-79,INDIA_ICU2026_SINGLE_HOSPITAL,1997124,,Klebsiella pneumoniae,India,,Homo sapiens,patient rectal swab,gentamicin,>=16,,,MIC,VITEK2 AST N406,UNKNOWN_REVIEW_REQUIRED,,R,unknown,unknown,not_curated,measured_public,SAMN55405174,41467_2026_74764_MOESM4_ESM.xlsx:Patient isolates AST:Excel row 62,QUARANTINED_STANDARD_VERSION_AND_UNITS_REVIEW_REQUIRED
INDIA_ICU2026:K-79,INDIA_ICU2026_SINGLE_HOSPITAL,1997124,,Klebsiella pneumoniae,India,,Homo sapiens,patient rectal swab,amikacin,32,,,MIC,VITEK2 AST N406,UNKNOWN_REVIEW_REQUIRED,,R,unknown,unknown,not_curated,measured_public,SAMN55405174,41467_2026_74764_MOESM4_ESM.xlsx:Patient isolates AST:Excel row 62,QUARANTINED_STANDARD_VERSION_AND_UNITS_REVIEW_REQUIRED
INDIA_ICU2026:K-79,INDIA_ICU2026_SINGLE_HOSPITAL,1997124,,Klebsiella pneumoniae,India,,Homo sapiens,patient rectal swab,meropenem,>=16,,,MIC,VITEK2 AST N406,UNKNOWN_REVIEW_REQUIRED,,R,unknown,unknown,not_curated,measured_public,SAMN55405174,41467_2026_74764_MOESM4_ESM.xlsx:Patient isolates AST:Excel row 62,QUARANTINED_STANDARD_VERSION_AND_UNITS_REVIEW_REQUIRED
INDIA_ICU2026:K-79,INDIA_ICU2026_SINGLE_HOSPITAL,1997124,,Klebsiella pneumoniae,India,,Homo sapiens,patient rectal swab,imipenem,>=16,,,MIC,VITEK2 AST N406,UNKNOWN_REVIEW_REQUIRED,,R,unknown,unknown,not_curated,measured_public,SAMN55405174,41467_2026_74764_MOESM4_ESM.xlsx:Patient isolates AST:Excel row 62,QUARANTINED_STANDARD_VERSION_AND_UNITS_REVIEW_REQUIRED
INDIA_ICU2026:K-80,INDIA_ICU2026_SINGLE_HOSPITAL,1997124,,Escherichia coli,India,,Homo sapiens,patient rectal swab,ceftazidime,>=64,,,MIC,VITEK2 AST N406,UNKNOWN_REVIEW_REQUIRED,,R,unknown,unknown,not_curated,measured_public,SAMN55405176,41467_2026_74764_MOESM4_ESM.xlsx:Patient isolates AST:Excel row 63,QUARANTINED_STANDARD_VERSION_AND_UNITS_REVIEW_REQUIRED
INDIA_ICU2026:K-80,INDIA_ICU2026_SINGLE_HOSPITAL,1997124,,Escherichia coli,India,,Homo sapiens,patient rectal swab,cefepime,>=32,,,MIC,VITEK2 AST N406,UNKNOWN_REVIEW_REQUIRED,,R,unknown,unknown,not_curated,measured_public,SAMN55405176,41467_2026_74764_MOESM4_ESM.xlsx:Patient isolates AST:Excel row 63,QUARANTINED_STANDARD_VERSION_AND_UNITS_REVIEW_REQUIRED
INDIA_ICU2026:K-80,INDIA_ICU2026_SINGLE_HOSPITAL,1997124,,Escherichia coli,India,,Homo sapiens,patient rectal swab,ciprofloxacin,>=4,,,MIC,VITEK2 AST N406,UNKNOWN_REVIEW_REQUIRED,,R,unknown,unknown,not_curated,measured_public,SAMN55405176,41467_2026_74764_MOESM4_ESM.xlsx:Patient isolates AST:Excel row 63,QUARANTINED_STANDARD_VERSION_AND_UNITS_REVIEW_REQUIRED
INDIA_ICU2026:K-80,INDIA_ICU2026_SINGLE_HOSPITAL,1997124,,Escherichia coli,India,,Homo sapiens,patient rectal swab,gentamicin,<=1,,,MIC,VITEK2 AST N406,UNKNOWN_REVIEW_REQUIRED,,S,unknown,unknown,not_curated,measured_public,SAMN55405176,41467_2026_74764_MOESM4_ESM.xlsx:Patient isolates AST:Excel row 63,QUARANTINED_STANDARD_VERSION_AND_UNITS_REVIEW_REQUIRED
INDIA_ICU2026:K-80,INDIA_ICU2026_SINGLE_HOSPITAL,1997124,,Escherichia coli,India,,Homo sapiens,patient rectal swab,amikacin,2,,,MIC,VITEK2 AST N406,UNKNOWN_REVIEW_REQUIRED,,S,unknown,unknown,not_curated,measured_public,SAMN55405176,41467_2026_74764_MOESM4_ESM.xlsx:Patient isolates AST:Excel row 63,QUARANTINED_STANDARD_VERSION_AND_UNITS_REVIEW_REQUIRED
INDIA_ICU2026:K-80,INDIA_ICU2026_SINGLE_HOSPITAL,1997124,,Escherichia coli,India,,Homo sapiens,patient rectal swab,meropenem,>=16,,,MIC,VITEK2 AST N406,UNKNOWN_REVIEW_REQUIRED,,R,unknown,unknown,not_curated,measured_public,SAMN55405176,41467_2026_74764_MOESM4_ESM.xlsx:Patient isolates AST:Excel row 63,QUARANTINED_STANDARD_VERSION_AND_UNITS_REVIEW_REQUIRED
INDIA_ICU2026:K-80,INDIA_ICU2026_SINGLE_HOSPITAL,1997124,,Escherichia coli,India,,Homo sapiens,patient rectal swab,imipenem,>=16,,,MIC,VITEK2 AST N406,UNKNOWN_REVIEW_REQUIRED,,R,unknown,unknown,not_curated,measured_public,SAMN55405176,41467_2026_74764_MOESM4_ESM.xlsx:Patient isolates AST:Excel row 63,QUARANTINED_STANDARD_VERSION_AND_UNITS_REVIEW_REQUIRED
INDIA_ICU2026:K-25,INDIA_ICU2026_SINGLE_HOSPITAL,2623024,,Enterobacter cloacae ,India,,Homo sapiens,patient rectal swab,ceftazidime,>=64,,,MIC,VITEK2 AST N406,UNKNOWN_REVIEW_REQUIRED,,R,unknown,unknown,not_curated,measured_public,SAMN55405117,41467_2026_74764_MOESM4_ESM.xlsx:Patient isolates AST:Excel row 64,QUARANTINED_STANDARD_VERSION_AND_UNITS_REVIEW_REQUIRED
INDIA_ICU2026:K-25,INDIA_ICU2026_SINGLE_HOSPITAL,2623024,,Enterobacter cloacae ,India,,Homo sapiens,patient rectal swab,cefepime,>=32,,,MIC,VITEK2 AST N406,UNKNOWN_REVIEW_REQUIRED,,R,unknown,unknown,not_curated,measured_public,SAMN55405117,41467_2026_74764_MOESM4_ESM.xlsx:Patient isolates AST:Excel row 64,QUARANTINED_STANDARD_VERSION_AND_UNITS_REVIEW_REQUIRED
INDIA_ICU2026:K-25,INDIA_ICU2026_SINGLE_HOSPITAL,2623024,,Enterobacter cloacae ,India,,Homo sapiens,patient rectal swab,ciprofloxacin,>=4,,,MIC,VITEK2 AST N406,UNKNOWN_REVIEW_REQUIRED,,R,unknown,unknown,not_curated,measured_public,SAMN55405117,41467_2026_74764_MOESM4_ESM.xlsx:Patient isolates AST:Excel row 64,QUARANTINED_STANDARD_VERSION_AND_UNITS_REVIEW_REQUIRED
INDIA_ICU2026:K-25,INDIA_ICU2026_SINGLE_HOSPITAL,2623024,,Enterobacter cloacae ,India,,Homo sapiens,patient rectal swab,gentamicin,>=16,,,MIC,VITEK2 AST N406,UNKNOWN_REVIEW_REQUIRED,,R,unknown,unknown,not_curated,measured_public,SAMN55405117,41467_2026_74764_MOESM4_ESM.xlsx:Patient isolates AST:Excel row 64,QUARANTINED_STANDARD_VERSION_AND_UNITS_REVIEW_REQUIRED
INDIA_ICU2026:K-25,INDIA_ICU2026_SINGLE_HOSPITAL,2623024,,Enterobacter cloacae ,India,,Homo sapiens,patient rectal swab,amikacin,4,,,MIC,VITEK2 AST N406,UNKNOWN_REVIEW_REQUIRED,,S,unknown,unknown,not_curated,measured_public,SAMN55405117,41467_2026_74764_MOESM4_ESM.xlsx:Patient isolates AST:Excel row 64,QUARANTINED_STANDARD_VERSION_AND_UNITS_REVIEW_REQUIRED
INDIA_ICU2026:K-25,INDIA_ICU2026_SINGLE_HOSPITAL,2623024,,Enterobacter cloacae ,India,,Homo sapiens,patient rectal swab,meropenem,>=16,,,MIC,VITEK2 AST N406,UNKNOWN_REVIEW_REQUIRED,,R,unknown,unknown,not_curated,measured_public,SAMN55405117,41467_2026_74764_MOESM4_ESM.xlsx:Patient isolates AST:Excel row 64,QUARANTINED_STANDARD_VERSION_AND_UNITS_REVIEW_REQUIRED
INDIA_ICU2026:K-25,INDIA_ICU2026_SINGLE_HOSPITAL,2623024,,Enterobacter cloacae ,India,,Homo sapiens,patient rectal swab,imipenem,>=16,,,MIC,VITEK2 AST N406,UNKNOWN_REVIEW_REQUIRED,,R,unknown,unknown,not_curated,measured_public,SAMN55405117,41467_2026_74764_MOESM4_ESM.xlsx:Patient isolates AST:Excel row 64,QUARANTINED_STANDARD_VERSION_AND_UNITS_REVIEW_REQUIRED
INDIA_ICU2026:K-81,INDIA_ICU2026_SINGLE_HOSPITAL,2614775,,Escherichia coli,India,,Homo sapiens,patient rectal swab,ceftazidime,>=64,,,MIC,VITEK2 AST N406,UNKNOWN_REVIEW_REQUIRED,,R,unknown,unknown,not_curated,measured_public,SAMN55405177,41467_2026_74764_MOESM4_ESM.xlsx:Patient isolates AST:Excel row 65,QUARANTINED_STANDARD_VERSION_AND_UNITS_REVIEW_REQUIRED
INDIA_ICU2026:K-81,INDIA_ICU2026_SINGLE_HOSPITAL,2614775,,Escherichia coli,India,,Homo sapiens,patient rectal swab,cefepime,>=32,,,MIC,VITEK2 AST N406,UNKNOWN_REVIEW_REQUIRED,,R,unknown,unknown,not_curated,measured_public,SAMN55405177,41467_2026_74764_MOESM4_ESM.xlsx:Patient isolates AST:Excel row 65,QUARANTINED_STANDARD_VERSION_AND_UNITS_REVIEW_REQUIRED
INDIA_ICU2026:K-81,INDIA_ICU2026_SINGLE_HOSPITAL,2614775,,Escherichia coli,India,,Homo sapiens,patient rectal swab,ciprofloxacin,>=4,,,MIC,VITEK2 AST N406,UNKNOWN_REVIEW_REQUIRED,,R,unknown,unknown,not_curated,measured_public,SAMN55405177,41467_2026_74764_MOESM4_ESM.xlsx:Patient isolates AST:Excel row 65,QUARANTINED_STANDARD_VERSION_AND_UNITS_REVIEW_REQUIRED
INDIA_ICU2026:K-81,INDIA_ICU2026_SINGLE_HOSPITAL,2614775,,Escherichia coli,India,,Homo sapiens,patient rectal swab,gentamicin,<=1,,,MIC,VITEK2 AST N406,UNKNOWN_REVIEW_REQUIRED,,S,unknown,unknown,not_curated,measured_public,SAMN55405177,41467_2026_74764_MOESM4_ESM.xlsx:Patient isolates AST:Excel row 65,QUARANTINED_STANDARD_VERSION_AND_UNITS_REVIEW_REQUIRED
INDIA_ICU2026:K-81,INDIA_ICU2026_SINGLE_HOSPITAL,2614775,,Escherichia coli,India,,Homo sapiens,patient rectal swab,amikacin,2,,,MIC,VITEK2 AST N406,UNKNOWN_REVIEW_REQUIRED,,S,unknown,unknown,not_curated,measured_public,SAMN55405177,41467_2026_74764_MOESM4_ESM.xlsx:Patient isolates AST:Excel row 65,QUARANTINED_STANDARD_VERSION_AND_UNITS_REVIEW_REQUIRED
INDIA_ICU2026:K-81,INDIA_ICU2026_SINGLE_HOSPITAL,2614775,,Escherichia coli,India,,Homo sapiens,patient rectal swab,meropenem,>=16,,,MIC,VITEK2 AST N406,UNKNOWN_REVIEW_REQUIRED,,R,unknown,unknown,not_curated,measured_public,SAMN55405177,41467_2026_74764_MOESM4_ESM.xlsx:Patient isolates AST:Excel row 65,QUARANTINED_STANDARD_VERSION_AND_UNITS_REVIEW_REQUIRED
INDIA_ICU2026:K-81,INDIA_ICU2026_SINGLE_HOSPITAL,2614775,,Escherichia coli,India,,Homo sapiens,patient rectal swab,imipenem,8,,,MIC,VITEK2 AST N406,UNKNOWN_REVIEW_REQUIRED,,R,unknown,unknown,not_curated,measured_public,SAMN55405177,41467_2026_74764_MOESM4_ESM.xlsx:Patient isolates AST:Excel row 65,QUARANTINED_STANDARD_VERSION_AND_UNITS_REVIEW_REQUIRED
INDIA_ICU2026:K-26,INDIA_ICU2026_SINGLE_HOSPITAL,2602462,,Escherichia coli,India,,Homo sapiens,patient rectal swab,ceftazidime,>=64,,,MIC,VITEK2 AST N406,UNKNOWN_REVIEW_REQUIRED,,R,unknown,unknown,not_curated,measured_public,SAMN55405118,41467_2026_74764_MOESM4_ESM.xlsx:Patient isolates AST:Excel row 66,QUARANTINED_STANDARD_VERSION_AND_UNITS_REVIEW_REQUIRED
INDIA_ICU2026:K-26,INDIA_ICU2026_SINGLE_HOSPITAL,2602462,,Escherichia coli,India,,Homo sapiens,patient rectal swab,cefepime,>=32,,,MIC,VITEK2 AST N406,UNKNOWN_REVIEW_REQUIRED,,R,unknown,unknown,not_curated,measured_public,SAMN55405118,41467_2026_74764_MOESM4_ESM.xlsx:Patient isolates AST:Excel row 66,QUARANTINED_STANDARD_VERSION_AND_UNITS_REVIEW_REQUIRED
INDIA_ICU2026:K-26,INDIA_ICU2026_SINGLE_HOSPITAL,2602462,,Escherichia coli,India,,Homo sapiens,patient rectal swab,ciprofloxacin,>=4,,,MIC,VITEK2 AST N406,UNKNOWN_REVIEW_REQUIRED,,R,unknown,unknown,not_curated,measured_public,SAMN55405118,41467_2026_74764_MOESM4_ESM.xlsx:Patient isolates AST:Excel row 66,QUARANTINED_STANDARD_VERSION_AND_UNITS_REVIEW_REQUIRED
INDIA_ICU2026:K-26,INDIA_ICU2026_SINGLE_HOSPITAL,2602462,,Escherichia coli,India,,Homo sapiens,patient rectal swab,gentamicin,<=1,,,MIC,VITEK2 AST N406,UNKNOWN_REVIEW_REQUIRED,,S,unknown,unknown,not_curated,measured_public,SAMN55405118,41467_2026_74764_MOESM4_ESM.xlsx:Patient isolates AST:Excel row 66,QUARANTINED_STANDARD_VERSION_AND_UNITS_REVIEW_REQUIRED
INDIA_ICU2026:K-26,INDIA_ICU2026_SINGLE_HOSPITAL,2602462,,Escherichia coli,India,,Homo sapiens,patient rectal swab,amikacin,4,,,MIC,VITEK2 AST N406,UNKNOWN_REVIEW_REQUIRED,,S,unknown,unknown,not_curated,measured_public,SAMN55405118,41467_2026_74764_MOESM4_ESM.xlsx:Patient isolates AST:Excel row 66,QUARANTINED_STANDARD_VERSION_AND_UNITS_REVIEW_REQUIRED
INDIA_ICU2026:K-26,INDIA_ICU2026_SINGLE_HOSPITAL,2602462,,Escherichia coli,India,,Homo sapiens,patient rectal swab,meropenem,>=16,,,MIC,VITEK2 AST N406,UNKNOWN_REVIEW_REQUIRED,,R,unknown,unknown,not_curated,measured_public,SAMN55405118,41467_2026_74764_MOESM4_ESM.xlsx:Patient isolates AST:Excel row 66,QUARANTINED_STANDARD_VERSION_AND_UNITS_REVIEW_REQUIRED
INDIA_ICU2026:K-26,INDIA_ICU2026_SINGLE_HOSPITAL,2602462,,Escherichia coli,India,,Homo sapiens,patient rectal swab,imipenem,>=16,,,MIC,VITEK2 AST N406,UNKNOWN_REVIEW_REQUIRED,,R,unknown,unknown,not_curated,measured_public,SAMN55405118,41467_2026_74764_MOESM4_ESM.xlsx:Patient isolates AST:Excel row 66,QUARANTINED_STANDARD_VERSION_AND_UNITS_REVIEW_REQUIRED
INDIA_ICU2026:K-82,INDIA_ICU2026_SINGLE_HOSPITAL,2629679,,Escherichia coli,India,,Homo sapiens,patient rectal swab,ceftazidime,>=64,,,MIC,VITEK2 AST N406,UNKNOWN_REVIEW_REQUIRED,,R,unknown,unknown,not_curated,measured_public,SAMN55405178,41467_2026_74764_MOESM4_ESM.xlsx:Patient isolates AST:Excel row 67,QUARANTINED_STANDARD_VERSION_AND_UNITS_REVIEW_REQUIRED
INDIA_ICU2026:K-82,INDIA_ICU2026_SINGLE_HOSPITAL,2629679,,Escherichia coli,India,,Homo sapiens,patient rectal swab,cefepime,>=32,,,MIC,VITEK2 AST N406,UNKNOWN_REVIEW_REQUIRED,,R,unknown,unknown,not_curated,measured_public,SAMN55405178,41467_2026_74764_MOESM4_ESM.xlsx:Patient isolates AST:Excel row 67,QUARANTINED_STANDARD_VERSION_AND_UNITS_REVIEW_REQUIRED
INDIA_ICU2026:K-82,INDIA_ICU2026_SINGLE_HOSPITAL,2629679,,Escherichia coli,India,,Homo sapiens,patient rectal swab,ciprofloxacin,>=4,,,MIC,VITEK2 AST N406,UNKNOWN_REVIEW_REQUIRED,,R,unknown,unknown,not_curated,measured_public,SAMN55405178,41467_2026_74764_MOESM4_ESM.xlsx:Patient isolates AST:Excel row 67,QUARANTINED_STANDARD_VERSION_AND_UNITS_REVIEW_REQUIRED
INDIA_ICU2026:K-82,INDIA_ICU2026_SINGLE_HOSPITAL,2629679,,Escherichia coli,India,,Homo sapiens,patient rectal swab,gentamicin,>=16,,,MIC,VITEK2 AST N406,UNKNOWN_REVIEW_REQUIRED,,R,unknown,unknown,not_curated,measured_public,SAMN55405178,41467_2026_74764_MOESM4_ESM.xlsx:Patient isolates AST:Excel row 67,QUARANTINED_STANDARD_VERSION_AND_UNITS_REVIEW_REQUIRED
INDIA_ICU2026:K-82,INDIA_ICU2026_SINGLE_HOSPITAL,2629679,,Escherichia coli,India,,Homo sapiens,patient rectal swab,amikacin,>=64,,,MIC,VITEK2 AST N406,UNKNOWN_REVIEW_REQUIRED,,R,unknown,unknown,not_curated,measured_public,SAMN55405178,41467_2026_74764_MOESM4_ESM.xlsx:Patient isolates AST:Excel row 67,QUARANTINED_STANDARD_VERSION_AND_UNITS_REVIEW_REQUIRED
INDIA_ICU2026:K-82,INDIA_ICU2026_SINGLE_HOSPITAL,2629679,,Escherichia coli,India,,Homo sapiens,patient rectal swab,meropenem,>=16,,,MIC,VITEK2 AST N406,UNKNOWN_REVIEW_REQUIRED,,R,unknown,unknown,not_curated,measured_public,SAMN55405178,41467_2026_74764_MOESM4_ESM.xlsx:Patient isolates AST:Excel row 67,QUARANTINED_STANDARD_VERSION_AND_UNITS_REVIEW_REQUIRED
INDIA_ICU2026:K-82,INDIA_ICU2026_SINGLE_HOSPITAL,2629679,,Escherichia coli,India,,Homo sapiens,patient rectal swab,imipenem,>=16,,,MIC,VITEK2 AST N406,UNKNOWN_REVIEW_REQUIRED,,R,unknown,unknown,not_curated,measured_public,SAMN55405178,41467_2026_74764_MOESM4_ESM.xlsx:Patient isolates AST:Excel row 67,QUARANTINED_STANDARD_VERSION_AND_UNITS_REVIEW_REQUIRED
INDIA_ICU2026:K-27,INDIA_ICU2026_SINGLE_HOSPITAL,2616828,,Klebsiella pneumoniae,India,,Homo sapiens,patient rectal swab,ceftazidime,>=64,,,MIC,VITEK2 AST N406,UNKNOWN_REVIEW_REQUIRED,,R,unknown,unknown,not_curated,measured_public,SAMN55405119,41467_2026_74764_MOESM4_ESM.xlsx:Patient isolates AST:Excel row 68,QUARANTINED_STANDARD_VERSION_AND_UNITS_REVIEW_REQUIRED
INDIA_ICU2026:K-27,INDIA_ICU2026_SINGLE_HOSPITAL,2616828,,Klebsiella pneumoniae,India,,Homo sapiens,patient rectal swab,cefepime,>=32,,,MIC,VITEK2 AST N406,UNKNOWN_REVIEW_REQUIRED,,R,unknown,unknown,not_curated,measured_public,SAMN55405119,41467_2026_74764_MOESM4_ESM.xlsx:Patient isolates AST:Excel row 68,QUARANTINED_STANDARD_VERSION_AND_UNITS_REVIEW_REQUIRED
INDIA_ICU2026:K-27,INDIA_ICU2026_SINGLE_HOSPITAL,2616828,,Klebsiella pneumoniae,India,,Homo sapiens,patient rectal swab,ciprofloxacin,>=4,,,MIC,VITEK2 AST N406,UNKNOWN_REVIEW_REQUIRED,,R,unknown,unknown,not_curated,measured_public,SAMN55405119,41467_2026_74764_MOESM4_ESM.xlsx:Patient isolates AST:Excel row 68,QUARANTINED_STANDARD_VERSION_AND_UNITS_REVIEW_REQUIRED
INDIA_ICU2026:K-27,INDIA_ICU2026_SINGLE_HOSPITAL,2616828,,Klebsiella pneumoniae,India,,Homo sapiens,patient rectal swab,gentamicin,>=16,,,MIC,VITEK2 AST N406,UNKNOWN_REVIEW_REQUIRED,,R,unknown,unknown,not_curated,measured_public,SAMN55405119,41467_2026_74764_MOESM4_ESM.xlsx:Patient isolates AST:Excel row 68,QUARANTINED_STANDARD_VERSION_AND_UNITS_REVIEW_REQUIRED
INDIA_ICU2026:K-27,INDIA_ICU2026_SINGLE_HOSPITAL,2616828,,Klebsiella pneumoniae,India,,Homo sapiens,patient rectal swab,amikacin,2,,,MIC,VITEK2 AST N406,UNKNOWN_REVIEW_REQUIRED,,S,unknown,unknown,not_curated,measured_public,SAMN55405119,41467_2026_74764_MOESM4_ESM.xlsx:Patient isolates AST:Excel row 68,QUARANTINED_STANDARD_VERSION_AND_UNITS_REVIEW_REQUIRED
INDIA_ICU2026:K-27,INDIA_ICU2026_SINGLE_HOSPITAL,2616828,,Klebsiella pneumoniae,India,,Homo sapiens,patient rectal swab,meropenem,>=16,,,MIC,VITEK2 AST N406,UNKNOWN_REVIEW_REQUIRED,,R,unknown,unknown,not_curated,measured_public,SAMN55405119,41467_2026_74764_MOESM4_ESM.xlsx:Patient isolates AST:Excel row 68,QUARANTINED_STANDARD_VERSION_AND_UNITS_REVIEW_REQUIRED
INDIA_ICU2026:K-27,INDIA_ICU2026_SINGLE_HOSPITAL,2616828,,Klebsiella pneumoniae,India,,Homo sapiens,patient rectal swab,imipenem,>=16,,,MIC,VITEK2 AST N406,UNKNOWN_REVIEW_REQUIRED,,R,unknown,unknown,not_curated,measured_public,SAMN55405119,41467_2026_74764_MOESM4_ESM.xlsx:Patient isolates AST:Excel row 68,QUARANTINED_STANDARD_VERSION_AND_UNITS_REVIEW_REQUIRED
INDIA_ICU2026:K-83,INDIA_ICU2026_SINGLE_HOSPITAL,1934334,,Escherichia coli,India,,Homo sapiens,patient rectal swab,ceftazidime,>=64,,,MIC,VITEK2 AST N406,UNKNOWN_REVIEW_REQUIRED,,R,unknown,unknown,not_curated,measured_public,SAMN55405179,41467_2026_74764_MOESM4_ESM.xlsx:Patient isolates AST:Excel row 69,QUARANTINED_STANDARD_VERSION_AND_UNITS_REVIEW_REQUIRED
INDIA_ICU2026:K-83,INDIA_ICU2026_SINGLE_HOSPITAL,1934334,,Escherichia coli,India,,Homo sapiens,patient rectal swab,cefepime,>=32,,,MIC,VITEK2 AST N406,UNKNOWN_REVIEW_REQUIRED,,R,unknown,unknown,not_curated,measured_public,SAMN55405179,41467_2026_74764_MOESM4_ESM.xlsx:Patient isolates AST:Excel row 69,QUARANTINED_STANDARD_VERSION_AND_UNITS_REVIEW_REQUIRED
INDIA_ICU2026:K-83,INDIA_ICU2026_SINGLE_HOSPITAL,1934334,,Escherichia coli,India,,Homo sapiens,patient rectal swab,ciprofloxacin,>=4,,,MIC,VITEK2 AST N406,UNKNOWN_REVIEW_REQUIRED,,R,unknown,unknown,not_curated,measured_public,SAMN55405179,41467_2026_74764_MOESM4_ESM.xlsx:Patient isolates AST:Excel row 69,QUARANTINED_STANDARD_VERSION_AND_UNITS_REVIEW_REQUIRED
INDIA_ICU2026:K-83,INDIA_ICU2026_SINGLE_HOSPITAL,1934334,,Escherichia coli,India,,Homo sapiens,patient rectal swab,gentamicin,<=1,,,MIC,VITEK2 AST N406,UNKNOWN_REVIEW_REQUIRED,,S,unknown,unknown,not_curated,measured_public,SAMN55405179,41467_2026_74764_MOESM4_ESM.xlsx:Patient isolates AST:Excel row 69,QUARANTINED_STANDARD_VERSION_AND_UNITS_REVIEW_REQUIRED
INDIA_ICU2026:K-83,INDIA_ICU2026_SINGLE_HOSPITAL,1934334,,Escherichia coli,India,,Homo sapiens,patient rectal swab,amikacin,2,,,MIC,VITEK2 AST N406,UNKNOWN_REVIEW_REQUIRED,,S,unknown,unknown,not_curated,measured_public,SAMN55405179,41467_2026_74764_MOESM4_ESM.xlsx:Patient isolates AST:Excel row 69,QUARANTINED_STANDARD_VERSION_AND_UNITS_REVIEW_REQUIRED
INDIA_ICU2026:K-83,INDIA_ICU2026_SINGLE_HOSPITAL,1934334,,Escherichia coli,India,,Homo sapiens,patient rectal swab,meropenem,>=16,,,MIC,VITEK2 AST N406,UNKNOWN_REVIEW_REQUIRED,,R,unknown,unknown,not_curated,measured_public,SAMN55405179,41467_2026_74764_MOESM4_ESM.xlsx:Patient isolates AST:Excel row 69,QUARANTINED_STANDARD_VERSION_AND_UNITS_REVIEW_REQUIRED
INDIA_ICU2026:K-83,INDIA_ICU2026_SINGLE_HOSPITAL,1934334,,Escherichia coli,India,,Homo sapiens,patient rectal swab,imipenem,8,,,MIC,VITEK2 AST N406,UNKNOWN_REVIEW_REQUIRED,,R,unknown,unknown,not_curated,measured_public,SAMN55405179,41467_2026_74764_MOESM4_ESM.xlsx:Patient isolates AST:Excel row 69,QUARANTINED_STANDARD_VERSION_AND_UNITS_REVIEW_REQUIRED
INDIA_ICU2026:K-84,INDIA_ICU2026_SINGLE_HOSPITAL,2525778,,Escherichia coli,India,,Homo sapiens,patient rectal swab,ceftazidime,>=64,,,MIC,VITEK2 AST N406,UNKNOWN_REVIEW_REQUIRED,,R,unknown,unknown,not_curated,measured_public,SAMN55405180,41467_2026_74764_MOESM4_ESM.xlsx:Patient isolates AST:Excel row 70,QUARANTINED_STANDARD_VERSION_AND_UNITS_REVIEW_REQUIRED
INDIA_ICU2026:K-84,INDIA_ICU2026_SINGLE_HOSPITAL,2525778,,Escherichia coli,India,,Homo sapiens,patient rectal swab,cefepime,>=32,,,MIC,VITEK2 AST N406,UNKNOWN_REVIEW_REQUIRED,,R,unknown,unknown,not_curated,measured_public,SAMN55405180,41467_2026_74764_MOESM4_ESM.xlsx:Patient isolates AST:Excel row 70,QUARANTINED_STANDARD_VERSION_AND_UNITS_REVIEW_REQUIRED
INDIA_ICU2026:K-84,INDIA_ICU2026_SINGLE_HOSPITAL,2525778,,Escherichia coli,India,,Homo sapiens,patient rectal swab,ciprofloxacin,>=4,,,MIC,VITEK2 AST N406,UNKNOWN_REVIEW_REQUIRED,,R,unknown,unknown,not_curated,measured_public,SAMN55405180,41467_2026_74764_MOESM4_ESM.xlsx:Patient isolates AST:Excel row 70,QUARANTINED_STANDARD_VERSION_AND_UNITS_REVIEW_REQUIRED
INDIA_ICU2026:K-84,INDIA_ICU2026_SINGLE_HOSPITAL,2525778,,Escherichia coli,India,,Homo sapiens,patient rectal swab,gentamicin,<=1,,,MIC,VITEK2 AST N406,UNKNOWN_REVIEW_REQUIRED,,S,unknown,unknown,not_curated,measured_public,SAMN55405180,41467_2026_74764_MOESM4_ESM.xlsx:Patient isolates AST:Excel row 70,QUARANTINED_STANDARD_VERSION_AND_UNITS_REVIEW_REQUIRED
INDIA_ICU2026:K-84,INDIA_ICU2026_SINGLE_HOSPITAL,2525778,,Escherichia coli,India,,Homo sapiens,patient rectal swab,amikacin,2,,,MIC,VITEK2 AST N406,UNKNOWN_REVIEW_REQUIRED,,S,unknown,unknown,not_curated,measured_public,SAMN55405180,41467_2026_74764_MOESM4_ESM.xlsx:Patient isolates AST:Excel row 70,QUARANTINED_STANDARD_VERSION_AND_UNITS_REVIEW_REQUIRED
INDIA_ICU2026:K-84,INDIA_ICU2026_SINGLE_HOSPITAL,2525778,,Escherichia coli,India,,Homo sapiens,patient rectal swab,meropenem,>=16,,,MIC,VITEK2 AST N406,UNKNOWN_REVIEW_REQUIRED,,R,unknown,unknown,not_curated,measured_public,SAMN55405180,41467_2026_74764_MOESM4_ESM.xlsx:Patient isolates AST:Excel row 70,QUARANTINED_STANDARD_VERSION_AND_UNITS_REVIEW_REQUIRED
INDIA_ICU2026:K-84,INDIA_ICU2026_SINGLE_HOSPITAL,2525778,,Escherichia coli,India,,Homo sapiens,patient rectal swab,imipenem,>=16,,,MIC,VITEK2 AST N406,UNKNOWN_REVIEW_REQUIRED,,R,unknown,unknown,not_curated,measured_public,SAMN55405180,41467_2026_74764_MOESM4_ESM.xlsx:Patient isolates AST:Excel row 70,QUARANTINED_STANDARD_VERSION_AND_UNITS_REVIEW_REQUIRED
INDIA_ICU2026:K-85,INDIA_ICU2026_SINGLE_HOSPITAL,2525778,,Escherichia coli,India,,Homo sapiens,patient rectal swab,ceftazidime,>=64,,,MIC,VITEK2 AST N406,UNKNOWN_REVIEW_REQUIRED,,R,unknown,unknown,not_curated,measured_public,SAMN55405181,41467_2026_74764_MOESM4_ESM.xlsx:Patient isolates AST:Excel row 71,QUARANTINED_STANDARD_VERSION_AND_UNITS_REVIEW_REQUIRED
INDIA_ICU2026:K-85,INDIA_ICU2026_SINGLE_HOSPITAL,2525778,,Escherichia coli,India,,Homo sapiens,patient rectal swab,cefepime,4,,,MIC,VITEK2 AST N406,UNKNOWN_REVIEW_REQUIRED,,SDD,unknown,unknown,not_curated,measured_public,SAMN55405181,41467_2026_74764_MOESM4_ESM.xlsx:Patient isolates AST:Excel row 71,QUARANTINED_STANDARD_VERSION_AND_UNITS_REVIEW_REQUIRED
INDIA_ICU2026:K-85,INDIA_ICU2026_SINGLE_HOSPITAL,2525778,,Escherichia coli,India,,Homo sapiens,patient rectal swab,ciprofloxacin,0.5,,,MIC,VITEK2 AST N406,UNKNOWN_REVIEW_REQUIRED,,I,unknown,unknown,not_curated,measured_public,SAMN55405181,41467_2026_74764_MOESM4_ESM.xlsx:Patient isolates AST:Excel row 71,QUARANTINED_STANDARD_VERSION_AND_UNITS_REVIEW_REQUIRED
INDIA_ICU2026:K-85,INDIA_ICU2026_SINGLE_HOSPITAL,2525778,,Escherichia coli,India,,Homo sapiens,patient rectal swab,gentamicin,<=1,,,MIC,VITEK2 AST N406,UNKNOWN_REVIEW_REQUIRED,,S,unknown,unknown,not_curated,measured_public,SAMN55405181,41467_2026_74764_MOESM4_ESM.xlsx:Patient isolates AST:Excel row 71,QUARANTINED_STANDARD_VERSION_AND_UNITS_REVIEW_REQUIRED
INDIA_ICU2026:K-85,INDIA_ICU2026_SINGLE_HOSPITAL,2525778,,Escherichia coli,India,,Homo sapiens,patient rectal swab,amikacin,4,,,MIC,VITEK2 AST N406,UNKNOWN_REVIEW_REQUIRED,,S,unknown,unknown,not_curated,measured_public,SAMN55405181,41467_2026_74764_MOESM4_ESM.xlsx:Patient isolates AST:Excel row 71,QUARANTINED_STANDARD_VERSION_AND_UNITS_REVIEW_REQUIRED
INDIA_ICU2026:K-85,INDIA_ICU2026_SINGLE_HOSPITAL,2525778,,Escherichia coli,India,,Homo sapiens,patient rectal swab,meropenem,>=16,,,MIC,VITEK2 AST N406,UNKNOWN_REVIEW_REQUIRED,,R,unknown,unknown,not_curated,measured_public,SAMN55405181,41467_2026_74764_MOESM4_ESM.xlsx:Patient isolates AST:Excel row 71,QUARANTINED_STANDARD_VERSION_AND_UNITS_REVIEW_REQUIRED
INDIA_ICU2026:K-85,INDIA_ICU2026_SINGLE_HOSPITAL,2525778,,Escherichia coli,India,,Homo sapiens,patient rectal swab,imipenem,8,,,MIC,VITEK2 AST N406,UNKNOWN_REVIEW_REQUIRED,,R,unknown,unknown,not_curated,measured_public,SAMN55405181,41467_2026_74764_MOESM4_ESM.xlsx:Patient isolates AST:Excel row 71,QUARANTINED_STANDARD_VERSION_AND_UNITS_REVIEW_REQUIRED
INDIA_ICU2026:K-28,INDIA_ICU2026_SINGLE_HOSPITAL,2618179,,Klebsiella pneumoniae,India,,Homo sapiens,patient rectal swab,ceftazidime,>=64,,,MIC,VITEK2 AST N406,UNKNOWN_REVIEW_REQUIRED,,R,unknown,unknown,not_curated,measured_public,SAMN55405120,41467_2026_74764_MOESM4_ESM.xlsx:Patient isolates AST:Excel row 72,QUARANTINED_STANDARD_VERSION_AND_UNITS_REVIEW_REQUIRED
INDIA_ICU2026:K-28,INDIA_ICU2026_SINGLE_HOSPITAL,2618179,,Klebsiella pneumoniae,India,,Homo sapiens,patient rectal swab,cefepime,>=32,,,MIC,VITEK2 AST N406,UNKNOWN_REVIEW_REQUIRED,,R,unknown,unknown,not_curated,measured_public,SAMN55405120,41467_2026_74764_MOESM4_ESM.xlsx:Patient isolates AST:Excel row 72,QUARANTINED_STANDARD_VERSION_AND_UNITS_REVIEW_REQUIRED
INDIA_ICU2026:K-28,INDIA_ICU2026_SINGLE_HOSPITAL,2618179,,Klebsiella pneumoniae,India,,Homo sapiens,patient rectal swab,ciprofloxacin,>=4,,,MIC,VITEK2 AST N406,UNKNOWN_REVIEW_REQUIRED,,R,unknown,unknown,not_curated,measured_public,SAMN55405120,41467_2026_74764_MOESM4_ESM.xlsx:Patient isolates AST:Excel row 72,QUARANTINED_STANDARD_VERSION_AND_UNITS_REVIEW_REQUIRED
INDIA_ICU2026:K-28,INDIA_ICU2026_SINGLE_HOSPITAL,2618179,,Klebsiella pneumoniae,India,,Homo sapiens,patient rectal swab,gentamicin,>=16,,,MIC,VITEK2 AST N406,UNKNOWN_REVIEW_REQUIRED,,R,unknown,unknown,not_curated,measured_public,SAMN55405120,41467_2026_74764_MOESM4_ESM.xlsx:Patient isolates AST:Excel row 72,QUARANTINED_STANDARD_VERSION_AND_UNITS_REVIEW_REQUIRED
INDIA_ICU2026:K-28,INDIA_ICU2026_SINGLE_HOSPITAL,2618179,,Klebsiella pneumoniae,India,,Homo sapiens,patient rectal swab,amikacin,32,,,MIC,VITEK2 AST N406,UNKNOWN_REVIEW_REQUIRED,,R,unknown,unknown,not_curated,measured_public,SAMN55405120,41467_2026_74764_MOESM4_ESM.xlsx:Patient isolates AST:Excel row 72,QUARANTINED_STANDARD_VERSION_AND_UNITS_REVIEW_REQUIRED
INDIA_ICU2026:K-28,INDIA_ICU2026_SINGLE_HOSPITAL,2618179,,Klebsiella pneumoniae,India,,Homo sapiens,patient rectal swab,meropenem,>=16,,,MIC,VITEK2 AST N406,UNKNOWN_REVIEW_REQUIRED,,R,unknown,unknown,not_curated,measured_public,SAMN55405120,41467_2026_74764_MOESM4_ESM.xlsx:Patient isolates AST:Excel row 72,QUARANTINED_STANDARD_VERSION_AND_UNITS_REVIEW_REQUIRED
INDIA_ICU2026:K-28,INDIA_ICU2026_SINGLE_HOSPITAL,2618179,,Klebsiella pneumoniae,India,,Homo sapiens,patient rectal swab,imipenem,>=16,,,MIC,VITEK2 AST N406,UNKNOWN_REVIEW_REQUIRED,,R,unknown,unknown,not_curated,measured_public,SAMN55405120,41467_2026_74764_MOESM4_ESM.xlsx:Patient isolates AST:Excel row 72,QUARANTINED_STANDARD_VERSION_AND_UNITS_REVIEW_REQUIRED
INDIA_ICU2026:K-86,INDIA_ICU2026_SINGLE_HOSPITAL,2633905,,Klebsiella pneumoniae,India,,Homo sapiens,patient rectal swab,ceftazidime,>=64,,,MIC,VITEK2 AST N406,UNKNOWN_REVIEW_REQUIRED,,R,unknown,unknown,not_curated,measured_public,SAMN55405182,41467_2026_74764_MOESM4_ESM.xlsx:Patient isolates AST:Excel row 73,QUARANTINED_STANDARD_VERSION_AND_UNITS_REVIEW_REQUIRED
INDIA_ICU2026:K-86,INDIA_ICU2026_SINGLE_HOSPITAL,2633905,,Klebsiella pneumoniae,India,,Homo sapiens,patient rectal swab,cefepime,>=32,,,MIC,VITEK2 AST N406,UNKNOWN_REVIEW_REQUIRED,,R,unknown,unknown,not_curated,measured_public,SAMN55405182,41467_2026_74764_MOESM4_ESM.xlsx:Patient isolates AST:Excel row 73,QUARANTINED_STANDARD_VERSION_AND_UNITS_REVIEW_REQUIRED
INDIA_ICU2026:K-86,INDIA_ICU2026_SINGLE_HOSPITAL,2633905,,Klebsiella pneumoniae,India,,Homo sapiens,patient rectal swab,ciprofloxacin,<=0.06,,,MIC,VITEK2 AST N406,UNKNOWN_REVIEW_REQUIRED,,S,unknown,unknown,not_curated,measured_public,SAMN55405182,41467_2026_74764_MOESM4_ESM.xlsx:Patient isolates AST:Excel row 73,QUARANTINED_STANDARD_VERSION_AND_UNITS_REVIEW_REQUIRED
INDIA_ICU2026:K-86,INDIA_ICU2026_SINGLE_HOSPITAL,2633905,,Klebsiella pneumoniae,India,,Homo sapiens,patient rectal swab,gentamicin,>=16,,,MIC,VITEK2 AST N406,UNKNOWN_REVIEW_REQUIRED,,R,unknown,unknown,not_curated,measured_public,SAMN55405182,41467_2026_74764_MOESM4_ESM.xlsx:Patient isolates AST:Excel row 73,QUARANTINED_STANDARD_VERSION_AND_UNITS_REVIEW_REQUIRED
INDIA_ICU2026:K-86,INDIA_ICU2026_SINGLE_HOSPITAL,2633905,,Klebsiella pneumoniae,India,,Homo sapiens,patient rectal swab,amikacin,32,,,MIC,VITEK2 AST N406,UNKNOWN_REVIEW_REQUIRED,,R,unknown,unknown,not_curated,measured_public,SAMN55405182,41467_2026_74764_MOESM4_ESM.xlsx:Patient isolates AST:Excel row 73,QUARANTINED_STANDARD_VERSION_AND_UNITS_REVIEW_REQUIRED
INDIA_ICU2026:K-86,INDIA_ICU2026_SINGLE_HOSPITAL,2633905,,Klebsiella pneumoniae,India,,Homo sapiens,patient rectal swab,meropenem,>=16,,,MIC,VITEK2 AST N406,UNKNOWN_REVIEW_REQUIRED,,R,unknown,unknown,not_curated,measured_public,SAMN55405182,41467_2026_74764_MOESM4_ESM.xlsx:Patient isolates AST:Excel row 73,QUARANTINED_STANDARD_VERSION_AND_UNITS_REVIEW_REQUIRED
INDIA_ICU2026:K-86,INDIA_ICU2026_SINGLE_HOSPITAL,2633905,,Klebsiella pneumoniae,India,,Homo sapiens,patient rectal swab,imipenem,>=16,,,MIC,VITEK2 AST N406,UNKNOWN_REVIEW_REQUIRED,,R,unknown,unknown,not_curated,measured_public,SAMN55405182,41467_2026_74764_MOESM4_ESM.xlsx:Patient isolates AST:Excel row 73,QUARANTINED_STANDARD_VERSION_AND_UNITS_REVIEW_REQUIRED
INDIA_ICU2026:K-87,INDIA_ICU2026_SINGLE_HOSPITAL,2626940,,Klebsiella pneumoniae,India,,Homo sapiens,patient rectal swab,ceftazidime,>=64,,,MIC,VITEK2 AST N406,UNKNOWN_REVIEW_REQUIRED,,R,unknown,unknown,not_curated,measured_public,SAMN55405183,41467_2026_74764_MOESM4_ESM.xlsx:Patient isolates AST:Excel row 74,QUARANTINED_STANDARD_VERSION_AND_UNITS_REVIEW_REQUIRED
INDIA_ICU2026:K-87,INDIA_ICU2026_SINGLE_HOSPITAL,2626940,,Klebsiella pneumoniae,India,,Homo sapiens,patient rectal swab,cefepime,>=32,,,MIC,VITEK2 AST N406,UNKNOWN_REVIEW_REQUIRED,,R,unknown,unknown,not_curated,measured_public,SAMN55405183,41467_2026_74764_MOESM4_ESM.xlsx:Patient isolates AST:Excel row 74,QUARANTINED_STANDARD_VERSION_AND_UNITS_REVIEW_REQUIRED
INDIA_ICU2026:K-87,INDIA_ICU2026_SINGLE_HOSPITAL,2626940,,Klebsiella pneumoniae,India,,Homo sapiens,patient rectal swab,ciprofloxacin,>=4,,,MIC,VITEK2 AST N406,UNKNOWN_REVIEW_REQUIRED,,R,unknown,unknown,not_curated,measured_public,SAMN55405183,41467_2026_74764_MOESM4_ESM.xlsx:Patient isolates AST:Excel row 74,QUARANTINED_STANDARD_VERSION_AND_UNITS_REVIEW_REQUIRED
INDIA_ICU2026:K-87,INDIA_ICU2026_SINGLE_HOSPITAL,2626940,,Klebsiella pneumoniae,India,,Homo sapiens,patient rectal swab,gentamicin,>=16,,,MIC,VITEK2 AST N406,UNKNOWN_REVIEW_REQUIRED,,R,unknown,unknown,not_curated,measured_public,SAMN55405183,41467_2026_74764_MOESM4_ESM.xlsx:Patient isolates AST:Excel row 74,QUARANTINED_STANDARD_VERSION_AND_UNITS_REVIEW_REQUIRED
INDIA_ICU2026:K-87,INDIA_ICU2026_SINGLE_HOSPITAL,2626940,,Klebsiella pneumoniae,India,,Homo sapiens,patient rectal swab,amikacin,32,,,MIC,VITEK2 AST N406,UNKNOWN_REVIEW_REQUIRED,,R,unknown,unknown,not_curated,measured_public,SAMN55405183,41467_2026_74764_MOESM4_ESM.xlsx:Patient isolates AST:Excel row 74,QUARANTINED_STANDARD_VERSION_AND_UNITS_REVIEW_REQUIRED
INDIA_ICU2026:K-87,INDIA_ICU2026_SINGLE_HOSPITAL,2626940,,Klebsiella pneumoniae,India,,Homo sapiens,patient rectal swab,meropenem,>=16,,,MIC,VITEK2 AST N406,UNKNOWN_REVIEW_REQUIRED,,R,unknown,unknown,not_curated,measured_public,SAMN55405183,41467_2026_74764_MOESM4_ESM.xlsx:Patient isolates AST:Excel row 74,QUARANTINED_STANDARD_VERSION_AND_UNITS_REVIEW_REQUIRED
INDIA_ICU2026:K-87,INDIA_ICU2026_SINGLE_HOSPITAL,2626940,,Klebsiella pneumoniae,India,,Homo sapiens,patient rectal swab,imipenem,>=16,,,MIC,VITEK2 AST N406,UNKNOWN_REVIEW_REQUIRED,,R,unknown,unknown,not_curated,measured_public,SAMN55405183,41467_2026_74764_MOESM4_ESM.xlsx:Patient isolates AST:Excel row 74,QUARANTINED_STANDARD_VERSION_AND_UNITS_REVIEW_REQUIRED
INDIA_ICU2026:K-88,INDIA_ICU2026_SINGLE_HOSPITAL,2626940,,Escherichia coli,India,,Homo sapiens,patient rectal swab,ceftazidime,>=64,,,MIC,VITEK2 AST N406,UNKNOWN_REVIEW_REQUIRED,,R,unknown,unknown,not_curated,measured_public,SAMN55405184,41467_2026_74764_MOESM4_ESM.xlsx:Patient isolates AST:Excel row 75,QUARANTINED_STANDARD_VERSION_AND_UNITS_REVIEW_REQUIRED
INDIA_ICU2026:K-88,INDIA_ICU2026_SINGLE_HOSPITAL,2626940,,Escherichia coli,India,,Homo sapiens,patient rectal swab,cefepime,>=32,,,MIC,VITEK2 AST N406,UNKNOWN_REVIEW_REQUIRED,,R,unknown,unknown,not_curated,measured_public,SAMN55405184,41467_2026_74764_MOESM4_ESM.xlsx:Patient isolates AST:Excel row 75,QUARANTINED_STANDARD_VERSION_AND_UNITS_REVIEW_REQUIRED
INDIA_ICU2026:K-88,INDIA_ICU2026_SINGLE_HOSPITAL,2626940,,Escherichia coli,India,,Homo sapiens,patient rectal swab,ciprofloxacin,>=4,,,MIC,VITEK2 AST N406,UNKNOWN_REVIEW_REQUIRED,,R,unknown,unknown,not_curated,measured_public,SAMN55405184,41467_2026_74764_MOESM4_ESM.xlsx:Patient isolates AST:Excel row 75,QUARANTINED_STANDARD_VERSION_AND_UNITS_REVIEW_REQUIRED
INDIA_ICU2026:K-88,INDIA_ICU2026_SINGLE_HOSPITAL,2626940,,Escherichia coli,India,,Homo sapiens,patient rectal swab,gentamicin,<=1,,,MIC,VITEK2 AST N406,UNKNOWN_REVIEW_REQUIRED,,S,unknown,unknown,not_curated,measured_public,SAMN55405184,41467_2026_74764_MOESM4_ESM.xlsx:Patient isolates AST:Excel row 75,QUARANTINED_STANDARD_VERSION_AND_UNITS_REVIEW_REQUIRED
INDIA_ICU2026:K-88,INDIA_ICU2026_SINGLE_HOSPITAL,2626940,,Escherichia coli,India,,Homo sapiens,patient rectal swab,amikacin,4,,,MIC,VITEK2 AST N406,UNKNOWN_REVIEW_REQUIRED,,S,unknown,unknown,not_curated,measured_public,SAMN55405184,41467_2026_74764_MOESM4_ESM.xlsx:Patient isolates AST:Excel row 75,QUARANTINED_STANDARD_VERSION_AND_UNITS_REVIEW_REQUIRED
INDIA_ICU2026:K-88,INDIA_ICU2026_SINGLE_HOSPITAL,2626940,,Escherichia coli,India,,Homo sapiens,patient rectal swab,meropenem,>=16,,,MIC,VITEK2 AST N406,UNKNOWN_REVIEW_REQUIRED,,R,unknown,unknown,not_curated,measured_public,SAMN55405184,41467_2026_74764_MOESM4_ESM.xlsx:Patient isolates AST:Excel row 75,QUARANTINED_STANDARD_VERSION_AND_UNITS_REVIEW_REQUIRED
INDIA_ICU2026:K-88,INDIA_ICU2026_SINGLE_HOSPITAL,2626940,,Escherichia coli,India,,Homo sapiens,patient rectal swab,imipenem,>=16,,,MIC,VITEK2 AST N406,UNKNOWN_REVIEW_REQUIRED,,R,unknown,unknown,not_curated,measured_public,SAMN55405184,41467_2026_74764_MOESM4_ESM.xlsx:Patient isolates AST:Excel row 75,QUARANTINED_STANDARD_VERSION_AND_UNITS_REVIEW_REQUIRED
INDIA_ICU2026:K-89,INDIA_ICU2026_SINGLE_HOSPITAL,2126780,,Escherichia coli,India,,Homo sapiens,patient rectal swab,ceftazidime,>=64,,,MIC,VITEK2 AST N406,UNKNOWN_REVIEW_REQUIRED,,R,unknown,unknown,not_curated,measured_public,SAMN55405185,41467_2026_74764_MOESM4_ESM.xlsx:Patient isolates AST:Excel row 76,QUARANTINED_STANDARD_VERSION_AND_UNITS_REVIEW_REQUIRED
INDIA_ICU2026:K-89,INDIA_ICU2026_SINGLE_HOSPITAL,2126780,,Escherichia coli,India,,Homo sapiens,patient rectal swab,cefepime,>=32,,,MIC,VITEK2 AST N406,UNKNOWN_REVIEW_REQUIRED,,R,unknown,unknown,not_curated,measured_public,SAMN55405185,41467_2026_74764_MOESM4_ESM.xlsx:Patient isolates AST:Excel row 76,QUARANTINED_STANDARD_VERSION_AND_UNITS_REVIEW_REQUIRED
INDIA_ICU2026:K-89,INDIA_ICU2026_SINGLE_HOSPITAL,2126780,,Escherichia coli,India,,Homo sapiens,patient rectal swab,ciprofloxacin,>=4,,,MIC,VITEK2 AST N406,UNKNOWN_REVIEW_REQUIRED,,R,unknown,unknown,not_curated,measured_public,SAMN55405185,41467_2026_74764_MOESM4_ESM.xlsx:Patient isolates AST:Excel row 76,QUARANTINED_STANDARD_VERSION_AND_UNITS_REVIEW_REQUIRED
INDIA_ICU2026:K-89,INDIA_ICU2026_SINGLE_HOSPITAL,2126780,,Escherichia coli,India,,Homo sapiens,patient rectal swab,gentamicin,<=1,,,MIC,VITEK2 AST N406,UNKNOWN_REVIEW_REQUIRED,,S,unknown,unknown,not_curated,measured_public,SAMN55405185,41467_2026_74764_MOESM4_ESM.xlsx:Patient isolates AST:Excel row 76,QUARANTINED_STANDARD_VERSION_AND_UNITS_REVIEW_REQUIRED
INDIA_ICU2026:K-89,INDIA_ICU2026_SINGLE_HOSPITAL,2126780,,Escherichia coli,India,,Homo sapiens,patient rectal swab,amikacin,2,,,MIC,VITEK2 AST N406,UNKNOWN_REVIEW_REQUIRED,,S,unknown,unknown,not_curated,measured_public,SAMN55405185,41467_2026_74764_MOESM4_ESM.xlsx:Patient isolates AST:Excel row 76,QUARANTINED_STANDARD_VERSION_AND_UNITS_REVIEW_REQUIRED
INDIA_ICU2026:K-89,INDIA_ICU2026_SINGLE_HOSPITAL,2126780,,Escherichia coli,India,,Homo sapiens,patient rectal swab,meropenem,>=16,,,MIC,VITEK2 AST N406,UNKNOWN_REVIEW_REQUIRED,,R,unknown,unknown,not_curated,measured_public,SAMN55405185,41467_2026_74764_MOESM4_ESM.xlsx:Patient isolates AST:Excel row 76,QUARANTINED_STANDARD_VERSION_AND_UNITS_REVIEW_REQUIRED
INDIA_ICU2026:K-89,INDIA_ICU2026_SINGLE_HOSPITAL,2126780,,Escherichia coli,India,,Homo sapiens,patient rectal swab,imipenem,>=16,,,MIC,VITEK2 AST N406,UNKNOWN_REVIEW_REQUIRED,,R,unknown,unknown,not_curated,measured_public,SAMN55405185,41467_2026_74764_MOESM4_ESM.xlsx:Patient isolates AST:Excel row 76,QUARANTINED_STANDARD_VERSION_AND_UNITS_REVIEW_REQUIRED
INDIA_ICU2026:K-90,INDIA_ICU2026_SINGLE_HOSPITAL,2126780,,Escherichia coli,India,,Homo sapiens,patient rectal swab,ceftazidime,>=64,,,MIC,VITEK2 AST N406,UNKNOWN_REVIEW_REQUIRED,,R,unknown,unknown,not_curated,measured_public,SAMN55405187,41467_2026_74764_MOESM4_ESM.xlsx:Patient isolates AST:Excel row 77,QUARANTINED_STANDARD_VERSION_AND_UNITS_REVIEW_REQUIRED
INDIA_ICU2026:K-90,INDIA_ICU2026_SINGLE_HOSPITAL,2126780,,Escherichia coli,India,,Homo sapiens,patient rectal swab,cefepime,>=32,,,MIC,VITEK2 AST N406,UNKNOWN_REVIEW_REQUIRED,,R,unknown,unknown,not_curated,measured_public,SAMN55405187,41467_2026_74764_MOESM4_ESM.xlsx:Patient isolates AST:Excel row 77,QUARANTINED_STANDARD_VERSION_AND_UNITS_REVIEW_REQUIRED
INDIA_ICU2026:K-90,INDIA_ICU2026_SINGLE_HOSPITAL,2126780,,Escherichia coli,India,,Homo sapiens,patient rectal swab,ciprofloxacin,>=4,,,MIC,VITEK2 AST N406,UNKNOWN_REVIEW_REQUIRED,,R,unknown,unknown,not_curated,measured_public,SAMN55405187,41467_2026_74764_MOESM4_ESM.xlsx:Patient isolates AST:Excel row 77,QUARANTINED_STANDARD_VERSION_AND_UNITS_REVIEW_REQUIRED
INDIA_ICU2026:K-90,INDIA_ICU2026_SINGLE_HOSPITAL,2126780,,Escherichia coli,India,,Homo sapiens,patient rectal swab,gentamicin,>=16,,,MIC,VITEK2 AST N406,UNKNOWN_REVIEW_REQUIRED,,R,unknown,unknown,not_curated,measured_public,SAMN55405187,41467_2026_74764_MOESM4_ESM.xlsx:Patient isolates AST:Excel row 77,QUARANTINED_STANDARD_VERSION_AND_UNITS_REVIEW_REQUIRED
INDIA_ICU2026:K-90,INDIA_ICU2026_SINGLE_HOSPITAL,2126780,,Escherichia coli,India,,Homo sapiens,patient rectal swab,amikacin,32,,,MIC,VITEK2 AST N406,UNKNOWN_REVIEW_REQUIRED,,R,unknown,unknown,not_curated,measured_public,SAMN55405187,41467_2026_74764_MOESM4_ESM.xlsx:Patient isolates AST:Excel row 77,QUARANTINED_STANDARD_VERSION_AND_UNITS_REVIEW_REQUIRED
INDIA_ICU2026:K-90,INDIA_ICU2026_SINGLE_HOSPITAL,2126780,,Escherichia coli,India,,Homo sapiens,patient rectal swab,meropenem,>=16,,,MIC,VITEK2 AST N406,UNKNOWN_REVIEW_REQUIRED,,R,unknown,unknown,not_curated,measured_public,SAMN55405187,41467_2026_74764_MOESM4_ESM.xlsx:Patient isolates AST:Excel row 77,QUARANTINED_STANDARD_VERSION_AND_UNITS_REVIEW_REQUIRED
INDIA_ICU2026:K-90,INDIA_ICU2026_SINGLE_HOSPITAL,2126780,,Escherichia coli,India,,Homo sapiens,patient rectal swab,imipenem,>=16,,,MIC,VITEK2 AST N406,UNKNOWN_REVIEW_REQUIRED,,R,unknown,unknown,not_curated,measured_public,SAMN55405187,41467_2026_74764_MOESM4_ESM.xlsx:Patient isolates AST:Excel row 77,QUARANTINED_STANDARD_VERSION_AND_UNITS_REVIEW_REQUIRED
INDIA_ICU2026:K-141,INDIA_ICU2026_SINGLE_HOSPITAL,2613226,,Escherichia coli,India,,Homo sapiens,patient rectal swab,ceftazidime,>=64,,,MIC,VITEK2 AST N406,UNKNOWN_REVIEW_REQUIRED,,R,unknown,unknown,not_curated,measured_public,SAMN55405105,41467_2026_74764_MOESM4_ESM.xlsx:Patient isolates AST:Excel row 78,QUARANTINED_STANDARD_VERSION_AND_UNITS_REVIEW_REQUIRED
INDIA_ICU2026:K-141,INDIA_ICU2026_SINGLE_HOSPITAL,2613226,,Escherichia coli,India,,Homo sapiens,patient rectal swab,cefepime,8,,,MIC,VITEK2 AST N406,UNKNOWN_REVIEW_REQUIRED,,SDD,unknown,unknown,not_curated,measured_public,SAMN55405105,41467_2026_74764_MOESM4_ESM.xlsx:Patient isolates AST:Excel row 78,QUARANTINED_STANDARD_VERSION_AND_UNITS_REVIEW_REQUIRED
INDIA_ICU2026:K-141,INDIA_ICU2026_SINGLE_HOSPITAL,2613226,,Escherichia coli,India,,Homo sapiens,patient rectal swab,ciprofloxacin,>=4,,,MIC,VITEK2 AST N406,UNKNOWN_REVIEW_REQUIRED,,R,unknown,unknown,not_curated,measured_public,SAMN55405105,41467_2026_74764_MOESM4_ESM.xlsx:Patient isolates AST:Excel row 78,QUARANTINED_STANDARD_VERSION_AND_UNITS_REVIEW_REQUIRED
INDIA_ICU2026:K-141,INDIA_ICU2026_SINGLE_HOSPITAL,2613226,,Escherichia coli,India,,Homo sapiens,patient rectal swab,gentamicin,>=16,,,MIC,VITEK2 AST N406,UNKNOWN_REVIEW_REQUIRED,,R,unknown,unknown,not_curated,measured_public,SAMN55405105,41467_2026_74764_MOESM4_ESM.xlsx:Patient isolates AST:Excel row 78,QUARANTINED_STANDARD_VERSION_AND_UNITS_REVIEW_REQUIRED
INDIA_ICU2026:K-141,INDIA_ICU2026_SINGLE_HOSPITAL,2613226,,Escherichia coli,India,,Homo sapiens,patient rectal swab,amikacin,2,,,MIC,VITEK2 AST N406,UNKNOWN_REVIEW_REQUIRED,,S,unknown,unknown,not_curated,measured_public,SAMN55405105,41467_2026_74764_MOESM4_ESM.xlsx:Patient isolates AST:Excel row 78,QUARANTINED_STANDARD_VERSION_AND_UNITS_REVIEW_REQUIRED
INDIA_ICU2026:K-141,INDIA_ICU2026_SINGLE_HOSPITAL,2613226,,Escherichia coli,India,,Homo sapiens,patient rectal swab,meropenem,0.5,,,MIC,VITEK2 AST N406,UNKNOWN_REVIEW_REQUIRED,,S,unknown,unknown,not_curated,measured_public,SAMN55405105,41467_2026_74764_MOESM4_ESM.xlsx:Patient isolates AST:Excel row 78,QUARANTINED_STANDARD_VERSION_AND_UNITS_REVIEW_REQUIRED
INDIA_ICU2026:K-141,INDIA_ICU2026_SINGLE_HOSPITAL,2613226,,Escherichia coli,India,,Homo sapiens,patient rectal swab,imipenem,<=0.25*,,,MIC,VITEK2 AST N406,UNKNOWN_REVIEW_REQUIRED,,*I,unknown,unknown,not_curated,measured_public,SAMN55405105,41467_2026_74764_MOESM4_ESM.xlsx:Patient isolates AST:Excel row 78,QUARANTINED_STANDARD_VERSION_AND_UNITS_REVIEW_REQUIRED
INDIA_ICU2026:K-29,INDIA_ICU2026_SINGLE_HOSPITAL,2386259,,Escherichia coli,India,,Homo sapiens,patient rectal swab,ceftazidime,>=64,,,MIC,VITEK2 AST N406,UNKNOWN_REVIEW_REQUIRED,,R,unknown,unknown,not_curated,measured_public,SAMN55405121,41467_2026_74764_MOESM4_ESM.xlsx:Patient isolates AST:Excel row 79,QUARANTINED_STANDARD_VERSION_AND_UNITS_REVIEW_REQUIRED
INDIA_ICU2026:K-29,INDIA_ICU2026_SINGLE_HOSPITAL,2386259,,Escherichia coli,India,,Homo sapiens,patient rectal swab,cefepime,>=32,,,MIC,VITEK2 AST N406,UNKNOWN_REVIEW_REQUIRED,,R,unknown,unknown,not_curated,measured_public,SAMN55405121,41467_2026_74764_MOESM4_ESM.xlsx:Patient isolates AST:Excel row 79,QUARANTINED_STANDARD_VERSION_AND_UNITS_REVIEW_REQUIRED
INDIA_ICU2026:K-29,INDIA_ICU2026_SINGLE_HOSPITAL,2386259,,Escherichia coli,India,,Homo sapiens,patient rectal swab,ciprofloxacin,>=4,,,MIC,VITEK2 AST N406,UNKNOWN_REVIEW_REQUIRED,,R,unknown,unknown,not_curated,measured_public,SAMN55405121,41467_2026_74764_MOESM4_ESM.xlsx:Patient isolates AST:Excel row 79,QUARANTINED_STANDARD_VERSION_AND_UNITS_REVIEW_REQUIRED
INDIA_ICU2026:K-29,INDIA_ICU2026_SINGLE_HOSPITAL,2386259,,Escherichia coli,India,,Homo sapiens,patient rectal swab,gentamicin,<=1,,,MIC,VITEK2 AST N406,UNKNOWN_REVIEW_REQUIRED,,S,unknown,unknown,not_curated,measured_public,SAMN55405121,41467_2026_74764_MOESM4_ESM.xlsx:Patient isolates AST:Excel row 79,QUARANTINED_STANDARD_VERSION_AND_UNITS_REVIEW_REQUIRED
INDIA_ICU2026:K-29,INDIA_ICU2026_SINGLE_HOSPITAL,2386259,,Escherichia coli,India,,Homo sapiens,patient rectal swab,amikacin,2,,,MIC,VITEK2 AST N406,UNKNOWN_REVIEW_REQUIRED,,S,unknown,unknown,not_curated,measured_public,SAMN55405121,41467_2026_74764_MOESM4_ESM.xlsx:Patient isolates AST:Excel row 79,QUARANTINED_STANDARD_VERSION_AND_UNITS_REVIEW_REQUIRED
INDIA_ICU2026:K-29,INDIA_ICU2026_SINGLE_HOSPITAL,2386259,,Escherichia coli,India,,Homo sapiens,patient rectal swab,meropenem,>=16,,,MIC,VITEK2 AST N406,UNKNOWN_REVIEW_REQUIRED,,R,unknown,unknown,not_curated,measured_public,SAMN55405121,41467_2026_74764_MOESM4_ESM.xlsx:Patient isolates AST:Excel row 79,QUARANTINED_STANDARD_VERSION_AND_UNITS_REVIEW_REQUIRED
INDIA_ICU2026:K-29,INDIA_ICU2026_SINGLE_HOSPITAL,2386259,,Escherichia coli,India,,Homo sapiens,patient rectal swab,imipenem,>=16,,,MIC,VITEK2 AST N406,UNKNOWN_REVIEW_REQUIRED,,R,unknown,unknown,not_curated,measured_public,SAMN55405121,41467_2026_74764_MOESM4_ESM.xlsx:Patient isolates AST:Excel row 79,QUARANTINED_STANDARD_VERSION_AND_UNITS_REVIEW_REQUIRED
INDIA_ICU2026:K-142,INDIA_ICU2026_SINGLE_HOSPITAL,2591008,,Escherichia coli,India,,Homo sapiens,patient rectal swab,ceftazidime,>=64,,,MIC,VITEK2 AST N406,UNKNOWN_REVIEW_REQUIRED,,R,unknown,unknown,not_curated,measured_public,SAMN55405106,41467_2026_74764_MOESM4_ESM.xlsx:Patient isolates AST:Excel row 80,QUARANTINED_STANDARD_VERSION_AND_UNITS_REVIEW_REQUIRED
INDIA_ICU2026:K-142,INDIA_ICU2026_SINGLE_HOSPITAL,2591008,,Escherichia coli,India,,Homo sapiens,patient rectal swab,cefepime,0.5,,,MIC,VITEK2 AST N406,UNKNOWN_REVIEW_REQUIRED,,S,unknown,unknown,not_curated,measured_public,SAMN55405106,41467_2026_74764_MOESM4_ESM.xlsx:Patient isolates AST:Excel row 80,QUARANTINED_STANDARD_VERSION_AND_UNITS_REVIEW_REQUIRED
INDIA_ICU2026:K-142,INDIA_ICU2026_SINGLE_HOSPITAL,2591008,,Escherichia coli,India,,Homo sapiens,patient rectal swab,ciprofloxacin,>=4,,,MIC,VITEK2 AST N406,UNKNOWN_REVIEW_REQUIRED,,R,unknown,unknown,not_curated,measured_public,SAMN55405106,41467_2026_74764_MOESM4_ESM.xlsx:Patient isolates AST:Excel row 80,QUARANTINED_STANDARD_VERSION_AND_UNITS_REVIEW_REQUIRED
INDIA_ICU2026:K-142,INDIA_ICU2026_SINGLE_HOSPITAL,2591008,,Escherichia coli,India,,Homo sapiens,patient rectal swab,gentamicin,<=1,,,MIC,VITEK2 AST N406,UNKNOWN_REVIEW_REQUIRED,,S,unknown,unknown,not_curated,measured_public,SAMN55405106,41467_2026_74764_MOESM4_ESM.xlsx:Patient isolates AST:Excel row 80,QUARANTINED_STANDARD_VERSION_AND_UNITS_REVIEW_REQUIRED
INDIA_ICU2026:K-142,INDIA_ICU2026_SINGLE_HOSPITAL,2591008,,Escherichia coli,India,,Homo sapiens,patient rectal swab,amikacin,2,,,MIC,VITEK2 AST N406,UNKNOWN_REVIEW_REQUIRED,,S,unknown,unknown,not_curated,measured_public,SAMN55405106,41467_2026_74764_MOESM4_ESM.xlsx:Patient isolates AST:Excel row 80,QUARANTINED_STANDARD_VERSION_AND_UNITS_REVIEW_REQUIRED
INDIA_ICU2026:K-142,INDIA_ICU2026_SINGLE_HOSPITAL,2591008,,Escherichia coli,India,,Homo sapiens,patient rectal swab,meropenem,8,,,MIC,VITEK2 AST N406,UNKNOWN_REVIEW_REQUIRED,,R,unknown,unknown,not_curated,measured_public,SAMN55405106,41467_2026_74764_MOESM4_ESM.xlsx:Patient isolates AST:Excel row 80,QUARANTINED_STANDARD_VERSION_AND_UNITS_REVIEW_REQUIRED
INDIA_ICU2026:K-142,INDIA_ICU2026_SINGLE_HOSPITAL,2591008,,Escherichia coli,India,,Homo sapiens,patient rectal swab,imipenem,1,,,MIC,VITEK2 AST N406,UNKNOWN_REVIEW_REQUIRED,,S,unknown,unknown,not_curated,measured_public,SAMN55405106,41467_2026_74764_MOESM4_ESM.xlsx:Patient isolates AST:Excel row 80,QUARANTINED_STANDARD_VERSION_AND_UNITS_REVIEW_REQUIRED
INDIA_ICU2026:K-30,INDIA_ICU2026_SINGLE_HOSPITAL,2591008,,Klebsiella pneumoniae,India,,Homo sapiens,patient rectal swab,ceftazidime,32,,,MIC,VITEK2 AST N406,UNKNOWN_REVIEW_REQUIRED,,R,unknown,unknown,not_curated,measured_public,SAMN55405123,41467_2026_74764_MOESM4_ESM.xlsx:Patient isolates AST:Excel row 81,QUARANTINED_STANDARD_VERSION_AND_UNITS_REVIEW_REQUIRED
INDIA_ICU2026:K-30,INDIA_ICU2026_SINGLE_HOSPITAL,2591008,,Klebsiella pneumoniae,India,,Homo sapiens,patient rectal swab,cefepime,>=32,,,MIC,VITEK2 AST N406,UNKNOWN_REVIEW_REQUIRED,,R,unknown,unknown,not_curated,measured_public,SAMN55405123,41467_2026_74764_MOESM4_ESM.xlsx:Patient isolates AST:Excel row 81,QUARANTINED_STANDARD_VERSION_AND_UNITS_REVIEW_REQUIRED
INDIA_ICU2026:K-30,INDIA_ICU2026_SINGLE_HOSPITAL,2591008,,Klebsiella pneumoniae,India,,Homo sapiens,patient rectal swab,ciprofloxacin,>=4,,,MIC,VITEK2 AST N406,UNKNOWN_REVIEW_REQUIRED,,R,unknown,unknown,not_curated,measured_public,SAMN55405123,41467_2026_74764_MOESM4_ESM.xlsx:Patient isolates AST:Excel row 81,QUARANTINED_STANDARD_VERSION_AND_UNITS_REVIEW_REQUIRED
INDIA_ICU2026:K-30,INDIA_ICU2026_SINGLE_HOSPITAL,2591008,,Klebsiella pneumoniae,India,,Homo sapiens,patient rectal swab,gentamicin,>=16,,,MIC,VITEK2 AST N406,UNKNOWN_REVIEW_REQUIRED,,R,unknown,unknown,not_curated,measured_public,SAMN55405123,41467_2026_74764_MOESM4_ESM.xlsx:Patient isolates AST:Excel row 81,QUARANTINED_STANDARD_VERSION_AND_UNITS_REVIEW_REQUIRED
INDIA_ICU2026:K-30,INDIA_ICU2026_SINGLE_HOSPITAL,2591008,,Klebsiella pneumoniae,India,,Homo sapiens,patient rectal swab,amikacin,<=1,,,MIC,VITEK2 AST N406,UNKNOWN_REVIEW_REQUIRED,,S,unknown,unknown,not_curated,measured_public,SAMN55405123,41467_2026_74764_MOESM4_ESM.xlsx:Patient isolates AST:Excel row 81,QUARANTINED_STANDARD_VERSION_AND_UNITS_REVIEW_REQUIRED
INDIA_ICU2026:K-30,INDIA_ICU2026_SINGLE_HOSPITAL,2591008,,Klebsiella pneumoniae,India,,Homo sapiens,patient rectal swab,meropenem,1,,,MIC,VITEK2 AST N406,UNKNOWN_REVIEW_REQUIRED,,S,unknown,unknown,not_curated,measured_public,SAMN55405123,41467_2026_74764_MOESM4_ESM.xlsx:Patient isolates AST:Excel row 81,QUARANTINED_STANDARD_VERSION_AND_UNITS_REVIEW_REQUIRED
INDIA_ICU2026:K-30,INDIA_ICU2026_SINGLE_HOSPITAL,2591008,,Klebsiella pneumoniae,India,,Homo sapiens,patient rectal swab,imipenem,2,,,MIC,VITEK2 AST N406,UNKNOWN_REVIEW_REQUIRED,,I,unknown,unknown,not_curated,measured_public,SAMN55405123,41467_2026_74764_MOESM4_ESM.xlsx:Patient isolates AST:Excel row 81,QUARANTINED_STANDARD_VERSION_AND_UNITS_REVIEW_REQUIRED
INDIA_ICU2026:K-31,INDIA_ICU2026_SINGLE_HOSPITAL,1316279,,Escherichia coli,India,,Homo sapiens,patient rectal swab,ceftazidime,>=64,,,MIC,VITEK2 AST N406,UNKNOWN_REVIEW_REQUIRED,,R,unknown,unknown,not_curated,measured_public,SAMN55405124,41467_2026_74764_MOESM4_ESM.xlsx:Patient isolates AST:Excel row 82,QUARANTINED_STANDARD_VERSION_AND_UNITS_REVIEW_REQUIRED
INDIA_ICU2026:K-31,INDIA_ICU2026_SINGLE_HOSPITAL,1316279,,Escherichia coli,India,,Homo sapiens,patient rectal swab,cefepime,>=32,,,MIC,VITEK2 AST N406,UNKNOWN_REVIEW_REQUIRED,,R,unknown,unknown,not_curated,measured_public,SAMN55405124,41467_2026_74764_MOESM4_ESM.xlsx:Patient isolates AST:Excel row 82,QUARANTINED_STANDARD_VERSION_AND_UNITS_REVIEW_REQUIRED
INDIA_ICU2026:K-31,INDIA_ICU2026_SINGLE_HOSPITAL,1316279,,Escherichia coli,India,,Homo sapiens,patient rectal swab,ciprofloxacin,>=4,,,MIC,VITEK2 AST N406,UNKNOWN_REVIEW_REQUIRED,,R,unknown,unknown,not_curated,measured_public,SAMN55405124,41467_2026_74764_MOESM4_ESM.xlsx:Patient isolates AST:Excel row 82,QUARANTINED_STANDARD_VERSION_AND_UNITS_REVIEW_REQUIRED
INDIA_ICU2026:K-31,INDIA_ICU2026_SINGLE_HOSPITAL,1316279,,Escherichia coli,India,,Homo sapiens,patient rectal swab,gentamicin,>=16,,,MIC,VITEK2 AST N406,UNKNOWN_REVIEW_REQUIRED,,R,unknown,unknown,not_curated,measured_public,SAMN55405124,41467_2026_74764_MOESM4_ESM.xlsx:Patient isolates AST:Excel row 82,QUARANTINED_STANDARD_VERSION_AND_UNITS_REVIEW_REQUIRED
INDIA_ICU2026:K-31,INDIA_ICU2026_SINGLE_HOSPITAL,1316279,,Escherichia coli,India,,Homo sapiens,patient rectal swab,amikacin,>=64,,,MIC,VITEK2 AST N406,UNKNOWN_REVIEW_REQUIRED,,R,unknown,unknown,not_curated,measured_public,SAMN55405124,41467_2026_74764_MOESM4_ESM.xlsx:Patient isolates AST:Excel row 82,QUARANTINED_STANDARD_VERSION_AND_UNITS_REVIEW_REQUIRED
INDIA_ICU2026:K-31,INDIA_ICU2026_SINGLE_HOSPITAL,1316279,,Escherichia coli,India,,Homo sapiens,patient rectal swab,meropenem,>=16,,,MIC,VITEK2 AST N406,UNKNOWN_REVIEW_REQUIRED,,R,unknown,unknown,not_curated,measured_public,SAMN55405124,41467_2026_74764_MOESM4_ESM.xlsx:Patient isolates AST:Excel row 82,QUARANTINED_STANDARD_VERSION_AND_UNITS_REVIEW_REQUIRED
INDIA_ICU2026:K-31,INDIA_ICU2026_SINGLE_HOSPITAL,1316279,,Escherichia coli,India,,Homo sapiens,patient rectal swab,imipenem,>=16,,,MIC,VITEK2 AST N406,UNKNOWN_REVIEW_REQUIRED,,R,unknown,unknown,not_curated,measured_public,SAMN55405124,41467_2026_74764_MOESM4_ESM.xlsx:Patient isolates AST:Excel row 82,QUARANTINED_STANDARD_VERSION_AND_UNITS_REVIEW_REQUIRED
INDIA_ICU2026:K-91,INDIA_ICU2026_SINGLE_HOSPITAL,2633908,,Escherichia coli,India,,Homo sapiens,patient rectal swab,ceftazidime,>=64,,,MIC,VITEK2 AST N406,UNKNOWN_REVIEW_REQUIRED,,R,unknown,unknown,not_curated,measured_public,SAMN55405188,41467_2026_74764_MOESM4_ESM.xlsx:Patient isolates AST:Excel row 83,QUARANTINED_STANDARD_VERSION_AND_UNITS_REVIEW_REQUIRED
INDIA_ICU2026:K-91,INDIA_ICU2026_SINGLE_HOSPITAL,2633908,,Escherichia coli,India,,Homo sapiens,patient rectal swab,cefepime,>=32,,,MIC,VITEK2 AST N406,UNKNOWN_REVIEW_REQUIRED,,R,unknown,unknown,not_curated,measured_public,SAMN55405188,41467_2026_74764_MOESM4_ESM.xlsx:Patient isolates AST:Excel row 83,QUARANTINED_STANDARD_VERSION_AND_UNITS_REVIEW_REQUIRED
INDIA_ICU2026:K-91,INDIA_ICU2026_SINGLE_HOSPITAL,2633908,,Escherichia coli,India,,Homo sapiens,patient rectal swab,ciprofloxacin,>=4,,,MIC,VITEK2 AST N406,UNKNOWN_REVIEW_REQUIRED,,R,unknown,unknown,not_curated,measured_public,SAMN55405188,41467_2026_74764_MOESM4_ESM.xlsx:Patient isolates AST:Excel row 83,QUARANTINED_STANDARD_VERSION_AND_UNITS_REVIEW_REQUIRED
INDIA_ICU2026:K-91,INDIA_ICU2026_SINGLE_HOSPITAL,2633908,,Escherichia coli,India,,Homo sapiens,patient rectal swab,gentamicin,>=16,,,MIC,VITEK2 AST N406,UNKNOWN_REVIEW_REQUIRED,,R,unknown,unknown,not_curated,measured_public,SAMN55405188,41467_2026_74764_MOESM4_ESM.xlsx:Patient isolates AST:Excel row 83,QUARANTINED_STANDARD_VERSION_AND_UNITS_REVIEW_REQUIRED
INDIA_ICU2026:K-91,INDIA_ICU2026_SINGLE_HOSPITAL,2633908,,Escherichia coli,India,,Homo sapiens,patient rectal swab,amikacin,4,,,MIC,VITEK2 AST N406,UNKNOWN_REVIEW_REQUIRED,,S,unknown,unknown,not_curated,measured_public,SAMN55405188,41467_2026_74764_MOESM4_ESM.xlsx:Patient isolates AST:Excel row 83,QUARANTINED_STANDARD_VERSION_AND_UNITS_REVIEW_REQUIRED
INDIA_ICU2026:K-91,INDIA_ICU2026_SINGLE_HOSPITAL,2633908,,Escherichia coli,India,,Homo sapiens,patient rectal swab,meropenem,>=16,,,MIC,VITEK2 AST N406,UNKNOWN_REVIEW_REQUIRED,,R,unknown,unknown,not_curated,measured_public,SAMN55405188,41467_2026_74764_MOESM4_ESM.xlsx:Patient isolates AST:Excel row 83,QUARANTINED_STANDARD_VERSION_AND_UNITS_REVIEW_REQUIRED
INDIA_ICU2026:K-91,INDIA_ICU2026_SINGLE_HOSPITAL,2633908,,Escherichia coli,India,,Homo sapiens,patient rectal swab,imipenem,>=16,,,MIC,VITEK2 AST N406,UNKNOWN_REVIEW_REQUIRED,,R,unknown,unknown,not_curated,measured_public,SAMN55405188,41467_2026_74764_MOESM4_ESM.xlsx:Patient isolates AST:Excel row 83,QUARANTINED_STANDARD_VERSION_AND_UNITS_REVIEW_REQUIRED
INDIA_ICU2026:K-92,INDIA_ICU2026_SINGLE_HOSPITAL,2628999,,Escherichia coli,India,,Homo sapiens,patient rectal swab,ceftazidime,>=64,,,MIC,VITEK2 AST N406,UNKNOWN_REVIEW_REQUIRED,,R,unknown,unknown,not_curated,measured_public,SAMN55405189,41467_2026_74764_MOESM4_ESM.xlsx:Patient isolates AST:Excel row 84,QUARANTINED_STANDARD_VERSION_AND_UNITS_REVIEW_REQUIRED
INDIA_ICU2026:K-92,INDIA_ICU2026_SINGLE_HOSPITAL,2628999,,Escherichia coli,India,,Homo sapiens,patient rectal swab,cefepime,>=32,,,MIC,VITEK2 AST N406,UNKNOWN_REVIEW_REQUIRED,,R,unknown,unknown,not_curated,measured_public,SAMN55405189,41467_2026_74764_MOESM4_ESM.xlsx:Patient isolates AST:Excel row 84,QUARANTINED_STANDARD_VERSION_AND_UNITS_REVIEW_REQUIRED
INDIA_ICU2026:K-92,INDIA_ICU2026_SINGLE_HOSPITAL,2628999,,Escherichia coli,India,,Homo sapiens,patient rectal swab,ciprofloxacin,>=4,,,MIC,VITEK2 AST N406,UNKNOWN_REVIEW_REQUIRED,,R,unknown,unknown,not_curated,measured_public,SAMN55405189,41467_2026_74764_MOESM4_ESM.xlsx:Patient isolates AST:Excel row 84,QUARANTINED_STANDARD_VERSION_AND_UNITS_REVIEW_REQUIRED
INDIA_ICU2026:K-92,INDIA_ICU2026_SINGLE_HOSPITAL,2628999,,Escherichia coli,India,,Homo sapiens,patient rectal swab,gentamicin,<=1,,,MIC,VITEK2 AST N406,UNKNOWN_REVIEW_REQUIRED,,S,unknown,unknown,not_curated,measured_public,SAMN55405189,41467_2026_74764_MOESM4_ESM.xlsx:Patient isolates AST:Excel row 84,QUARANTINED_STANDARD_VERSION_AND_UNITS_REVIEW_REQUIRED
INDIA_ICU2026:K-92,INDIA_ICU2026_SINGLE_HOSPITAL,2628999,,Escherichia coli,India,,Homo sapiens,patient rectal swab,amikacin,2,,,MIC,VITEK2 AST N406,UNKNOWN_REVIEW_REQUIRED,,S,unknown,unknown,not_curated,measured_public,SAMN55405189,41467_2026_74764_MOESM4_ESM.xlsx:Patient isolates AST:Excel row 84,QUARANTINED_STANDARD_VERSION_AND_UNITS_REVIEW_REQUIRED
INDIA_ICU2026:K-92,INDIA_ICU2026_SINGLE_HOSPITAL,2628999,,Escherichia coli,India,,Homo sapiens,patient rectal swab,meropenem,>=16,,,MIC,VITEK2 AST N406,UNKNOWN_REVIEW_REQUIRED,,R,unknown,unknown,not_curated,measured_public,SAMN55405189,41467_2026_74764_MOESM4_ESM.xlsx:Patient isolates AST:Excel row 84,QUARANTINED_STANDARD_VERSION_AND_UNITS_REVIEW_REQUIRED
INDIA_ICU2026:K-92,INDIA_ICU2026_SINGLE_HOSPITAL,2628999,,Escherichia coli,India,,Homo sapiens,patient rectal swab,imipenem,>=16,,,MIC,VITEK2 AST N406,UNKNOWN_REVIEW_REQUIRED,,R,unknown,unknown,not_curated,measured_public,SAMN55405189,41467_2026_74764_MOESM4_ESM.xlsx:Patient isolates AST:Excel row 84,QUARANTINED_STANDARD_VERSION_AND_UNITS_REVIEW_REQUIRED
INDIA_ICU2026:K-32,INDIA_ICU2026_SINGLE_HOSPITAL,2624371,,Escherichia coli,India,,Homo sapiens,patient rectal swab,ceftazidime,>=64,,,MIC,VITEK2 AST N406,UNKNOWN_REVIEW_REQUIRED,,R,unknown,unknown,not_curated,measured_public,SAMN55405125,41467_2026_74764_MOESM4_ESM.xlsx:Patient isolates AST:Excel row 85,QUARANTINED_STANDARD_VERSION_AND_UNITS_REVIEW_REQUIRED
INDIA_ICU2026:K-32,INDIA_ICU2026_SINGLE_HOSPITAL,2624371,,Escherichia coli,India,,Homo sapiens,patient rectal swab,cefepime,>=32,,,MIC,VITEK2 AST N406,UNKNOWN_REVIEW_REQUIRED,,R,unknown,unknown,not_curated,measured_public,SAMN55405125,41467_2026_74764_MOESM4_ESM.xlsx:Patient isolates AST:Excel row 85,QUARANTINED_STANDARD_VERSION_AND_UNITS_REVIEW_REQUIRED
INDIA_ICU2026:K-32,INDIA_ICU2026_SINGLE_HOSPITAL,2624371,,Escherichia coli,India,,Homo sapiens,patient rectal swab,ciprofloxacin,>=4,,,MIC,VITEK2 AST N406,UNKNOWN_REVIEW_REQUIRED,,R,unknown,unknown,not_curated,measured_public,SAMN55405125,41467_2026_74764_MOESM4_ESM.xlsx:Patient isolates AST:Excel row 85,QUARANTINED_STANDARD_VERSION_AND_UNITS_REVIEW_REQUIRED
INDIA_ICU2026:K-32,INDIA_ICU2026_SINGLE_HOSPITAL,2624371,,Escherichia coli,India,,Homo sapiens,patient rectal swab,gentamicin,>=16,,,MIC,VITEK2 AST N406,UNKNOWN_REVIEW_REQUIRED,,R,unknown,unknown,not_curated,measured_public,SAMN55405125,41467_2026_74764_MOESM4_ESM.xlsx:Patient isolates AST:Excel row 85,QUARANTINED_STANDARD_VERSION_AND_UNITS_REVIEW_REQUIRED
INDIA_ICU2026:K-32,INDIA_ICU2026_SINGLE_HOSPITAL,2624371,,Escherichia coli,India,,Homo sapiens,patient rectal swab,amikacin,>=64,,,MIC,VITEK2 AST N406,UNKNOWN_REVIEW_REQUIRED,,R,unknown,unknown,not_curated,measured_public,SAMN55405125,41467_2026_74764_MOESM4_ESM.xlsx:Patient isolates AST:Excel row 85,QUARANTINED_STANDARD_VERSION_AND_UNITS_REVIEW_REQUIRED
INDIA_ICU2026:K-32,INDIA_ICU2026_SINGLE_HOSPITAL,2624371,,Escherichia coli,India,,Homo sapiens,patient rectal swab,meropenem,>=16,,,MIC,VITEK2 AST N406,UNKNOWN_REVIEW_REQUIRED,,R,unknown,unknown,not_curated,measured_public,SAMN55405125,41467_2026_74764_MOESM4_ESM.xlsx:Patient isolates AST:Excel row 85,QUARANTINED_STANDARD_VERSION_AND_UNITS_REVIEW_REQUIRED
INDIA_ICU2026:K-32,INDIA_ICU2026_SINGLE_HOSPITAL,2624371,,Escherichia coli,India,,Homo sapiens,patient rectal swab,imipenem,>=16,,,MIC,VITEK2 AST N406,UNKNOWN_REVIEW_REQUIRED,,R,unknown,unknown,not_curated,measured_public,SAMN55405125,41467_2026_74764_MOESM4_ESM.xlsx:Patient isolates AST:Excel row 85,QUARANTINED_STANDARD_VERSION_AND_UNITS_REVIEW_REQUIRED
INDIA_ICU2026:K-93,INDIA_ICU2026_SINGLE_HOSPITAL,2639868,,Klebsiella quasipneumoniae,India,,Homo sapiens,patient rectal swab,ceftazidime,>=64,,,MIC,VITEK2 AST N406,UNKNOWN_REVIEW_REQUIRED,,R,unknown,unknown,not_curated,measured_public,SAMN55405190,41467_2026_74764_MOESM4_ESM.xlsx:Patient isolates AST:Excel row 86,QUARANTINED_STANDARD_VERSION_AND_UNITS_REVIEW_REQUIRED
INDIA_ICU2026:K-93,INDIA_ICU2026_SINGLE_HOSPITAL,2639868,,Klebsiella quasipneumoniae,India,,Homo sapiens,patient rectal swab,cefepime,>=32,,,MIC,VITEK2 AST N406,UNKNOWN_REVIEW_REQUIRED,,R,unknown,unknown,not_curated,measured_public,SAMN55405190,41467_2026_74764_MOESM4_ESM.xlsx:Patient isolates AST:Excel row 86,QUARANTINED_STANDARD_VERSION_AND_UNITS_REVIEW_REQUIRED
INDIA_ICU2026:K-93,INDIA_ICU2026_SINGLE_HOSPITAL,2639868,,Klebsiella quasipneumoniae,India,,Homo sapiens,patient rectal swab,ciprofloxacin,>=4,,,MIC,VITEK2 AST N406,UNKNOWN_REVIEW_REQUIRED,,R,unknown,unknown,not_curated,measured_public,SAMN55405190,41467_2026_74764_MOESM4_ESM.xlsx:Patient isolates AST:Excel row 86,QUARANTINED_STANDARD_VERSION_AND_UNITS_REVIEW_REQUIRED
INDIA_ICU2026:K-93,INDIA_ICU2026_SINGLE_HOSPITAL,2639868,,Klebsiella quasipneumoniae,India,,Homo sapiens,patient rectal swab,gentamicin,<=1,,,MIC,VITEK2 AST N406,UNKNOWN_REVIEW_REQUIRED,,S,unknown,unknown,not_curated,measured_public,SAMN55405190,41467_2026_74764_MOESM4_ESM.xlsx:Patient isolates AST:Excel row 86,QUARANTINED_STANDARD_VERSION_AND_UNITS_REVIEW_REQUIRED
INDIA_ICU2026:K-93,INDIA_ICU2026_SINGLE_HOSPITAL,2639868,,Klebsiella quasipneumoniae,India,,Homo sapiens,patient rectal swab,amikacin,16,,,MIC,VITEK2 AST N406,UNKNOWN_REVIEW_REQUIRED,,R,unknown,unknown,not_curated,measured_public,SAMN55405190,41467_2026_74764_MOESM4_ESM.xlsx:Patient isolates AST:Excel row 86,QUARANTINED_STANDARD_VERSION_AND_UNITS_REVIEW_REQUIRED
INDIA_ICU2026:K-93,INDIA_ICU2026_SINGLE_HOSPITAL,2639868,,Klebsiella quasipneumoniae,India,,Homo sapiens,patient rectal swab,meropenem,>=16,,,MIC,VITEK2 AST N406,UNKNOWN_REVIEW_REQUIRED,,R,unknown,unknown,not_curated,measured_public,SAMN55405190,41467_2026_74764_MOESM4_ESM.xlsx:Patient isolates AST:Excel row 86,QUARANTINED_STANDARD_VERSION_AND_UNITS_REVIEW_REQUIRED
INDIA_ICU2026:K-93,INDIA_ICU2026_SINGLE_HOSPITAL,2639868,,Klebsiella quasipneumoniae,India,,Homo sapiens,patient rectal swab,imipenem,8,,,MIC,VITEK2 AST N406,UNKNOWN_REVIEW_REQUIRED,,R,unknown,unknown,not_curated,measured_public,SAMN55405190,41467_2026_74764_MOESM4_ESM.xlsx:Patient isolates AST:Excel row 86,QUARANTINED_STANDARD_VERSION_AND_UNITS_REVIEW_REQUIRED
INDIA_ICU2026:K-33,INDIA_ICU2026_SINGLE_HOSPITAL,1013932,,Escherichia coli,India,,Homo sapiens,patient rectal swab,ceftazidime,>=64,,,MIC,VITEK2 AST N406,UNKNOWN_REVIEW_REQUIRED,,R,unknown,unknown,not_curated,measured_public,SAMN55405126,41467_2026_74764_MOESM4_ESM.xlsx:Patient isolates AST:Excel row 87,QUARANTINED_STANDARD_VERSION_AND_UNITS_REVIEW_REQUIRED
INDIA_ICU2026:K-33,INDIA_ICU2026_SINGLE_HOSPITAL,1013932,,Escherichia coli,India,,Homo sapiens,patient rectal swab,cefepime,8,,,MIC,VITEK2 AST N406,UNKNOWN_REVIEW_REQUIRED,,SDD,unknown,unknown,not_curated,measured_public,SAMN55405126,41467_2026_74764_MOESM4_ESM.xlsx:Patient isolates AST:Excel row 87,QUARANTINED_STANDARD_VERSION_AND_UNITS_REVIEW_REQUIRED
INDIA_ICU2026:K-33,INDIA_ICU2026_SINGLE_HOSPITAL,1013932,,Escherichia coli,India,,Homo sapiens,patient rectal swab,ciprofloxacin,>=4,,,MIC,VITEK2 AST N406,UNKNOWN_REVIEW_REQUIRED,,R,unknown,unknown,not_curated,measured_public,SAMN55405126,41467_2026_74764_MOESM4_ESM.xlsx:Patient isolates AST:Excel row 87,QUARANTINED_STANDARD_VERSION_AND_UNITS_REVIEW_REQUIRED
INDIA_ICU2026:K-33,INDIA_ICU2026_SINGLE_HOSPITAL,1013932,,Escherichia coli,India,,Homo sapiens,patient rectal swab,gentamicin,>=16,,,MIC,VITEK2 AST N406,UNKNOWN_REVIEW_REQUIRED,,R,unknown,unknown,not_curated,measured_public,SAMN55405126,41467_2026_74764_MOESM4_ESM.xlsx:Patient isolates AST:Excel row 87,QUARANTINED_STANDARD_VERSION_AND_UNITS_REVIEW_REQUIRED
INDIA_ICU2026:K-33,INDIA_ICU2026_SINGLE_HOSPITAL,1013932,,Escherichia coli,India,,Homo sapiens,patient rectal swab,amikacin,2,,,MIC,VITEK2 AST N406,UNKNOWN_REVIEW_REQUIRED,,S,unknown,unknown,not_curated,measured_public,SAMN55405126,41467_2026_74764_MOESM4_ESM.xlsx:Patient isolates AST:Excel row 87,QUARANTINED_STANDARD_VERSION_AND_UNITS_REVIEW_REQUIRED
INDIA_ICU2026:K-33,INDIA_ICU2026_SINGLE_HOSPITAL,1013932,,Escherichia coli,India,,Homo sapiens,patient rectal swab,meropenem,2,,,MIC,VITEK2 AST N406,UNKNOWN_REVIEW_REQUIRED,,I,unknown,unknown,not_curated,measured_public,SAMN55405126,41467_2026_74764_MOESM4_ESM.xlsx:Patient isolates AST:Excel row 87,QUARANTINED_STANDARD_VERSION_AND_UNITS_REVIEW_REQUIRED
INDIA_ICU2026:K-33,INDIA_ICU2026_SINGLE_HOSPITAL,1013932,,Escherichia coli,India,,Homo sapiens,patient rectal swab,imipenem,0.5,,,MIC,VITEK2 AST N406,UNKNOWN_REVIEW_REQUIRED,,I,unknown,unknown,not_curated,measured_public,SAMN55405126,41467_2026_74764_MOESM4_ESM.xlsx:Patient isolates AST:Excel row 87,QUARANTINED_STANDARD_VERSION_AND_UNITS_REVIEW_REQUIRED
INDIA_ICU2026:K-94,INDIA_ICU2026_SINGLE_HOSPITAL,2614377,,Klebsiella pneumoniae,India,,Homo sapiens,patient rectal swab,ceftazidime,>=64,,,MIC,VITEK2 AST N406,UNKNOWN_REVIEW_REQUIRED,,R,unknown,unknown,not_curated,measured_public,SAMN55405191,41467_2026_74764_MOESM4_ESM.xlsx:Patient isolates AST:Excel row 88,QUARANTINED_STANDARD_VERSION_AND_UNITS_REVIEW_REQUIRED
INDIA_ICU2026:K-94,INDIA_ICU2026_SINGLE_HOSPITAL,2614377,,Klebsiella pneumoniae,India,,Homo sapiens,patient rectal swab,cefepime,>=32,,,MIC,VITEK2 AST N406,UNKNOWN_REVIEW_REQUIRED,,R,unknown,unknown,not_curated,measured_public,SAMN55405191,41467_2026_74764_MOESM4_ESM.xlsx:Patient isolates AST:Excel row 88,QUARANTINED_STANDARD_VERSION_AND_UNITS_REVIEW_REQUIRED
INDIA_ICU2026:K-94,INDIA_ICU2026_SINGLE_HOSPITAL,2614377,,Klebsiella pneumoniae,India,,Homo sapiens,patient rectal swab,ciprofloxacin,>=4,,,MIC,VITEK2 AST N406,UNKNOWN_REVIEW_REQUIRED,,R,unknown,unknown,not_curated,measured_public,SAMN55405191,41467_2026_74764_MOESM4_ESM.xlsx:Patient isolates AST:Excel row 88,QUARANTINED_STANDARD_VERSION_AND_UNITS_REVIEW_REQUIRED
INDIA_ICU2026:K-94,INDIA_ICU2026_SINGLE_HOSPITAL,2614377,,Klebsiella pneumoniae,India,,Homo sapiens,patient rectal swab,gentamicin,<=1,,,MIC,VITEK2 AST N406,UNKNOWN_REVIEW_REQUIRED,,S,unknown,unknown,not_curated,measured_public,SAMN55405191,41467_2026_74764_MOESM4_ESM.xlsx:Patient isolates AST:Excel row 88,QUARANTINED_STANDARD_VERSION_AND_UNITS_REVIEW_REQUIRED
INDIA_ICU2026:K-94,INDIA_ICU2026_SINGLE_HOSPITAL,2614377,,Klebsiella pneumoniae,India,,Homo sapiens,patient rectal swab,amikacin,2,,,MIC,VITEK2 AST N406,UNKNOWN_REVIEW_REQUIRED,,S,unknown,unknown,not_curated,measured_public,SAMN55405191,41467_2026_74764_MOESM4_ESM.xlsx:Patient isolates AST:Excel row 88,QUARANTINED_STANDARD_VERSION_AND_UNITS_REVIEW_REQUIRED
INDIA_ICU2026:K-94,INDIA_ICU2026_SINGLE_HOSPITAL,2614377,,Klebsiella pneumoniae,India,,Homo sapiens,patient rectal swab,meropenem,8,,,MIC,VITEK2 AST N406,UNKNOWN_REVIEW_REQUIRED,,R,unknown,unknown,not_curated,measured_public,SAMN55405191,41467_2026_74764_MOESM4_ESM.xlsx:Patient isolates AST:Excel row 88,QUARANTINED_STANDARD_VERSION_AND_UNITS_REVIEW_REQUIRED
INDIA_ICU2026:K-94,INDIA_ICU2026_SINGLE_HOSPITAL,2614377,,Klebsiella pneumoniae,India,,Homo sapiens,patient rectal swab,imipenem,>=16,,,MIC,VITEK2 AST N406,UNKNOWN_REVIEW_REQUIRED,,R,unknown,unknown,not_curated,measured_public,SAMN55405191,41467_2026_74764_MOESM4_ESM.xlsx:Patient isolates AST:Excel row 88,QUARANTINED_STANDARD_VERSION_AND_UNITS_REVIEW_REQUIRED
INDIA_ICU2026:K-34,INDIA_ICU2026_SINGLE_HOSPITAL,1884376,,Enterobacter roggenkampii,India,,Homo sapiens,patient rectal swab,ceftazidime,>=64,,,MIC,VITEK2 AST N406,UNKNOWN_REVIEW_REQUIRED,,R,unknown,unknown,not_curated,measured_public,SAMN55405127,41467_2026_74764_MOESM4_ESM.xlsx:Patient isolates AST:Excel row 89,QUARANTINED_STANDARD_VERSION_AND_UNITS_REVIEW_REQUIRED
INDIA_ICU2026:K-34,INDIA_ICU2026_SINGLE_HOSPITAL,1884376,,Enterobacter roggenkampii,India,,Homo sapiens,patient rectal swab,cefepime,>=32,,,MIC,VITEK2 AST N406,UNKNOWN_REVIEW_REQUIRED,,R,unknown,unknown,not_curated,measured_public,SAMN55405127,41467_2026_74764_MOESM4_ESM.xlsx:Patient isolates AST:Excel row 89,QUARANTINED_STANDARD_VERSION_AND_UNITS_REVIEW_REQUIRED
INDIA_ICU2026:K-34,INDIA_ICU2026_SINGLE_HOSPITAL,1884376,,Enterobacter roggenkampii,India,,Homo sapiens,patient rectal swab,ciprofloxacin,>=4,,,MIC,VITEK2 AST N406,UNKNOWN_REVIEW_REQUIRED,,R,unknown,unknown,not_curated,measured_public,SAMN55405127,41467_2026_74764_MOESM4_ESM.xlsx:Patient isolates AST:Excel row 89,QUARANTINED_STANDARD_VERSION_AND_UNITS_REVIEW_REQUIRED
INDIA_ICU2026:K-34,INDIA_ICU2026_SINGLE_HOSPITAL,1884376,,Enterobacter roggenkampii,India,,Homo sapiens,patient rectal swab,gentamicin,2,,,MIC,VITEK2 AST N406,UNKNOWN_REVIEW_REQUIRED,,S,unknown,unknown,not_curated,measured_public,SAMN55405127,41467_2026_74764_MOESM4_ESM.xlsx:Patient isolates AST:Excel row 89,QUARANTINED_STANDARD_VERSION_AND_UNITS_REVIEW_REQUIRED
INDIA_ICU2026:K-34,INDIA_ICU2026_SINGLE_HOSPITAL,1884376,,Enterobacter roggenkampii,India,,Homo sapiens,patient rectal swab,amikacin,32,,,MIC,VITEK2 AST N406,UNKNOWN_REVIEW_REQUIRED,,R,unknown,unknown,not_curated,measured_public,SAMN55405127,41467_2026_74764_MOESM4_ESM.xlsx:Patient isolates AST:Excel row 89,QUARANTINED_STANDARD_VERSION_AND_UNITS_REVIEW_REQUIRED
INDIA_ICU2026:K-34,INDIA_ICU2026_SINGLE_HOSPITAL,1884376,,Enterobacter roggenkampii,India,,Homo sapiens,patient rectal swab,meropenem,>=16,,,MIC,VITEK2 AST N406,UNKNOWN_REVIEW_REQUIRED,,R,unknown,unknown,not_curated,measured_public,SAMN55405127,41467_2026_74764_MOESM4_ESM.xlsx:Patient isolates AST:Excel row 89,QUARANTINED_STANDARD_VERSION_AND_UNITS_REVIEW_REQUIRED
INDIA_ICU2026:K-34,INDIA_ICU2026_SINGLE_HOSPITAL,1884376,,Enterobacter roggenkampii,India,,Homo sapiens,patient rectal swab,imipenem,>=16,,,MIC,VITEK2 AST N406,UNKNOWN_REVIEW_REQUIRED,,R,unknown,unknown,not_curated,measured_public,SAMN55405127,41467_2026_74764_MOESM4_ESM.xlsx:Patient isolates AST:Excel row 89,QUARANTINED_STANDARD_VERSION_AND_UNITS_REVIEW_REQUIRED
INDIA_ICU2026:K-35,INDIA_ICU2026_SINGLE_HOSPITAL,2635186,,Escherichia coli,India,,Homo sapiens,patient rectal swab,ceftazidime,>=64,,,MIC,VITEK2 AST N406,UNKNOWN_REVIEW_REQUIRED,,R,unknown,unknown,not_curated,measured_public,SAMN55405128,41467_2026_74764_MOESM4_ESM.xlsx:Patient isolates AST:Excel row 90,QUARANTINED_STANDARD_VERSION_AND_UNITS_REVIEW_REQUIRED
INDIA_ICU2026:K-35,INDIA_ICU2026_SINGLE_HOSPITAL,2635186,,Escherichia coli,India,,Homo sapiens,patient rectal swab,cefepime,>=32,,,MIC,VITEK2 AST N406,UNKNOWN_REVIEW_REQUIRED,,R,unknown,unknown,not_curated,measured_public,SAMN55405128,41467_2026_74764_MOESM4_ESM.xlsx:Patient isolates AST:Excel row 90,QUARANTINED_STANDARD_VERSION_AND_UNITS_REVIEW_REQUIRED
INDIA_ICU2026:K-35,INDIA_ICU2026_SINGLE_HOSPITAL,2635186,,Escherichia coli,India,,Homo sapiens,patient rectal swab,ciprofloxacin,>=4,,,MIC,VITEK2 AST N406,UNKNOWN_REVIEW_REQUIRED,,R,unknown,unknown,not_curated,measured_public,SAMN55405128,41467_2026_74764_MOESM4_ESM.xlsx:Patient isolates AST:Excel row 90,QUARANTINED_STANDARD_VERSION_AND_UNITS_REVIEW_REQUIRED
INDIA_ICU2026:K-35,INDIA_ICU2026_SINGLE_HOSPITAL,2635186,,Escherichia coli,India,,Homo sapiens,patient rectal swab,gentamicin,<=1,,,MIC,VITEK2 AST N406,UNKNOWN_REVIEW_REQUIRED,,S,unknown,unknown,not_curated,measured_public,SAMN55405128,41467_2026_74764_MOESM4_ESM.xlsx:Patient isolates AST:Excel row 90,QUARANTINED_STANDARD_VERSION_AND_UNITS_REVIEW_REQUIRED
INDIA_ICU2026:K-35,INDIA_ICU2026_SINGLE_HOSPITAL,2635186,,Escherichia coli,India,,Homo sapiens,patient rectal swab,amikacin,4,,,MIC,VITEK2 AST N406,UNKNOWN_REVIEW_REQUIRED,,S,unknown,unknown,not_curated,measured_public,SAMN55405128,41467_2026_74764_MOESM4_ESM.xlsx:Patient isolates AST:Excel row 90,QUARANTINED_STANDARD_VERSION_AND_UNITS_REVIEW_REQUIRED
INDIA_ICU2026:K-35,INDIA_ICU2026_SINGLE_HOSPITAL,2635186,,Escherichia coli,India,,Homo sapiens,patient rectal swab,meropenem,>=16,,,MIC,VITEK2 AST N406,UNKNOWN_REVIEW_REQUIRED,,R,unknown,unknown,not_curated,measured_public,SAMN55405128,41467_2026_74764_MOESM4_ESM.xlsx:Patient isolates AST:Excel row 90,QUARANTINED_STANDARD_VERSION_AND_UNITS_REVIEW_REQUIRED
INDIA_ICU2026:K-35,INDIA_ICU2026_SINGLE_HOSPITAL,2635186,,Escherichia coli,India,,Homo sapiens,patient rectal swab,imipenem,>=16,,,MIC,VITEK2 AST N406,UNKNOWN_REVIEW_REQUIRED,,R,unknown,unknown,not_curated,measured_public,SAMN55405128,41467_2026_74764_MOESM4_ESM.xlsx:Patient isolates AST:Excel row 90,QUARANTINED_STANDARD_VERSION_AND_UNITS_REVIEW_REQUIRED
INDIA_ICU2026:K-96,INDIA_ICU2026_SINGLE_HOSPITAL,2640452,,Escherichia coli,India,,Homo sapiens,patient rectal swab,ceftazidime,>=64,,,MIC,VITEK2 AST N406,UNKNOWN_REVIEW_REQUIRED,,R,unknown,unknown,not_curated,measured_public,SAMN55405192,41467_2026_74764_MOESM4_ESM.xlsx:Patient isolates AST:Excel row 91,QUARANTINED_STANDARD_VERSION_AND_UNITS_REVIEW_REQUIRED
INDIA_ICU2026:K-96,INDIA_ICU2026_SINGLE_HOSPITAL,2640452,,Escherichia coli,India,,Homo sapiens,patient rectal swab,cefepime,>=32,,,MIC,VITEK2 AST N406,UNKNOWN_REVIEW_REQUIRED,,R,unknown,unknown,not_curated,measured_public,SAMN55405192,41467_2026_74764_MOESM4_ESM.xlsx:Patient isolates AST:Excel row 91,QUARANTINED_STANDARD_VERSION_AND_UNITS_REVIEW_REQUIRED
INDIA_ICU2026:K-96,INDIA_ICU2026_SINGLE_HOSPITAL,2640452,,Escherichia coli,India,,Homo sapiens,patient rectal swab,ciprofloxacin,>=4,,,MIC,VITEK2 AST N406,UNKNOWN_REVIEW_REQUIRED,,R,unknown,unknown,not_curated,measured_public,SAMN55405192,41467_2026_74764_MOESM4_ESM.xlsx:Patient isolates AST:Excel row 91,QUARANTINED_STANDARD_VERSION_AND_UNITS_REVIEW_REQUIRED
INDIA_ICU2026:K-96,INDIA_ICU2026_SINGLE_HOSPITAL,2640452,,Escherichia coli,India,,Homo sapiens,patient rectal swab,gentamicin,<=1,,,MIC,VITEK2 AST N406,UNKNOWN_REVIEW_REQUIRED,,S,unknown,unknown,not_curated,measured_public,SAMN55405192,41467_2026_74764_MOESM4_ESM.xlsx:Patient isolates AST:Excel row 91,QUARANTINED_STANDARD_VERSION_AND_UNITS_REVIEW_REQUIRED
INDIA_ICU2026:K-96,INDIA_ICU2026_SINGLE_HOSPITAL,2640452,,Escherichia coli,India,,Homo sapiens,patient rectal swab,amikacin,2,,,MIC,VITEK2 AST N406,UNKNOWN_REVIEW_REQUIRED,,S,unknown,unknown,not_curated,measured_public,SAMN55405192,41467_2026_74764_MOESM4_ESM.xlsx:Patient isolates AST:Excel row 91,QUARANTINED_STANDARD_VERSION_AND_UNITS_REVIEW_REQUIRED
INDIA_ICU2026:K-96,INDIA_ICU2026_SINGLE_HOSPITAL,2640452,,Escherichia coli,India,,Homo sapiens,patient rectal swab,meropenem,>=16,,,MIC,VITEK2 AST N406,UNKNOWN_REVIEW_REQUIRED,,R,unknown,unknown,not_curated,measured_public,SAMN55405192,41467_2026_74764_MOESM4_ESM.xlsx:Patient isolates AST:Excel row 91,QUARANTINED_STANDARD_VERSION_AND_UNITS_REVIEW_REQUIRED
INDIA_ICU2026:K-96,INDIA_ICU2026_SINGLE_HOSPITAL,2640452,,Escherichia coli,India,,Homo sapiens,patient rectal swab,imipenem,>=16,,,MIC,VITEK2 AST N406,UNKNOWN_REVIEW_REQUIRED,,R,unknown,unknown,not_curated,measured_public,SAMN55405192,41467_2026_74764_MOESM4_ESM.xlsx:Patient isolates AST:Excel row 91,QUARANTINED_STANDARD_VERSION_AND_UNITS_REVIEW_REQUIRED
INDIA_ICU2026:K-97,INDIA_ICU2026_SINGLE_HOSPITAL,2640452,,Klebsiella pneumoniae,India,,Homo sapiens,patient rectal swab,ceftazidime,>=64,,,MIC,VITEK2 AST N406,UNKNOWN_REVIEW_REQUIRED,,R,unknown,unknown,not_curated,measured_public,SAMN55405193,41467_2026_74764_MOESM4_ESM.xlsx:Patient isolates AST:Excel row 92,QUARANTINED_STANDARD_VERSION_AND_UNITS_REVIEW_REQUIRED
INDIA_ICU2026:K-97,INDIA_ICU2026_SINGLE_HOSPITAL,2640452,,Klebsiella pneumoniae,India,,Homo sapiens,patient rectal swab,cefepime,>=32,,,MIC,VITEK2 AST N406,UNKNOWN_REVIEW_REQUIRED,,R,unknown,unknown,not_curated,measured_public,SAMN55405193,41467_2026_74764_MOESM4_ESM.xlsx:Patient isolates AST:Excel row 92,QUARANTINED_STANDARD_VERSION_AND_UNITS_REVIEW_REQUIRED
INDIA_ICU2026:K-97,INDIA_ICU2026_SINGLE_HOSPITAL,2640452,,Klebsiella pneumoniae,India,,Homo sapiens,patient rectal swab,ciprofloxacin,>=4,,,MIC,VITEK2 AST N406,UNKNOWN_REVIEW_REQUIRED,,R,unknown,unknown,not_curated,measured_public,SAMN55405193,41467_2026_74764_MOESM4_ESM.xlsx:Patient isolates AST:Excel row 92,QUARANTINED_STANDARD_VERSION_AND_UNITS_REVIEW_REQUIRED
INDIA_ICU2026:K-97,INDIA_ICU2026_SINGLE_HOSPITAL,2640452,,Klebsiella pneumoniae,India,,Homo sapiens,patient rectal swab,gentamicin,>=16,,,MIC,VITEK2 AST N406,UNKNOWN_REVIEW_REQUIRED,,R,unknown,unknown,not_curated,measured_public,SAMN55405193,41467_2026_74764_MOESM4_ESM.xlsx:Patient isolates AST:Excel row 92,QUARANTINED_STANDARD_VERSION_AND_UNITS_REVIEW_REQUIRED
INDIA_ICU2026:K-97,INDIA_ICU2026_SINGLE_HOSPITAL,2640452,,Klebsiella pneumoniae,India,,Homo sapiens,patient rectal swab,amikacin,16,,,MIC,VITEK2 AST N406,UNKNOWN_REVIEW_REQUIRED,,R,unknown,unknown,not_curated,measured_public,SAMN55405193,41467_2026_74764_MOESM4_ESM.xlsx:Patient isolates AST:Excel row 92,QUARANTINED_STANDARD_VERSION_AND_UNITS_REVIEW_REQUIRED
INDIA_ICU2026:K-97,INDIA_ICU2026_SINGLE_HOSPITAL,2640452,,Klebsiella pneumoniae,India,,Homo sapiens,patient rectal swab,meropenem,>=16,,,MIC,VITEK2 AST N406,UNKNOWN_REVIEW_REQUIRED,,R,unknown,unknown,not_curated,measured_public,SAMN55405193,41467_2026_74764_MOESM4_ESM.xlsx:Patient isolates AST:Excel row 92,QUARANTINED_STANDARD_VERSION_AND_UNITS_REVIEW_REQUIRED
INDIA_ICU2026:K-97,INDIA_ICU2026_SINGLE_HOSPITAL,2640452,,Klebsiella pneumoniae,India,,Homo sapiens,patient rectal swab,imipenem,2,,,MIC,VITEK2 AST N406,UNKNOWN_REVIEW_REQUIRED,,I,unknown,unknown,not_curated,measured_public,SAMN55405193,41467_2026_74764_MOESM4_ESM.xlsx:Patient isolates AST:Excel row 92,QUARANTINED_STANDARD_VERSION_AND_UNITS_REVIEW_REQUIRED
INDIA_ICU2026:K-100,INDIA_ICU2026_SINGLE_HOSPITAL,2638069,,Escherichia coli,India,,Homo sapiens,patient rectal swab,ceftazidime,>=64,,,MIC,VITEK2 AST N406,UNKNOWN_REVIEW_REQUIRED,,R,unknown,unknown,not_curated,measured_public,SAMN55405076,41467_2026_74764_MOESM4_ESM.xlsx:Patient isolates AST:Excel row 93,QUARANTINED_STANDARD_VERSION_AND_UNITS_REVIEW_REQUIRED
INDIA_ICU2026:K-100,INDIA_ICU2026_SINGLE_HOSPITAL,2638069,,Escherichia coli,India,,Homo sapiens,patient rectal swab,cefepime,8,,,MIC,VITEK2 AST N406,UNKNOWN_REVIEW_REQUIRED,,SDD,unknown,unknown,not_curated,measured_public,SAMN55405076,41467_2026_74764_MOESM4_ESM.xlsx:Patient isolates AST:Excel row 93,QUARANTINED_STANDARD_VERSION_AND_UNITS_REVIEW_REQUIRED
INDIA_ICU2026:K-100,INDIA_ICU2026_SINGLE_HOSPITAL,2638069,,Escherichia coli,India,,Homo sapiens,patient rectal swab,ciprofloxacin,0.5,,,MIC,VITEK2 AST N406,UNKNOWN_REVIEW_REQUIRED,,I,unknown,unknown,not_curated,measured_public,SAMN55405076,41467_2026_74764_MOESM4_ESM.xlsx:Patient isolates AST:Excel row 93,QUARANTINED_STANDARD_VERSION_AND_UNITS_REVIEW_REQUIRED
INDIA_ICU2026:K-100,INDIA_ICU2026_SINGLE_HOSPITAL,2638069,,Escherichia coli,India,,Homo sapiens,patient rectal swab,gentamicin,<=1,,,MIC,VITEK2 AST N406,UNKNOWN_REVIEW_REQUIRED,,S,unknown,unknown,not_curated,measured_public,SAMN55405076,41467_2026_74764_MOESM4_ESM.xlsx:Patient isolates AST:Excel row 93,QUARANTINED_STANDARD_VERSION_AND_UNITS_REVIEW_REQUIRED
INDIA_ICU2026:K-100,INDIA_ICU2026_SINGLE_HOSPITAL,2638069,,Escherichia coli,India,,Homo sapiens,patient rectal swab,amikacin,4,,,MIC,VITEK2 AST N406,UNKNOWN_REVIEW_REQUIRED,,S,unknown,unknown,not_curated,measured_public,SAMN55405076,41467_2026_74764_MOESM4_ESM.xlsx:Patient isolates AST:Excel row 93,QUARANTINED_STANDARD_VERSION_AND_UNITS_REVIEW_REQUIRED
INDIA_ICU2026:K-100,INDIA_ICU2026_SINGLE_HOSPITAL,2638069,,Escherichia coli,India,,Homo sapiens,patient rectal swab,meropenem,>=16,,,MIC,VITEK2 AST N406,UNKNOWN_REVIEW_REQUIRED,,R,unknown,unknown,not_curated,measured_public,SAMN55405076,41467_2026_74764_MOESM4_ESM.xlsx:Patient isolates AST:Excel row 93,QUARANTINED_STANDARD_VERSION_AND_UNITS_REVIEW_REQUIRED
INDIA_ICU2026:K-100,INDIA_ICU2026_SINGLE_HOSPITAL,2638069,,Escherichia coli,India,,Homo sapiens,patient rectal swab,imipenem,8,,,MIC,VITEK2 AST N406,UNKNOWN_REVIEW_REQUIRED,,R,unknown,unknown,not_curated,measured_public,SAMN55405076,41467_2026_74764_MOESM4_ESM.xlsx:Patient isolates AST:Excel row 93,QUARANTINED_STANDARD_VERSION_AND_UNITS_REVIEW_REQUIRED
INDIA_ICU2026:K-101,INDIA_ICU2026_SINGLE_HOSPITAL,2637002,,Escherichia coli,India,,Homo sapiens,patient rectal swab,ceftazidime,>=64,,,MIC,VITEK2 AST N406,UNKNOWN_REVIEW_REQUIRED,,R,unknown,unknown,not_curated,measured_public,SAMN55405077,41467_2026_74764_MOESM4_ESM.xlsx:Patient isolates AST:Excel row 94,QUARANTINED_STANDARD_VERSION_AND_UNITS_REVIEW_REQUIRED
INDIA_ICU2026:K-101,INDIA_ICU2026_SINGLE_HOSPITAL,2637002,,Escherichia coli,India,,Homo sapiens,patient rectal swab,cefepime,>=32,,,MIC,VITEK2 AST N406,UNKNOWN_REVIEW_REQUIRED,,R,unknown,unknown,not_curated,measured_public,SAMN55405077,41467_2026_74764_MOESM4_ESM.xlsx:Patient isolates AST:Excel row 94,QUARANTINED_STANDARD_VERSION_AND_UNITS_REVIEW_REQUIRED
INDIA_ICU2026:K-101,INDIA_ICU2026_SINGLE_HOSPITAL,2637002,,Escherichia coli,India,,Homo sapiens,patient rectal swab,ciprofloxacin,>=4,,,MIC,VITEK2 AST N406,UNKNOWN_REVIEW_REQUIRED,,R,unknown,unknown,not_curated,measured_public,SAMN55405077,41467_2026_74764_MOESM4_ESM.xlsx:Patient isolates AST:Excel row 94,QUARANTINED_STANDARD_VERSION_AND_UNITS_REVIEW_REQUIRED
INDIA_ICU2026:K-101,INDIA_ICU2026_SINGLE_HOSPITAL,2637002,,Escherichia coli,India,,Homo sapiens,patient rectal swab,gentamicin,<=1,,,MIC,VITEK2 AST N406,UNKNOWN_REVIEW_REQUIRED,,S,unknown,unknown,not_curated,measured_public,SAMN55405077,41467_2026_74764_MOESM4_ESM.xlsx:Patient isolates AST:Excel row 94,QUARANTINED_STANDARD_VERSION_AND_UNITS_REVIEW_REQUIRED
INDIA_ICU2026:K-101,INDIA_ICU2026_SINGLE_HOSPITAL,2637002,,Escherichia coli,India,,Homo sapiens,patient rectal swab,amikacin,2,,,MIC,VITEK2 AST N406,UNKNOWN_REVIEW_REQUIRED,,S,unknown,unknown,not_curated,measured_public,SAMN55405077,41467_2026_74764_MOESM4_ESM.xlsx:Patient isolates AST:Excel row 94,QUARANTINED_STANDARD_VERSION_AND_UNITS_REVIEW_REQUIRED
INDIA_ICU2026:K-101,INDIA_ICU2026_SINGLE_HOSPITAL,2637002,,Escherichia coli,India,,Homo sapiens,patient rectal swab,meropenem,>=16,,,MIC,VITEK2 AST N406,UNKNOWN_REVIEW_REQUIRED,,R,unknown,unknown,not_curated,measured_public,SAMN55405077,41467_2026_74764_MOESM4_ESM.xlsx:Patient isolates AST:Excel row 94,QUARANTINED_STANDARD_VERSION_AND_UNITS_REVIEW_REQUIRED
INDIA_ICU2026:K-101,INDIA_ICU2026_SINGLE_HOSPITAL,2637002,,Escherichia coli,India,,Homo sapiens,patient rectal swab,imipenem,>=16,,,MIC,VITEK2 AST N406,UNKNOWN_REVIEW_REQUIRED,,R,unknown,unknown,not_curated,measured_public,SAMN55405077,41467_2026_74764_MOESM4_ESM.xlsx:Patient isolates AST:Excel row 94,QUARANTINED_STANDARD_VERSION_AND_UNITS_REVIEW_REQUIRED
INDIA_ICU2026:K-102,INDIA_ICU2026_SINGLE_HOSPITAL,2637002,,Klebsiella pneumoniae,India,,Homo sapiens,patient rectal swab,ceftazidime,>=64,,,MIC,VITEK2 AST N406,UNKNOWN_REVIEW_REQUIRED,,R,unknown,unknown,not_curated,measured_public,SAMN55405078,41467_2026_74764_MOESM4_ESM.xlsx:Patient isolates AST:Excel row 95,QUARANTINED_STANDARD_VERSION_AND_UNITS_REVIEW_REQUIRED
INDIA_ICU2026:K-102,INDIA_ICU2026_SINGLE_HOSPITAL,2637002,,Klebsiella pneumoniae,India,,Homo sapiens,patient rectal swab,cefepime,>=32,,,MIC,VITEK2 AST N406,UNKNOWN_REVIEW_REQUIRED,,R,unknown,unknown,not_curated,measured_public,SAMN55405078,41467_2026_74764_MOESM4_ESM.xlsx:Patient isolates AST:Excel row 95,QUARANTINED_STANDARD_VERSION_AND_UNITS_REVIEW_REQUIRED
INDIA_ICU2026:K-102,INDIA_ICU2026_SINGLE_HOSPITAL,2637002,,Klebsiella pneumoniae,India,,Homo sapiens,patient rectal swab,ciprofloxacin,>=4,,,MIC,VITEK2 AST N406,UNKNOWN_REVIEW_REQUIRED,,R,unknown,unknown,not_curated,measured_public,SAMN55405078,41467_2026_74764_MOESM4_ESM.xlsx:Patient isolates AST:Excel row 95,QUARANTINED_STANDARD_VERSION_AND_UNITS_REVIEW_REQUIRED
INDIA_ICU2026:K-102,INDIA_ICU2026_SINGLE_HOSPITAL,2637002,,Klebsiella pneumoniae,India,,Homo sapiens,patient rectal swab,gentamicin,>=16,,,MIC,VITEK2 AST N406,UNKNOWN_REVIEW_REQUIRED,,R,unknown,unknown,not_curated,measured_public,SAMN55405078,41467_2026_74764_MOESM4_ESM.xlsx:Patient isolates AST:Excel row 95,QUARANTINED_STANDARD_VERSION_AND_UNITS_REVIEW_REQUIRED
INDIA_ICU2026:K-102,INDIA_ICU2026_SINGLE_HOSPITAL,2637002,,Klebsiella pneumoniae,India,,Homo sapiens,patient rectal swab,amikacin,32,,,MIC,VITEK2 AST N406,UNKNOWN_REVIEW_REQUIRED,,R,unknown,unknown,not_curated,measured_public,SAMN55405078,41467_2026_74764_MOESM4_ESM.xlsx:Patient isolates AST:Excel row 95,QUARANTINED_STANDARD_VERSION_AND_UNITS_REVIEW_REQUIRED
INDIA_ICU2026:K-102,INDIA_ICU2026_SINGLE_HOSPITAL,2637002,,Klebsiella pneumoniae,India,,Homo sapiens,patient rectal swab,meropenem,>=16,,,MIC,VITEK2 AST N406,UNKNOWN_REVIEW_REQUIRED,,R,unknown,unknown,not_curated,measured_public,SAMN55405078,41467_2026_74764_MOESM4_ESM.xlsx:Patient isolates AST:Excel row 95,QUARANTINED_STANDARD_VERSION_AND_UNITS_REVIEW_REQUIRED
INDIA_ICU2026:K-102,INDIA_ICU2026_SINGLE_HOSPITAL,2637002,,Klebsiella pneumoniae,India,,Homo sapiens,patient rectal swab,imipenem,>=16,,,MIC,VITEK2 AST N406,UNKNOWN_REVIEW_REQUIRED,,R,unknown,unknown,not_curated,measured_public,SAMN55405078,41467_2026_74764_MOESM4_ESM.xlsx:Patient isolates AST:Excel row 95,QUARANTINED_STANDARD_VERSION_AND_UNITS_REVIEW_REQUIRED
INDIA_ICU2026:K-103,INDIA_ICU2026_SINGLE_HOSPITAL,1273394,,Escherichia coli,India,,Homo sapiens,patient rectal swab,ceftazidime,>=64,,,MIC,VITEK2 AST N406,UNKNOWN_REVIEW_REQUIRED,,R,unknown,unknown,not_curated,measured_public,SAMN55405079,41467_2026_74764_MOESM4_ESM.xlsx:Patient isolates AST:Excel row 96,QUARANTINED_STANDARD_VERSION_AND_UNITS_REVIEW_REQUIRED
INDIA_ICU2026:K-103,INDIA_ICU2026_SINGLE_HOSPITAL,1273394,,Escherichia coli,India,,Homo sapiens,patient rectal swab,cefepime,>=32,,,MIC,VITEK2 AST N406,UNKNOWN_REVIEW_REQUIRED,,R,unknown,unknown,not_curated,measured_public,SAMN55405079,41467_2026_74764_MOESM4_ESM.xlsx:Patient isolates AST:Excel row 96,QUARANTINED_STANDARD_VERSION_AND_UNITS_REVIEW_REQUIRED
INDIA_ICU2026:K-103,INDIA_ICU2026_SINGLE_HOSPITAL,1273394,,Escherichia coli,India,,Homo sapiens,patient rectal swab,ciprofloxacin,>=4,,,MIC,VITEK2 AST N406,UNKNOWN_REVIEW_REQUIRED,,R,unknown,unknown,not_curated,measured_public,SAMN55405079,41467_2026_74764_MOESM4_ESM.xlsx:Patient isolates AST:Excel row 96,QUARANTINED_STANDARD_VERSION_AND_UNITS_REVIEW_REQUIRED
INDIA_ICU2026:K-103,INDIA_ICU2026_SINGLE_HOSPITAL,1273394,,Escherichia coli,India,,Homo sapiens,patient rectal swab,gentamicin,<=1,,,MIC,VITEK2 AST N406,UNKNOWN_REVIEW_REQUIRED,,S,unknown,unknown,not_curated,measured_public,SAMN55405079,41467_2026_74764_MOESM4_ESM.xlsx:Patient isolates AST:Excel row 96,QUARANTINED_STANDARD_VERSION_AND_UNITS_REVIEW_REQUIRED
INDIA_ICU2026:K-103,INDIA_ICU2026_SINGLE_HOSPITAL,1273394,,Escherichia coli,India,,Homo sapiens,patient rectal swab,amikacin,4,,,MIC,VITEK2 AST N406,UNKNOWN_REVIEW_REQUIRED,,S,unknown,unknown,not_curated,measured_public,SAMN55405079,41467_2026_74764_MOESM4_ESM.xlsx:Patient isolates AST:Excel row 96,QUARANTINED_STANDARD_VERSION_AND_UNITS_REVIEW_REQUIRED
INDIA_ICU2026:K-103,INDIA_ICU2026_SINGLE_HOSPITAL,1273394,,Escherichia coli,India,,Homo sapiens,patient rectal swab,meropenem,>=16,,,MIC,VITEK2 AST N406,UNKNOWN_REVIEW_REQUIRED,,R,unknown,unknown,not_curated,measured_public,SAMN55405079,41467_2026_74764_MOESM4_ESM.xlsx:Patient isolates AST:Excel row 96,QUARANTINED_STANDARD_VERSION_AND_UNITS_REVIEW_REQUIRED
INDIA_ICU2026:K-103,INDIA_ICU2026_SINGLE_HOSPITAL,1273394,,Escherichia coli,India,,Homo sapiens,patient rectal swab,imipenem,>=16,,,MIC,VITEK2 AST N406,UNKNOWN_REVIEW_REQUIRED,,R,unknown,unknown,not_curated,measured_public,SAMN55405079,41467_2026_74764_MOESM4_ESM.xlsx:Patient isolates AST:Excel row 96,QUARANTINED_STANDARD_VERSION_AND_UNITS_REVIEW_REQUIRED
INDIA_ICU2026:K-104,INDIA_ICU2026_SINGLE_HOSPITAL,1606432,,Klebsiella pneumoniae,India,,Homo sapiens,patient rectal swab,ceftazidime,>=64,,,MIC,VITEK2 AST N406,UNKNOWN_REVIEW_REQUIRED,,R,unknown,unknown,not_curated,measured_public,SAMN55405080,41467_2026_74764_MOESM4_ESM.xlsx:Patient isolates AST:Excel row 97,QUARANTINED_STANDARD_VERSION_AND_UNITS_REVIEW_REQUIRED
INDIA_ICU2026:K-104,INDIA_ICU2026_SINGLE_HOSPITAL,1606432,,Klebsiella pneumoniae,India,,Homo sapiens,patient rectal swab,cefepime,>=32,,,MIC,VITEK2 AST N406,UNKNOWN_REVIEW_REQUIRED,,R,unknown,unknown,not_curated,measured_public,SAMN55405080,41467_2026_74764_MOESM4_ESM.xlsx:Patient isolates AST:Excel row 97,QUARANTINED_STANDARD_VERSION_AND_UNITS_REVIEW_REQUIRED
INDIA_ICU2026:K-104,INDIA_ICU2026_SINGLE_HOSPITAL,1606432,,Klebsiella pneumoniae,India,,Homo sapiens,patient rectal swab,ciprofloxacin,>=4,,,MIC,VITEK2 AST N406,UNKNOWN_REVIEW_REQUIRED,,R,unknown,unknown,not_curated,measured_public,SAMN55405080,41467_2026_74764_MOESM4_ESM.xlsx:Patient isolates AST:Excel row 97,QUARANTINED_STANDARD_VERSION_AND_UNITS_REVIEW_REQUIRED
INDIA_ICU2026:K-104,INDIA_ICU2026_SINGLE_HOSPITAL,1606432,,Klebsiella pneumoniae,India,,Homo sapiens,patient rectal swab,gentamicin,>=16,,,MIC,VITEK2 AST N406,UNKNOWN_REVIEW_REQUIRED,,R,unknown,unknown,not_curated,measured_public,SAMN55405080,41467_2026_74764_MOESM4_ESM.xlsx:Patient isolates AST:Excel row 97,QUARANTINED_STANDARD_VERSION_AND_UNITS_REVIEW_REQUIRED
INDIA_ICU2026:K-104,INDIA_ICU2026_SINGLE_HOSPITAL,1606432,,Klebsiella pneumoniae,India,,Homo sapiens,patient rectal swab,amikacin,32,,,MIC,VITEK2 AST N406,UNKNOWN_REVIEW_REQUIRED,,R,unknown,unknown,not_curated,measured_public,SAMN55405080,41467_2026_74764_MOESM4_ESM.xlsx:Patient isolates AST:Excel row 97,QUARANTINED_STANDARD_VERSION_AND_UNITS_REVIEW_REQUIRED
INDIA_ICU2026:K-104,INDIA_ICU2026_SINGLE_HOSPITAL,1606432,,Klebsiella pneumoniae,India,,Homo sapiens,patient rectal swab,meropenem,>=16,,,MIC,VITEK2 AST N406,UNKNOWN_REVIEW_REQUIRED,,R,unknown,unknown,not_curated,measured_public,SAMN55405080,41467_2026_74764_MOESM4_ESM.xlsx:Patient isolates AST:Excel row 97,QUARANTINED_STANDARD_VERSION_AND_UNITS_REVIEW_REQUIRED
INDIA_ICU2026:K-104,INDIA_ICU2026_SINGLE_HOSPITAL,1606432,,Klebsiella pneumoniae,India,,Homo sapiens,patient rectal swab,imipenem,1,,,MIC,VITEK2 AST N406,UNKNOWN_REVIEW_REQUIRED,,R,unknown,unknown,not_curated,measured_public,SAMN55405080,41467_2026_74764_MOESM4_ESM.xlsx:Patient isolates AST:Excel row 97,QUARANTINED_STANDARD_VERSION_AND_UNITS_REVIEW_REQUIRED
INDIA_ICU2026:K-105,INDIA_ICU2026_SINGLE_HOSPITAL,2484485,,,India,,Homo sapiens,patient rectal swab,ceftazidime,>=64,,,MIC,VITEK2 AST N406,UNKNOWN_REVIEW_REQUIRED,,R,unknown,unknown,not_curated,measured_public,,41467_2026_74764_MOESM4_ESM.xlsx:Patient isolates AST:Excel row 98,QUARANTINED_STANDARD_VERSION_AND_UNITS_REVIEW_REQUIRED
INDIA_ICU2026:K-105,INDIA_ICU2026_SINGLE_HOSPITAL,2484485,,,India,,Homo sapiens,patient rectal swab,cefepime,>=32,,,MIC,VITEK2 AST N406,UNKNOWN_REVIEW_REQUIRED,,R,unknown,unknown,not_curated,measured_public,,41467_2026_74764_MOESM4_ESM.xlsx:Patient isolates AST:Excel row 98,QUARANTINED_STANDARD_VERSION_AND_UNITS_REVIEW_REQUIRED
INDIA_ICU2026:K-105,INDIA_ICU2026_SINGLE_HOSPITAL,2484485,,,India,,Homo sapiens,patient rectal swab,ciprofloxacin,>=4,,,MIC,VITEK2 AST N406,UNKNOWN_REVIEW_REQUIRED,,R,unknown,unknown,not_curated,measured_public,,41467_2026_74764_MOESM4_ESM.xlsx:Patient isolates AST:Excel row 98,QUARANTINED_STANDARD_VERSION_AND_UNITS_REVIEW_REQUIRED
INDIA_ICU2026:K-105,INDIA_ICU2026_SINGLE_HOSPITAL,2484485,,,India,,Homo sapiens,patient rectal swab,gentamicin,>=16,,,MIC,VITEK2 AST N406,UNKNOWN_REVIEW_REQUIRED,,R,unknown,unknown,not_curated,measured_public,,41467_2026_74764_MOESM4_ESM.xlsx:Patient isolates AST:Excel row 98,QUARANTINED_STANDARD_VERSION_AND_UNITS_REVIEW_REQUIRED
INDIA_ICU2026:K-105,INDIA_ICU2026_SINGLE_HOSPITAL,2484485,,,India,,Homo sapiens,patient rectal swab,amikacin,32,,,MIC,VITEK2 AST N406,UNKNOWN_REVIEW_REQUIRED,,R,unknown,unknown,not_curated,measured_public,,41467_2026_74764_MOESM4_ESM.xlsx:Patient isolates AST:Excel row 98,QUARANTINED_STANDARD_VERSION_AND_UNITS_REVIEW_REQUIRED
INDIA_ICU2026:K-105,INDIA_ICU2026_SINGLE_HOSPITAL,2484485,,,India,,Homo sapiens,patient rectal swab,meropenem,>=16,,,MIC,VITEK2 AST N406,UNKNOWN_REVIEW_REQUIRED,,R,unknown,unknown,not_curated,measured_public,,41467_2026_74764_MOESM4_ESM.xlsx:Patient isolates AST:Excel row 98,QUARANTINED_STANDARD_VERSION_AND_UNITS_REVIEW_REQUIRED
INDIA_ICU2026:K-105,INDIA_ICU2026_SINGLE_HOSPITAL,2484485,,,India,,Homo sapiens,patient rectal swab,imipenem,2,,,MIC,VITEK2 AST N406,UNKNOWN_REVIEW_REQUIRED,,I,unknown,unknown,not_curated,measured_public,,41467_2026_74764_MOESM4_ESM.xlsx:Patient isolates AST:Excel row 98,QUARANTINED_STANDARD_VERSION_AND_UNITS_REVIEW_REQUIRED
INDIA_ICU2026:K-106,INDIA_ICU2026_SINGLE_HOSPITAL,2631088,,Klebsiella pneumoniae,India,,Homo sapiens,patient rectal swab,ceftazidime,>=64,,,MIC,VITEK2 AST N406,UNKNOWN_REVIEW_REQUIRED,,R,unknown,unknown,not_curated,measured_public,SAMN55405081,41467_2026_74764_MOESM4_ESM.xlsx:Patient isolates AST:Excel row 99,QUARANTINED_STANDARD_VERSION_AND_UNITS_REVIEW_REQUIRED
INDIA_ICU2026:K-106,INDIA_ICU2026_SINGLE_HOSPITAL,2631088,,Klebsiella pneumoniae,India,,Homo sapiens,patient rectal swab,cefepime,>=32,,,MIC,VITEK2 AST N406,UNKNOWN_REVIEW_REQUIRED,,R,unknown,unknown,not_curated,measured_public,SAMN55405081,41467_2026_74764_MOESM4_ESM.xlsx:Patient isolates AST:Excel row 99,QUARANTINED_STANDARD_VERSION_AND_UNITS_REVIEW_REQUIRED
INDIA_ICU2026:K-106,INDIA_ICU2026_SINGLE_HOSPITAL,2631088,,Klebsiella pneumoniae,India,,Homo sapiens,patient rectal swab,ciprofloxacin,>=4,,,MIC,VITEK2 AST N406,UNKNOWN_REVIEW_REQUIRED,,R,unknown,unknown,not_curated,measured_public,SAMN55405081,41467_2026_74764_MOESM4_ESM.xlsx:Patient isolates AST:Excel row 99,QUARANTINED_STANDARD_VERSION_AND_UNITS_REVIEW_REQUIRED
INDIA_ICU2026:K-106,INDIA_ICU2026_SINGLE_HOSPITAL,2631088,,Klebsiella pneumoniae,India,,Homo sapiens,patient rectal swab,gentamicin,>=16,,,MIC,VITEK2 AST N406,UNKNOWN_REVIEW_REQUIRED,,R,unknown,unknown,not_curated,measured_public,SAMN55405081,41467_2026_74764_MOESM4_ESM.xlsx:Patient isolates AST:Excel row 99,QUARANTINED_STANDARD_VERSION_AND_UNITS_REVIEW_REQUIRED
INDIA_ICU2026:K-106,INDIA_ICU2026_SINGLE_HOSPITAL,2631088,,Klebsiella pneumoniae,India,,Homo sapiens,patient rectal swab,amikacin,32,,,MIC,VITEK2 AST N406,UNKNOWN_REVIEW_REQUIRED,,R,unknown,unknown,not_curated,measured_public,SAMN55405081,41467_2026_74764_MOESM4_ESM.xlsx:Patient isolates AST:Excel row 99,QUARANTINED_STANDARD_VERSION_AND_UNITS_REVIEW_REQUIRED
INDIA_ICU2026:K-106,INDIA_ICU2026_SINGLE_HOSPITAL,2631088,,Klebsiella pneumoniae,India,,Homo sapiens,patient rectal swab,meropenem,>=16,,,MIC,VITEK2 AST N406,UNKNOWN_REVIEW_REQUIRED,,R,unknown,unknown,not_curated,measured_public,SAMN55405081,41467_2026_74764_MOESM4_ESM.xlsx:Patient isolates AST:Excel row 99,QUARANTINED_STANDARD_VERSION_AND_UNITS_REVIEW_REQUIRED
INDIA_ICU2026:K-106,INDIA_ICU2026_SINGLE_HOSPITAL,2631088,,Klebsiella pneumoniae,India,,Homo sapiens,patient rectal swab,imipenem,>=16,,,MIC,VITEK2 AST N406,UNKNOWN_REVIEW_REQUIRED,,R,unknown,unknown,not_curated,measured_public,SAMN55405081,41467_2026_74764_MOESM4_ESM.xlsx:Patient isolates AST:Excel row 99,QUARANTINED_STANDARD_VERSION_AND_UNITS_REVIEW_REQUIRED
INDIA_ICU2026:K-107,INDIA_ICU2026_SINGLE_HOSPITAL,2636699,,Escherichia coli,India,,Homo sapiens,patient rectal swab,ceftazidime,>=64,,,MIC,VITEK2 AST N406,UNKNOWN_REVIEW_REQUIRED,,R,unknown,unknown,not_curated,measured_public,SAMN55405082,41467_2026_74764_MOESM4_ESM.xlsx:Patient isolates AST:Excel row 100,QUARANTINED_STANDARD_VERSION_AND_UNITS_REVIEW_REQUIRED
INDIA_ICU2026:K-107,INDIA_ICU2026_SINGLE_HOSPITAL,2636699,,Escherichia coli,India,,Homo sapiens,patient rectal swab,cefepime,>=32,,,MIC,VITEK2 AST N406,UNKNOWN_REVIEW_REQUIRED,,R,unknown,unknown,not_curated,measured_public,SAMN55405082,41467_2026_74764_MOESM4_ESM.xlsx:Patient isolates AST:Excel row 100,QUARANTINED_STANDARD_VERSION_AND_UNITS_REVIEW_REQUIRED
INDIA_ICU2026:K-107,INDIA_ICU2026_SINGLE_HOSPITAL,2636699,,Escherichia coli,India,,Homo sapiens,patient rectal swab,ciprofloxacin,>=4,,,MIC,VITEK2 AST N406,UNKNOWN_REVIEW_REQUIRED,,R,unknown,unknown,not_curated,measured_public,SAMN55405082,41467_2026_74764_MOESM4_ESM.xlsx:Patient isolates AST:Excel row 100,QUARANTINED_STANDARD_VERSION_AND_UNITS_REVIEW_REQUIRED
INDIA_ICU2026:K-107,INDIA_ICU2026_SINGLE_HOSPITAL,2636699,,Escherichia coli,India,,Homo sapiens,patient rectal swab,gentamicin,<=1,,,MIC,VITEK2 AST N406,UNKNOWN_REVIEW_REQUIRED,,S,unknown,unknown,not_curated,measured_public,SAMN55405082,41467_2026_74764_MOESM4_ESM.xlsx:Patient isolates AST:Excel row 100,QUARANTINED_STANDARD_VERSION_AND_UNITS_REVIEW_REQUIRED
INDIA_ICU2026:K-107,INDIA_ICU2026_SINGLE_HOSPITAL,2636699,,Escherichia coli,India,,Homo sapiens,patient rectal swab,amikacin,2,,,MIC,VITEK2 AST N406,UNKNOWN_REVIEW_REQUIRED,,S,unknown,unknown,not_curated,measured_public,SAMN55405082,41467_2026_74764_MOESM4_ESM.xlsx:Patient isolates AST:Excel row 100,QUARANTINED_STANDARD_VERSION_AND_UNITS_REVIEW_REQUIRED
INDIA_ICU2026:K-107,INDIA_ICU2026_SINGLE_HOSPITAL,2636699,,Escherichia coli,India,,Homo sapiens,patient rectal swab,meropenem,>=16,,,MIC,VITEK2 AST N406,UNKNOWN_REVIEW_REQUIRED,,R,unknown,unknown,not_curated,measured_public,SAMN55405082,41467_2026_74764_MOESM4_ESM.xlsx:Patient isolates AST:Excel row 100,QUARANTINED_STANDARD_VERSION_AND_UNITS_REVIEW_REQUIRED
INDIA_ICU2026:K-107,INDIA_ICU2026_SINGLE_HOSPITAL,2636699,,Escherichia coli,India,,Homo sapiens,patient rectal swab,imipenem,>=16,,,MIC,VITEK2 AST N406,UNKNOWN_REVIEW_REQUIRED,,R,unknown,unknown,not_curated,measured_public,SAMN55405082,41467_2026_74764_MOESM4_ESM.xlsx:Patient isolates AST:Excel row 100,QUARANTINED_STANDARD_VERSION_AND_UNITS_REVIEW_REQUIRED
INDIA_ICU2026:K-108,INDIA_ICU2026_SINGLE_HOSPITAL,2636699,,Klebsiella pneumoniae,India,,Homo sapiens,patient rectal swab,ceftazidime,>=64,,,MIC,VITEK2 AST N406,UNKNOWN_REVIEW_REQUIRED,,R,unknown,unknown,not_curated,measured_public,SAMN55405083,41467_2026_74764_MOESM4_ESM.xlsx:Patient isolates AST:Excel row 101,QUARANTINED_STANDARD_VERSION_AND_UNITS_REVIEW_REQUIRED
INDIA_ICU2026:K-108,INDIA_ICU2026_SINGLE_HOSPITAL,2636699,,Klebsiella pneumoniae,India,,Homo sapiens,patient rectal swab,cefepime,>=32,,,MIC,VITEK2 AST N406,UNKNOWN_REVIEW_REQUIRED,,R,unknown,unknown,not_curated,measured_public,SAMN55405083,41467_2026_74764_MOESM4_ESM.xlsx:Patient isolates AST:Excel row 101,QUARANTINED_STANDARD_VERSION_AND_UNITS_REVIEW_REQUIRED
INDIA_ICU2026:K-108,INDIA_ICU2026_SINGLE_HOSPITAL,2636699,,Klebsiella pneumoniae,India,,Homo sapiens,patient rectal swab,ciprofloxacin,>=4,,,MIC,VITEK2 AST N406,UNKNOWN_REVIEW_REQUIRED,,R,unknown,unknown,not_curated,measured_public,SAMN55405083,41467_2026_74764_MOESM4_ESM.xlsx:Patient isolates AST:Excel row 101,QUARANTINED_STANDARD_VERSION_AND_UNITS_REVIEW_REQUIRED
INDIA_ICU2026:K-108,INDIA_ICU2026_SINGLE_HOSPITAL,2636699,,Klebsiella pneumoniae,India,,Homo sapiens,patient rectal swab,gentamicin,>=16,,,MIC,VITEK2 AST N406,UNKNOWN_REVIEW_REQUIRED,,R,unknown,unknown,not_curated,measured_public,SAMN55405083,41467_2026_74764_MOESM4_ESM.xlsx:Patient isolates AST:Excel row 101,QUARANTINED_STANDARD_VERSION_AND_UNITS_REVIEW_REQUIRED
INDIA_ICU2026:K-108,INDIA_ICU2026_SINGLE_HOSPITAL,2636699,,Klebsiella pneumoniae,India,,Homo sapiens,patient rectal swab,amikacin,32,,,MIC,VITEK2 AST N406,UNKNOWN_REVIEW_REQUIRED,,R,unknown,unknown,not_curated,measured_public,SAMN55405083,41467_2026_74764_MOESM4_ESM.xlsx:Patient isolates AST:Excel row 101,QUARANTINED_STANDARD_VERSION_AND_UNITS_REVIEW_REQUIRED
INDIA_ICU2026:K-108,INDIA_ICU2026_SINGLE_HOSPITAL,2636699,,Klebsiella pneumoniae,India,,Homo sapiens,patient rectal swab,meropenem,>=16,,,MIC,VITEK2 AST N406,UNKNOWN_REVIEW_REQUIRED,,R,unknown,unknown,not_curated,measured_public,SAMN55405083,41467_2026_74764_MOESM4_ESM.xlsx:Patient isolates AST:Excel row 101,QUARANTINED_STANDARD_VERSION_AND_UNITS_REVIEW_REQUIRED
INDIA_ICU2026:K-108,INDIA_ICU2026_SINGLE_HOSPITAL,2636699,,Klebsiella pneumoniae,India,,Homo sapiens,patient rectal swab,imipenem,>=16,,,MIC,VITEK2 AST N406,UNKNOWN_REVIEW_REQUIRED,,R,unknown,unknown,not_curated,measured_public,SAMN55405083,41467_2026_74764_MOESM4_ESM.xlsx:Patient isolates AST:Excel row 101,QUARANTINED_STANDARD_VERSION_AND_UNITS_REVIEW_REQUIRED
INDIA_ICU2026:K-109,INDIA_ICU2026_SINGLE_HOSPITAL,2629946,,,India,,Homo sapiens,patient rectal swab,ceftazidime,>=64,,,MIC,VITEK2 AST N406,UNKNOWN_REVIEW_REQUIRED,,R,unknown,unknown,not_curated,measured_public,,41467_2026_74764_MOESM4_ESM.xlsx:Patient isolates AST:Excel row 102,QUARANTINED_STANDARD_VERSION_AND_UNITS_REVIEW_REQUIRED
INDIA_ICU2026:K-109,INDIA_ICU2026_SINGLE_HOSPITAL,2629946,,,India,,Homo sapiens,patient rectal swab,cefepime,>=32,,,MIC,VITEK2 AST N406,UNKNOWN_REVIEW_REQUIRED,,R,unknown,unknown,not_curated,measured_public,,41467_2026_74764_MOESM4_ESM.xlsx:Patient isolates AST:Excel row 102,QUARANTINED_STANDARD_VERSION_AND_UNITS_REVIEW_REQUIRED
INDIA_ICU2026:K-109,INDIA_ICU2026_SINGLE_HOSPITAL,2629946,,,India,,Homo sapiens,patient rectal swab,ciprofloxacin,>=4,,,MIC,VITEK2 AST N406,UNKNOWN_REVIEW_REQUIRED,,R,unknown,unknown,not_curated,measured_public,,41467_2026_74764_MOESM4_ESM.xlsx:Patient isolates AST:Excel row 102,QUARANTINED_STANDARD_VERSION_AND_UNITS_REVIEW_REQUIRED
INDIA_ICU2026:K-109,INDIA_ICU2026_SINGLE_HOSPITAL,2629946,,,India,,Homo sapiens,patient rectal swab,gentamicin,>=16,,,MIC,VITEK2 AST N406,UNKNOWN_REVIEW_REQUIRED,,R,unknown,unknown,not_curated,measured_public,,41467_2026_74764_MOESM4_ESM.xlsx:Patient isolates AST:Excel row 102,QUARANTINED_STANDARD_VERSION_AND_UNITS_REVIEW_REQUIRED
INDIA_ICU2026:K-109,INDIA_ICU2026_SINGLE_HOSPITAL,2629946,,,India,,Homo sapiens,patient rectal swab,amikacin,32,,,MIC,VITEK2 AST N406,UNKNOWN_REVIEW_REQUIRED,,R,unknown,unknown,not_curated,measured_public,,41467_2026_74764_MOESM4_ESM.xlsx:Patient isolates AST:Excel row 102,QUARANTINED_STANDARD_VERSION_AND_UNITS_REVIEW_REQUIRED
INDIA_ICU2026:K-109,INDIA_ICU2026_SINGLE_HOSPITAL,2629946,,,India,,Homo sapiens,patient rectal swab,meropenem,>=16,,,MIC,VITEK2 AST N406,UNKNOWN_REVIEW_REQUIRED,,R,unknown,unknown,not_curated,measured_public,,41467_2026_74764_MOESM4_ESM.xlsx:Patient isolates AST:Excel row 102,QUARANTINED_STANDARD_VERSION_AND_UNITS_REVIEW_REQUIRED
INDIA_ICU2026:K-109,INDIA_ICU2026_SINGLE_HOSPITAL,2629946,,,India,,Homo sapiens,patient rectal swab,imipenem,>=16,,,MIC,VITEK2 AST N406,UNKNOWN_REVIEW_REQUIRED,,R,unknown,unknown,not_curated,measured_public,,41467_2026_74764_MOESM4_ESM.xlsx:Patient isolates AST:Excel row 102,QUARANTINED_STANDARD_VERSION_AND_UNITS_REVIEW_REQUIRED
INDIA_ICU2026:K-110,INDIA_ICU2026_SINGLE_HOSPITAL,2491195,,,India,,Homo sapiens,patient rectal swab,ceftazidime,>=64,,,MIC,VITEK2 AST N406,UNKNOWN_REVIEW_REQUIRED,,R,unknown,unknown,not_curated,measured_public,,41467_2026_74764_MOESM4_ESM.xlsx:Patient isolates AST:Excel row 103,QUARANTINED_STANDARD_VERSION_AND_UNITS_REVIEW_REQUIRED
INDIA_ICU2026:K-110,INDIA_ICU2026_SINGLE_HOSPITAL,2491195,,,India,,Homo sapiens,patient rectal swab,cefepime,>=32,,,MIC,VITEK2 AST N406,UNKNOWN_REVIEW_REQUIRED,,R,unknown,unknown,not_curated,measured_public,,41467_2026_74764_MOESM4_ESM.xlsx:Patient isolates AST:Excel row 103,QUARANTINED_STANDARD_VERSION_AND_UNITS_REVIEW_REQUIRED
INDIA_ICU2026:K-110,INDIA_ICU2026_SINGLE_HOSPITAL,2491195,,,India,,Homo sapiens,patient rectal swab,ciprofloxacin,>=4,,,MIC,VITEK2 AST N406,UNKNOWN_REVIEW_REQUIRED,,R,unknown,unknown,not_curated,measured_public,,41467_2026_74764_MOESM4_ESM.xlsx:Patient isolates AST:Excel row 103,QUARANTINED_STANDARD_VERSION_AND_UNITS_REVIEW_REQUIRED
INDIA_ICU2026:K-110,INDIA_ICU2026_SINGLE_HOSPITAL,2491195,,,India,,Homo sapiens,patient rectal swab,gentamicin,<=1,,,MIC,VITEK2 AST N406,UNKNOWN_REVIEW_REQUIRED,,S,unknown,unknown,not_curated,measured_public,,41467_2026_74764_MOESM4_ESM.xlsx:Patient isolates AST:Excel row 103,QUARANTINED_STANDARD_VERSION_AND_UNITS_REVIEW_REQUIRED
INDIA_ICU2026:K-110,INDIA_ICU2026_SINGLE_HOSPITAL,2491195,,,India,,Homo sapiens,patient rectal swab,amikacin,2,,,MIC,VITEK2 AST N406,UNKNOWN_REVIEW_REQUIRED,,S,unknown,unknown,not_curated,measured_public,,41467_2026_74764_MOESM4_ESM.xlsx:Patient isolates AST:Excel row 103,QUARANTINED_STANDARD_VERSION_AND_UNITS_REVIEW_REQUIRED
INDIA_ICU2026:K-110,INDIA_ICU2026_SINGLE_HOSPITAL,2491195,,,India,,Homo sapiens,patient rectal swab,meropenem,>=16,,,MIC,VITEK2 AST N406,UNKNOWN_REVIEW_REQUIRED,,R,unknown,unknown,not_curated,measured_public,,41467_2026_74764_MOESM4_ESM.xlsx:Patient isolates AST:Excel row 103,QUARANTINED_STANDARD_VERSION_AND_UNITS_REVIEW_REQUIRED
INDIA_ICU2026:K-110,INDIA_ICU2026_SINGLE_HOSPITAL,2491195,,,India,,Homo sapiens,patient rectal swab,imipenem,2,,,MIC,VITEK2 AST N406,UNKNOWN_REVIEW_REQUIRED,,I,unknown,unknown,not_curated,measured_public,,41467_2026_74764_MOESM4_ESM.xlsx:Patient isolates AST:Excel row 103,QUARANTINED_STANDARD_VERSION_AND_UNITS_REVIEW_REQUIRED
INDIA_ICU2026:K-111,INDIA_ICU2026_SINGLE_HOSPITAL,2645219,,Klebsiella quasipneumoniae,India,,Homo sapiens,patient rectal swab,ceftazidime,>=64,,,MIC,VITEK2 AST N406,UNKNOWN_REVIEW_REQUIRED,,R,unknown,unknown,not_curated,measured_public,SAMN55405085,41467_2026_74764_MOESM4_ESM.xlsx:Patient isolates AST:Excel row 104,QUARANTINED_STANDARD_VERSION_AND_UNITS_REVIEW_REQUIRED
INDIA_ICU2026:K-111,INDIA_ICU2026_SINGLE_HOSPITAL,2645219,,Klebsiella quasipneumoniae,India,,Homo sapiens,patient rectal swab,cefepime,4,,,MIC,VITEK2 AST N406,UNKNOWN_REVIEW_REQUIRED,,SDD,unknown,unknown,not_curated,measured_public,SAMN55405085,41467_2026_74764_MOESM4_ESM.xlsx:Patient isolates AST:Excel row 104,QUARANTINED_STANDARD_VERSION_AND_UNITS_REVIEW_REQUIRED
INDIA_ICU2026:K-111,INDIA_ICU2026_SINGLE_HOSPITAL,2645219,,Klebsiella quasipneumoniae,India,,Homo sapiens,patient rectal swab,ciprofloxacin,0.5,,,MIC,VITEK2 AST N406,UNKNOWN_REVIEW_REQUIRED,,I,unknown,unknown,not_curated,measured_public,SAMN55405085,41467_2026_74764_MOESM4_ESM.xlsx:Patient isolates AST:Excel row 104,QUARANTINED_STANDARD_VERSION_AND_UNITS_REVIEW_REQUIRED
INDIA_ICU2026:K-111,INDIA_ICU2026_SINGLE_HOSPITAL,2645219,,Klebsiella quasipneumoniae,India,,Homo sapiens,patient rectal swab,gentamicin,<=1,,,MIC,VITEK2 AST N406,UNKNOWN_REVIEW_REQUIRED,,S,unknown,unknown,not_curated,measured_public,SAMN55405085,41467_2026_74764_MOESM4_ESM.xlsx:Patient isolates AST:Excel row 104,QUARANTINED_STANDARD_VERSION_AND_UNITS_REVIEW_REQUIRED
INDIA_ICU2026:K-111,INDIA_ICU2026_SINGLE_HOSPITAL,2645219,,Klebsiella quasipneumoniae,India,,Homo sapiens,patient rectal swab,amikacin,4,,,MIC,VITEK2 AST N406,UNKNOWN_REVIEW_REQUIRED,,S,unknown,unknown,not_curated,measured_public,SAMN55405085,41467_2026_74764_MOESM4_ESM.xlsx:Patient isolates AST:Excel row 104,QUARANTINED_STANDARD_VERSION_AND_UNITS_REVIEW_REQUIRED
INDIA_ICU2026:K-111,INDIA_ICU2026_SINGLE_HOSPITAL,2645219,,Klebsiella quasipneumoniae,India,,Homo sapiens,patient rectal swab,meropenem,>=16,,,MIC,VITEK2 AST N406,UNKNOWN_REVIEW_REQUIRED,,R,unknown,unknown,not_curated,measured_public,SAMN55405085,41467_2026_74764_MOESM4_ESM.xlsx:Patient isolates AST:Excel row 104,QUARANTINED_STANDARD_VERSION_AND_UNITS_REVIEW_REQUIRED
INDIA_ICU2026:K-111,INDIA_ICU2026_SINGLE_HOSPITAL,2645219,,Klebsiella quasipneumoniae,India,,Homo sapiens,patient rectal swab,imipenem,8,,,MIC,VITEK2 AST N406,UNKNOWN_REVIEW_REQUIRED,,R,unknown,unknown,not_curated,measured_public,SAMN55405085,41467_2026_74764_MOESM4_ESM.xlsx:Patient isolates AST:Excel row 104,QUARANTINED_STANDARD_VERSION_AND_UNITS_REVIEW_REQUIRED
INDIA_ICU2026:K-112,INDIA_ICU2026_SINGLE_HOSPITAL,2645219,,Escherichia coli,India,,Homo sapiens,patient rectal swab,ceftazidime,>=64,,,MIC,VITEK2 AST N406,UNKNOWN_REVIEW_REQUIRED,,R,unknown,unknown,not_curated,measured_public,SAMN55405086,41467_2026_74764_MOESM4_ESM.xlsx:Patient isolates AST:Excel row 105,QUARANTINED_STANDARD_VERSION_AND_UNITS_REVIEW_REQUIRED
INDIA_ICU2026:K-112,INDIA_ICU2026_SINGLE_HOSPITAL,2645219,,Escherichia coli,India,,Homo sapiens,patient rectal swab,cefepime,2,,,MIC,VITEK2 AST N406,UNKNOWN_REVIEW_REQUIRED,,S,unknown,unknown,not_curated,measured_public,SAMN55405086,41467_2026_74764_MOESM4_ESM.xlsx:Patient isolates AST:Excel row 105,QUARANTINED_STANDARD_VERSION_AND_UNITS_REVIEW_REQUIRED
INDIA_ICU2026:K-112,INDIA_ICU2026_SINGLE_HOSPITAL,2645219,,Escherichia coli,India,,Homo sapiens,patient rectal swab,ciprofloxacin,0.5,,,MIC,VITEK2 AST N406,UNKNOWN_REVIEW_REQUIRED,,I,unknown,unknown,not_curated,measured_public,SAMN55405086,41467_2026_74764_MOESM4_ESM.xlsx:Patient isolates AST:Excel row 105,QUARANTINED_STANDARD_VERSION_AND_UNITS_REVIEW_REQUIRED
INDIA_ICU2026:K-112,INDIA_ICU2026_SINGLE_HOSPITAL,2645219,,Escherichia coli,India,,Homo sapiens,patient rectal swab,gentamicin,<=1,,,MIC,VITEK2 AST N406,UNKNOWN_REVIEW_REQUIRED,,S,unknown,unknown,not_curated,measured_public,SAMN55405086,41467_2026_74764_MOESM4_ESM.xlsx:Patient isolates AST:Excel row 105,QUARANTINED_STANDARD_VERSION_AND_UNITS_REVIEW_REQUIRED
INDIA_ICU2026:K-112,INDIA_ICU2026_SINGLE_HOSPITAL,2645219,,Escherichia coli,India,,Homo sapiens,patient rectal swab,amikacin,4,,,MIC,VITEK2 AST N406,UNKNOWN_REVIEW_REQUIRED,,S,unknown,unknown,not_curated,measured_public,SAMN55405086,41467_2026_74764_MOESM4_ESM.xlsx:Patient isolates AST:Excel row 105,QUARANTINED_STANDARD_VERSION_AND_UNITS_REVIEW_REQUIRED
INDIA_ICU2026:K-112,INDIA_ICU2026_SINGLE_HOSPITAL,2645219,,Escherichia coli,India,,Homo sapiens,patient rectal swab,meropenem,>=16,,,MIC,VITEK2 AST N406,UNKNOWN_REVIEW_REQUIRED,,R,unknown,unknown,not_curated,measured_public,SAMN55405086,41467_2026_74764_MOESM4_ESM.xlsx:Patient isolates AST:Excel row 105,QUARANTINED_STANDARD_VERSION_AND_UNITS_REVIEW_REQUIRED
INDIA_ICU2026:K-112,INDIA_ICU2026_SINGLE_HOSPITAL,2645219,,Escherichia coli,India,,Homo sapiens,patient rectal swab,imipenem,4,,,MIC,VITEK2 AST N406,UNKNOWN_REVIEW_REQUIRED,,R,unknown,unknown,not_curated,measured_public,SAMN55405086,41467_2026_74764_MOESM4_ESM.xlsx:Patient isolates AST:Excel row 105,QUARANTINED_STANDARD_VERSION_AND_UNITS_REVIEW_REQUIRED
INDIA_ICU2026:K-113,INDIA_ICU2026_SINGLE_HOSPITAL,2639757,,,India,,Homo sapiens,patient rectal swab,ceftazidime,>=64,,,MIC,VITEK2 AST N406,UNKNOWN_REVIEW_REQUIRED,,R,unknown,unknown,not_curated,measured_public,,41467_2026_74764_MOESM4_ESM.xlsx:Patient isolates AST:Excel row 106,QUARANTINED_STANDARD_VERSION_AND_UNITS_REVIEW_REQUIRED
INDIA_ICU2026:K-113,INDIA_ICU2026_SINGLE_HOSPITAL,2639757,,,India,,Homo sapiens,patient rectal swab,cefepime,16,,,MIC,VITEK2 AST N406,UNKNOWN_REVIEW_REQUIRED,,R,unknown,unknown,not_curated,measured_public,,41467_2026_74764_MOESM4_ESM.xlsx:Patient isolates AST:Excel row 106,QUARANTINED_STANDARD_VERSION_AND_UNITS_REVIEW_REQUIRED
INDIA_ICU2026:K-113,INDIA_ICU2026_SINGLE_HOSPITAL,2639757,,,India,,Homo sapiens,patient rectal swab,ciprofloxacin,0.5,,,MIC,VITEK2 AST N406,UNKNOWN_REVIEW_REQUIRED,,I,unknown,unknown,not_curated,measured_public,,41467_2026_74764_MOESM4_ESM.xlsx:Patient isolates AST:Excel row 106,QUARANTINED_STANDARD_VERSION_AND_UNITS_REVIEW_REQUIRED
INDIA_ICU2026:K-113,INDIA_ICU2026_SINGLE_HOSPITAL,2639757,,,India,,Homo sapiens,patient rectal swab,gentamicin,<=1,,,MIC,VITEK2 AST N406,UNKNOWN_REVIEW_REQUIRED,,S,unknown,unknown,not_curated,measured_public,,41467_2026_74764_MOESM4_ESM.xlsx:Patient isolates AST:Excel row 106,QUARANTINED_STANDARD_VERSION_AND_UNITS_REVIEW_REQUIRED
INDIA_ICU2026:K-113,INDIA_ICU2026_SINGLE_HOSPITAL,2639757,,,India,,Homo sapiens,patient rectal swab,amikacin,4,,,MIC,VITEK2 AST N406,UNKNOWN_REVIEW_REQUIRED,,S,unknown,unknown,not_curated,measured_public,,41467_2026_74764_MOESM4_ESM.xlsx:Patient isolates AST:Excel row 106,QUARANTINED_STANDARD_VERSION_AND_UNITS_REVIEW_REQUIRED
INDIA_ICU2026:K-113,INDIA_ICU2026_SINGLE_HOSPITAL,2639757,,,India,,Homo sapiens,patient rectal swab,meropenem,>=16,,,MIC,VITEK2 AST N406,UNKNOWN_REVIEW_REQUIRED,,R,unknown,unknown,not_curated,measured_public,,41467_2026_74764_MOESM4_ESM.xlsx:Patient isolates AST:Excel row 106,QUARANTINED_STANDARD_VERSION_AND_UNITS_REVIEW_REQUIRED
INDIA_ICU2026:K-113,INDIA_ICU2026_SINGLE_HOSPITAL,2639757,,,India,,Homo sapiens,patient rectal swab,imipenem,8,,,MIC,VITEK2 AST N406,UNKNOWN_REVIEW_REQUIRED,,R,unknown,unknown,not_curated,measured_public,,41467_2026_74764_MOESM4_ESM.xlsx:Patient isolates AST:Excel row 106,QUARANTINED_STANDARD_VERSION_AND_UNITS_REVIEW_REQUIRED
INDIA_ICU2026:K-114,INDIA_ICU2026_SINGLE_HOSPITAL,2639757,,Klebsiella pneumoniae,India,,Homo sapiens,patient rectal swab,ceftazidime,>=64,,,MIC,VITEK2 AST N406,UNKNOWN_REVIEW_REQUIRED,,R,unknown,unknown,not_curated,measured_public,SAMN55405087,41467_2026_74764_MOESM4_ESM.xlsx:Patient isolates AST:Excel row 107,QUARANTINED_STANDARD_VERSION_AND_UNITS_REVIEW_REQUIRED
INDIA_ICU2026:K-114,INDIA_ICU2026_SINGLE_HOSPITAL,2639757,,Klebsiella pneumoniae,India,,Homo sapiens,patient rectal swab,cefepime,>=32,,,MIC,VITEK2 AST N406,UNKNOWN_REVIEW_REQUIRED,,R,unknown,unknown,not_curated,measured_public,SAMN55405087,41467_2026_74764_MOESM4_ESM.xlsx:Patient isolates AST:Excel row 107,QUARANTINED_STANDARD_VERSION_AND_UNITS_REVIEW_REQUIRED
INDIA_ICU2026:K-114,INDIA_ICU2026_SINGLE_HOSPITAL,2639757,,Klebsiella pneumoniae,India,,Homo sapiens,patient rectal swab,ciprofloxacin,>=4,,,MIC,VITEK2 AST N406,UNKNOWN_REVIEW_REQUIRED,,R,unknown,unknown,not_curated,measured_public,SAMN55405087,41467_2026_74764_MOESM4_ESM.xlsx:Patient isolates AST:Excel row 107,QUARANTINED_STANDARD_VERSION_AND_UNITS_REVIEW_REQUIRED
INDIA_ICU2026:K-114,INDIA_ICU2026_SINGLE_HOSPITAL,2639757,,Klebsiella pneumoniae,India,,Homo sapiens,patient rectal swab,gentamicin,>=16,,,MIC,VITEK2 AST N406,UNKNOWN_REVIEW_REQUIRED,,R,unknown,unknown,not_curated,measured_public,SAMN55405087,41467_2026_74764_MOESM4_ESM.xlsx:Patient isolates AST:Excel row 107,QUARANTINED_STANDARD_VERSION_AND_UNITS_REVIEW_REQUIRED
INDIA_ICU2026:K-114,INDIA_ICU2026_SINGLE_HOSPITAL,2639757,,Klebsiella pneumoniae,India,,Homo sapiens,patient rectal swab,amikacin,32,,,MIC,VITEK2 AST N406,UNKNOWN_REVIEW_REQUIRED,,R,unknown,unknown,not_curated,measured_public,SAMN55405087,41467_2026_74764_MOESM4_ESM.xlsx:Patient isolates AST:Excel row 107,QUARANTINED_STANDARD_VERSION_AND_UNITS_REVIEW_REQUIRED
INDIA_ICU2026:K-114,INDIA_ICU2026_SINGLE_HOSPITAL,2639757,,Klebsiella pneumoniae,India,,Homo sapiens,patient rectal swab,meropenem,>=16,,,MIC,VITEK2 AST N406,UNKNOWN_REVIEW_REQUIRED,,R,unknown,unknown,not_curated,measured_public,SAMN55405087,41467_2026_74764_MOESM4_ESM.xlsx:Patient isolates AST:Excel row 107,QUARANTINED_STANDARD_VERSION_AND_UNITS_REVIEW_REQUIRED
INDIA_ICU2026:K-114,INDIA_ICU2026_SINGLE_HOSPITAL,2639757,,Klebsiella pneumoniae,India,,Homo sapiens,patient rectal swab,imipenem,8,,,MIC,VITEK2 AST N406,UNKNOWN_REVIEW_REQUIRED,,R,unknown,unknown,not_curated,measured_public,SAMN55405087,41467_2026_74764_MOESM4_ESM.xlsx:Patient isolates AST:Excel row 107,QUARANTINED_STANDARD_VERSION_AND_UNITS_REVIEW_REQUIRED
INDIA_ICU2026:K-115,INDIA_ICU2026_SINGLE_HOSPITAL,2637263,,Klebsiella pneumoniae,India,,Homo sapiens,patient rectal swab,ceftazidime,>=64,,,MIC,VITEK2 AST N406,UNKNOWN_REVIEW_REQUIRED,,R,unknown,unknown,not_curated,measured_public,SAMN55405088,41467_2026_74764_MOESM4_ESM.xlsx:Patient isolates AST:Excel row 108,QUARANTINED_STANDARD_VERSION_AND_UNITS_REVIEW_REQUIRED
INDIA_ICU2026:K-115,INDIA_ICU2026_SINGLE_HOSPITAL,2637263,,Klebsiella pneumoniae,India,,Homo sapiens,patient rectal swab,cefepime,>=32,,,MIC,VITEK2 AST N406,UNKNOWN_REVIEW_REQUIRED,,R,unknown,unknown,not_curated,measured_public,SAMN55405088,41467_2026_74764_MOESM4_ESM.xlsx:Patient isolates AST:Excel row 108,QUARANTINED_STANDARD_VERSION_AND_UNITS_REVIEW_REQUIRED
INDIA_ICU2026:K-115,INDIA_ICU2026_SINGLE_HOSPITAL,2637263,,Klebsiella pneumoniae,India,,Homo sapiens,patient rectal swab,ciprofloxacin,>=4,,,MIC,VITEK2 AST N406,UNKNOWN_REVIEW_REQUIRED,,R,unknown,unknown,not_curated,measured_public,SAMN55405088,41467_2026_74764_MOESM4_ESM.xlsx:Patient isolates AST:Excel row 108,QUARANTINED_STANDARD_VERSION_AND_UNITS_REVIEW_REQUIRED
INDIA_ICU2026:K-115,INDIA_ICU2026_SINGLE_HOSPITAL,2637263,,Klebsiella pneumoniae,India,,Homo sapiens,patient rectal swab,gentamicin,>=16,,,MIC,VITEK2 AST N406,UNKNOWN_REVIEW_REQUIRED,,R,unknown,unknown,not_curated,measured_public,SAMN55405088,41467_2026_74764_MOESM4_ESM.xlsx:Patient isolates AST:Excel row 108,QUARANTINED_STANDARD_VERSION_AND_UNITS_REVIEW_REQUIRED
INDIA_ICU2026:K-115,INDIA_ICU2026_SINGLE_HOSPITAL,2637263,,Klebsiella pneumoniae,India,,Homo sapiens,patient rectal swab,amikacin,8,,,MIC,VITEK2 AST N406,UNKNOWN_REVIEW_REQUIRED,,I,unknown,unknown,not_curated,measured_public,SAMN55405088,41467_2026_74764_MOESM4_ESM.xlsx:Patient isolates AST:Excel row 108,QUARANTINED_STANDARD_VERSION_AND_UNITS_REVIEW_REQUIRED
INDIA_ICU2026:K-115,INDIA_ICU2026_SINGLE_HOSPITAL,2637263,,Klebsiella pneumoniae,India,,Homo sapiens,patient rectal swab,meropenem,>=16,,,MIC,VITEK2 AST N406,UNKNOWN_REVIEW_REQUIRED,,R,unknown,unknown,not_curated,measured_public,SAMN55405088,41467_2026_74764_MOESM4_ESM.xlsx:Patient isolates AST:Excel row 108,QUARANTINED_STANDARD_VERSION_AND_UNITS_REVIEW_REQUIRED
INDIA_ICU2026:K-115,INDIA_ICU2026_SINGLE_HOSPITAL,2637263,,Klebsiella pneumoniae,India,,Homo sapiens,patient rectal swab,imipenem,1,,,MIC,VITEK2 AST N406,UNKNOWN_REVIEW_REQUIRED,,R,unknown,unknown,not_curated,measured_public,SAMN55405088,41467_2026_74764_MOESM4_ESM.xlsx:Patient isolates AST:Excel row 108,QUARANTINED_STANDARD_VERSION_AND_UNITS_REVIEW_REQUIRED
INDIA_ICU2026:K-116,INDIA_ICU2026_SINGLE_HOSPITAL,2640561,,Escherichia coli,India,,Homo sapiens,patient rectal swab,ceftazidime,>=64,,,MIC,VITEK2 AST N406,UNKNOWN_REVIEW_REQUIRED,,R,unknown,unknown,not_curated,measured_public,SAMN55405089,41467_2026_74764_MOESM4_ESM.xlsx:Patient isolates AST:Excel row 109,QUARANTINED_STANDARD_VERSION_AND_UNITS_REVIEW_REQUIRED
INDIA_ICU2026:K-116,INDIA_ICU2026_SINGLE_HOSPITAL,2640561,,Escherichia coli,India,,Homo sapiens,patient rectal swab,cefepime,16,,,MIC,VITEK2 AST N406,UNKNOWN_REVIEW_REQUIRED,,R,unknown,unknown,not_curated,measured_public,SAMN55405089,41467_2026_74764_MOESM4_ESM.xlsx:Patient isolates AST:Excel row 109,QUARANTINED_STANDARD_VERSION_AND_UNITS_REVIEW_REQUIRED
INDIA_ICU2026:K-116,INDIA_ICU2026_SINGLE_HOSPITAL,2640561,,Escherichia coli,India,,Homo sapiens,patient rectal swab,ciprofloxacin,>=4,,,MIC,VITEK2 AST N406,UNKNOWN_REVIEW_REQUIRED,,R,unknown,unknown,not_curated,measured_public,SAMN55405089,41467_2026_74764_MOESM4_ESM.xlsx:Patient isolates AST:Excel row 109,QUARANTINED_STANDARD_VERSION_AND_UNITS_REVIEW_REQUIRED
INDIA_ICU2026:K-116,INDIA_ICU2026_SINGLE_HOSPITAL,2640561,,Escherichia coli,India,,Homo sapiens,patient rectal swab,gentamicin,>=16,,,MIC,VITEK2 AST N406,UNKNOWN_REVIEW_REQUIRED,,R,unknown,unknown,not_curated,measured_public,SAMN55405089,41467_2026_74764_MOESM4_ESM.xlsx:Patient isolates AST:Excel row 109,QUARANTINED_STANDARD_VERSION_AND_UNITS_REVIEW_REQUIRED
INDIA_ICU2026:K-116,INDIA_ICU2026_SINGLE_HOSPITAL,2640561,,Escherichia coli,India,,Homo sapiens,patient rectal swab,amikacin,4,,,MIC,VITEK2 AST N406,UNKNOWN_REVIEW_REQUIRED,,S,unknown,unknown,not_curated,measured_public,SAMN55405089,41467_2026_74764_MOESM4_ESM.xlsx:Patient isolates AST:Excel row 109,QUARANTINED_STANDARD_VERSION_AND_UNITS_REVIEW_REQUIRED
INDIA_ICU2026:K-116,INDIA_ICU2026_SINGLE_HOSPITAL,2640561,,Escherichia coli,India,,Homo sapiens,patient rectal swab,meropenem,>=16,,,MIC,VITEK2 AST N406,UNKNOWN_REVIEW_REQUIRED,,R,unknown,unknown,not_curated,measured_public,SAMN55405089,41467_2026_74764_MOESM4_ESM.xlsx:Patient isolates AST:Excel row 109,QUARANTINED_STANDARD_VERSION_AND_UNITS_REVIEW_REQUIRED
INDIA_ICU2026:K-116,INDIA_ICU2026_SINGLE_HOSPITAL,2640561,,Escherichia coli,India,,Homo sapiens,patient rectal swab,imipenem,8,,,MIC,VITEK2 AST N406,UNKNOWN_REVIEW_REQUIRED,,R,unknown,unknown,not_curated,measured_public,SAMN55405089,41467_2026_74764_MOESM4_ESM.xlsx:Patient isolates AST:Excel row 109,QUARANTINED_STANDARD_VERSION_AND_UNITS_REVIEW_REQUIRED
INDIA_ICU2026:K-118,INDIA_ICU2026_SINGLE_HOSPITAL,2635018,,Klebsiella pneumoniae,India,,Homo sapiens,patient rectal swab,ceftazidime,>=64,,,MIC,VITEK2 AST N406,UNKNOWN_REVIEW_REQUIRED,,R,unknown,unknown,not_curated,measured_public,SAMN55405091,41467_2026_74764_MOESM4_ESM.xlsx:Patient isolates AST:Excel row 110,QUARANTINED_STANDARD_VERSION_AND_UNITS_REVIEW_REQUIRED
INDIA_ICU2026:K-118,INDIA_ICU2026_SINGLE_HOSPITAL,2635018,,Klebsiella pneumoniae,India,,Homo sapiens,patient rectal swab,cefepime,>=32,,,MIC,VITEK2 AST N406,UNKNOWN_REVIEW_REQUIRED,,R,unknown,unknown,not_curated,measured_public,SAMN55405091,41467_2026_74764_MOESM4_ESM.xlsx:Patient isolates AST:Excel row 110,QUARANTINED_STANDARD_VERSION_AND_UNITS_REVIEW_REQUIRED
INDIA_ICU2026:K-118,INDIA_ICU2026_SINGLE_HOSPITAL,2635018,,Klebsiella pneumoniae,India,,Homo sapiens,patient rectal swab,ciprofloxacin,>=4,,,MIC,VITEK2 AST N406,UNKNOWN_REVIEW_REQUIRED,,R,unknown,unknown,not_curated,measured_public,SAMN55405091,41467_2026_74764_MOESM4_ESM.xlsx:Patient isolates AST:Excel row 110,QUARANTINED_STANDARD_VERSION_AND_UNITS_REVIEW_REQUIRED
INDIA_ICU2026:K-118,INDIA_ICU2026_SINGLE_HOSPITAL,2635018,,Klebsiella pneumoniae,India,,Homo sapiens,patient rectal swab,gentamicin,>=16,,,MIC,VITEK2 AST N406,UNKNOWN_REVIEW_REQUIRED,,R,unknown,unknown,not_curated,measured_public,SAMN55405091,41467_2026_74764_MOESM4_ESM.xlsx:Patient isolates AST:Excel row 110,QUARANTINED_STANDARD_VERSION_AND_UNITS_REVIEW_REQUIRED
INDIA_ICU2026:K-118,INDIA_ICU2026_SINGLE_HOSPITAL,2635018,,Klebsiella pneumoniae,India,,Homo sapiens,patient rectal swab,amikacin,<=1,,,MIC,VITEK2 AST N406,UNKNOWN_REVIEW_REQUIRED,,S,unknown,unknown,not_curated,measured_public,SAMN55405091,41467_2026_74764_MOESM4_ESM.xlsx:Patient isolates AST:Excel row 110,QUARANTINED_STANDARD_VERSION_AND_UNITS_REVIEW_REQUIRED
INDIA_ICU2026:K-118,INDIA_ICU2026_SINGLE_HOSPITAL,2635018,,Klebsiella pneumoniae,India,,Homo sapiens,patient rectal swab,meropenem,>=16,,,MIC,VITEK2 AST N406,UNKNOWN_REVIEW_REQUIRED,,R,unknown,unknown,not_curated,measured_public,SAMN55405091,41467_2026_74764_MOESM4_ESM.xlsx:Patient isolates AST:Excel row 110,QUARANTINED_STANDARD_VERSION_AND_UNITS_REVIEW_REQUIRED
INDIA_ICU2026:K-118,INDIA_ICU2026_SINGLE_HOSPITAL,2635018,,Klebsiella pneumoniae,India,,Homo sapiens,patient rectal swab,imipenem,2,,,MIC,VITEK2 AST N406,UNKNOWN_REVIEW_REQUIRED,,I,unknown,unknown,not_curated,measured_public,SAMN55405091,41467_2026_74764_MOESM4_ESM.xlsx:Patient isolates AST:Excel row 110,QUARANTINED_STANDARD_VERSION_AND_UNITS_REVIEW_REQUIRED
INDIA_ICU2026:K-120,INDIA_ICU2026_SINGLE_HOSPITAL,2647074,,Klebsiella pneumoniae,India,,Homo sapiens,patient rectal swab,ceftazidime,>=64,,,MIC,VITEK2 AST N406,UNKNOWN_REVIEW_REQUIRED,,R,unknown,unknown,not_curated,measured_public,SAMN55405093,41467_2026_74764_MOESM4_ESM.xlsx:Patient isolates AST:Excel row 111,QUARANTINED_STANDARD_VERSION_AND_UNITS_REVIEW_REQUIRED
INDIA_ICU2026:K-120,INDIA_ICU2026_SINGLE_HOSPITAL,2647074,,Klebsiella pneumoniae,India,,Homo sapiens,patient rectal swab,cefepime,>=32,,,MIC,VITEK2 AST N406,UNKNOWN_REVIEW_REQUIRED,,R,unknown,unknown,not_curated,measured_public,SAMN55405093,41467_2026_74764_MOESM4_ESM.xlsx:Patient isolates AST:Excel row 111,QUARANTINED_STANDARD_VERSION_AND_UNITS_REVIEW_REQUIRED
INDIA_ICU2026:K-120,INDIA_ICU2026_SINGLE_HOSPITAL,2647074,,Klebsiella pneumoniae,India,,Homo sapiens,patient rectal swab,ciprofloxacin,>=4,,,MIC,VITEK2 AST N406,UNKNOWN_REVIEW_REQUIRED,,R,unknown,unknown,not_curated,measured_public,SAMN55405093,41467_2026_74764_MOESM4_ESM.xlsx:Patient isolates AST:Excel row 111,QUARANTINED_STANDARD_VERSION_AND_UNITS_REVIEW_REQUIRED
INDIA_ICU2026:K-120,INDIA_ICU2026_SINGLE_HOSPITAL,2647074,,Klebsiella pneumoniae,India,,Homo sapiens,patient rectal swab,gentamicin,>=16,,,MIC,VITEK2 AST N406,UNKNOWN_REVIEW_REQUIRED,,R,unknown,unknown,not_curated,measured_public,SAMN55405093,41467_2026_74764_MOESM4_ESM.xlsx:Patient isolates AST:Excel row 111,QUARANTINED_STANDARD_VERSION_AND_UNITS_REVIEW_REQUIRED
INDIA_ICU2026:K-120,INDIA_ICU2026_SINGLE_HOSPITAL,2647074,,Klebsiella pneumoniae,India,,Homo sapiens,patient rectal swab,amikacin,32,,,MIC,VITEK2 AST N406,UNKNOWN_REVIEW_REQUIRED,,R,unknown,unknown,not_curated,measured_public,SAMN55405093,41467_2026_74764_MOESM4_ESM.xlsx:Patient isolates AST:Excel row 111,QUARANTINED_STANDARD_VERSION_AND_UNITS_REVIEW_REQUIRED
INDIA_ICU2026:K-120,INDIA_ICU2026_SINGLE_HOSPITAL,2647074,,Klebsiella pneumoniae,India,,Homo sapiens,patient rectal swab,meropenem,>=16,,,MIC,VITEK2 AST N406,UNKNOWN_REVIEW_REQUIRED,,R,unknown,unknown,not_curated,measured_public,SAMN55405093,41467_2026_74764_MOESM4_ESM.xlsx:Patient isolates AST:Excel row 111,QUARANTINED_STANDARD_VERSION_AND_UNITS_REVIEW_REQUIRED
INDIA_ICU2026:K-120,INDIA_ICU2026_SINGLE_HOSPITAL,2647074,,Klebsiella pneumoniae,India,,Homo sapiens,patient rectal swab,imipenem,2,,,MIC,VITEK2 AST N406,UNKNOWN_REVIEW_REQUIRED,,I,unknown,unknown,not_curated,measured_public,SAMN55405093,41467_2026_74764_MOESM4_ESM.xlsx:Patient isolates AST:Excel row 111,QUARANTINED_STANDARD_VERSION_AND_UNITS_REVIEW_REQUIRED
INDIA_ICU2026:K-122,INDIA_ICU2026_SINGLE_HOSPITAL,536409,,Klebsiella pneumoniae,India,,Homo sapiens,patient rectal swab,ceftazidime,>=64,,,MIC,VITEK2 AST N406,UNKNOWN_REVIEW_REQUIRED,,R,unknown,unknown,not_curated,measured_public,SAMN55405094,41467_2026_74764_MOESM4_ESM.xlsx:Patient isolates AST:Excel row 112,QUARANTINED_STANDARD_VERSION_AND_UNITS_REVIEW_REQUIRED
INDIA_ICU2026:K-122,INDIA_ICU2026_SINGLE_HOSPITAL,536409,,Klebsiella pneumoniae,India,,Homo sapiens,patient rectal swab,cefepime,>=32,,,MIC,VITEK2 AST N406,UNKNOWN_REVIEW_REQUIRED,,R,unknown,unknown,not_curated,measured_public,SAMN55405094,41467_2026_74764_MOESM4_ESM.xlsx:Patient isolates AST:Excel row 112,QUARANTINED_STANDARD_VERSION_AND_UNITS_REVIEW_REQUIRED
INDIA_ICU2026:K-122,INDIA_ICU2026_SINGLE_HOSPITAL,536409,,Klebsiella pneumoniae,India,,Homo sapiens,patient rectal swab,ciprofloxacin,>=4,,,MIC,VITEK2 AST N406,UNKNOWN_REVIEW_REQUIRED,,R,unknown,unknown,not_curated,measured_public,SAMN55405094,41467_2026_74764_MOESM4_ESM.xlsx:Patient isolates AST:Excel row 112,QUARANTINED_STANDARD_VERSION_AND_UNITS_REVIEW_REQUIRED
INDIA_ICU2026:K-122,INDIA_ICU2026_SINGLE_HOSPITAL,536409,,Klebsiella pneumoniae,India,,Homo sapiens,patient rectal swab,gentamicin,<=1,,,MIC,VITEK2 AST N406,UNKNOWN_REVIEW_REQUIRED,,S,unknown,unknown,not_curated,measured_public,SAMN55405094,41467_2026_74764_MOESM4_ESM.xlsx:Patient isolates AST:Excel row 112,QUARANTINED_STANDARD_VERSION_AND_UNITS_REVIEW_REQUIRED
INDIA_ICU2026:K-122,INDIA_ICU2026_SINGLE_HOSPITAL,536409,,Klebsiella pneumoniae,India,,Homo sapiens,patient rectal swab,amikacin,4,,,MIC,VITEK2 AST N406,UNKNOWN_REVIEW_REQUIRED,,S,unknown,unknown,not_curated,measured_public,SAMN55405094,41467_2026_74764_MOESM4_ESM.xlsx:Patient isolates AST:Excel row 112,QUARANTINED_STANDARD_VERSION_AND_UNITS_REVIEW_REQUIRED
INDIA_ICU2026:K-122,INDIA_ICU2026_SINGLE_HOSPITAL,536409,,Klebsiella pneumoniae,India,,Homo sapiens,patient rectal swab,meropenem,>=16,,,MIC,VITEK2 AST N406,UNKNOWN_REVIEW_REQUIRED,,R,unknown,unknown,not_curated,measured_public,SAMN55405094,41467_2026_74764_MOESM4_ESM.xlsx:Patient isolates AST:Excel row 112,QUARANTINED_STANDARD_VERSION_AND_UNITS_REVIEW_REQUIRED
INDIA_ICU2026:K-122,INDIA_ICU2026_SINGLE_HOSPITAL,536409,,Klebsiella pneumoniae,India,,Homo sapiens,patient rectal swab,imipenem,4,,,MIC,VITEK2 AST N406,UNKNOWN_REVIEW_REQUIRED,,R,unknown,unknown,not_curated,measured_public,SAMN55405094,41467_2026_74764_MOESM4_ESM.xlsx:Patient isolates AST:Excel row 112,QUARANTINED_STANDARD_VERSION_AND_UNITS_REVIEW_REQUIRED
INDIA_ICU2026:K-123,INDIA_ICU2026_SINGLE_HOSPITAL,2642502,,Escherichia coli,India,,Homo sapiens,patient rectal swab,ceftazidime,>=64,,,MIC,VITEK2 AST N406,UNKNOWN_REVIEW_REQUIRED,,R,unknown,unknown,not_curated,measured_public,SAMN55405095,41467_2026_74764_MOESM4_ESM.xlsx:Patient isolates AST:Excel row 113,QUARANTINED_STANDARD_VERSION_AND_UNITS_REVIEW_REQUIRED
INDIA_ICU2026:K-123,INDIA_ICU2026_SINGLE_HOSPITAL,2642502,,Escherichia coli,India,,Homo sapiens,patient rectal swab,cefepime,>=32,,,MIC,VITEK2 AST N406,UNKNOWN_REVIEW_REQUIRED,,R,unknown,unknown,not_curated,measured_public,SAMN55405095,41467_2026_74764_MOESM4_ESM.xlsx:Patient isolates AST:Excel row 113,QUARANTINED_STANDARD_VERSION_AND_UNITS_REVIEW_REQUIRED
INDIA_ICU2026:K-123,INDIA_ICU2026_SINGLE_HOSPITAL,2642502,,Escherichia coli,India,,Homo sapiens,patient rectal swab,ciprofloxacin,>=4,,,MIC,VITEK2 AST N406,UNKNOWN_REVIEW_REQUIRED,,R,unknown,unknown,not_curated,measured_public,SAMN55405095,41467_2026_74764_MOESM4_ESM.xlsx:Patient isolates AST:Excel row 113,QUARANTINED_STANDARD_VERSION_AND_UNITS_REVIEW_REQUIRED
INDIA_ICU2026:K-123,INDIA_ICU2026_SINGLE_HOSPITAL,2642502,,Escherichia coli,India,,Homo sapiens,patient rectal swab,gentamicin,<=1,,,MIC,VITEK2 AST N406,UNKNOWN_REVIEW_REQUIRED,,S,unknown,unknown,not_curated,measured_public,SAMN55405095,41467_2026_74764_MOESM4_ESM.xlsx:Patient isolates AST:Excel row 113,QUARANTINED_STANDARD_VERSION_AND_UNITS_REVIEW_REQUIRED
INDIA_ICU2026:K-123,INDIA_ICU2026_SINGLE_HOSPITAL,2642502,,Escherichia coli,India,,Homo sapiens,patient rectal swab,amikacin,2,,,MIC,VITEK2 AST N406,UNKNOWN_REVIEW_REQUIRED,,S,unknown,unknown,not_curated,measured_public,SAMN55405095,41467_2026_74764_MOESM4_ESM.xlsx:Patient isolates AST:Excel row 113,QUARANTINED_STANDARD_VERSION_AND_UNITS_REVIEW_REQUIRED
INDIA_ICU2026:K-123,INDIA_ICU2026_SINGLE_HOSPITAL,2642502,,Escherichia coli,India,,Homo sapiens,patient rectal swab,meropenem,>=16,,,MIC,VITEK2 AST N406,UNKNOWN_REVIEW_REQUIRED,,R,unknown,unknown,not_curated,measured_public,SAMN55405095,41467_2026_74764_MOESM4_ESM.xlsx:Patient isolates AST:Excel row 113,QUARANTINED_STANDARD_VERSION_AND_UNITS_REVIEW_REQUIRED
INDIA_ICU2026:K-123,INDIA_ICU2026_SINGLE_HOSPITAL,2642502,,Escherichia coli,India,,Homo sapiens,patient rectal swab,imipenem,>=16,,,MIC,VITEK2 AST N406,UNKNOWN_REVIEW_REQUIRED,,R,unknown,unknown,not_curated,measured_public,SAMN55405095,41467_2026_74764_MOESM4_ESM.xlsx:Patient isolates AST:Excel row 113,QUARANTINED_STANDARD_VERSION_AND_UNITS_REVIEW_REQUIRED
INDIA_ICU2026:K-117,INDIA_ICU2026_SINGLE_HOSPITAL,2640561,,Klebsiella sp. 10982,India,,Homo sapiens,patient rectal swab,ceftazidime,>=64,,,MIC,VITEK2 AST N406,UNKNOWN_REVIEW_REQUIRED,,R,unknown,unknown,not_curated,measured_public,SAMN55405090,41467_2026_74764_MOESM4_ESM.xlsx:Patient isolates AST:Excel row 114,QUARANTINED_STANDARD_VERSION_AND_UNITS_REVIEW_REQUIRED
INDIA_ICU2026:K-117,INDIA_ICU2026_SINGLE_HOSPITAL,2640561,,Klebsiella sp. 10982,India,,Homo sapiens,patient rectal swab,cefepime,16,,,MIC,VITEK2 AST N406,UNKNOWN_REVIEW_REQUIRED,,R,unknown,unknown,not_curated,measured_public,SAMN55405090,41467_2026_74764_MOESM4_ESM.xlsx:Patient isolates AST:Excel row 114,QUARANTINED_STANDARD_VERSION_AND_UNITS_REVIEW_REQUIRED
INDIA_ICU2026:K-117,INDIA_ICU2026_SINGLE_HOSPITAL,2640561,,Klebsiella sp. 10982,India,,Homo sapiens,patient rectal swab,ciprofloxacin,>=4,,,MIC,VITEK2 AST N406,UNKNOWN_REVIEW_REQUIRED,,R,unknown,unknown,not_curated,measured_public,SAMN55405090,41467_2026_74764_MOESM4_ESM.xlsx:Patient isolates AST:Excel row 114,QUARANTINED_STANDARD_VERSION_AND_UNITS_REVIEW_REQUIRED
INDIA_ICU2026:K-117,INDIA_ICU2026_SINGLE_HOSPITAL,2640561,,Klebsiella sp. 10982,India,,Homo sapiens,patient rectal swab,gentamicin,>=16,,,MIC,VITEK2 AST N406,UNKNOWN_REVIEW_REQUIRED,,R,unknown,unknown,not_curated,measured_public,SAMN55405090,41467_2026_74764_MOESM4_ESM.xlsx:Patient isolates AST:Excel row 114,QUARANTINED_STANDARD_VERSION_AND_UNITS_REVIEW_REQUIRED
INDIA_ICU2026:K-117,INDIA_ICU2026_SINGLE_HOSPITAL,2640561,,Klebsiella sp. 10982,India,,Homo sapiens,patient rectal swab,amikacin,2,,,MIC,VITEK2 AST N406,UNKNOWN_REVIEW_REQUIRED,,S,unknown,unknown,not_curated,measured_public,SAMN55405090,41467_2026_74764_MOESM4_ESM.xlsx:Patient isolates AST:Excel row 114,QUARANTINED_STANDARD_VERSION_AND_UNITS_REVIEW_REQUIRED
INDIA_ICU2026:K-117,INDIA_ICU2026_SINGLE_HOSPITAL,2640561,,Klebsiella sp. 10982,India,,Homo sapiens,patient rectal swab,meropenem,>=16,,,MIC,VITEK2 AST N406,UNKNOWN_REVIEW_REQUIRED,,R,unknown,unknown,not_curated,measured_public,SAMN55405090,41467_2026_74764_MOESM4_ESM.xlsx:Patient isolates AST:Excel row 114,QUARANTINED_STANDARD_VERSION_AND_UNITS_REVIEW_REQUIRED
INDIA_ICU2026:K-117,INDIA_ICU2026_SINGLE_HOSPITAL,2640561,,Klebsiella sp. 10982,India,,Homo sapiens,patient rectal swab,imipenem,8,,,MIC,VITEK2 AST N406,UNKNOWN_REVIEW_REQUIRED,,R,unknown,unknown,not_curated,measured_public,SAMN55405090,41467_2026_74764_MOESM4_ESM.xlsx:Patient isolates AST:Excel row 114,QUARANTINED_STANDARD_VERSION_AND_UNITS_REVIEW_REQUIRED
INDIA_ICU2026:K-125,INDIA_ICU2026_SINGLE_HOSPITAL,2647874,,Klebsiella pneumoniae,India,,Homo sapiens,patient rectal swab,ceftazidime,>=64,,,MIC,VITEK2 AST N406,UNKNOWN_REVIEW_REQUIRED,,R,unknown,unknown,not_curated,measured_public,SAMN55405096,41467_2026_74764_MOESM4_ESM.xlsx:Patient isolates AST:Excel row 115,QUARANTINED_STANDARD_VERSION_AND_UNITS_REVIEW_REQUIRED
INDIA_ICU2026:K-125,INDIA_ICU2026_SINGLE_HOSPITAL,2647874,,Klebsiella pneumoniae,India,,Homo sapiens,patient rectal swab,cefepime,>=32,,,MIC,VITEK2 AST N406,UNKNOWN_REVIEW_REQUIRED,,R,unknown,unknown,not_curated,measured_public,SAMN55405096,41467_2026_74764_MOESM4_ESM.xlsx:Patient isolates AST:Excel row 115,QUARANTINED_STANDARD_VERSION_AND_UNITS_REVIEW_REQUIRED
INDIA_ICU2026:K-125,INDIA_ICU2026_SINGLE_HOSPITAL,2647874,,Klebsiella pneumoniae,India,,Homo sapiens,patient rectal swab,ciprofloxacin,>=4,,,MIC,VITEK2 AST N406,UNKNOWN_REVIEW_REQUIRED,,R,unknown,unknown,not_curated,measured_public,SAMN55405096,41467_2026_74764_MOESM4_ESM.xlsx:Patient isolates AST:Excel row 115,QUARANTINED_STANDARD_VERSION_AND_UNITS_REVIEW_REQUIRED
INDIA_ICU2026:K-125,INDIA_ICU2026_SINGLE_HOSPITAL,2647874,,Klebsiella pneumoniae,India,,Homo sapiens,patient rectal swab,gentamicin,<=1,,,MIC,VITEK2 AST N406,UNKNOWN_REVIEW_REQUIRED,,S,unknown,unknown,not_curated,measured_public,SAMN55405096,41467_2026_74764_MOESM4_ESM.xlsx:Patient isolates AST:Excel row 115,QUARANTINED_STANDARD_VERSION_AND_UNITS_REVIEW_REQUIRED
INDIA_ICU2026:K-125,INDIA_ICU2026_SINGLE_HOSPITAL,2647874,,Klebsiella pneumoniae,India,,Homo sapiens,patient rectal swab,amikacin,<=1,,,MIC,VITEK2 AST N406,UNKNOWN_REVIEW_REQUIRED,,S,unknown,unknown,not_curated,measured_public,SAMN55405096,41467_2026_74764_MOESM4_ESM.xlsx:Patient isolates AST:Excel row 115,QUARANTINED_STANDARD_VERSION_AND_UNITS_REVIEW_REQUIRED
INDIA_ICU2026:K-125,INDIA_ICU2026_SINGLE_HOSPITAL,2647874,,Klebsiella pneumoniae,India,,Homo sapiens,patient rectal swab,meropenem,>=16,,,MIC,VITEK2 AST N406,UNKNOWN_REVIEW_REQUIRED,,R,unknown,unknown,not_curated,measured_public,SAMN55405096,41467_2026_74764_MOESM4_ESM.xlsx:Patient isolates AST:Excel row 115,QUARANTINED_STANDARD_VERSION_AND_UNITS_REVIEW_REQUIRED
INDIA_ICU2026:K-125,INDIA_ICU2026_SINGLE_HOSPITAL,2647874,,Klebsiella pneumoniae,India,,Homo sapiens,patient rectal swab,imipenem,>=16,,,MIC,VITEK2 AST N406,UNKNOWN_REVIEW_REQUIRED,,R,unknown,unknown,not_curated,measured_public,SAMN55405096,41467_2026_74764_MOESM4_ESM.xlsx:Patient isolates AST:Excel row 115,QUARANTINED_STANDARD_VERSION_AND_UNITS_REVIEW_REQUIRED
INDIA_ICU2026:K-128,INDIA_ICU2026_SINGLE_HOSPITAL,2647383,,Klebsiella pneumoniae,India,,Homo sapiens,patient rectal swab,ceftazidime,>=64,,,MIC,VITEK2 AST N406,UNKNOWN_REVIEW_REQUIRED,,R,unknown,unknown,not_curated,measured_public,SAMN55405097,41467_2026_74764_MOESM4_ESM.xlsx:Patient isolates AST:Excel row 116,QUARANTINED_STANDARD_VERSION_AND_UNITS_REVIEW_REQUIRED
INDIA_ICU2026:K-128,INDIA_ICU2026_SINGLE_HOSPITAL,2647383,,Klebsiella pneumoniae,India,,Homo sapiens,patient rectal swab,cefepime,>=32,,,MIC,VITEK2 AST N406,UNKNOWN_REVIEW_REQUIRED,,R,unknown,unknown,not_curated,measured_public,SAMN55405097,41467_2026_74764_MOESM4_ESM.xlsx:Patient isolates AST:Excel row 116,QUARANTINED_STANDARD_VERSION_AND_UNITS_REVIEW_REQUIRED
INDIA_ICU2026:K-128,INDIA_ICU2026_SINGLE_HOSPITAL,2647383,,Klebsiella pneumoniae,India,,Homo sapiens,patient rectal swab,ciprofloxacin,>=4,,,MIC,VITEK2 AST N406,UNKNOWN_REVIEW_REQUIRED,,R,unknown,unknown,not_curated,measured_public,SAMN55405097,41467_2026_74764_MOESM4_ESM.xlsx:Patient isolates AST:Excel row 116,QUARANTINED_STANDARD_VERSION_AND_UNITS_REVIEW_REQUIRED
INDIA_ICU2026:K-128,INDIA_ICU2026_SINGLE_HOSPITAL,2647383,,Klebsiella pneumoniae,India,,Homo sapiens,patient rectal swab,gentamicin,>=16,,,MIC,VITEK2 AST N406,UNKNOWN_REVIEW_REQUIRED,,R,unknown,unknown,not_curated,measured_public,SAMN55405097,41467_2026_74764_MOESM4_ESM.xlsx:Patient isolates AST:Excel row 116,QUARANTINED_STANDARD_VERSION_AND_UNITS_REVIEW_REQUIRED
INDIA_ICU2026:K-128,INDIA_ICU2026_SINGLE_HOSPITAL,2647383,,Klebsiella pneumoniae,India,,Homo sapiens,patient rectal swab,amikacin,4,,,MIC,VITEK2 AST N406,UNKNOWN_REVIEW_REQUIRED,,S,unknown,unknown,not_curated,measured_public,SAMN55405097,41467_2026_74764_MOESM4_ESM.xlsx:Patient isolates AST:Excel row 116,QUARANTINED_STANDARD_VERSION_AND_UNITS_REVIEW_REQUIRED
INDIA_ICU2026:K-128,INDIA_ICU2026_SINGLE_HOSPITAL,2647383,,Klebsiella pneumoniae,India,,Homo sapiens,patient rectal swab,meropenem,>=16,,,MIC,VITEK2 AST N406,UNKNOWN_REVIEW_REQUIRED,,R,unknown,unknown,not_curated,measured_public,SAMN55405097,41467_2026_74764_MOESM4_ESM.xlsx:Patient isolates AST:Excel row 116,QUARANTINED_STANDARD_VERSION_AND_UNITS_REVIEW_REQUIRED
INDIA_ICU2026:K-128,INDIA_ICU2026_SINGLE_HOSPITAL,2647383,,Klebsiella pneumoniae,India,,Homo sapiens,patient rectal swab,imipenem,>=16,,,MIC,VITEK2 AST N406,UNKNOWN_REVIEW_REQUIRED,,R,unknown,unknown,not_curated,measured_public,SAMN55405097,41467_2026_74764_MOESM4_ESM.xlsx:Patient isolates AST:Excel row 116,QUARANTINED_STANDARD_VERSION_AND_UNITS_REVIEW_REQUIRED
INDIA_ICU2026:K-129,INDIA_ICU2026_SINGLE_HOSPITAL,2646783,,Enterobacter hormaechei,India,,Homo sapiens,patient rectal swab,ceftazidime,>=64,,,MIC,VITEK2 AST N406,UNKNOWN_REVIEW_REQUIRED,,R,unknown,unknown,not_curated,measured_public,SAMN55405098,41467_2026_74764_MOESM4_ESM.xlsx:Patient isolates AST:Excel row 117,QUARANTINED_STANDARD_VERSION_AND_UNITS_REVIEW_REQUIRED
INDIA_ICU2026:K-129,INDIA_ICU2026_SINGLE_HOSPITAL,2646783,,Enterobacter hormaechei,India,,Homo sapiens,patient rectal swab,cefepime,>=32,,,MIC,VITEK2 AST N406,UNKNOWN_REVIEW_REQUIRED,,R,unknown,unknown,not_curated,measured_public,SAMN55405098,41467_2026_74764_MOESM4_ESM.xlsx:Patient isolates AST:Excel row 117,QUARANTINED_STANDARD_VERSION_AND_UNITS_REVIEW_REQUIRED
INDIA_ICU2026:K-129,INDIA_ICU2026_SINGLE_HOSPITAL,2646783,,Enterobacter hormaechei,India,,Homo sapiens,patient rectal swab,ciprofloxacin,0.5,,,MIC,VITEK2 AST N406,UNKNOWN_REVIEW_REQUIRED,,I,unknown,unknown,not_curated,measured_public,SAMN55405098,41467_2026_74764_MOESM4_ESM.xlsx:Patient isolates AST:Excel row 117,QUARANTINED_STANDARD_VERSION_AND_UNITS_REVIEW_REQUIRED
INDIA_ICU2026:K-129,INDIA_ICU2026_SINGLE_HOSPITAL,2646783,,Enterobacter hormaechei,India,,Homo sapiens,patient rectal swab,gentamicin,<=1,,,MIC,VITEK2 AST N406,UNKNOWN_REVIEW_REQUIRED,,S,unknown,unknown,not_curated,measured_public,SAMN55405098,41467_2026_74764_MOESM4_ESM.xlsx:Patient isolates AST:Excel row 117,QUARANTINED_STANDARD_VERSION_AND_UNITS_REVIEW_REQUIRED
INDIA_ICU2026:K-129,INDIA_ICU2026_SINGLE_HOSPITAL,2646783,,Enterobacter hormaechei,India,,Homo sapiens,patient rectal swab,amikacin,16,,,MIC,VITEK2 AST N406,UNKNOWN_REVIEW_REQUIRED,,R,unknown,unknown,not_curated,measured_public,SAMN55405098,41467_2026_74764_MOESM4_ESM.xlsx:Patient isolates AST:Excel row 117,QUARANTINED_STANDARD_VERSION_AND_UNITS_REVIEW_REQUIRED
INDIA_ICU2026:K-129,INDIA_ICU2026_SINGLE_HOSPITAL,2646783,,Enterobacter hormaechei,India,,Homo sapiens,patient rectal swab,meropenem,>=16,,,MIC,VITEK2 AST N406,UNKNOWN_REVIEW_REQUIRED,,R,unknown,unknown,not_curated,measured_public,SAMN55405098,41467_2026_74764_MOESM4_ESM.xlsx:Patient isolates AST:Excel row 117,QUARANTINED_STANDARD_VERSION_AND_UNITS_REVIEW_REQUIRED
INDIA_ICU2026:K-129,INDIA_ICU2026_SINGLE_HOSPITAL,2646783,,Enterobacter hormaechei,India,,Homo sapiens,patient rectal swab,imipenem,>=16,,,MIC,VITEK2 AST N406,UNKNOWN_REVIEW_REQUIRED,,R,unknown,unknown,not_curated,measured_public,SAMN55405098,41467_2026_74764_MOESM4_ESM.xlsx:Patient isolates AST:Excel row 117,QUARANTINED_STANDARD_VERSION_AND_UNITS_REVIEW_REQUIRED
INDIA_ICU2026:K-131,INDIA_ICU2026_SINGLE_HOSPITAL,2650159,,Klebsiella pneumoniae,India,,Homo sapiens,patient rectal swab,ceftazidime,>=64,,,MIC,VITEK2 AST N406,UNKNOWN_REVIEW_REQUIRED,,R,unknown,unknown,not_curated,measured_public,SAMN55405099,41467_2026_74764_MOESM4_ESM.xlsx:Patient isolates AST:Excel row 118,QUARANTINED_STANDARD_VERSION_AND_UNITS_REVIEW_REQUIRED
INDIA_ICU2026:K-131,INDIA_ICU2026_SINGLE_HOSPITAL,2650159,,Klebsiella pneumoniae,India,,Homo sapiens,patient rectal swab,cefepime,>=32,,,MIC,VITEK2 AST N406,UNKNOWN_REVIEW_REQUIRED,,R,unknown,unknown,not_curated,measured_public,SAMN55405099,41467_2026_74764_MOESM4_ESM.xlsx:Patient isolates AST:Excel row 118,QUARANTINED_STANDARD_VERSION_AND_UNITS_REVIEW_REQUIRED
INDIA_ICU2026:K-131,INDIA_ICU2026_SINGLE_HOSPITAL,2650159,,Klebsiella pneumoniae,India,,Homo sapiens,patient rectal swab,ciprofloxacin,>=4,,,MIC,VITEK2 AST N406,UNKNOWN_REVIEW_REQUIRED,,R,unknown,unknown,not_curated,measured_public,SAMN55405099,41467_2026_74764_MOESM4_ESM.xlsx:Patient isolates AST:Excel row 118,QUARANTINED_STANDARD_VERSION_AND_UNITS_REVIEW_REQUIRED
INDIA_ICU2026:K-131,INDIA_ICU2026_SINGLE_HOSPITAL,2650159,,Klebsiella pneumoniae,India,,Homo sapiens,patient rectal swab,gentamicin,<=1,,,MIC,VITEK2 AST N406,UNKNOWN_REVIEW_REQUIRED,,S,unknown,unknown,not_curated,measured_public,SAMN55405099,41467_2026_74764_MOESM4_ESM.xlsx:Patient isolates AST:Excel row 118,QUARANTINED_STANDARD_VERSION_AND_UNITS_REVIEW_REQUIRED
INDIA_ICU2026:K-131,INDIA_ICU2026_SINGLE_HOSPITAL,2650159,,Klebsiella pneumoniae,India,,Homo sapiens,patient rectal swab,amikacin,16,,,MIC,VITEK2 AST N406,UNKNOWN_REVIEW_REQUIRED,,R,unknown,unknown,not_curated,measured_public,SAMN55405099,41467_2026_74764_MOESM4_ESM.xlsx:Patient isolates AST:Excel row 118,QUARANTINED_STANDARD_VERSION_AND_UNITS_REVIEW_REQUIRED
INDIA_ICU2026:K-131,INDIA_ICU2026_SINGLE_HOSPITAL,2650159,,Klebsiella pneumoniae,India,,Homo sapiens,patient rectal swab,meropenem,>=16,,,MIC,VITEK2 AST N406,UNKNOWN_REVIEW_REQUIRED,,R,unknown,unknown,not_curated,measured_public,SAMN55405099,41467_2026_74764_MOESM4_ESM.xlsx:Patient isolates AST:Excel row 118,QUARANTINED_STANDARD_VERSION_AND_UNITS_REVIEW_REQUIRED
INDIA_ICU2026:K-131,INDIA_ICU2026_SINGLE_HOSPITAL,2650159,,Klebsiella pneumoniae,India,,Homo sapiens,patient rectal swab,imipenem,>=16,,,MIC,VITEK2 AST N406,UNKNOWN_REVIEW_REQUIRED,,R,unknown,unknown,not_curated,measured_public,SAMN55405099,41467_2026_74764_MOESM4_ESM.xlsx:Patient isolates AST:Excel row 118,QUARANTINED_STANDARD_VERSION_AND_UNITS_REVIEW_REQUIRED
INDIA_ICU2026:K-132,INDIA_ICU2026_SINGLE_HOSPITAL,2650159,,Escherichia coli,India,,Homo sapiens,patient rectal swab,ceftazidime,>=64,,,MIC,VITEK2 AST N406,UNKNOWN_REVIEW_REQUIRED,,R,unknown,unknown,not_curated,measured_public,SAMN55405100,41467_2026_74764_MOESM4_ESM.xlsx:Patient isolates AST:Excel row 119,QUARANTINED_STANDARD_VERSION_AND_UNITS_REVIEW_REQUIRED
INDIA_ICU2026:K-132,INDIA_ICU2026_SINGLE_HOSPITAL,2650159,,Escherichia coli,India,,Homo sapiens,patient rectal swab,cefepime,>=32,,,MIC,VITEK2 AST N406,UNKNOWN_REVIEW_REQUIRED,,R,unknown,unknown,not_curated,measured_public,SAMN55405100,41467_2026_74764_MOESM4_ESM.xlsx:Patient isolates AST:Excel row 119,QUARANTINED_STANDARD_VERSION_AND_UNITS_REVIEW_REQUIRED
INDIA_ICU2026:K-132,INDIA_ICU2026_SINGLE_HOSPITAL,2650159,,Escherichia coli,India,,Homo sapiens,patient rectal swab,ciprofloxacin,>=4,,,MIC,VITEK2 AST N406,UNKNOWN_REVIEW_REQUIRED,,R,unknown,unknown,not_curated,measured_public,SAMN55405100,41467_2026_74764_MOESM4_ESM.xlsx:Patient isolates AST:Excel row 119,QUARANTINED_STANDARD_VERSION_AND_UNITS_REVIEW_REQUIRED
INDIA_ICU2026:K-132,INDIA_ICU2026_SINGLE_HOSPITAL,2650159,,Escherichia coli,India,,Homo sapiens,patient rectal swab,gentamicin,<=1,,,MIC,VITEK2 AST N406,UNKNOWN_REVIEW_REQUIRED,,S,unknown,unknown,not_curated,measured_public,SAMN55405100,41467_2026_74764_MOESM4_ESM.xlsx:Patient isolates AST:Excel row 119,QUARANTINED_STANDARD_VERSION_AND_UNITS_REVIEW_REQUIRED
INDIA_ICU2026:K-132,INDIA_ICU2026_SINGLE_HOSPITAL,2650159,,Escherichia coli,India,,Homo sapiens,patient rectal swab,amikacin,2,,,MIC,VITEK2 AST N406,UNKNOWN_REVIEW_REQUIRED,,S,unknown,unknown,not_curated,measured_public,SAMN55405100,41467_2026_74764_MOESM4_ESM.xlsx:Patient isolates AST:Excel row 119,QUARANTINED_STANDARD_VERSION_AND_UNITS_REVIEW_REQUIRED
INDIA_ICU2026:K-132,INDIA_ICU2026_SINGLE_HOSPITAL,2650159,,Escherichia coli,India,,Homo sapiens,patient rectal swab,meropenem,>=16,,,MIC,VITEK2 AST N406,UNKNOWN_REVIEW_REQUIRED,,R,unknown,unknown,not_curated,measured_public,SAMN55405100,41467_2026_74764_MOESM4_ESM.xlsx:Patient isolates AST:Excel row 119,QUARANTINED_STANDARD_VERSION_AND_UNITS_REVIEW_REQUIRED
INDIA_ICU2026:K-132,INDIA_ICU2026_SINGLE_HOSPITAL,2650159,,Escherichia coli,India,,Homo sapiens,patient rectal swab,imipenem,4,,,MIC,VITEK2 AST N406,UNKNOWN_REVIEW_REQUIRED,,R,unknown,unknown,not_curated,measured_public,SAMN55405100,41467_2026_74764_MOESM4_ESM.xlsx:Patient isolates AST:Excel row 119,QUARANTINED_STANDARD_VERSION_AND_UNITS_REVIEW_REQUIRED
INDIA_ICU2026:K-134,INDIA_ICU2026_SINGLE_HOSPITAL,2443962,,Escherichia coli,India,,Homo sapiens,patient rectal swab,ceftazidime,>=64,,,MIC,VITEK2 AST N406,UNKNOWN_REVIEW_REQUIRED,,R,unknown,unknown,not_curated,measured_public,SAMN55405101,41467_2026_74764_MOESM4_ESM.xlsx:Patient isolates AST:Excel row 120,QUARANTINED_STANDARD_VERSION_AND_UNITS_REVIEW_REQUIRED
INDIA_ICU2026:K-134,INDIA_ICU2026_SINGLE_HOSPITAL,2443962,,Escherichia coli,India,,Homo sapiens,patient rectal swab,cefepime,>=32,,,MIC,VITEK2 AST N406,UNKNOWN_REVIEW_REQUIRED,,R,unknown,unknown,not_curated,measured_public,SAMN55405101,41467_2026_74764_MOESM4_ESM.xlsx:Patient isolates AST:Excel row 120,QUARANTINED_STANDARD_VERSION_AND_UNITS_REVIEW_REQUIRED
INDIA_ICU2026:K-134,INDIA_ICU2026_SINGLE_HOSPITAL,2443962,,Escherichia coli,India,,Homo sapiens,patient rectal swab,ciprofloxacin,>=4,,,MIC,VITEK2 AST N406,UNKNOWN_REVIEW_REQUIRED,,R,unknown,unknown,not_curated,measured_public,SAMN55405101,41467_2026_74764_MOESM4_ESM.xlsx:Patient isolates AST:Excel row 120,QUARANTINED_STANDARD_VERSION_AND_UNITS_REVIEW_REQUIRED
INDIA_ICU2026:K-134,INDIA_ICU2026_SINGLE_HOSPITAL,2443962,,Escherichia coli,India,,Homo sapiens,patient rectal swab,gentamicin,>=16,,,MIC,VITEK2 AST N406,UNKNOWN_REVIEW_REQUIRED,,R,unknown,unknown,not_curated,measured_public,SAMN55405101,41467_2026_74764_MOESM4_ESM.xlsx:Patient isolates AST:Excel row 120,QUARANTINED_STANDARD_VERSION_AND_UNITS_REVIEW_REQUIRED
INDIA_ICU2026:K-134,INDIA_ICU2026_SINGLE_HOSPITAL,2443962,,Escherichia coli,India,,Homo sapiens,patient rectal swab,amikacin,2,,,MIC,VITEK2 AST N406,UNKNOWN_REVIEW_REQUIRED,,S,unknown,unknown,not_curated,measured_public,SAMN55405101,41467_2026_74764_MOESM4_ESM.xlsx:Patient isolates AST:Excel row 120,QUARANTINED_STANDARD_VERSION_AND_UNITS_REVIEW_REQUIRED
INDIA_ICU2026:K-134,INDIA_ICU2026_SINGLE_HOSPITAL,2443962,,Escherichia coli,India,,Homo sapiens,patient rectal swab,meropenem,>=16,,,MIC,VITEK2 AST N406,UNKNOWN_REVIEW_REQUIRED,,R,unknown,unknown,not_curated,measured_public,SAMN55405101,41467_2026_74764_MOESM4_ESM.xlsx:Patient isolates AST:Excel row 120,QUARANTINED_STANDARD_VERSION_AND_UNITS_REVIEW_REQUIRED
INDIA_ICU2026:K-134,INDIA_ICU2026_SINGLE_HOSPITAL,2443962,,Escherichia coli,India,,Homo sapiens,patient rectal swab,imipenem,>=16,,,MIC,VITEK2 AST N406,UNKNOWN_REVIEW_REQUIRED,,R,unknown,unknown,not_curated,measured_public,SAMN55405101,41467_2026_74764_MOESM4_ESM.xlsx:Patient isolates AST:Excel row 120,QUARANTINED_STANDARD_VERSION_AND_UNITS_REVIEW_REQUIRED
INDIA_ICU2026:K-136,INDIA_ICU2026_SINGLE_HOSPITAL,2589585,,Klebsiella pneumoniae,India,,Homo sapiens,patient rectal swab,ceftazidime,32,,,MIC,VITEK2 AST N406,UNKNOWN_REVIEW_REQUIRED,,R,unknown,unknown,not_curated,measured_public,SAMN55405102,41467_2026_74764_MOESM4_ESM.xlsx:Patient isolates AST:Excel row 121,QUARANTINED_STANDARD_VERSION_AND_UNITS_REVIEW_REQUIRED
INDIA_ICU2026:K-136,INDIA_ICU2026_SINGLE_HOSPITAL,2589585,,Klebsiella pneumoniae,India,,Homo sapiens,patient rectal swab,cefepime,>=32,,,MIC,VITEK2 AST N406,UNKNOWN_REVIEW_REQUIRED,,R,unknown,unknown,not_curated,measured_public,SAMN55405102,41467_2026_74764_MOESM4_ESM.xlsx:Patient isolates AST:Excel row 121,QUARANTINED_STANDARD_VERSION_AND_UNITS_REVIEW_REQUIRED
INDIA_ICU2026:K-136,INDIA_ICU2026_SINGLE_HOSPITAL,2589585,,Klebsiella pneumoniae,India,,Homo sapiens,patient rectal swab,ciprofloxacin,>=4,,,MIC,VITEK2 AST N406,UNKNOWN_REVIEW_REQUIRED,,R,unknown,unknown,not_curated,measured_public,SAMN55405102,41467_2026_74764_MOESM4_ESM.xlsx:Patient isolates AST:Excel row 121,QUARANTINED_STANDARD_VERSION_AND_UNITS_REVIEW_REQUIRED
INDIA_ICU2026:K-136,INDIA_ICU2026_SINGLE_HOSPITAL,2589585,,Klebsiella pneumoniae,India,,Homo sapiens,patient rectal swab,gentamicin,>=16,,,MIC,VITEK2 AST N406,UNKNOWN_REVIEW_REQUIRED,,R,unknown,unknown,not_curated,measured_public,SAMN55405102,41467_2026_74764_MOESM4_ESM.xlsx:Patient isolates AST:Excel row 121,QUARANTINED_STANDARD_VERSION_AND_UNITS_REVIEW_REQUIRED
INDIA_ICU2026:K-136,INDIA_ICU2026_SINGLE_HOSPITAL,2589585,,Klebsiella pneumoniae,India,,Homo sapiens,patient rectal swab,amikacin,16,,,MIC,VITEK2 AST N406,UNKNOWN_REVIEW_REQUIRED,,R,unknown,unknown,not_curated,measured_public,SAMN55405102,41467_2026_74764_MOESM4_ESM.xlsx:Patient isolates AST:Excel row 121,QUARANTINED_STANDARD_VERSION_AND_UNITS_REVIEW_REQUIRED
INDIA_ICU2026:K-136,INDIA_ICU2026_SINGLE_HOSPITAL,2589585,,Klebsiella pneumoniae,India,,Homo sapiens,patient rectal swab,meropenem,<=0.25,,,MIC,VITEK2 AST N406,UNKNOWN_REVIEW_REQUIRED,,S,unknown,unknown,not_curated,measured_public,SAMN55405102,41467_2026_74764_MOESM4_ESM.xlsx:Patient isolates AST:Excel row 121,QUARANTINED_STANDARD_VERSION_AND_UNITS_REVIEW_REQUIRED
INDIA_ICU2026:K-136,INDIA_ICU2026_SINGLE_HOSPITAL,2589585,,Klebsiella pneumoniae,India,,Homo sapiens,patient rectal swab,imipenem,<=0.25,,,MIC,VITEK2 AST N406,UNKNOWN_REVIEW_REQUIRED,,S,unknown,unknown,not_curated,measured_public,SAMN55405102,41467_2026_74764_MOESM4_ESM.xlsx:Patient isolates AST:Excel row 121,QUARANTINED_STANDARD_VERSION_AND_UNITS_REVIEW_REQUIRED
INDIA_ICU2026:K-137,INDIA_ICU2026_SINGLE_HOSPITAL,2646725,,,India,,Homo sapiens,patient rectal swab,ceftazidime,>=64,,,MIC,VITEK2 AST N406,UNKNOWN_REVIEW_REQUIRED,,R,unknown,unknown,not_curated,measured_public,,41467_2026_74764_MOESM4_ESM.xlsx:Patient isolates AST:Excel row 122,QUARANTINED_STANDARD_VERSION_AND_UNITS_REVIEW_REQUIRED
INDIA_ICU2026:K-137,INDIA_ICU2026_SINGLE_HOSPITAL,2646725,,,India,,Homo sapiens,patient rectal swab,cefepime,>=32,,,MIC,VITEK2 AST N406,UNKNOWN_REVIEW_REQUIRED,,R,unknown,unknown,not_curated,measured_public,,41467_2026_74764_MOESM4_ESM.xlsx:Patient isolates AST:Excel row 122,QUARANTINED_STANDARD_VERSION_AND_UNITS_REVIEW_REQUIRED
INDIA_ICU2026:K-137,INDIA_ICU2026_SINGLE_HOSPITAL,2646725,,,India,,Homo sapiens,patient rectal swab,ciprofloxacin,>=4,,,MIC,VITEK2 AST N406,UNKNOWN_REVIEW_REQUIRED,,R,unknown,unknown,not_curated,measured_public,,41467_2026_74764_MOESM4_ESM.xlsx:Patient isolates AST:Excel row 122,QUARANTINED_STANDARD_VERSION_AND_UNITS_REVIEW_REQUIRED
INDIA_ICU2026:K-137,INDIA_ICU2026_SINGLE_HOSPITAL,2646725,,,India,,Homo sapiens,patient rectal swab,gentamicin,8,,,MIC,VITEK2 AST N406,UNKNOWN_REVIEW_REQUIRED,,R,unknown,unknown,not_curated,measured_public,,41467_2026_74764_MOESM4_ESM.xlsx:Patient isolates AST:Excel row 122,QUARANTINED_STANDARD_VERSION_AND_UNITS_REVIEW_REQUIRED
INDIA_ICU2026:K-137,INDIA_ICU2026_SINGLE_HOSPITAL,2646725,,,India,,Homo sapiens,patient rectal swab,amikacin,16,,,MIC,VITEK2 AST N406,UNKNOWN_REVIEW_REQUIRED,,R,unknown,unknown,not_curated,measured_public,,41467_2026_74764_MOESM4_ESM.xlsx:Patient isolates AST:Excel row 122,QUARANTINED_STANDARD_VERSION_AND_UNITS_REVIEW_REQUIRED
INDIA_ICU2026:K-137,INDIA_ICU2026_SINGLE_HOSPITAL,2646725,,,India,,Homo sapiens,patient rectal swab,meropenem,>=16,,,MIC,VITEK2 AST N406,UNKNOWN_REVIEW_REQUIRED,,R,unknown,unknown,not_curated,measured_public,,41467_2026_74764_MOESM4_ESM.xlsx:Patient isolates AST:Excel row 122,QUARANTINED_STANDARD_VERSION_AND_UNITS_REVIEW_REQUIRED
INDIA_ICU2026:K-137,INDIA_ICU2026_SINGLE_HOSPITAL,2646725,,,India,,Homo sapiens,patient rectal swab,imipenem,>=16,,,MIC,VITEK2 AST N406,UNKNOWN_REVIEW_REQUIRED,,R,unknown,unknown,not_curated,measured_public,,41467_2026_74764_MOESM4_ESM.xlsx:Patient isolates AST:Excel row 122,QUARANTINED_STANDARD_VERSION_AND_UNITS_REVIEW_REQUIRED
INDIA_ICU2026:K-138,INDIA_ICU2026_SINGLE_HOSPITAL,2646725,,,India,,Homo sapiens,patient rectal swab,ceftazidime,>=64,,,MIC,VITEK2 AST N406,UNKNOWN_REVIEW_REQUIRED,,R,unknown,unknown,not_curated,measured_public,,41467_2026_74764_MOESM4_ESM.xlsx:Patient isolates AST:Excel row 123,QUARANTINED_STANDARD_VERSION_AND_UNITS_REVIEW_REQUIRED
INDIA_ICU2026:K-138,INDIA_ICU2026_SINGLE_HOSPITAL,2646725,,,India,,Homo sapiens,patient rectal swab,cefepime,>=32,,,MIC,VITEK2 AST N406,UNKNOWN_REVIEW_REQUIRED,,R,unknown,unknown,not_curated,measured_public,,41467_2026_74764_MOESM4_ESM.xlsx:Patient isolates AST:Excel row 123,QUARANTINED_STANDARD_VERSION_AND_UNITS_REVIEW_REQUIRED
INDIA_ICU2026:K-138,INDIA_ICU2026_SINGLE_HOSPITAL,2646725,,,India,,Homo sapiens,patient rectal swab,ciprofloxacin,1,,,MIC,VITEK2 AST N406,UNKNOWN_REVIEW_REQUIRED,,R,unknown,unknown,not_curated,measured_public,,41467_2026_74764_MOESM4_ESM.xlsx:Patient isolates AST:Excel row 123,QUARANTINED_STANDARD_VERSION_AND_UNITS_REVIEW_REQUIRED
INDIA_ICU2026:K-138,INDIA_ICU2026_SINGLE_HOSPITAL,2646725,,,India,,Homo sapiens,patient rectal swab,gentamicin,8,,,MIC,VITEK2 AST N406,UNKNOWN_REVIEW_REQUIRED,,R,unknown,unknown,not_curated,measured_public,,41467_2026_74764_MOESM4_ESM.xlsx:Patient isolates AST:Excel row 123,QUARANTINED_STANDARD_VERSION_AND_UNITS_REVIEW_REQUIRED
INDIA_ICU2026:K-138,INDIA_ICU2026_SINGLE_HOSPITAL,2646725,,,India,,Homo sapiens,patient rectal swab,amikacin,16,,,MIC,VITEK2 AST N406,UNKNOWN_REVIEW_REQUIRED,,R,unknown,unknown,not_curated,measured_public,,41467_2026_74764_MOESM4_ESM.xlsx:Patient isolates AST:Excel row 123,QUARANTINED_STANDARD_VERSION_AND_UNITS_REVIEW_REQUIRED
INDIA_ICU2026:K-138,INDIA_ICU2026_SINGLE_HOSPITAL,2646725,,,India,,Homo sapiens,patient rectal swab,meropenem,>=16,,,MIC,VITEK2 AST N406,UNKNOWN_REVIEW_REQUIRED,,R,unknown,unknown,not_curated,measured_public,,41467_2026_74764_MOESM4_ESM.xlsx:Patient isolates AST:Excel row 123,QUARANTINED_STANDARD_VERSION_AND_UNITS_REVIEW_REQUIRED
INDIA_ICU2026:K-138,INDIA_ICU2026_SINGLE_HOSPITAL,2646725,,,India,,Homo sapiens,patient rectal swab,imipenem,>=16,,,MIC,VITEK2 AST N406,UNKNOWN_REVIEW_REQUIRED,,R,unknown,unknown,not_curated,measured_public,,41467_2026_74764_MOESM4_ESM.xlsx:Patient isolates AST:Excel row 123,QUARANTINED_STANDARD_VERSION_AND_UNITS_REVIEW_REQUIRED
INDIA_ICU2026:K-139,INDIA_ICU2026_SINGLE_HOSPITAL,2319634,,Escherichia coli,India,,Homo sapiens,patient rectal swab,ceftazidime,>=64,,,MIC,VITEK2 AST N406,UNKNOWN_REVIEW_REQUIRED,,R,unknown,unknown,not_curated,measured_public,SAMN55405103,41467_2026_74764_MOESM4_ESM.xlsx:Patient isolates AST:Excel row 124,QUARANTINED_STANDARD_VERSION_AND_UNITS_REVIEW_REQUIRED
INDIA_ICU2026:K-139,INDIA_ICU2026_SINGLE_HOSPITAL,2319634,,Escherichia coli,India,,Homo sapiens,patient rectal swab,cefepime,8,,,MIC,VITEK2 AST N406,UNKNOWN_REVIEW_REQUIRED,,SDD,unknown,unknown,not_curated,measured_public,SAMN55405103,41467_2026_74764_MOESM4_ESM.xlsx:Patient isolates AST:Excel row 124,QUARANTINED_STANDARD_VERSION_AND_UNITS_REVIEW_REQUIRED
INDIA_ICU2026:K-139,INDIA_ICU2026_SINGLE_HOSPITAL,2319634,,Escherichia coli,India,,Homo sapiens,patient rectal swab,ciprofloxacin,>=4,,,MIC,VITEK2 AST N406,UNKNOWN_REVIEW_REQUIRED,,R,unknown,unknown,not_curated,measured_public,SAMN55405103,41467_2026_74764_MOESM4_ESM.xlsx:Patient isolates AST:Excel row 124,QUARANTINED_STANDARD_VERSION_AND_UNITS_REVIEW_REQUIRED
INDIA_ICU2026:K-139,INDIA_ICU2026_SINGLE_HOSPITAL,2319634,,Escherichia coli,India,,Homo sapiens,patient rectal swab,gentamicin,>=16,,,MIC,VITEK2 AST N406,UNKNOWN_REVIEW_REQUIRED,,R,unknown,unknown,not_curated,measured_public,SAMN55405103,41467_2026_74764_MOESM4_ESM.xlsx:Patient isolates AST:Excel row 124,QUARANTINED_STANDARD_VERSION_AND_UNITS_REVIEW_REQUIRED
INDIA_ICU2026:K-139,INDIA_ICU2026_SINGLE_HOSPITAL,2319634,,Escherichia coli,India,,Homo sapiens,patient rectal swab,amikacin,2,,,MIC,VITEK2 AST N406,UNKNOWN_REVIEW_REQUIRED,,S,unknown,unknown,not_curated,measured_public,SAMN55405103,41467_2026_74764_MOESM4_ESM.xlsx:Patient isolates AST:Excel row 124,QUARANTINED_STANDARD_VERSION_AND_UNITS_REVIEW_REQUIRED
INDIA_ICU2026:K-139,INDIA_ICU2026_SINGLE_HOSPITAL,2319634,,Escherichia coli,India,,Homo sapiens,patient rectal swab,meropenem,0.5,,,MIC,VITEK2 AST N406,UNKNOWN_REVIEW_REQUIRED,,S,unknown,unknown,not_curated,measured_public,SAMN55405103,41467_2026_74764_MOESM4_ESM.xlsx:Patient isolates AST:Excel row 124,QUARANTINED_STANDARD_VERSION_AND_UNITS_REVIEW_REQUIRED
INDIA_ICU2026:K-139,INDIA_ICU2026_SINGLE_HOSPITAL,2319634,,Escherichia coli,India,,Homo sapiens,patient rectal swab,imipenem,<=0.25*,,,MIC,VITEK2 AST N406,UNKNOWN_REVIEW_REQUIRED,,*I,unknown,unknown,not_curated,measured_public,SAMN55405103,41467_2026_74764_MOESM4_ESM.xlsx:Patient isolates AST:Excel row 124,QUARANTINED_STANDARD_VERSION_AND_UNITS_REVIEW_REQUIRED
