raw_sample_id,gene,status,evidence_reference
EG_16_S109_L003,fosA,positive,https://www.nature.com/articles/s41467-026-74764-9#MOESM5; AMRFinder
EG_16_S109_L003,blaSHV-11,positive,https://www.nature.com/articles/s41467-026-74764-9#MOESM5; AMRFinder
EG_16_S109_L003,kdeA,positive,https://www.nature.com/articles/s41467-026-74764-9#MOESM5; AMRFinder
EG_16_S109_L003,armA,positive,https://www.nature.com/articles/s41467-026-74764-9#MOESM5; AMRFinder
EG_16_S109_L003,msr(E),positive,https://www.nature.com/articles/s41467-026-74764-9#MOESM5; AMRFinder
EG_16_S109_L003,mph(E),positive,https://www.nature.com/articles/s41467-026-74764-9#MOESM5; AMRFinder
EG_16_S109_L003,blaTEM-1,positive,https://www.nature.com/articles/s41467-026-74764-9#MOESM5; AMRFinder
EG_16_S109_L003,blaCTX-M-15,positive,https://www.nature.com/articles/s41467-026-74764-9#MOESM5; AMRFinder
EG_16_S109_L003,qnrS1,positive,https://www.nature.com/articles/s41467-026-74764-9#MOESM5; AMRFinder
EG_16_S109_L003,emrD,positive,https://www.nature.com/articles/s41467-026-74764-9#MOESM5; AMRFinder
EG_16_S109_L003,aph(3')-VI,positive,https://www.nature.com/articles/s41467-026-74764-9#MOESM5; AMRFinder
EG_16_S109_L003,blaNDM-1,positive,https://www.nature.com/articles/s41467-026-74764-9#MOESM5; AMRFinder
EG_16_S109_L003,ble,positive,https://www.nature.com/articles/s41467-026-74764-9#MOESM5; AMRFinder
EG_16_S109_L003,arr-3,positive,https://www.nature.com/articles/s41467-026-74764-9#MOESM5; AMRFinder
EG_16_S109_L003,catB3,positive,https://www.nature.com/articles/s41467-026-74764-9#MOESM5; AMRFinder
EG_16_S109_L003,blaOXA-1,positive,https://www.nature.com/articles/s41467-026-74764-9#MOESM5; AMRFinder
EG_16_S109_L003,aac(6')-Ib-cr5,positive,https://www.nature.com/articles/s41467-026-74764-9#MOESM5; AMRFinder
EG_16_S109_L003,aadA1,positive,https://www.nature.com/articles/s41467-026-74764-9#MOESM5; AMRFinder
EG_16_S109_L003,blaOXA-9,positive,https://www.nature.com/articles/s41467-026-74764-9#MOESM5; AMRFinder
EG_16_S109_L003,aadA2,positive,https://www.nature.com/articles/s41467-026-74764-9#MOESM5; AMRFinder
EG_16_S109_L003,dfrA12,positive,https://www.nature.com/articles/s41467-026-74764-9#MOESM5; AMRFinder
EG_16_S109_L003,oqxA,positive,https://www.nature.com/articles/s41467-026-74764-9#MOESM5; AMRFinder
EG_16_S109_L003,oqxB,positive,https://www.nature.com/articles/s41467-026-74764-9#MOESM5; AMRFinder
EG_16_S109_L003,sul1,positive,https://www.nature.com/articles/s41467-026-74764-9#MOESM5; AMRFinder
EG_16_S109_L003,aadA13,positive,https://www.nature.com/articles/s41467-026-74764-9#MOESM5; AMRFinder
EG_16_S109_L003,dfrA,positive,https://www.nature.com/articles/s41467-026-74764-9#MOESM5; AMRFinder
EG_17_S130_L003,blaTEM-1,positive,https://www.nature.com/articles/s41467-026-74764-9#MOESM5; AMRFinder
EG_17_S130_L003,blaOXA-9,positive,https://www.nature.com/articles/s41467-026-74764-9#MOESM5; AMRFinder
EG_17_S130_L003,aadA1,positive,https://www.nature.com/articles/s41467-026-74764-9#MOESM5; AMRFinder
EG_17_S130_L003,aac(6')-Ib,positive,https://www.nature.com/articles/s41467-026-74764-9#MOESM5; AMRFinder
EG_17_S130_L003,blaCTX-M-15,positive,https://www.nature.com/articles/s41467-026-74764-9#MOESM5; AMRFinder
EG_17_S130_L003,qnrS1,positive,https://www.nature.com/articles/s41467-026-74764-9#MOESM5; AMRFinder
EG_17_S130_L003,aph(3')-VI,positive,https://www.nature.com/articles/s41467-026-74764-9#MOESM5; AMRFinder
EG_17_S130_L003,fosA,positive,https://www.nature.com/articles/s41467-026-74764-9#MOESM5; AMRFinder
EG_17_S130_L003,emrD,positive,https://www.nature.com/articles/s41467-026-74764-9#MOESM5; AMRFinder
EG_17_S130_L003,oqxB25,positive,https://www.nature.com/articles/s41467-026-74764-9#MOESM5; AMRFinder
EG_17_S130_L003,oqxA,positive,https://www.nature.com/articles/s41467-026-74764-9#MOESM5; AMRFinder
EG_17_S130_L003,kdeA,positive,https://www.nature.com/articles/s41467-026-74764-9#MOESM5; AMRFinder
EG_17_S130_L003,blaSHV-11,positive,https://www.nature.com/articles/s41467-026-74764-9#MOESM5; AMRFinder
EG_17_S130_L003,ble,positive,https://www.nature.com/articles/s41467-026-74764-9#MOESM5; AMRFinder
EG_17_S130_L003,blaNDM-1,positive,https://www.nature.com/articles/s41467-026-74764-9#MOESM5; AMRFinder
EG_19_S136_L003,fosA,positive,https://www.nature.com/articles/s41467-026-74764-9#MOESM5; AMRFinder
EG_19_S136_L003,oqxB,positive,https://www.nature.com/articles/s41467-026-74764-9#MOESM5; AMRFinder
EG_19_S136_L003,oqxA,positive,https://www.nature.com/articles/s41467-026-74764-9#MOESM5; AMRFinder
EG_19_S136_L003,blaTEM-1,positive,https://www.nature.com/articles/s41467-026-74764-9#MOESM5; AMRFinder
EG_19_S136_L003,aph(3')-VI,positive,https://www.nature.com/articles/s41467-026-74764-9#MOESM5; AMRFinder
EG_19_S136_L003,blaNDM-1,positive,https://www.nature.com/articles/s41467-026-74764-9#MOESM5; AMRFinder
EG_19_S136_L003,ble,positive,https://www.nature.com/articles/s41467-026-74764-9#MOESM5; AMRFinder
EG_19_S136_L003,blaCTX-M-15,positive,https://www.nature.com/articles/s41467-026-74764-9#MOESM5; AMRFinder
EG_19_S136_L003,qnrS1,positive,https://www.nature.com/articles/s41467-026-74764-9#MOESM5; AMRFinder
EG_19_S136_L003,aac(6')-Ib-cr5,positive,https://www.nature.com/articles/s41467-026-74764-9#MOESM5; AMRFinder
EG_19_S136_L003,blaOXA-1,positive,https://www.nature.com/articles/s41467-026-74764-9#MOESM5; AMRFinder
EG_19_S136_L003,catB3,positive,https://www.nature.com/articles/s41467-026-74764-9#MOESM5; AMRFinder
EG_19_S136_L003,arr-3,positive,https://www.nature.com/articles/s41467-026-74764-9#MOESM5; AMRFinder
EG_19_S136_L003,sul1,positive,https://www.nature.com/articles/s41467-026-74764-9#MOESM5; AMRFinder
EG_19_S136_L003,blaOXA-9,positive,https://www.nature.com/articles/s41467-026-74764-9#MOESM5; AMRFinder
EG_19_S136_L003,aadA1,positive,https://www.nature.com/articles/s41467-026-74764-9#MOESM5; AMRFinder
EG_19_S136_L003,emrD,positive,https://www.nature.com/articles/s41467-026-74764-9#MOESM5; AMRFinder
EG_19_S136_L003,kdeA,positive,https://www.nature.com/articles/s41467-026-74764-9#MOESM5; AMRFinder
EG_19_S136_L003,blaSHV-11,positive,https://www.nature.com/articles/s41467-026-74764-9#MOESM5; AMRFinder
EG_44_S135_L003,fosA,positive,https://www.nature.com/articles/s41467-026-74764-9#MOESM5; AMRFinder
EG_44_S135_L003,blaSHV-11,positive,https://www.nature.com/articles/s41467-026-74764-9#MOESM5; AMRFinder
EG_44_S135_L003,armA,positive,https://www.nature.com/articles/s41467-026-74764-9#MOESM5; AMRFinder
EG_44_S135_L003,msr(E),positive,https://www.nature.com/articles/s41467-026-74764-9#MOESM5; AMRFinder
EG_44_S135_L003,mph(E),positive,https://www.nature.com/articles/s41467-026-74764-9#MOESM5; AMRFinder
EG_44_S135_L003,kdeA,positive,https://www.nature.com/articles/s41467-026-74764-9#MOESM5; AMRFinder
EG_44_S135_L003,blaTEM-1,positive,https://www.nature.com/articles/s41467-026-74764-9#MOESM5; AMRFinder
EG_44_S135_L003,blaCTX-M-15,positive,https://www.nature.com/articles/s41467-026-74764-9#MOESM5; AMRFinder
EG_44_S135_L003,qnrS1,positive,https://www.nature.com/articles/s41467-026-74764-9#MOESM5; AMRFinder
EG_44_S135_L003,ble,positive,https://www.nature.com/articles/s41467-026-74764-9#MOESM5; AMRFinder
EG_44_S135_L003,blaNDM-1,positive,https://www.nature.com/articles/s41467-026-74764-9#MOESM5; AMRFinder
EG_44_S135_L003,aph(3')-VI,positive,https://www.nature.com/articles/s41467-026-74764-9#MOESM5; AMRFinder
EG_44_S135_L003,arr-3,positive,https://www.nature.com/articles/s41467-026-74764-9#MOESM5; AMRFinder
EG_44_S135_L003,catB3,positive,https://www.nature.com/articles/s41467-026-74764-9#MOESM5; AMRFinder
EG_44_S135_L003,blaOXA-1,positive,https://www.nature.com/articles/s41467-026-74764-9#MOESM5; AMRFinder
EG_44_S135_L003,blaOXA-9,positive,https://www.nature.com/articles/s41467-026-74764-9#MOESM5; AMRFinder
EG_44_S135_L003,aadA1,positive,https://www.nature.com/articles/s41467-026-74764-9#MOESM5; AMRFinder
EG_44_S135_L003,aadA2,positive,https://www.nature.com/articles/s41467-026-74764-9#MOESM5; AMRFinder
EG_44_S135_L003,dfrA12,positive,https://www.nature.com/articles/s41467-026-74764-9#MOESM5; AMRFinder
EG_44_S135_L003,emrD,positive,https://www.nature.com/articles/s41467-026-74764-9#MOESM5; AMRFinder
EG_44_S135_L003,sul1,positive,https://www.nature.com/articles/s41467-026-74764-9#MOESM5; AMRFinder
EG_44_S135_L003,aadA13,positive,https://www.nature.com/articles/s41467-026-74764-9#MOESM5; AMRFinder
EG_44_S135_L003,dfrA,positive,https://www.nature.com/articles/s41467-026-74764-9#MOESM5; AMRFinder
EG_44_S135_L003,oqxB,positive,https://www.nature.com/articles/s41467-026-74764-9#MOESM5; AMRFinder
EG_44_S135_L003,oqxA,positive,https://www.nature.com/articles/s41467-026-74764-9#MOESM5; AMRFinder
EG_44_S135_L003,aac(6')-Ib,positive,https://www.nature.com/articles/s41467-026-74764-9#MOESM5; AMRFinder
K_100,mph(E),positive,https://www.nature.com/articles/s41467-026-74764-9#MOESM5; AMRFinder
K_100,msr(E),positive,https://www.nature.com/articles/s41467-026-74764-9#MOESM5; AMRFinder
K_100,blaVEB-9,positive,https://www.nature.com/articles/s41467-026-74764-9#MOESM5; AMRFinder
K_100,aph(3')-VIa,positive,https://www.nature.com/articles/s41467-026-74764-9#MOESM5; AMRFinder
K_100,arr-2,positive,https://www.nature.com/articles/s41467-026-74764-9#MOESM5; AMRFinder
K_100,cmlA5,positive,https://www.nature.com/articles/s41467-026-74764-9#MOESM5; AMRFinder
K_100,blaOXA-10,positive,https://www.nature.com/articles/s41467-026-74764-9#MOESM5; AMRFinder
K_100,aadA1,positive,https://www.nature.com/articles/s41467-026-74764-9#MOESM5; AMRFinder
K_100,sul1,positive,https://www.nature.com/articles/s41467-026-74764-9#MOESM5; AMRFinder
K_100,blaNDM-1,positive,https://www.nature.com/articles/s41467-026-74764-9#MOESM5; AMRFinder
K_100,ble,positive,https://www.nature.com/articles/s41467-026-74764-9#MOESM5; AMRFinder
K_100,dfrA12,positive,https://www.nature.com/articles/s41467-026-74764-9#MOESM5; AMRFinder
K_100,aadA2,positive,https://www.nature.com/articles/s41467-026-74764-9#MOESM5; AMRFinder
K_100,qnrA1,positive,https://www.nature.com/articles/s41467-026-74764-9#MOESM5; AMRFinder
K_100,qnrB7,positive,https://www.nature.com/articles/s41467-026-74764-9#MOESM5; AMRFinder
K_100,blaSHV-12,positive,https://www.nature.com/articles/s41467-026-74764-9#MOESM5; AMRFinder
K_100,emrD,positive,https://www.nature.com/articles/s41467-026-74764-9#MOESM5; AMRFinder
K_100,blaEC,positive,https://www.nature.com/articles/s41467-026-74764-9#MOESM5; AMRFinder
K_100,acrF,positive,https://www.nature.com/articles/s41467-026-74764-9#MOESM5; AMRFinder
K_100,mdtM,positive,https://www.nature.com/articles/s41467-026-74764-9#MOESM5; AMRFinder
K_101,blaCMY-145,positive,https://www.nature.com/articles/s41467-026-74764-9#MOESM5; AMRFinder
K_101,erm(B),positive,https://www.nature.com/articles/s41467-026-74764-9#MOESM5; AMRFinder
K_101,blaOXA,positive,https://www.nature.com/articles/s41467-026-74764-9#MOESM5; AMRFinder
K_101,cmlA1,positive,https://www.nature.com/articles/s41467-026-74764-9#MOESM5; AMRFinder
K_101,emrD,positive,https://www.nature.com/articles/s41467-026-74764-9#MOESM5; AMRFinder
K_101,dfrA12,positive,https://www.nature.com/articles/s41467-026-74764-9#MOESM5; AMRFinder
K_101,mdtM,positive,https://www.nature.com/articles/s41467-026-74764-9#MOESM5; AMRFinder
K_101,mph(A),positive,https://www.nature.com/articles/s41467-026-74764-9#MOESM5; AMRFinder
K_101,blaEC,positive,https://www.nature.com/articles/s41467-026-74764-9#MOESM5; AMRFinder
K_101,aadA2,positive,https://www.nature.com/articles/s41467-026-74764-9#MOESM5; AMRFinder
K_101,aadA1,positive,https://www.nature.com/articles/s41467-026-74764-9#MOESM5; AMRFinder
K_101,qnrS13,positive,https://www.nature.com/articles/s41467-026-74764-9#MOESM5; AMRFinder
K_101,tet(A),positive,https://www.nature.com/articles/s41467-026-74764-9#MOESM5; AMRFinder
K_101,acrF,positive,https://www.nature.com/articles/s41467-026-74764-9#MOESM5; AMRFinder
K_101,blaNDM-5,positive,https://www.nature.com/articles/s41467-026-74764-9#MOESM5; AMRFinder
K_101,ble,positive,https://www.nature.com/articles/s41467-026-74764-9#MOESM5; AMRFinder
K_101,sul1,positive,https://www.nature.com/articles/s41467-026-74764-9#MOESM5; AMRFinder
K_102,sul1,positive,https://www.nature.com/articles/s41467-026-74764-9#MOESM5; AMRFinder
K_102,cmlA5,positive,https://www.nature.com/articles/s41467-026-74764-9#MOESM5; AMRFinder
K_102,aadA1,positive,https://www.nature.com/articles/s41467-026-74764-9#MOESM5; AMRFinder
K_102,ere(A),positive,https://www.nature.com/articles/s41467-026-74764-9#MOESM5; AMRFinder
K_102,arr,positive,https://www.nature.com/articles/s41467-026-74764-9#MOESM5; AMRFinder
K_102,arr-2,positive,https://www.nature.com/articles/s41467-026-74764-9#MOESM5; AMRFinder
K_102,blaTEM-1,positive,https://www.nature.com/articles/s41467-026-74764-9#MOESM5; AMRFinder
K_102,rmtB1,positive,https://www.nature.com/articles/s41467-026-74764-9#MOESM5; AMRFinder
K_102,erm(B),positive,https://www.nature.com/articles/s41467-026-74764-9#MOESM5; AMRFinder
K_102,blaCTX-M-15,positive,https://www.nature.com/articles/s41467-026-74764-9#MOESM5; AMRFinder
K_102,mph(A),positive,https://www.nature.com/articles/s41467-026-74764-9#MOESM5; AMRFinder
K_102,aac(3)-IId,positive,https://www.nature.com/articles/s41467-026-74764-9#MOESM5; AMRFinder
K_102,dfrA12,positive,https://www.nature.com/articles/s41467-026-74764-9#MOESM5; AMRFinder
K_102,aadA2,positive,https://www.nature.com/articles/s41467-026-74764-9#MOESM5; AMRFinder
K_102,blaSHV,positive,https://www.nature.com/articles/s41467-026-74764-9#MOESM5; AMRFinder
K_102,emrD,positive,https://www.nature.com/articles/s41467-026-74764-9#MOESM5; AMRFinder
K_102,kdeA,positive,https://www.nature.com/articles/s41467-026-74764-9#MOESM5; AMRFinder
K_102,oqxA,positive,https://www.nature.com/articles/s41467-026-74764-9#MOESM5; AMRFinder
K_102,oqxB32,positive,https://www.nature.com/articles/s41467-026-74764-9#MOESM5; AMRFinder
K_102,fosA,positive,https://www.nature.com/articles/s41467-026-74764-9#MOESM5; AMRFinder
K_102,blaOXA-181,positive,https://www.nature.com/articles/s41467-026-74764-9#MOESM5; AMRFinder
K_102,qnrS1,positive,https://www.nature.com/articles/s41467-026-74764-9#MOESM5; AMRFinder
K_102,catA1,positive,https://www.nature.com/articles/s41467-026-74764-9#MOESM5; AMRFinder
K_102,blaNDM-5,positive,https://www.nature.com/articles/s41467-026-74764-9#MOESM5; AMRFinder
K_102,ble,positive,https://www.nature.com/articles/s41467-026-74764-9#MOESM5; AMRFinder
K_103,acrF,positive,https://www.nature.com/articles/s41467-026-74764-9#MOESM5; AMRFinder
K_103,dfrA12,positive,https://www.nature.com/articles/s41467-026-74764-9#MOESM5; AMRFinder
K_103,aadA2,positive,https://www.nature.com/articles/s41467-026-74764-9#MOESM5; AMRFinder
K_103,sul1,positive,https://www.nature.com/articles/s41467-026-74764-9#MOESM5; AMRFinder
K_103,ble,positive,https://www.nature.com/articles/s41467-026-74764-9#MOESM5; AMRFinder
K_103,blaNDM-5,positive,https://www.nature.com/articles/s41467-026-74764-9#MOESM5; AMRFinder
K_103,emrD,positive,https://www.nature.com/articles/s41467-026-74764-9#MOESM5; AMRFinder
K_103,blaTEM-1,positive,https://www.nature.com/articles/s41467-026-74764-9#MOESM5; AMRFinder
K_103,tet(A),positive,https://www.nature.com/articles/s41467-026-74764-9#MOESM5; AMRFinder
K_103,catB3,positive,https://www.nature.com/articles/s41467-026-74764-9#MOESM5; AMRFinder
K_103,blaOXA-1,positive,https://www.nature.com/articles/s41467-026-74764-9#MOESM5; AMRFinder
K_103,aac(6')-Ib-cr5,positive,https://www.nature.com/articles/s41467-026-74764-9#MOESM5; AMRFinder
K_103,blaEC,positive,https://www.nature.com/articles/s41467-026-74764-9#MOESM5; AMRFinder
K_103,mdtM,positive,https://www.nature.com/articles/s41467-026-74764-9#MOESM5; AMRFinder
K_104,fosA,positive,https://www.nature.com/articles/s41467-026-74764-9#MOESM5; AMRFinder
K_104,tet(A),positive,https://www.nature.com/articles/s41467-026-74764-9#MOESM5; AMRFinder
K_104,arr-3,positive,https://www.nature.com/articles/s41467-026-74764-9#MOESM5; AMRFinder
K_104,aac(6')-Ib,positive,https://www.nature.com/articles/s41467-026-74764-9#MOESM5; AMRFinder
K_104,rmtF1,positive,https://www.nature.com/articles/s41467-026-74764-9#MOESM5; AMRFinder
K_104,blaCTX-M-15,positive,https://www.nature.com/articles/s41467-026-74764-9#MOESM5; AMRFinder
K_104,mph(A),positive,https://www.nature.com/articles/s41467-026-74764-9#MOESM5; AMRFinder
K_104,blaOXA-232,positive,https://www.nature.com/articles/s41467-026-74764-9#MOESM5; AMRFinder
K_104,erm(B),positive,https://www.nature.com/articles/s41467-026-74764-9#MOESM5; AMRFinder
K_104,dfrA1,positive,https://www.nature.com/articles/s41467-026-74764-9#MOESM5; AMRFinder
K_104,catB3,positive,https://www.nature.com/articles/s41467-026-74764-9#MOESM5; AMRFinder
K_104,blaOXA-1,positive,https://www.nature.com/articles/s41467-026-74764-9#MOESM5; AMRFinder
K_104,catB,positive,https://www.nature.com/articles/s41467-026-74764-9#MOESM5; AMRFinder
K_104,sul1,positive,https://www.nature.com/articles/s41467-026-74764-9#MOESM5; AMRFinder
K_104,oqxA,positive,https://www.nature.com/articles/s41467-026-74764-9#MOESM5; AMRFinder
K_104,oqxB32,positive,https://www.nature.com/articles/s41467-026-74764-9#MOESM5; AMRFinder
K_104,blaSHV-1,positive,https://www.nature.com/articles/s41467-026-74764-9#MOESM5; AMRFinder
K_104,emrD,positive,https://www.nature.com/articles/s41467-026-74764-9#MOESM5; AMRFinder
K_104,kdeA,positive,https://www.nature.com/articles/s41467-026-74764-9#MOESM5; AMRFinder
K_106,dfrA12,positive,https://www.nature.com/articles/s41467-026-74764-9#MOESM5; AMRFinder
K_106,aadA2,positive,https://www.nature.com/articles/s41467-026-74764-9#MOESM5; AMRFinder
K_106,mph(A),positive,https://www.nature.com/articles/s41467-026-74764-9#MOESM5; AMRFinder
K_106,emrD,positive,https://www.nature.com/articles/s41467-026-74764-9#MOESM5; AMRFinder
K_106,blaSHV-11,positive,https://www.nature.com/articles/s41467-026-74764-9#MOESM5; AMRFinder
K_106,fosA,positive,https://www.nature.com/articles/s41467-026-74764-9#MOESM5; AMRFinder
K_106,oqxA,positive,https://www.nature.com/articles/s41467-026-74764-9#MOESM5; AMRFinder
K_106,oqxB,positive,https://www.nature.com/articles/s41467-026-74764-9#MOESM5; AMRFinder
K_106,armA,positive,https://www.nature.com/articles/s41467-026-74764-9#MOESM5; AMRFinder
K_106,msr(E),positive,https://www.nature.com/articles/s41467-026-74764-9#MOESM5; AMRFinder
K_106,mph(E),positive,https://www.nature.com/articles/s41467-026-74764-9#MOESM5; AMRFinder
K_106,qnrB1,positive,https://www.nature.com/articles/s41467-026-74764-9#MOESM5; AMRFinder
K_106,blaOXA-232,positive,https://www.nature.com/articles/s41467-026-74764-9#MOESM5; AMRFinder
K_106,arr-2,positive,https://www.nature.com/articles/s41467-026-74764-9#MOESM5; AMRFinder
K_106,ere(A),positive,https://www.nature.com/articles/s41467-026-74764-9#MOESM5; AMRFinder
K_106,aadA1,positive,https://www.nature.com/articles/s41467-026-74764-9#MOESM5; AMRFinder
K_106,cmlA5,positive,https://www.nature.com/articles/s41467-026-74764-9#MOESM5; AMRFinder
K_106,kdeA,positive,https://www.nature.com/articles/s41467-026-74764-9#MOESM5; AMRFinder
K_106,erm(B),positive,https://www.nature.com/articles/s41467-026-74764-9#MOESM5; AMRFinder
K_106,sul1,positive,https://www.nature.com/articles/s41467-026-74764-9#MOESM5; AMRFinder
K_106,blaCTX-M-15,positive,https://www.nature.com/articles/s41467-026-74764-9#MOESM5; AMRFinder
K_106,catB3,positive,https://www.nature.com/articles/s41467-026-74764-9#MOESM5; AMRFinder
K_106,blaOXA-1,positive,https://www.nature.com/articles/s41467-026-74764-9#MOESM5; AMRFinder
K_106,aac(6')-Ib-cr5,positive,https://www.nature.com/articles/s41467-026-74764-9#MOESM5; AMRFinder
K_107,tet(A),positive,https://www.nature.com/articles/s41467-026-74764-9#MOESM5; AMRFinder
K_107,mdtM,positive,https://www.nature.com/articles/s41467-026-74764-9#MOESM5; AMRFinder
K_107,blaNDM-5,positive,https://www.nature.com/articles/s41467-026-74764-9#MOESM5; AMRFinder
K_107,ble,positive,https://www.nature.com/articles/s41467-026-74764-9#MOESM5; AMRFinder
K_107,sul1,positive,https://www.nature.com/articles/s41467-026-74764-9#MOESM5; AMRFinder
K_107,acrF,positive,https://www.nature.com/articles/s41467-026-74764-9#MOESM5; AMRFinder
K_107,erm(B),positive,https://www.nature.com/articles/s41467-026-74764-9#MOESM5; AMRFinder
K_107,mph(A),positive,https://www.nature.com/articles/s41467-026-74764-9#MOESM5; AMRFinder
K_107,blaCMY-145,positive,https://www.nature.com/articles/s41467-026-74764-9#MOESM5; AMRFinder
K_107,cmlA1,positive,https://www.nature.com/articles/s41467-026-74764-9#MOESM5; AMRFinder
K_107,dfrA12,positive,https://www.nature.com/articles/s41467-026-74764-9#MOESM5; AMRFinder
K_107,aadA2,positive,https://www.nature.com/articles/s41467-026-74764-9#MOESM5; AMRFinder
K_107,aadA1,positive,https://www.nature.com/articles/s41467-026-74764-9#MOESM5; AMRFinder
K_107,emrD,positive,https://www.nature.com/articles/s41467-026-74764-9#MOESM5; AMRFinder
K_107,blaEC,positive,https://www.nature.com/articles/s41467-026-74764-9#MOESM5; AMRFinder
K_108,cmlA5,positive,https://www.nature.com/articles/s41467-026-74764-9#MOESM5; AMRFinder
K_108,aadA1,positive,https://www.nature.com/articles/s41467-026-74764-9#MOESM5; AMRFinder
K_108,ere(A),positive,https://www.nature.com/articles/s41467-026-74764-9#MOESM5; AMRFinder
K_108,arr,positive,https://www.nature.com/articles/s41467-026-74764-9#MOESM5; AMRFinder
K_108,arr-2,positive,https://www.nature.com/articles/s41467-026-74764-9#MOESM5; AMRFinder
K_108,erm(B),positive,https://www.nature.com/articles/s41467-026-74764-9#MOESM5; AMRFinder
K_108,blaCTX-M-15,positive,https://www.nature.com/articles/s41467-026-74764-9#MOESM5; AMRFinder
K_108,blaNDM-5,positive,https://www.nature.com/articles/s41467-026-74764-9#MOESM5; AMRFinder
K_108,ble,positive,https://www.nature.com/articles/s41467-026-74764-9#MOESM5; AMRFinder
K_108,sul1,positive,https://www.nature.com/articles/s41467-026-74764-9#MOESM5; AMRFinder
K_108,mph(A),positive,https://www.nature.com/articles/s41467-026-74764-9#MOESM5; AMRFinder
K_108,aac(6')-Ib-cr5,positive,https://www.nature.com/articles/s41467-026-74764-9#MOESM5; AMRFinder
K_108,blaOXA-1,positive,https://www.nature.com/articles/s41467-026-74764-9#MOESM5; AMRFinder
K_108,catB3,positive,https://www.nature.com/articles/s41467-026-74764-9#MOESM5; AMRFinder
K_108,dfrA12,positive,https://www.nature.com/articles/s41467-026-74764-9#MOESM5; AMRFinder
K_108,aadA2,positive,https://www.nature.com/articles/s41467-026-74764-9#MOESM5; AMRFinder
K_108,blaOXA,positive,https://www.nature.com/articles/s41467-026-74764-9#MOESM5; AMRFinder
K_108,oqxA,positive,https://www.nature.com/articles/s41467-026-74764-9#MOESM5; AMRFinder
K_108,oqxB,positive,https://www.nature.com/articles/s41467-026-74764-9#MOESM5; AMRFinder
K_108,kdeA,positive,https://www.nature.com/articles/s41467-026-74764-9#MOESM5; AMRFinder
K_108,blaSHV-11,positive,https://www.nature.com/articles/s41467-026-74764-9#MOESM5; AMRFinder
K_108,emrD,positive,https://www.nature.com/articles/s41467-026-74764-9#MOESM5; AMRFinder
K_108,sul2,positive,https://www.nature.com/articles/s41467-026-74764-9#MOESM5; AMRFinder
K_108,aph(3'')-Ib,positive,https://www.nature.com/articles/s41467-026-74764-9#MOESM5; AMRFinder
K_108,aph(6)-Id,positive,https://www.nature.com/articles/s41467-026-74764-9#MOESM5; AMRFinder
K_108,blaTEM-1,positive,https://www.nature.com/articles/s41467-026-74764-9#MOESM5; AMRFinder
K_108,fosA,positive,https://www.nature.com/articles/s41467-026-74764-9#MOESM5; AMRFinder
K_108,armA,positive,https://www.nature.com/articles/s41467-026-74764-9#MOESM5; AMRFinder
K_108,msr(E),positive,https://www.nature.com/articles/s41467-026-74764-9#MOESM5; AMRFinder
K_108,mph(E),positive,https://www.nature.com/articles/s41467-026-74764-9#MOESM5; AMRFinder
K_108,qnrB1,positive,https://www.nature.com/articles/s41467-026-74764-9#MOESM5; AMRFinder
K10,emrD,positive,https://www.nature.com/articles/s41467-026-74764-9#MOESM5; AMRFinder
K10,kdeA,positive,https://www.nature.com/articles/s41467-026-74764-9#MOESM5; AMRFinder
K10,dfrA1,positive,https://www.nature.com/articles/s41467-026-74764-9#MOESM5; AMRFinder
K10,sat2,positive,https://www.nature.com/articles/s41467-026-74764-9#MOESM5; AMRFinder
K10,dfrA12,positive,https://www.nature.com/articles/s41467-026-74764-9#MOESM5; AMRFinder
K10,aadA2,positive,https://www.nature.com/articles/s41467-026-74764-9#MOESM5; AMRFinder
K10,sul1,positive,https://www.nature.com/articles/s41467-026-74764-9#MOESM5; AMRFinder
K10,armA,positive,https://www.nature.com/articles/s41467-026-74764-9#MOESM5; AMRFinder
K10,msr(E),positive,https://www.nature.com/articles/s41467-026-74764-9#MOESM5; AMRFinder
K10,mph(E),positive,https://www.nature.com/articles/s41467-026-74764-9#MOESM5; AMRFinder
K10,fosA,positive,https://www.nature.com/articles/s41467-026-74764-9#MOESM5; AMRFinder
K10,blaTEM-1,positive,https://www.nature.com/articles/s41467-026-74764-9#MOESM5; AMRFinder
K10,blaOXA-232,positive,https://www.nature.com/articles/s41467-026-74764-9#MOESM5; AMRFinder
K10,blaCTX-M-15,positive,https://www.nature.com/articles/s41467-026-74764-9#MOESM5; AMRFinder
K10,tet(D),positive,https://www.nature.com/articles/s41467-026-74764-9#MOESM5; AMRFinder
K10,catB3,positive,https://www.nature.com/articles/s41467-026-74764-9#MOESM5; AMRFinder
K10,blaOXA-1,positive,https://www.nature.com/articles/s41467-026-74764-9#MOESM5; AMRFinder
K10,aac(6')-Ib-cr5,positive,https://www.nature.com/articles/s41467-026-74764-9#MOESM5; AMRFinder
K10,blaSHV-28,positive,https://www.nature.com/articles/s41467-026-74764-9#MOESM5; AMRFinder
K10,oqxB,positive,https://www.nature.com/articles/s41467-026-74764-9#MOESM5; AMRFinder
K10,oqxA,positive,https://www.nature.com/articles/s41467-026-74764-9#MOESM5; AMRFinder
K_111,blaEC,positive,https://www.nature.com/articles/s41467-026-74764-9#MOESM5; AMRFinder
K_111,aph(3')-VIa,positive,https://www.nature.com/articles/s41467-026-74764-9#MOESM5; AMRFinder
K_111,blaVEB-9,positive,https://www.nature.com/articles/s41467-026-74764-9#MOESM5; AMRFinder
K_111,msr(E),positive,https://www.nature.com/articles/s41467-026-74764-9#MOESM5; AMRFinder
K_111,mph(E),positive,https://www.nature.com/articles/s41467-026-74764-9#MOESM5; AMRFinder
K_111,aadA1,positive,https://www.nature.com/articles/s41467-026-74764-9#MOESM5; AMRFinder
K_111,blaOXA-10,positive,https://www.nature.com/articles/s41467-026-74764-9#MOESM5; AMRFinder
K_111,cmlA5,positive,https://www.nature.com/articles/s41467-026-74764-9#MOESM5; AMRFinder
K_111,arr-2,positive,https://www.nature.com/articles/s41467-026-74764-9#MOESM5; AMRFinder
K_111,blaNDM-1,positive,https://www.nature.com/articles/s41467-026-74764-9#MOESM5; AMRFinder
K_111,ble,positive,https://www.nature.com/articles/s41467-026-74764-9#MOESM5; AMRFinder
K_111,qnrA1,positive,https://www.nature.com/articles/s41467-026-74764-9#MOESM5; AMRFinder
K_111,aadA2,positive,https://www.nature.com/articles/s41467-026-74764-9#MOESM5; AMRFinder
K_111,dfrA12,positive,https://www.nature.com/articles/s41467-026-74764-9#MOESM5; AMRFinder
K_111,qnrB7,positive,https://www.nature.com/articles/s41467-026-74764-9#MOESM5; AMRFinder
K_111,blaSHV-12,positive,https://www.nature.com/articles/s41467-026-74764-9#MOESM5; AMRFinder
K_111,sul1,positive,https://www.nature.com/articles/s41467-026-74764-9#MOESM5; AMRFinder
K_111,mdtM,positive,https://www.nature.com/articles/s41467-026-74764-9#MOESM5; AMRFinder
K_111,emrD,positive,https://www.nature.com/articles/s41467-026-74764-9#MOESM5; AMRFinder
K_111,acrF,positive,https://www.nature.com/articles/s41467-026-74764-9#MOESM5; AMRFinder
K_112,blaVEB-9,positive,https://www.nature.com/articles/s41467-026-74764-9#MOESM5; AMRFinder
K_112,aadA1,positive,https://www.nature.com/articles/s41467-026-74764-9#MOESM5; AMRFinder
K_112,blaOXA-10,positive,https://www.nature.com/articles/s41467-026-74764-9#MOESM5; AMRFinder
K_112,cmlA5,positive,https://www.nature.com/articles/s41467-026-74764-9#MOESM5; AMRFinder
K_112,arr-2,positive,https://www.nature.com/articles/s41467-026-74764-9#MOESM5; AMRFinder
K_112,blaNDM-1,positive,https://www.nature.com/articles/s41467-026-74764-9#MOESM5; AMRFinder
K_112,ble,positive,https://www.nature.com/articles/s41467-026-74764-9#MOESM5; AMRFinder
K_112,qnrA1,positive,https://www.nature.com/articles/s41467-026-74764-9#MOESM5; AMRFinder
K_112,aadA2,positive,https://www.nature.com/articles/s41467-026-74764-9#MOESM5; AMRFinder
K_112,dfrA12,positive,https://www.nature.com/articles/s41467-026-74764-9#MOESM5; AMRFinder
K_112,aph(3')-VIa,positive,https://www.nature.com/articles/s41467-026-74764-9#MOESM5; AMRFinder
K_112,mph(E),positive,https://www.nature.com/articles/s41467-026-74764-9#MOESM5; AMRFinder
K_112,sul1,positive,https://www.nature.com/articles/s41467-026-74764-9#MOESM5; AMRFinder
K_112,msr(E),positive,https://www.nature.com/articles/s41467-026-74764-9#MOESM5; AMRFinder
K_112,fosA,positive,https://www.nature.com/articles/s41467-026-74764-9#MOESM5; AMRFinder
K_112,kdeA,positive,https://www.nature.com/articles/s41467-026-74764-9#MOESM5; AMRFinder
K_112,oqxB,positive,https://www.nature.com/articles/s41467-026-74764-9#MOESM5; AMRFinder
K_112,oqxA,positive,https://www.nature.com/articles/s41467-026-74764-9#MOESM5; AMRFinder
K_112,emrD,positive,https://www.nature.com/articles/s41467-026-74764-9#MOESM5; AMRFinder
K_112,blaOKP-A-9,positive,https://www.nature.com/articles/s41467-026-74764-9#MOESM5; AMRFinder
K_114,kdeA,positive,https://www.nature.com/articles/s41467-026-74764-9#MOESM5; AMRFinder
K_114,blaSHV-11,positive,https://www.nature.com/articles/s41467-026-74764-9#MOESM5; AMRFinder
K_114,rmtB1,positive,https://www.nature.com/articles/s41467-026-74764-9#MOESM5; AMRFinder
K_114,blaTEM-1,positive,https://www.nature.com/articles/s41467-026-74764-9#MOESM5; AMRFinder
K_114,arr-3,positive,https://www.nature.com/articles/s41467-026-74764-9#MOESM5; AMRFinder
K_114,catB3,positive,https://www.nature.com/articles/s41467-026-74764-9#MOESM5; AMRFinder
K_114,blaOXA-1,positive,https://www.nature.com/articles/s41467-026-74764-9#MOESM5; AMRFinder
K_114,aac(6')-Ib-cr5,positive,https://www.nature.com/articles/s41467-026-74764-9#MOESM5; AMRFinder
K_114,mph(A),positive,https://www.nature.com/articles/s41467-026-74764-9#MOESM5; AMRFinder
K_114,blaNDM-5,positive,https://www.nature.com/articles/s41467-026-74764-9#MOESM5; AMRFinder
K_114,ble,positive,https://www.nature.com/articles/s41467-026-74764-9#MOESM5; AMRFinder
K_114,aadA2,positive,https://www.nature.com/articles/s41467-026-74764-9#MOESM5; AMRFinder
K_114,dfrA12,positive,https://www.nature.com/articles/s41467-026-74764-9#MOESM5; AMRFinder
K_114,aph(3')-Ia,positive,https://www.nature.com/articles/s41467-026-74764-9#MOESM5; AMRFinder
K_114,sul1,positive,https://www.nature.com/articles/s41467-026-74764-9#MOESM5; AMRFinder
K_114,oqxB,positive,https://www.nature.com/articles/s41467-026-74764-9#MOESM5; AMRFinder
K_114,oqxA,positive,https://www.nature.com/articles/s41467-026-74764-9#MOESM5; AMRFinder
K_114,fosA,positive,https://www.nature.com/articles/s41467-026-74764-9#MOESM5; AMRFinder
K_114,catA1,positive,https://www.nature.com/articles/s41467-026-74764-9#MOESM5; AMRFinder
K_114,emrD,positive,https://www.nature.com/articles/s41467-026-74764-9#MOESM5; AMRFinder
K_114,qnrB4,positive,https://www.nature.com/articles/s41467-026-74764-9#MOESM5; AMRFinder
K_114,blaDHA-1,positive,https://www.nature.com/articles/s41467-026-74764-9#MOESM5; AMRFinder
K_115,aac(6')-Ib,positive,https://www.nature.com/articles/s41467-026-74764-9#MOESM5; AMRFinder
K_115,rmtF1,positive,https://www.nature.com/articles/s41467-026-74764-9#MOESM5; AMRFinder
K_115,catB,positive,https://www.nature.com/articles/s41467-026-74764-9#MOESM5; AMRFinder
K_115,blaCTX-M-15,positive,https://www.nature.com/articles/s41467-026-74764-9#MOESM5; AMRFinder
K_115,dfrA1,positive,https://www.nature.com/articles/s41467-026-74764-9#MOESM5; AMRFinder
K_115,sul1,positive,https://www.nature.com/articles/s41467-026-74764-9#MOESM5; AMRFinder
K_115,blaOXA-232,positive,https://www.nature.com/articles/s41467-026-74764-9#MOESM5; AMRFinder
K_115,arr-3,positive,https://www.nature.com/articles/s41467-026-74764-9#MOESM5; AMRFinder
K_115,kdeA,positive,https://www.nature.com/articles/s41467-026-74764-9#MOESM5; AMRFinder
K_115,fosA,positive,https://www.nature.com/articles/s41467-026-74764-9#MOESM5; AMRFinder
K_115,emrD,positive,https://www.nature.com/articles/s41467-026-74764-9#MOESM5; AMRFinder
K_115,blaSHV-1,positive,https://www.nature.com/articles/s41467-026-74764-9#MOESM5; AMRFinder
K_115,oqxA,positive,https://www.nature.com/articles/s41467-026-74764-9#MOESM5; AMRFinder
K_115,oqxB32,positive,https://www.nature.com/articles/s41467-026-74764-9#MOESM5; AMRFinder
K_116,mdtM,positive,https://www.nature.com/articles/s41467-026-74764-9#MOESM5; AMRFinder
K_116,dfrA12,positive,https://www.nature.com/articles/s41467-026-74764-9#MOESM5; AMRFinder
K_116,aadA2,positive,https://www.nature.com/articles/s41467-026-74764-9#MOESM5; AMRFinder
K_116,sul1,positive,https://www.nature.com/articles/s41467-026-74764-9#MOESM5; AMRFinder
K_116,mph(A),positive,https://www.nature.com/articles/s41467-026-74764-9#MOESM5; AMRFinder
K_116,aac(3)-IId,positive,https://www.nature.com/articles/s41467-026-74764-9#MOESM5; AMRFinder
K_116,blaCTX-M-15,positive,https://www.nature.com/articles/s41467-026-74764-9#MOESM5; AMRFinder
K_116,tet(B),positive,https://www.nature.com/articles/s41467-026-74764-9#MOESM5; AMRFinder
K_116,ble,positive,https://www.nature.com/articles/s41467-026-74764-9#MOESM5; AMRFinder
K_116,blaNDM-5,positive,https://www.nature.com/articles/s41467-026-74764-9#MOESM5; AMRFinder
K_116,catB3,positive,https://www.nature.com/articles/s41467-026-74764-9#MOESM5; AMRFinder
K_116,blaOXA-1,positive,https://www.nature.com/articles/s41467-026-74764-9#MOESM5; AMRFinder
K_116,aac(6')-Ib-cr5,positive,https://www.nature.com/articles/s41467-026-74764-9#MOESM5; AMRFinder
K_116,blaCMY-2,positive,https://www.nature.com/articles/s41467-026-74764-9#MOESM5; AMRFinder
K_116,blaEC,positive,https://www.nature.com/articles/s41467-026-74764-9#MOESM5; AMRFinder
K_116,acrF,positive,https://www.nature.com/articles/s41467-026-74764-9#MOESM5; AMRFinder
K_116,emrD,positive,https://www.nature.com/articles/s41467-026-74764-9#MOESM5; AMRFinder
K_117,fosA,positive,https://www.nature.com/articles/s41467-026-74764-9#MOESM5; AMRFinder
K_117,oqxA,positive,https://www.nature.com/articles/s41467-026-74764-9#MOESM5; AMRFinder
K_117,oqxB,positive,https://www.nature.com/articles/s41467-026-74764-9#MOESM5; AMRFinder
K_117,kdeA,positive,https://www.nature.com/articles/s41467-026-74764-9#MOESM5; AMRFinder
K_117,emrD,positive,https://www.nature.com/articles/s41467-026-74764-9#MOESM5; AMRFinder
K_117,blaLEN-26,positive,https://www.nature.com/articles/s41467-026-74764-9#MOESM5; AMRFinder
K_118,arr-2,positive,https://www.nature.com/articles/s41467-026-74764-9#MOESM5; AMRFinder
K_118,ere(A),positive,https://www.nature.com/articles/s41467-026-74764-9#MOESM5; AMRFinder
K_118,aadA1,positive,https://www.nature.com/articles/s41467-026-74764-9#MOESM5; AMRFinder
K_118,cmlA5,positive,https://www.nature.com/articles/s41467-026-74764-9#MOESM5; AMRFinder
K_118,aac(3)-IId,positive,https://www.nature.com/articles/s41467-026-74764-9#MOESM5; AMRFinder
K_118,erm(B),positive,https://www.nature.com/articles/s41467-026-74764-9#MOESM5; AMRFinder
K_118,fosA,positive,https://www.nature.com/articles/s41467-026-74764-9#MOESM5; AMRFinder
K_118,blaOXA-181,positive,https://www.nature.com/articles/s41467-026-74764-9#MOESM5; AMRFinder
K_118,aadA2,positive,https://www.nature.com/articles/s41467-026-74764-9#MOESM5; AMRFinder
K_118,dfrA12,positive,https://www.nature.com/articles/s41467-026-74764-9#MOESM5; AMRFinder
K_118,blaSHV-11,positive,https://www.nature.com/articles/s41467-026-74764-9#MOESM5; AMRFinder
K_118,mph(A),positive,https://www.nature.com/articles/s41467-026-74764-9#MOESM5; AMRFinder
K_118,sul1,positive,https://www.nature.com/articles/s41467-026-74764-9#MOESM5; AMRFinder
K_118,blaCTX-M,positive,https://www.nature.com/articles/s41467-026-74764-9#MOESM5; AMRFinder
K_118,emrD,positive,https://www.nature.com/articles/s41467-026-74764-9#MOESM5; AMRFinder
K_118,oqxA,positive,https://www.nature.com/articles/s41467-026-74764-9#MOESM5; AMRFinder
K_118,oqxB32,positive,https://www.nature.com/articles/s41467-026-74764-9#MOESM5; AMRFinder
K_118,kdeA,positive,https://www.nature.com/articles/s41467-026-74764-9#MOESM5; AMRFinder
K11,emrD,positive,https://www.nature.com/articles/s41467-026-74764-9#MOESM5; AMRFinder
K11,kdeA,positive,https://www.nature.com/articles/s41467-026-74764-9#MOESM5; AMRFinder
K11,dfrA1,positive,https://www.nature.com/articles/s41467-026-74764-9#MOESM5; AMRFinder
K11,sat2,positive,https://www.nature.com/articles/s41467-026-74764-9#MOESM5; AMRFinder
K11,fosA,positive,https://www.nature.com/articles/s41467-026-74764-9#MOESM5; AMRFinder
K11,dfrA12,positive,https://www.nature.com/articles/s41467-026-74764-9#MOESM5; AMRFinder
K11,aadA2,positive,https://www.nature.com/articles/s41467-026-74764-9#MOESM5; AMRFinder
K11,sul1,positive,https://www.nature.com/articles/s41467-026-74764-9#MOESM5; AMRFinder
K11,armA,positive,https://www.nature.com/articles/s41467-026-74764-9#MOESM5; AMRFinder
K11,msr(E),positive,https://www.nature.com/articles/s41467-026-74764-9#MOESM5; AMRFinder
K11,mph(E),positive,https://www.nature.com/articles/s41467-026-74764-9#MOESM5; AMRFinder
K11,blaOXA-232,positive,https://www.nature.com/articles/s41467-026-74764-9#MOESM5; AMRFinder
K11,blaTEM-1,positive,https://www.nature.com/articles/s41467-026-74764-9#MOESM5; AMRFinder
K11,blaCTX-M-15,positive,https://www.nature.com/articles/s41467-026-74764-9#MOESM5; AMRFinder
K11,tet(D),positive,https://www.nature.com/articles/s41467-026-74764-9#MOESM5; AMRFinder
K11,aac(6')-Ib-cr5,positive,https://www.nature.com/articles/s41467-026-74764-9#MOESM5; AMRFinder
K11,blaOXA-1,positive,https://www.nature.com/articles/s41467-026-74764-9#MOESM5; AMRFinder
K11,catB3,positive,https://www.nature.com/articles/s41467-026-74764-9#MOESM5; AMRFinder
K11,blaSHV-28,positive,https://www.nature.com/articles/s41467-026-74764-9#MOESM5; AMRFinder
K11,oqxA,positive,https://www.nature.com/articles/s41467-026-74764-9#MOESM5; AMRFinder
K11,oqxB,positive,https://www.nature.com/articles/s41467-026-74764-9#MOESM5; AMRFinder
K_120,blaCTX-M,positive,https://www.nature.com/articles/s41467-026-74764-9#MOESM5; AMRFinder
K_120,fosA,positive,https://www.nature.com/articles/s41467-026-74764-9#MOESM5; AMRFinder
K_120,blaSHV-1,positive,https://www.nature.com/articles/s41467-026-74764-9#MOESM5; AMRFinder
K_120,kdeA,positive,https://www.nature.com/articles/s41467-026-74764-9#MOESM5; AMRFinder
K_120,emrD,positive,https://www.nature.com/articles/s41467-026-74764-9#MOESM5; AMRFinder
K_120,oqxA,positive,https://www.nature.com/articles/s41467-026-74764-9#MOESM5; AMRFinder
K_120,qnrS1,positive,https://www.nature.com/articles/s41467-026-74764-9#MOESM5; AMRFinder
K_120,blaTEM-1,positive,https://www.nature.com/articles/s41467-026-74764-9#MOESM5; AMRFinder
K_120,arr,positive,https://www.nature.com/articles/s41467-026-74764-9#MOESM5; AMRFinder
K_120,arr-2,positive,https://www.nature.com/articles/s41467-026-74764-9#MOESM5; AMRFinder
K_120,aac(6')-Ib,positive,https://www.nature.com/articles/s41467-026-74764-9#MOESM5; AMRFinder
K_120,rmtF1,positive,https://www.nature.com/articles/s41467-026-74764-9#MOESM5; AMRFinder
K_120,catB,positive,https://www.nature.com/articles/s41467-026-74764-9#MOESM5; AMRFinder
K_120,dfrA12,positive,https://www.nature.com/articles/s41467-026-74764-9#MOESM5; AMRFinder
K_120,aadA2,positive,https://www.nature.com/articles/s41467-026-74764-9#MOESM5; AMRFinder
K_120,sul1,positive,https://www.nature.com/articles/s41467-026-74764-9#MOESM5; AMRFinder
K_120,oqxB,positive,https://www.nature.com/articles/s41467-026-74764-9#MOESM5; AMRFinder
K_120,catA1,positive,https://www.nature.com/articles/s41467-026-74764-9#MOESM5; AMRFinder
K_120,mph(A),positive,https://www.nature.com/articles/s41467-026-74764-9#MOESM5; AMRFinder
K_120,erm(B),positive,https://www.nature.com/articles/s41467-026-74764-9#MOESM5; AMRFinder
K_120,blaOXA-232,positive,https://www.nature.com/articles/s41467-026-74764-9#MOESM5; AMRFinder
K_122,kdeA,positive,https://www.nature.com/articles/s41467-026-74764-9#MOESM5; AMRFinder
K_122,fosA,positive,https://www.nature.com/articles/s41467-026-74764-9#MOESM5; AMRFinder
K_122,oqxB,positive,https://www.nature.com/articles/s41467-026-74764-9#MOESM5; AMRFinder
K_122,mph(A),positive,https://www.nature.com/articles/s41467-026-74764-9#MOESM5; AMRFinder
K_122,blaTEM-1,positive,https://www.nature.com/articles/s41467-026-74764-9#MOESM5; AMRFinder
K_122,rmtB1,positive,https://www.nature.com/articles/s41467-026-74764-9#MOESM5; AMRFinder
K_122,emrD,positive,https://www.nature.com/articles/s41467-026-74764-9#MOESM5; AMRFinder
K_122,oqxA,positive,https://www.nature.com/articles/s41467-026-74764-9#MOESM5; AMRFinder
K_122,blaNDM-5,positive,https://www.nature.com/articles/s41467-026-74764-9#MOESM5; AMRFinder
K_122,sul1,positive,https://www.nature.com/articles/s41467-026-74764-9#MOESM5; AMRFinder
K_122,qnrS1,positive,https://www.nature.com/articles/s41467-026-74764-9#MOESM5; AMRFinder
K_122,blaOXA-181,positive,https://www.nature.com/articles/s41467-026-74764-9#MOESM5; AMRFinder
K_122,aadA2,positive,https://www.nature.com/articles/s41467-026-74764-9#MOESM5; AMRFinder
K_122,dfrA12,positive,https://www.nature.com/articles/s41467-026-74764-9#MOESM5; AMRFinder
K_122,blaSHV-11,positive,https://www.nature.com/articles/s41467-026-74764-9#MOESM5; AMRFinder
K_122,aph(3')-Ia,positive,https://www.nature.com/articles/s41467-026-74764-9#MOESM5; AMRFinder
K_122,blaCTX-M-15,positive,https://www.nature.com/articles/s41467-026-74764-9#MOESM5; AMRFinder
K_123,blaNDM-5,positive,https://www.nature.com/articles/s41467-026-74764-9#MOESM5; AMRFinder
K_123,ble,positive,https://www.nature.com/articles/s41467-026-74764-9#MOESM5; AMRFinder
K_123,sul1,positive,https://www.nature.com/articles/s41467-026-74764-9#MOESM5; AMRFinder
K_123,aadA2,positive,https://www.nature.com/articles/s41467-026-74764-9#MOESM5; AMRFinder
K_123,dfrA12,positive,https://www.nature.com/articles/s41467-026-74764-9#MOESM5; AMRFinder
K_123,acrF,positive,https://www.nature.com/articles/s41467-026-74764-9#MOESM5; AMRFinder
K_123,blaOXA-484,positive,https://www.nature.com/articles/s41467-026-74764-9#MOESM5; AMRFinder
K_123,qnrS1,positive,https://www.nature.com/articles/s41467-026-74764-9#MOESM5; AMRFinder
K_123,emrD,positive,https://www.nature.com/articles/s41467-026-74764-9#MOESM5; AMRFinder
K_123,mph(A),positive,https://www.nature.com/articles/s41467-026-74764-9#MOESM5; AMRFinder
K_123,erm(B),positive,https://www.nature.com/articles/s41467-026-74764-9#MOESM5; AMRFinder
K_123,blaEC,positive,https://www.nature.com/articles/s41467-026-74764-9#MOESM5; AMRFinder
K_123,blaCMY,positive,https://www.nature.com/articles/s41467-026-74764-9#MOESM5; AMRFinder
K_123,mdtM,positive,https://www.nature.com/articles/s41467-026-74764-9#MOESM5; AMRFinder
K_125,kdeA,positive,https://www.nature.com/articles/s41467-026-74764-9#MOESM5; AMRFinder
K_125,emrD,positive,https://www.nature.com/articles/s41467-026-74764-9#MOESM5; AMRFinder
K_125,blaOXA-232,positive,https://www.nature.com/articles/s41467-026-74764-9#MOESM5; AMRFinder
K_125,fosA,positive,https://www.nature.com/articles/s41467-026-74764-9#MOESM5; AMRFinder
K_125,blaSHV-11,positive,https://www.nature.com/articles/s41467-026-74764-9#MOESM5; AMRFinder
K_125,dfrA30,positive,https://www.nature.com/articles/s41467-026-74764-9#MOESM5; AMRFinder
K_125,oqxB,positive,https://www.nature.com/articles/s41467-026-74764-9#MOESM5; AMRFinder
K_125,oqxA,positive,https://www.nature.com/articles/s41467-026-74764-9#MOESM5; AMRFinder
K_125,sul1,positive,https://www.nature.com/articles/s41467-026-74764-9#MOESM5; AMRFinder
K_125,ble,positive,https://www.nature.com/articles/s41467-026-74764-9#MOESM5; AMRFinder
K_125,blaNDM-5,positive,https://www.nature.com/articles/s41467-026-74764-9#MOESM5; AMRFinder
K_125,blaCTX-M-15,positive,https://www.nature.com/articles/s41467-026-74764-9#MOESM5; AMRFinder
K_128,arr-3,positive,https://www.nature.com/articles/s41467-026-74764-9#MOESM5; AMRFinder
K_128,sul1,positive,https://www.nature.com/articles/s41467-026-74764-9#MOESM5; AMRFinder
K_128,aac(3)-IIe,positive,https://www.nature.com/articles/s41467-026-74764-9#MOESM5; AMRFinder
K_128,aac(6')-Ib-cr5,positive,https://www.nature.com/articles/s41467-026-74764-9#MOESM5; AMRFinder
K_128,blaOXA-1,positive,https://www.nature.com/articles/s41467-026-74764-9#MOESM5; AMRFinder
K_128,catB3,positive,https://www.nature.com/articles/s41467-026-74764-9#MOESM5; AMRFinder
K_128,blaCTX-M-15,positive,https://www.nature.com/articles/s41467-026-74764-9#MOESM5; AMRFinder
K_128,blaSHV-27,positive,https://www.nature.com/articles/s41467-026-74764-9#MOESM5; AMRFinder
K_128,fosA,positive,https://www.nature.com/articles/s41467-026-74764-9#MOESM5; AMRFinder
K_128,oqxB19,positive,https://www.nature.com/articles/s41467-026-74764-9#MOESM5; AMRFinder
K_128,oqxA,positive,https://www.nature.com/articles/s41467-026-74764-9#MOESM5; AMRFinder
K_128,emrD,positive,https://www.nature.com/articles/s41467-026-74764-9#MOESM5; AMRFinder
K_128,kdeA,positive,https://www.nature.com/articles/s41467-026-74764-9#MOESM5; AMRFinder
K_128,qnrS1,positive,https://www.nature.com/articles/s41467-026-74764-9#MOESM5; AMRFinder
K_128,aph(3')-VI,positive,https://www.nature.com/articles/s41467-026-74764-9#MOESM5; AMRFinder
K_128,blaNDM-1,positive,https://www.nature.com/articles/s41467-026-74764-9#MOESM5; AMRFinder
K_128,ble,positive,https://www.nature.com/articles/s41467-026-74764-9#MOESM5; AMRFinder
K_128,tet(A),positive,https://www.nature.com/articles/s41467-026-74764-9#MOESM5; AMRFinder
K_128,dfrA14,positive,https://www.nature.com/articles/s41467-026-74764-9#MOESM5; AMRFinder
K_128,qnrB1,positive,https://www.nature.com/articles/s41467-026-74764-9#MOESM5; AMRFinder
K_129,catA,positive,https://www.nature.com/articles/s41467-026-74764-9#MOESM5; AMRFinder
K_129,oqxB,positive,https://www.nature.com/articles/s41467-026-74764-9#MOESM5; AMRFinder
K_129,fosA,positive,https://www.nature.com/articles/s41467-026-74764-9#MOESM5; AMRFinder
K_129,blaACT-45,positive,https://www.nature.com/articles/s41467-026-74764-9#MOESM5; AMRFinder
K_129,qnrS1,positive,https://www.nature.com/articles/s41467-026-74764-9#MOESM5; AMRFinder
K_129,blaCTX-M-15,positive,https://www.nature.com/articles/s41467-026-74764-9#MOESM5; AMRFinder
K_129,aac(6')-Ib,positive,https://www.nature.com/articles/s41467-026-74764-9#MOESM5; AMRFinder
K_129,aadA1,positive,https://www.nature.com/articles/s41467-026-74764-9#MOESM5; AMRFinder
K_129,blaNDM-1,positive,https://www.nature.com/articles/s41467-026-74764-9#MOESM5; AMRFinder
K_129,ble,positive,https://www.nature.com/articles/s41467-026-74764-9#MOESM5; AMRFinder
K_129,sul1,positive,https://www.nature.com/articles/s41467-026-74764-9#MOESM5; AMRFinder
K_129,aadA2,positive,https://www.nature.com/articles/s41467-026-74764-9#MOESM5; AMRFinder
K_129,dfrA12,positive,https://www.nature.com/articles/s41467-026-74764-9#MOESM5; AMRFinder
K12,arr-2,positive,https://www.nature.com/articles/s41467-026-74764-9#MOESM5; AMRFinder
K12,acrF,positive,https://www.nature.com/articles/s41467-026-74764-9#MOESM5; AMRFinder
K12,emrD,positive,https://www.nature.com/articles/s41467-026-74764-9#MOESM5; AMRFinder
K12,mdtM,positive,https://www.nature.com/articles/s41467-026-74764-9#MOESM5; AMRFinder
K12,blaSFO-1,positive,https://www.nature.com/articles/s41467-026-74764-9#MOESM5; AMRFinder
K12,blaCMY,positive,https://www.nature.com/articles/s41467-026-74764-9#MOESM5; AMRFinder
K12,sul1,positive,https://www.nature.com/articles/s41467-026-74764-9#MOESM5; AMRFinder
K12,ble,positive,https://www.nature.com/articles/s41467-026-74764-9#MOESM5; AMRFinder
K12,blaNDM-5,positive,https://www.nature.com/articles/s41467-026-74764-9#MOESM5; AMRFinder
K12,catB,positive,https://www.nature.com/articles/s41467-026-74764-9#MOESM5; AMRFinder
K12,rmtF1,positive,https://www.nature.com/articles/s41467-026-74764-9#MOESM5; AMRFinder
K12,aac(6')-Ib,positive,https://www.nature.com/articles/s41467-026-74764-9#MOESM5; AMRFinder
K12,blaTEM-1,positive,https://www.nature.com/articles/s41467-026-74764-9#MOESM5; AMRFinder
K12,aac(3)-IId,positive,https://www.nature.com/articles/s41467-026-74764-9#MOESM5; AMRFinder
K12,aph(6)-Id,positive,https://www.nature.com/articles/s41467-026-74764-9#MOESM5; AMRFinder
K12,aph(3'')-Ib,positive,https://www.nature.com/articles/s41467-026-74764-9#MOESM5; AMRFinder
K12,sul2,positive,https://www.nature.com/articles/s41467-026-74764-9#MOESM5; AMRFinder
K12,mph(A),positive,https://www.nature.com/articles/s41467-026-74764-9#MOESM5; AMRFinder
K12,tet(B),positive,https://www.nature.com/articles/s41467-026-74764-9#MOESM5; AMRFinder
K12,aadA2,positive,https://www.nature.com/articles/s41467-026-74764-9#MOESM5; AMRFinder
K12,dfrA12,positive,https://www.nature.com/articles/s41467-026-74764-9#MOESM5; AMRFinder
K12,blaEC,positive,https://www.nature.com/articles/s41467-026-74764-9#MOESM5; AMRFinder
K12,catB3,positive,https://www.nature.com/articles/s41467-026-74764-9#MOESM5; AMRFinder
K12,blaOXA-1,positive,https://www.nature.com/articles/s41467-026-74764-9#MOESM5; AMRFinder
K_131,aadA2,positive,https://www.nature.com/articles/s41467-026-74764-9#MOESM5; AMRFinder
K_131,ere(A),positive,https://www.nature.com/articles/s41467-026-74764-9#MOESM5; AMRFinder
K_131,dfrA32,positive,https://www.nature.com/articles/s41467-026-74764-9#MOESM5; AMRFinder
K_131,arr-2,positive,https://www.nature.com/articles/s41467-026-74764-9#MOESM5; AMRFinder
K_131,cmlA5,positive,https://www.nature.com/articles/s41467-026-74764-9#MOESM5; AMRFinder
K_131,sul1,positive,https://www.nature.com/articles/s41467-026-74764-9#MOESM5; AMRFinder
K_131,blaOXA-9,positive,https://www.nature.com/articles/s41467-026-74764-9#MOESM5; AMRFinder
K_131,aac(6')-Ib,positive,https://www.nature.com/articles/s41467-026-74764-9#MOESM5; AMRFinder
K_131,kdeA,positive,https://www.nature.com/articles/s41467-026-74764-9#MOESM5; AMRFinder
K_131,aadA1,positive,https://www.nature.com/articles/s41467-026-74764-9#MOESM5; AMRFinder
K_131,oqxB,positive,https://www.nature.com/articles/s41467-026-74764-9#MOESM5; AMRFinder
K_131,oqxA,positive,https://www.nature.com/articles/s41467-026-74764-9#MOESM5; AMRFinder
K_131,blaSHV-11,positive,https://www.nature.com/articles/s41467-026-74764-9#MOESM5; AMRFinder
K_131,fosA,positive,https://www.nature.com/articles/s41467-026-74764-9#MOESM5; AMRFinder
K_131,emrD,positive,https://www.nature.com/articles/s41467-026-74764-9#MOESM5; AMRFinder
K_131,blaTEM-1,positive,https://www.nature.com/articles/s41467-026-74764-9#MOESM5; AMRFinder
K_131,blaCTX-M-15,positive,https://www.nature.com/articles/s41467-026-74764-9#MOESM5; AMRFinder
K_131,qnrS1,positive,https://www.nature.com/articles/s41467-026-74764-9#MOESM5; AMRFinder
K_131,aph(3')-VI,positive,https://www.nature.com/articles/s41467-026-74764-9#MOESM5; AMRFinder
K_131,blaNDM-1,positive,https://www.nature.com/articles/s41467-026-74764-9#MOESM5; AMRFinder
K_131,ble,positive,https://www.nature.com/articles/s41467-026-74764-9#MOESM5; AMRFinder
K_132,mdtM,positive,https://www.nature.com/articles/s41467-026-74764-9#MOESM5; AMRFinder
K_132,blaEC,positive,https://www.nature.com/articles/s41467-026-74764-9#MOESM5; AMRFinder
K_132,tet(A),positive,https://www.nature.com/articles/s41467-026-74764-9#MOESM5; AMRFinder
K_132,blaCMY-145,positive,https://www.nature.com/articles/s41467-026-74764-9#MOESM5; AMRFinder
K_132,emrD,positive,https://www.nature.com/articles/s41467-026-74764-9#MOESM5; AMRFinder
K_132,acrF,positive,https://www.nature.com/articles/s41467-026-74764-9#MOESM5; AMRFinder
K_132,dfrA12,positive,https://www.nature.com/articles/s41467-026-74764-9#MOESM5; AMRFinder
K_132,aadA2,positive,https://www.nature.com/articles/s41467-026-74764-9#MOESM5; AMRFinder
K_132,sul1,positive,https://www.nature.com/articles/s41467-026-74764-9#MOESM5; AMRFinder
K_132,ble,positive,https://www.nature.com/articles/s41467-026-74764-9#MOESM5; AMRFinder
K_132,blaNDM-5,positive,https://www.nature.com/articles/s41467-026-74764-9#MOESM5; AMRFinder
K_132,mph(A),positive,https://www.nature.com/articles/s41467-026-74764-9#MOESM5; AMRFinder
K_134,blaCTX-M-65,positive,https://www.nature.com/articles/s41467-026-74764-9#MOESM5; AMRFinder
K_134,blaTEM,positive,https://www.nature.com/articles/s41467-026-74764-9#MOESM5; AMRFinder
K_134,blaEC,positive,https://www.nature.com/articles/s41467-026-74764-9#MOESM5; AMRFinder
K_134,emrD,positive,https://www.nature.com/articles/s41467-026-74764-9#MOESM5; AMRFinder
K_134,mdtM,positive,https://www.nature.com/articles/s41467-026-74764-9#MOESM5; AMRFinder
K_134,acrF,positive,https://www.nature.com/articles/s41467-026-74764-9#MOESM5; AMRFinder
K_134,aph(3')-Ia,positive,https://www.nature.com/articles/s41467-026-74764-9#MOESM5; AMRFinder
K_134,mph(A),positive,https://www.nature.com/articles/s41467-026-74764-9#MOESM5; AMRFinder
K_134,sul1,positive,https://www.nature.com/articles/s41467-026-74764-9#MOESM5; AMRFinder
K_134,aadA5,positive,https://www.nature.com/articles/s41467-026-74764-9#MOESM5; AMRFinder
K_134,dfrA17,positive,https://www.nature.com/articles/s41467-026-74764-9#MOESM5; AMRFinder
K_134,tet(A),positive,https://www.nature.com/articles/s41467-026-74764-9#MOESM5; AMRFinder
K_134,aph(6)-Id,positive,https://www.nature.com/articles/s41467-026-74764-9#MOESM5; AMRFinder
K_134,aph(3'')-Ib,positive,https://www.nature.com/articles/s41467-026-74764-9#MOESM5; AMRFinder
K_134,sul2,positive,https://www.nature.com/articles/s41467-026-74764-9#MOESM5; AMRFinder
K_134,mph(E),positive,https://www.nature.com/articles/s41467-026-74764-9#MOESM5; AMRFinder
K_134,msr(E),positive,https://www.nature.com/articles/s41467-026-74764-9#MOESM5; AMRFinder
K_134,blaNDM-5,positive,https://www.nature.com/articles/s41467-026-74764-9#MOESM5; AMRFinder
K_134,ble,positive,https://www.nature.com/articles/s41467-026-74764-9#MOESM5; AMRFinder
K_134,aac(3)-IId,positive,https://www.nature.com/articles/s41467-026-74764-9#MOESM5; AMRFinder
K_134,blaCTX-M-55,positive,https://www.nature.com/articles/s41467-026-74764-9#MOESM5; AMRFinder
K_136,qnrB1,positive,https://www.nature.com/articles/s41467-026-74764-9#MOESM5; AMRFinder
K_136,blaCTX-M-15,positive,https://www.nature.com/articles/s41467-026-74764-9#MOESM5; AMRFinder
K_136,aac(3)-IId,positive,https://www.nature.com/articles/s41467-026-74764-9#MOESM5; AMRFinder
K_136,mph(A),positive,https://www.nature.com/articles/s41467-026-74764-9#MOESM5; AMRFinder
K_136,tet(A),positive,https://www.nature.com/articles/s41467-026-74764-9#MOESM5; AMRFinder
K_136,dfrA5,positive,https://www.nature.com/articles/s41467-026-74764-9#MOESM5; AMRFinder
K_136,sul1,positive,https://www.nature.com/articles/s41467-026-74764-9#MOESM5; AMRFinder
K_136,aadA1,positive,https://www.nature.com/articles/s41467-026-74764-9#MOESM5; AMRFinder
K_136,blaOXA-9,positive,https://www.nature.com/articles/s41467-026-74764-9#MOESM5; AMRFinder
K_136,blaOXA-1,positive,https://www.nature.com/articles/s41467-026-74764-9#MOESM5; AMRFinder
K_136,aac(6')-Ib-cr5,positive,https://www.nature.com/articles/s41467-026-74764-9#MOESM5; AMRFinder
K_136,dfrA14,positive,https://www.nature.com/articles/s41467-026-74764-9#MOESM5; AMRFinder
K_136,blaTEM,positive,https://www.nature.com/articles/s41467-026-74764-9#MOESM5; AMRFinder
K_136,kdeA,positive,https://www.nature.com/articles/s41467-026-74764-9#MOESM5; AMRFinder
K_136,oqxA,positive,https://www.nature.com/articles/s41467-026-74764-9#MOESM5; AMRFinder
K_136,oqxB20,positive,https://www.nature.com/articles/s41467-026-74764-9#MOESM5; AMRFinder
K_136,fosA,positive,https://www.nature.com/articles/s41467-026-74764-9#MOESM5; AMRFinder
K_136,emrD,positive,https://www.nature.com/articles/s41467-026-74764-9#MOESM5; AMRFinder
K_136,blaOXA-181,positive,https://www.nature.com/articles/s41467-026-74764-9#MOESM5; AMRFinder
K_136,blaSHV-1,positive,https://www.nature.com/articles/s41467-026-74764-9#MOESM5; AMRFinder
K_136,erm(B),positive,https://www.nature.com/articles/s41467-026-74764-9#MOESM5; AMRFinder
K_139,aph(6)-Id,positive,https://www.nature.com/articles/s41467-026-74764-9#MOESM5; AMRFinder
K_139,aph(3'')-Ib,positive,https://www.nature.com/articles/s41467-026-74764-9#MOESM5; AMRFinder
K_139,sul2,positive,https://www.nature.com/articles/s41467-026-74764-9#MOESM5; AMRFinder
K_139,mph(A),positive,https://www.nature.com/articles/s41467-026-74764-9#MOESM5; AMRFinder
K_139,dfrA17,positive,https://www.nature.com/articles/s41467-026-74764-9#MOESM5; AMRFinder
K_139,aadA5,positive,https://www.nature.com/articles/s41467-026-74764-9#MOESM5; AMRFinder
K_139,sul1,positive,https://www.nature.com/articles/s41467-026-74764-9#MOESM5; AMRFinder
K_139,mdtM,positive,https://www.nature.com/articles/s41467-026-74764-9#MOESM5; AMRFinder
K_139,tet(B),positive,https://www.nature.com/articles/s41467-026-74764-9#MOESM5; AMRFinder
K_139,acrF,positive,https://www.nature.com/articles/s41467-026-74764-9#MOESM5; AMRFinder
K_139,blaTEM-1,positive,https://www.nature.com/articles/s41467-026-74764-9#MOESM5; AMRFinder
K_139,blaCMY-42,positive,https://www.nature.com/articles/s41467-026-74764-9#MOESM5; AMRFinder
K_139,emrD,positive,https://www.nature.com/articles/s41467-026-74764-9#MOESM5; AMRFinder
K_139,blaEC,positive,https://www.nature.com/articles/s41467-026-74764-9#MOESM5; AMRFinder
K_139,blaOXA-484,positive,https://www.nature.com/articles/s41467-026-74764-9#MOESM5; AMRFinder
K_139,qnrS1,positive,https://www.nature.com/articles/s41467-026-74764-9#MOESM5; AMRFinder
K_139,aac(3)-IId,positive,https://www.nature.com/articles/s41467-026-74764-9#MOESM5; AMRFinder
K_141,emrD,positive,https://www.nature.com/articles/s41467-026-74764-9#MOESM5; AMRFinder
K_141,acrF,positive,https://www.nature.com/articles/s41467-026-74764-9#MOESM5; AMRFinder
K_141,mdtM,positive,https://www.nature.com/articles/s41467-026-74764-9#MOESM5; AMRFinder
K_141,blaEC,positive,https://www.nature.com/articles/s41467-026-74764-9#MOESM5; AMRFinder
K_141,blaTEM-1,positive,https://www.nature.com/articles/s41467-026-74764-9#MOESM5; AMRFinder
K_141,blaCMY-42,positive,https://www.nature.com/articles/s41467-026-74764-9#MOESM5; AMRFinder
K_141,blaOXA-484,positive,https://www.nature.com/articles/s41467-026-74764-9#MOESM5; AMRFinder
K_141,qnrS1,positive,https://www.nature.com/articles/s41467-026-74764-9#MOESM5; AMRFinder
K_141,aac(3)-IId,positive,https://www.nature.com/articles/s41467-026-74764-9#MOESM5; AMRFinder
K_141,aph(6)-Id,positive,https://www.nature.com/articles/s41467-026-74764-9#MOESM5; AMRFinder
K_141,aph(3'')-Ib,positive,https://www.nature.com/articles/s41467-026-74764-9#MOESM5; AMRFinder
K_141,sul2,positive,https://www.nature.com/articles/s41467-026-74764-9#MOESM5; AMRFinder
K_141,mph(A),positive,https://www.nature.com/articles/s41467-026-74764-9#MOESM5; AMRFinder
K_141,dfrA17,positive,https://www.nature.com/articles/s41467-026-74764-9#MOESM5; AMRFinder
K_141,aadA5,positive,https://www.nature.com/articles/s41467-026-74764-9#MOESM5; AMRFinder
K_141,sul1,positive,https://www.nature.com/articles/s41467-026-74764-9#MOESM5; AMRFinder
K_141,tet(B),positive,https://www.nature.com/articles/s41467-026-74764-9#MOESM5; AMRFinder
K_142,blaOXA-181,positive,https://www.nature.com/articles/s41467-026-74764-9#MOESM5; AMRFinder
K_142,qnrS1,positive,https://www.nature.com/articles/s41467-026-74764-9#MOESM5; AMRFinder
K_142,tet(A),positive,https://www.nature.com/articles/s41467-026-74764-9#MOESM5; AMRFinder
K_142,mph(A),positive,https://www.nature.com/articles/s41467-026-74764-9#MOESM5; AMRFinder
K_142,blaTEM-1,positive,https://www.nature.com/articles/s41467-026-74764-9#MOESM5; AMRFinder
K_142,emrD,positive,https://www.nature.com/articles/s41467-026-74764-9#MOESM5; AMRFinder
K_142,blaEC,positive,https://www.nature.com/articles/s41467-026-74764-9#MOESM5; AMRFinder
K_142,mdtM,positive,https://www.nature.com/articles/s41467-026-74764-9#MOESM5; AMRFinder
K_142,blaCMY-145,positive,https://www.nature.com/articles/s41467-026-74764-9#MOESM5; AMRFinder
K_142,acrF,positive,https://www.nature.com/articles/s41467-026-74764-9#MOESM5; AMRFinder
K_143,blaNDM,positive,https://www.nature.com/articles/s41467-026-74764-9#MOESM5; AMRFinder
K_143,ble,positive,https://www.nature.com/articles/s41467-026-74764-9#MOESM5; AMRFinder
K_143,sul1,positive,https://www.nature.com/articles/s41467-026-74764-9#MOESM5; AMRFinder
K_143,blaOXA-232,positive,https://www.nature.com/articles/s41467-026-74764-9#MOESM5; AMRFinder
K_143,erm(B),positive,https://www.nature.com/articles/s41467-026-74764-9#MOESM5; AMRFinder
K_143,sul2,positive,https://www.nature.com/articles/s41467-026-74764-9#MOESM5; AMRFinder
K_143,aph(3'')-Ib,positive,https://www.nature.com/articles/s41467-026-74764-9#MOESM5; AMRFinder
K_143,dfrA14,positive,https://www.nature.com/articles/s41467-026-74764-9#MOESM5; AMRFinder
K_143,aph(6)-Id,positive,https://www.nature.com/articles/s41467-026-74764-9#MOESM5; AMRFinder
K_143,tet(A),positive,https://www.nature.com/articles/s41467-026-74764-9#MOESM5; AMRFinder
K_143,mph(A),positive,https://www.nature.com/articles/s41467-026-74764-9#MOESM5; AMRFinder
K_143,kdeA,positive,https://www.nature.com/articles/s41467-026-74764-9#MOESM5; AMRFinder
K_143,catB,positive,https://www.nature.com/articles/s41467-026-74764-9#MOESM5; AMRFinder
K_143,dfrA12,positive,https://www.nature.com/articles/s41467-026-74764-9#MOESM5; AMRFinder
K_143,aadA2,positive,https://www.nature.com/articles/s41467-026-74764-9#MOESM5; AMRFinder
K_143,aadA1,positive,https://www.nature.com/articles/s41467-026-74764-9#MOESM5; AMRFinder
K_143,blaOXA-9,positive,https://www.nature.com/articles/s41467-026-74764-9#MOESM5; AMRFinder
K_143,rmtB1,positive,https://www.nature.com/articles/s41467-026-74764-9#MOESM5; AMRFinder
K_143,rmtF1,positive,https://www.nature.com/articles/s41467-026-74764-9#MOESM5; AMRFinder
K_143,blaTEM,positive,https://www.nature.com/articles/s41467-026-74764-9#MOESM5; AMRFinder
K_143,arr-2,positive,https://www.nature.com/articles/s41467-026-74764-9#MOESM5; AMRFinder
K_143,aac(6')-Ib,positive,https://www.nature.com/articles/s41467-026-74764-9#MOESM5; AMRFinder
K_143,emrD,positive,https://www.nature.com/articles/s41467-026-74764-9#MOESM5; AMRFinder
K_143,fosA,positive,https://www.nature.com/articles/s41467-026-74764-9#MOESM5; AMRFinder
K_143,blaCTX-M-15,positive,https://www.nature.com/articles/s41467-026-74764-9#MOESM5; AMRFinder
K_143,blaSHV-11,positive,https://www.nature.com/articles/s41467-026-74764-9#MOESM5; AMRFinder
K_143,oqxB,positive,https://www.nature.com/articles/s41467-026-74764-9#MOESM5; AMRFinder
K_143,oqxA,positive,https://www.nature.com/articles/s41467-026-74764-9#MOESM5; AMRFinder
K_144,blaNDM-1,positive,https://www.nature.com/articles/s41467-026-74764-9#MOESM5; AMRFinder
K_144,ble,positive,https://www.nature.com/articles/s41467-026-74764-9#MOESM5; AMRFinder
K_144,blaDHA-1,positive,https://www.nature.com/articles/s41467-026-74764-9#MOESM5; AMRFinder
K_144,sul1,positive,https://www.nature.com/articles/s41467-026-74764-9#MOESM5; AMRFinder
K_144,kdeA,positive,https://www.nature.com/articles/s41467-026-74764-9#MOESM5; AMRFinder
K_144,blaSHV-11,positive,https://www.nature.com/articles/s41467-026-74764-9#MOESM5; AMRFinder
K_144,aph(3'')-Ib,positive,https://www.nature.com/articles/s41467-026-74764-9#MOESM5; AMRFinder
K_144,aph(6)-Id,positive,https://www.nature.com/articles/s41467-026-74764-9#MOESM5; AMRFinder
K_144,qnrB4,positive,https://www.nature.com/articles/s41467-026-74764-9#MOESM5; AMRFinder
K_144,oqxB25,positive,https://www.nature.com/articles/s41467-026-74764-9#MOESM5; AMRFinder
K_144,oqxA,positive,https://www.nature.com/articles/s41467-026-74764-9#MOESM5; AMRFinder
K_144,emrD,positive,https://www.nature.com/articles/s41467-026-74764-9#MOESM5; AMRFinder
K_144,fosA,positive,https://www.nature.com/articles/s41467-026-74764-9#MOESM5; AMRFinder
K_145,qnrB1,positive,https://www.nature.com/articles/s41467-026-74764-9#MOESM5; AMRFinder
K_145,dfrA14,positive,https://www.nature.com/articles/s41467-026-74764-9#MOESM5; AMRFinder
K_145,tet(A),positive,https://www.nature.com/articles/s41467-026-74764-9#MOESM5; AMRFinder
K_145,blaCTX-M-15,positive,https://www.nature.com/articles/s41467-026-74764-9#MOESM5; AMRFinder
K_145,sul2,positive,https://www.nature.com/articles/s41467-026-74764-9#MOESM5; AMRFinder
K_145,aph(3'')-Ib,positive,https://www.nature.com/articles/s41467-026-74764-9#MOESM5; AMRFinder
K_145,aph(6)-Id,positive,https://www.nature.com/articles/s41467-026-74764-9#MOESM5; AMRFinder
K_145,aac(3)-IIe,positive,https://www.nature.com/articles/s41467-026-74764-9#MOESM5; AMRFinder
K_145,emrD,positive,https://www.nature.com/articles/s41467-026-74764-9#MOESM5; AMRFinder
K_145,aac(6')-Ib,positive,https://www.nature.com/articles/s41467-026-74764-9#MOESM5; AMRFinder
K_145,aadA1,positive,https://www.nature.com/articles/s41467-026-74764-9#MOESM5; AMRFinder
K_145,blaOXA-9,positive,https://www.nature.com/articles/s41467-026-74764-9#MOESM5; AMRFinder
K_145,blaOXA-1,positive,https://www.nature.com/articles/s41467-026-74764-9#MOESM5; AMRFinder
K_145,catB3,positive,https://www.nature.com/articles/s41467-026-74764-9#MOESM5; AMRFinder
K_145,blaTEM,positive,https://www.nature.com/articles/s41467-026-74764-9#MOESM5; AMRFinder
K_145,kdeA,positive,https://www.nature.com/articles/s41467-026-74764-9#MOESM5; AMRFinder
K_145,oqxB19,positive,https://www.nature.com/articles/s41467-026-74764-9#MOESM5; AMRFinder
K_145,oqxA,positive,https://www.nature.com/articles/s41467-026-74764-9#MOESM5; AMRFinder
K_145,fosA,positive,https://www.nature.com/articles/s41467-026-74764-9#MOESM5; AMRFinder
K_145,fosA7,positive,https://www.nature.com/articles/s41467-026-74764-9#MOESM5; AMRFinder
K_145,qnrS1,positive,https://www.nature.com/articles/s41467-026-74764-9#MOESM5; AMRFinder
K_145,aph(3')-VI,positive,https://www.nature.com/articles/s41467-026-74764-9#MOESM5; AMRFinder
K_145,blaNDM-1,positive,https://www.nature.com/articles/s41467-026-74764-9#MOESM5; AMRFinder
K_145,ble,positive,https://www.nature.com/articles/s41467-026-74764-9#MOESM5; AMRFinder
K_145,blaSHV-11,positive,https://www.nature.com/articles/s41467-026-74764-9#MOESM5; AMRFinder
K_146,qnrS1,positive,https://www.nature.com/articles/s41467-026-74764-9#MOESM5; AMRFinder
K_146,aph(3')-VI,positive,https://www.nature.com/articles/s41467-026-74764-9#MOESM5; AMRFinder
K_146,blaNDM-1,positive,https://www.nature.com/articles/s41467-026-74764-9#MOESM5; AMRFinder
K_146,ble,positive,https://www.nature.com/articles/s41467-026-74764-9#MOESM5; AMRFinder
K_146,catB3,positive,https://www.nature.com/articles/s41467-026-74764-9#MOESM5; AMRFinder
K_146,blaOXA-1,positive,https://www.nature.com/articles/s41467-026-74764-9#MOESM5; AMRFinder
K_146,aac(6')-Ib-cr,positive,https://www.nature.com/articles/s41467-026-74764-9#MOESM5; AMRFinder
K_146,kdeA,positive,https://www.nature.com/articles/s41467-026-74764-9#MOESM5; AMRFinder
K_146,qnrB1,positive,https://www.nature.com/articles/s41467-026-74764-9#MOESM5; AMRFinder
K_146,tet(A),positive,https://www.nature.com/articles/s41467-026-74764-9#MOESM5; AMRFinder
K_146,blaCTX-M-15,positive,https://www.nature.com/articles/s41467-026-74764-9#MOESM5; AMRFinder
K_146,sul2,positive,https://www.nature.com/articles/s41467-026-74764-9#MOESM5; AMRFinder
K_146,aph(3'')-Ib,positive,https://www.nature.com/articles/s41467-026-74764-9#MOESM5; AMRFinder
K_146,aph(6)-Id,positive,https://www.nature.com/articles/s41467-026-74764-9#MOESM5; AMRFinder
K_146,blaTEM,positive,https://www.nature.com/articles/s41467-026-74764-9#MOESM5; AMRFinder
K_146,aac(3)-IIe,positive,https://www.nature.com/articles/s41467-026-74764-9#MOESM5; AMRFinder
K_146,dfrA14,positive,https://www.nature.com/articles/s41467-026-74764-9#MOESM5; AMRFinder
K_146,emrD,positive,https://www.nature.com/articles/s41467-026-74764-9#MOESM5; AMRFinder
K_146,blaOXA-9,positive,https://www.nature.com/articles/s41467-026-74764-9#MOESM5; AMRFinder
K_146,aadA1,positive,https://www.nature.com/articles/s41467-026-74764-9#MOESM5; AMRFinder
K_146,blaSHV-11,positive,https://www.nature.com/articles/s41467-026-74764-9#MOESM5; AMRFinder
K_146,oqxA,positive,https://www.nature.com/articles/s41467-026-74764-9#MOESM5; AMRFinder
K_146,oqxB19,positive,https://www.nature.com/articles/s41467-026-74764-9#MOESM5; AMRFinder
K_146,fosA7,positive,https://www.nature.com/articles/s41467-026-74764-9#MOESM5; AMRFinder
K_146,fosA,positive,https://www.nature.com/articles/s41467-026-74764-9#MOESM5; AMRFinder
K_147,sul2,positive,https://www.nature.com/articles/s41467-026-74764-9#MOESM5; AMRFinder
K_147,aph(3'')-Ib,positive,https://www.nature.com/articles/s41467-026-74764-9#MOESM5; AMRFinder
K_147,aph(6)-Id,positive,https://www.nature.com/articles/s41467-026-74764-9#MOESM5; AMRFinder
K_147,blaTEM-1,positive,https://www.nature.com/articles/s41467-026-74764-9#MOESM5; AMRFinder
K_147,blaCTX-M-15,positive,https://www.nature.com/articles/s41467-026-74764-9#MOESM5; AMRFinder
K_147,oqxB,positive,https://www.nature.com/articles/s41467-026-74764-9#MOESM5; AMRFinder
K_147,blaNDM-1,positive,https://www.nature.com/articles/s41467-026-74764-9#MOESM5; AMRFinder
K_147,ble,positive,https://www.nature.com/articles/s41467-026-74764-9#MOESM5; AMRFinder
K_147,dfrA14,positive,https://www.nature.com/articles/s41467-026-74764-9#MOESM5; AMRFinder
K_147,tet(A),positive,https://www.nature.com/articles/s41467-026-74764-9#MOESM5; AMRFinder
K_147,fosA,positive,https://www.nature.com/articles/s41467-026-74764-9#MOESM5; AMRFinder
K_147,blaACT-53,positive,https://www.nature.com/articles/s41467-026-74764-9#MOESM5; AMRFinder
K_147,blaSHV-12,positive,https://www.nature.com/articles/s41467-026-74764-9#MOESM5; AMRFinder
K_147,aac(3)-IIe,positive,https://www.nature.com/articles/s41467-026-74764-9#MOESM5; AMRFinder
K_147,catB3,positive,https://www.nature.com/articles/s41467-026-74764-9#MOESM5; AMRFinder
K_147,blaOXA-1,positive,https://www.nature.com/articles/s41467-026-74764-9#MOESM5; AMRFinder
K_147,aac(6')-Ib-cr5,positive,https://www.nature.com/articles/s41467-026-74764-9#MOESM5; AMRFinder
K_147,qnrB1,positive,https://www.nature.com/articles/s41467-026-74764-9#MOESM5; AMRFinder
K_147,aph(3')-VI,positive,https://www.nature.com/articles/s41467-026-74764-9#MOESM5; AMRFinder
K_147,aadA1,positive,https://www.nature.com/articles/s41467-026-74764-9#MOESM5; AMRFinder
K_147,catA1,positive,https://www.nature.com/articles/s41467-026-74764-9#MOESM5; AMRFinder
K_147,catA,positive,https://www.nature.com/articles/s41467-026-74764-9#MOESM5; AMRFinder
K14,blaSHV,positive,https://www.nature.com/articles/s41467-026-74764-9#MOESM5; AMRFinder
K14,kdeA,positive,https://www.nature.com/articles/s41467-026-74764-9#MOESM5; AMRFinder
K14,emrD,positive,https://www.nature.com/articles/s41467-026-74764-9#MOESM5; AMRFinder
K14,fosA,positive,https://www.nature.com/articles/s41467-026-74764-9#MOESM5; AMRFinder
K14,catA1,positive,https://www.nature.com/articles/s41467-026-74764-9#MOESM5; AMRFinder
K14,blaOXA-181,positive,https://www.nature.com/articles/s41467-026-74764-9#MOESM5; AMRFinder
K14,qnrS1,positive,https://www.nature.com/articles/s41467-026-74764-9#MOESM5; AMRFinder
K14,blaNDM-5,positive,https://www.nature.com/articles/s41467-026-74764-9#MOESM5; AMRFinder
K14,ble,positive,https://www.nature.com/articles/s41467-026-74764-9#MOESM5; AMRFinder
K14,arr,positive,https://www.nature.com/articles/s41467-026-74764-9#MOESM5; AMRFinder
K14,arr-2,positive,https://www.nature.com/articles/s41467-026-74764-9#MOESM5; AMRFinder
K14,ere(A),positive,https://www.nature.com/articles/s41467-026-74764-9#MOESM5; AMRFinder
K14,aadA1,positive,https://www.nature.com/articles/s41467-026-74764-9#MOESM5; AMRFinder
K14,cmlA5,positive,https://www.nature.com/articles/s41467-026-74764-9#MOESM5; AMRFinder
K14,erm(B),positive,https://www.nature.com/articles/s41467-026-74764-9#MOESM5; AMRFinder
K14,rmtB1,positive,https://www.nature.com/articles/s41467-026-74764-9#MOESM5; AMRFinder
K14,blaTEM-1,positive,https://www.nature.com/articles/s41467-026-74764-9#MOESM5; AMRFinder
K14,blaCTX-M-15,positive,https://www.nature.com/articles/s41467-026-74764-9#MOESM5; AMRFinder
K14,mph(A),positive,https://www.nature.com/articles/s41467-026-74764-9#MOESM5; AMRFinder
K14,aac(3)-IId,positive,https://www.nature.com/articles/s41467-026-74764-9#MOESM5; AMRFinder
K14,aadA2,positive,https://www.nature.com/articles/s41467-026-74764-9#MOESM5; AMRFinder
K14,dfrA12,positive,https://www.nature.com/articles/s41467-026-74764-9#MOESM5; AMRFinder
K14,sul1,positive,https://www.nature.com/articles/s41467-026-74764-9#MOESM5; AMRFinder
K14,oqxA,positive,https://www.nature.com/articles/s41467-026-74764-9#MOESM5; AMRFinder
K14,oqxB32,positive,https://www.nature.com/articles/s41467-026-74764-9#MOESM5; AMRFinder
K15,fosA,positive,https://www.nature.com/articles/s41467-026-74764-9#MOESM5; AMRFinder
K15,blaACT-45,positive,https://www.nature.com/articles/s41467-026-74764-9#MOESM5; AMRFinder
K15,blaCTX-M-15,positive,https://www.nature.com/articles/s41467-026-74764-9#MOESM5; AMRFinder
K15,qnrS1,positive,https://www.nature.com/articles/s41467-026-74764-9#MOESM5; AMRFinder
K15,aadA1,positive,https://www.nature.com/articles/s41467-026-74764-9#MOESM5; AMRFinder
K15,aac(6')-Ib,positive,https://www.nature.com/articles/s41467-026-74764-9#MOESM5; AMRFinder
K15,blaNDM-1,positive,https://www.nature.com/articles/s41467-026-74764-9#MOESM5; AMRFinder
K15,ble,positive,https://www.nature.com/articles/s41467-026-74764-9#MOESM5; AMRFinder
K15,sul1,positive,https://www.nature.com/articles/s41467-026-74764-9#MOESM5; AMRFinder
K15,aadA2,positive,https://www.nature.com/articles/s41467-026-74764-9#MOESM5; AMRFinder
K15,dfrA12,positive,https://www.nature.com/articles/s41467-026-74764-9#MOESM5; AMRFinder
K15,catA,positive,https://www.nature.com/articles/s41467-026-74764-9#MOESM5; AMRFinder
K15,oqxB,positive,https://www.nature.com/articles/s41467-026-74764-9#MOESM5; AMRFinder
K16,acrF,positive,https://www.nature.com/articles/s41467-026-74764-9#MOESM5; AMRFinder
K16,emrD,positive,https://www.nature.com/articles/s41467-026-74764-9#MOESM5; AMRFinder
K16,mdtM,positive,https://www.nature.com/articles/s41467-026-74764-9#MOESM5; AMRFinder
K16,blaNDM-5,positive,https://www.nature.com/articles/s41467-026-74764-9#MOESM5; AMRFinder
K16,ble,positive,https://www.nature.com/articles/s41467-026-74764-9#MOESM5; AMRFinder
K16,sul1,positive,https://www.nature.com/articles/s41467-026-74764-9#MOESM5; AMRFinder
K16,aadA5,positive,https://www.nature.com/articles/s41467-026-74764-9#MOESM5; AMRFinder
K16,dfrA17,positive,https://www.nature.com/articles/s41467-026-74764-9#MOESM5; AMRFinder
K16,blaCTX-M-15,positive,https://www.nature.com/articles/s41467-026-74764-9#MOESM5; AMRFinder
K16,aac(6')-Ib-cr5,positive,https://www.nature.com/articles/s41467-026-74764-9#MOESM5; AMRFinder
K16,blaOXA-1,positive,https://www.nature.com/articles/s41467-026-74764-9#MOESM5; AMRFinder
K16,catB3,positive,https://www.nature.com/articles/s41467-026-74764-9#MOESM5; AMRFinder
K16,blaEC,positive,https://www.nature.com/articles/s41467-026-74764-9#MOESM5; AMRFinder
K17,emrD,positive,https://www.nature.com/articles/s41467-026-74764-9#MOESM5; AMRFinder
K17,mdtM,positive,https://www.nature.com/articles/s41467-026-74764-9#MOESM5; AMRFinder
K17,blaEC,positive,https://www.nature.com/articles/s41467-026-74764-9#MOESM5; AMRFinder
K17,blaCMY-42,positive,https://www.nature.com/articles/s41467-026-74764-9#MOESM5; AMRFinder
K17,acrF,positive,https://www.nature.com/articles/s41467-026-74764-9#MOESM5; AMRFinder
K17,dfrA12,positive,https://www.nature.com/articles/s41467-026-74764-9#MOESM5; AMRFinder
K17,aadA2,positive,https://www.nature.com/articles/s41467-026-74764-9#MOESM5; AMRFinder
K17,sul1,positive,https://www.nature.com/articles/s41467-026-74764-9#MOESM5; AMRFinder
K17,ble,positive,https://www.nature.com/articles/s41467-026-74764-9#MOESM5; AMRFinder
K17,blaNDM-5,positive,https://www.nature.com/articles/s41467-026-74764-9#MOESM5; AMRFinder
K17,mph(A),positive,https://www.nature.com/articles/s41467-026-74764-9#MOESM5; AMRFinder
K17,blaTEM,positive,https://www.nature.com/articles/s41467-026-74764-9#MOESM5; AMRFinder
K18,emrD,positive,https://www.nature.com/articles/s41467-026-74764-9#MOESM5; AMRFinder
K18,mdtM,positive,https://www.nature.com/articles/s41467-026-74764-9#MOESM5; AMRFinder
K18,acrF,positive,https://www.nature.com/articles/s41467-026-74764-9#MOESM5; AMRFinder
K18,blaEC,positive,https://www.nature.com/articles/s41467-026-74764-9#MOESM5; AMRFinder
K18,blaCMY-42,positive,https://www.nature.com/articles/s41467-026-74764-9#MOESM5; AMRFinder
K18,blaNDM-5,positive,https://www.nature.com/articles/s41467-026-74764-9#MOESM5; AMRFinder
K18,ble,positive,https://www.nature.com/articles/s41467-026-74764-9#MOESM5; AMRFinder
K18,sul1,positive,https://www.nature.com/articles/s41467-026-74764-9#MOESM5; AMRFinder
K18,aadA2,positive,https://www.nature.com/articles/s41467-026-74764-9#MOESM5; AMRFinder
K18,dfrA12,positive,https://www.nature.com/articles/s41467-026-74764-9#MOESM5; AMRFinder
K18,blaTEM,positive,https://www.nature.com/articles/s41467-026-74764-9#MOESM5; AMRFinder
K18,mph(A),positive,https://www.nature.com/articles/s41467-026-74764-9#MOESM5; AMRFinder
K_25,blaCTX-M-15,positive,https://www.nature.com/articles/s41467-026-74764-9#MOESM5; AMRFinder
K_25,blaTEM-1,positive,https://www.nature.com/articles/s41467-026-74764-9#MOESM5; AMRFinder
K_25,aph(6)-Id,positive,https://www.nature.com/articles/s41467-026-74764-9#MOESM5; AMRFinder
K_25,aph(3'')-Ib,positive,https://www.nature.com/articles/s41467-026-74764-9#MOESM5; AMRFinder
K_25,sul2,positive,https://www.nature.com/articles/s41467-026-74764-9#MOESM5; AMRFinder
K_25,blaNDM-1,positive,https://www.nature.com/articles/s41467-026-74764-9#MOESM5; AMRFinder
K_25,ble,positive,https://www.nature.com/articles/s41467-026-74764-9#MOESM5; AMRFinder
K_25,dfrA14,positive,https://www.nature.com/articles/s41467-026-74764-9#MOESM5; AMRFinder
K_25,qnrB1,positive,https://www.nature.com/articles/s41467-026-74764-9#MOESM5; AMRFinder
K_25,tet(A),positive,https://www.nature.com/articles/s41467-026-74764-9#MOESM5; AMRFinder
K_25,catB3,positive,https://www.nature.com/articles/s41467-026-74764-9#MOESM5; AMRFinder
K_25,blaOXA-1,positive,https://www.nature.com/articles/s41467-026-74764-9#MOESM5; AMRFinder
K_25,aac(6')-Ib-cr5,positive,https://www.nature.com/articles/s41467-026-74764-9#MOESM5; AMRFinder
K_25,blaSHV,positive,https://www.nature.com/articles/s41467-026-74764-9#MOESM5; AMRFinder
K_25,aac(3)-IIe,positive,https://www.nature.com/articles/s41467-026-74764-9#MOESM5; AMRFinder
K_25,blaCMH,positive,https://www.nature.com/articles/s41467-026-74764-9#MOESM5; AMRFinder
K_25,fosA,positive,https://www.nature.com/articles/s41467-026-74764-9#MOESM5; AMRFinder
K_25,oqxB,positive,https://www.nature.com/articles/s41467-026-74764-9#MOESM5; AMRFinder
K_26,tet(B),positive,https://www.nature.com/articles/s41467-026-74764-9#MOESM5; AMRFinder
K_26,blaCTX-M-15,positive,https://www.nature.com/articles/s41467-026-74764-9#MOESM5; AMRFinder
K_26,emrD,positive,https://www.nature.com/articles/s41467-026-74764-9#MOESM5; AMRFinder
K_26,catB3,positive,https://www.nature.com/articles/s41467-026-74764-9#MOESM5; AMRFinder
K_26,blaOXA-1,positive,https://www.nature.com/articles/s41467-026-74764-9#MOESM5; AMRFinder
K_26,aac(6')-Ib-cr,positive,https://www.nature.com/articles/s41467-026-74764-9#MOESM5; AMRFinder
K_26,blaNDM,positive,https://www.nature.com/articles/s41467-026-74764-9#MOESM5; AMRFinder
K_26,blaEC,positive,https://www.nature.com/articles/s41467-026-74764-9#MOESM5; AMRFinder
K_26,acrF,positive,https://www.nature.com/articles/s41467-026-74764-9#MOESM5; AMRFinder
K_26,dfrA17,positive,https://www.nature.com/articles/s41467-026-74764-9#MOESM5; AMRFinder
K_26,aadA5,positive,https://www.nature.com/articles/s41467-026-74764-9#MOESM5; AMRFinder
K_26,sul1,positive,https://www.nature.com/articles/s41467-026-74764-9#MOESM5; AMRFinder
K_26,ble,positive,https://www.nature.com/articles/s41467-026-74764-9#MOESM5; AMRFinder
K_27,aac(3)-IId,positive,https://www.nature.com/articles/s41467-026-74764-9#MOESM5; AMRFinder
K_27,blaCTX-M-15,positive,https://www.nature.com/articles/s41467-026-74764-9#MOESM5; AMRFinder
K_27,ble,positive,https://www.nature.com/articles/s41467-026-74764-9#MOESM5; AMRFinder
K_27,blaNDM-1,positive,https://www.nature.com/articles/s41467-026-74764-9#MOESM5; AMRFinder
K_27,catB,positive,https://www.nature.com/articles/s41467-026-74764-9#MOESM5; AMRFinder
K_27,aac(6')-Ib,positive,https://www.nature.com/articles/s41467-026-74764-9#MOESM5; AMRFinder
K_27,blaTEM-1,positive,https://www.nature.com/articles/s41467-026-74764-9#MOESM5; AMRFinder
K_27,blaSHV-11,positive,https://www.nature.com/articles/s41467-026-74764-9#MOESM5; AMRFinder
K_27,catA1,positive,https://www.nature.com/articles/s41467-026-74764-9#MOESM5; AMRFinder
K_27,qnrB1,positive,https://www.nature.com/articles/s41467-026-74764-9#MOESM5; AMRFinder
K_27,sul1,positive,https://www.nature.com/articles/s41467-026-74764-9#MOESM5; AMRFinder
K_27,aph(3')-Ia,positive,https://www.nature.com/articles/s41467-026-74764-9#MOESM5; AMRFinder
K_27,aadA1,positive,https://www.nature.com/articles/s41467-026-74764-9#MOESM5; AMRFinder
K_27,dfrA30,positive,https://www.nature.com/articles/s41467-026-74764-9#MOESM5; AMRFinder
K_27,arr-2,positive,https://www.nature.com/articles/s41467-026-74764-9#MOESM5; AMRFinder
K_27,dfrA,positive,https://www.nature.com/articles/s41467-026-74764-9#MOESM5; AMRFinder
K_27,oqxB,positive,https://www.nature.com/articles/s41467-026-74764-9#MOESM5; AMRFinder
K_27,oqxA,positive,https://www.nature.com/articles/s41467-026-74764-9#MOESM5; AMRFinder
K_27,kdeA,positive,https://www.nature.com/articles/s41467-026-74764-9#MOESM5; AMRFinder
K_27,fosA,positive,https://www.nature.com/articles/s41467-026-74764-9#MOESM5; AMRFinder
K_27,emrD,positive,https://www.nature.com/articles/s41467-026-74764-9#MOESM5; AMRFinder
K_28,blaNDM-5,positive,https://www.nature.com/articles/s41467-026-74764-9#MOESM5; AMRFinder
K_28,ble,positive,https://www.nature.com/articles/s41467-026-74764-9#MOESM5; AMRFinder
K_28,blaCTX-M-15,positive,https://www.nature.com/articles/s41467-026-74764-9#MOESM5; AMRFinder
K_28,aac(3)-IId,positive,https://www.nature.com/articles/s41467-026-74764-9#MOESM5; AMRFinder
K_28,erm(B),positive,https://www.nature.com/articles/s41467-026-74764-9#MOESM5; AMRFinder
K_28,blaTEM-1,positive,https://www.nature.com/articles/s41467-026-74764-9#MOESM5; AMRFinder
K_28,rmtB1,positive,https://www.nature.com/articles/s41467-026-74764-9#MOESM5; AMRFinder
K_28,mph(A),positive,https://www.nature.com/articles/s41467-026-74764-9#MOESM5; AMRFinder
K_28,aadA1,positive,https://www.nature.com/articles/s41467-026-74764-9#MOESM5; AMRFinder
K_28,cmlA5,positive,https://www.nature.com/articles/s41467-026-74764-9#MOESM5; AMRFinder
K_28,aadA2,positive,https://www.nature.com/articles/s41467-026-74764-9#MOESM5; AMRFinder
K_28,dfrA12,positive,https://www.nature.com/articles/s41467-026-74764-9#MOESM5; AMRFinder
K_28,ere(A),positive,https://www.nature.com/articles/s41467-026-74764-9#MOESM5; AMRFinder
K_28,arr-2,positive,https://www.nature.com/articles/s41467-026-74764-9#MOESM5; AMRFinder
K_28,emrD,positive,https://www.nature.com/articles/s41467-026-74764-9#MOESM5; AMRFinder
K_28,blaSHV,positive,https://www.nature.com/articles/s41467-026-74764-9#MOESM5; AMRFinder
K_28,sul1,positive,https://www.nature.com/articles/s41467-026-74764-9#MOESM5; AMRFinder
K_28,fosA,positive,https://www.nature.com/articles/s41467-026-74764-9#MOESM5; AMRFinder
K_28,oqxB32,positive,https://www.nature.com/articles/s41467-026-74764-9#MOESM5; AMRFinder
K_28,oqxA,positive,https://www.nature.com/articles/s41467-026-74764-9#MOESM5; AMRFinder
K_28,kdeA,positive,https://www.nature.com/articles/s41467-026-74764-9#MOESM5; AMRFinder
K_28,blaOXA-181,positive,https://www.nature.com/articles/s41467-026-74764-9#MOESM5; AMRFinder
K_28,qnrS1,positive,https://www.nature.com/articles/s41467-026-74764-9#MOESM5; AMRFinder
K_28,catA1,positive,https://www.nature.com/articles/s41467-026-74764-9#MOESM5; AMRFinder
K_29,mph(A),positive,https://www.nature.com/articles/s41467-026-74764-9#MOESM5; AMRFinder
K_29,erm(B),positive,https://www.nature.com/articles/s41467-026-74764-9#MOESM5; AMRFinder
K_29,emrD,positive,https://www.nature.com/articles/s41467-026-74764-9#MOESM5; AMRFinder
K_29,blaEC,positive,https://www.nature.com/articles/s41467-026-74764-9#MOESM5; AMRFinder
K_29,mdtM,positive,https://www.nature.com/articles/s41467-026-74764-9#MOESM5; AMRFinder
K_29,blaCMY-42,positive,https://www.nature.com/articles/s41467-026-74764-9#MOESM5; AMRFinder
K_29,blaNDM-5,positive,https://www.nature.com/articles/s41467-026-74764-9#MOESM5; AMRFinder
K_29,ble,positive,https://www.nature.com/articles/s41467-026-74764-9#MOESM5; AMRFinder
K_29,sul1,positive,https://www.nature.com/articles/s41467-026-74764-9#MOESM5; AMRFinder
K_29,aadA2,positive,https://www.nature.com/articles/s41467-026-74764-9#MOESM5; AMRFinder
K_29,dfrA12,positive,https://www.nature.com/articles/s41467-026-74764-9#MOESM5; AMRFinder
K_29,acrF,positive,https://www.nature.com/articles/s41467-026-74764-9#MOESM5; AMRFinder
K2,emrD,positive,https://www.nature.com/articles/s41467-026-74764-9#MOESM5; AMRFinder
K2,mdtM,positive,https://www.nature.com/articles/s41467-026-74764-9#MOESM5; AMRFinder
K2,blaEC,positive,https://www.nature.com/articles/s41467-026-74764-9#MOESM5; AMRFinder
K2,blaCMY-42,positive,https://www.nature.com/articles/s41467-026-74764-9#MOESM5; AMRFinder
K2,blaNDM-5,positive,https://www.nature.com/articles/s41467-026-74764-9#MOESM5; AMRFinder
K2,ble,positive,https://www.nature.com/articles/s41467-026-74764-9#MOESM5; AMRFinder
K2,sul1,positive,https://www.nature.com/articles/s41467-026-74764-9#MOESM5; AMRFinder
K2,aadA2,positive,https://www.nature.com/articles/s41467-026-74764-9#MOESM5; AMRFinder
K2,dfrA12,positive,https://www.nature.com/articles/s41467-026-74764-9#MOESM5; AMRFinder
K2,acrF,positive,https://www.nature.com/articles/s41467-026-74764-9#MOESM5; AMRFinder
K2,mph(A),positive,https://www.nature.com/articles/s41467-026-74764-9#MOESM5; AMRFinder
K2,blaTEM-1,positive,https://www.nature.com/articles/s41467-026-74764-9#MOESM5; AMRFinder
K2,rmtB1,positive,https://www.nature.com/articles/s41467-026-74764-9#MOESM5; AMRFinder
K2,tet(32),positive,https://www.nature.com/articles/s41467-026-74764-9#MOESM5; AMRFinder
K2,erm(B),positive,https://www.nature.com/articles/s41467-026-74764-9#MOESM5; AMRFinder
K_30,emrD,positive,https://www.nature.com/articles/s41467-026-74764-9#MOESM5; AMRFinder
K_30,kdeA,positive,https://www.nature.com/articles/s41467-026-74764-9#MOESM5; AMRFinder
K_30,blaSHV-28,positive,https://www.nature.com/articles/s41467-026-74764-9#MOESM5; AMRFinder
K_30,fosA,positive,https://www.nature.com/articles/s41467-026-74764-9#MOESM5; AMRFinder
K_30,oqxB19,positive,https://www.nature.com/articles/s41467-026-74764-9#MOESM5; AMRFinder
K_30,oqxA,positive,https://www.nature.com/articles/s41467-026-74764-9#MOESM5; AMRFinder
K_30,aadA2,positive,https://www.nature.com/articles/s41467-026-74764-9#MOESM5; AMRFinder
K_30,cmlA1,positive,https://www.nature.com/articles/s41467-026-74764-9#MOESM5; AMRFinder
K_30,aadA1,positive,https://www.nature.com/articles/s41467-026-74764-9#MOESM5; AMRFinder
K_30,sul3,positive,https://www.nature.com/articles/s41467-026-74764-9#MOESM5; AMRFinder
K_30,blaOXA-181,positive,https://www.nature.com/articles/s41467-026-74764-9#MOESM5; AMRFinder
K_30,qnrS1,positive,https://www.nature.com/articles/s41467-026-74764-9#MOESM5; AMRFinder
K_30,blaTEM-1,positive,https://www.nature.com/articles/s41467-026-74764-9#MOESM5; AMRFinder
K_30,aph(6)-Id,positive,https://www.nature.com/articles/s41467-026-74764-9#MOESM5; AMRFinder
K_30,aph(3'')-Ib,positive,https://www.nature.com/articles/s41467-026-74764-9#MOESM5; AMRFinder
K_30,sul2,positive,https://www.nature.com/articles/s41467-026-74764-9#MOESM5; AMRFinder
K_30,blaCTX-M-15,positive,https://www.nature.com/articles/s41467-026-74764-9#MOESM5; AMRFinder
K_30,mef(B),positive,https://www.nature.com/articles/s41467-026-74764-9#MOESM5; AMRFinder
K_30,aac(3)-IIe,positive,https://www.nature.com/articles/s41467-026-74764-9#MOESM5; AMRFinder
K_30,qnrB1,positive,https://www.nature.com/articles/s41467-026-74764-9#MOESM5; AMRFinder
K_30,aph(3')-Ia,positive,https://www.nature.com/articles/s41467-026-74764-9#MOESM5; AMRFinder
K_30,dfrA14,positive,https://www.nature.com/articles/s41467-026-74764-9#MOESM5; AMRFinder
K_31,tet(B),positive,https://www.nature.com/articles/s41467-026-74764-9#MOESM5; AMRFinder
K_31,qnrS1,positive,https://www.nature.com/articles/s41467-026-74764-9#MOESM5; AMRFinder
K_31,blaOXA-484,positive,https://www.nature.com/articles/s41467-026-74764-9#MOESM5; AMRFinder
K_31,acrF,positive,https://www.nature.com/articles/s41467-026-74764-9#MOESM5; AMRFinder
K_31,rmtB1,positive,https://www.nature.com/articles/s41467-026-74764-9#MOESM5; AMRFinder
K_31,blaTEM-1,positive,https://www.nature.com/articles/s41467-026-74764-9#MOESM5; AMRFinder
K_31,blaNDM-5,positive,https://www.nature.com/articles/s41467-026-74764-9#MOESM5; AMRFinder
K_31,ble,positive,https://www.nature.com/articles/s41467-026-74764-9#MOESM5; AMRFinder
K_31,blaCMY-42,positive,https://www.nature.com/articles/s41467-026-74764-9#MOESM5; AMRFinder
K_31,aadA2,positive,https://www.nature.com/articles/s41467-026-74764-9#MOESM5; AMRFinder
K_31,dfrA12,positive,https://www.nature.com/articles/s41467-026-74764-9#MOESM5; AMRFinder
K_31,erm(B),positive,https://www.nature.com/articles/s41467-026-74764-9#MOESM5; AMRFinder
K_31,catA2,positive,https://www.nature.com/articles/s41467-026-74764-9#MOESM5; AMRFinder
K_31,sul1,positive,https://www.nature.com/articles/s41467-026-74764-9#MOESM5; AMRFinder
K_31,mph(A),positive,https://www.nature.com/articles/s41467-026-74764-9#MOESM5; AMRFinder
K_31,emrD,positive,https://www.nature.com/articles/s41467-026-74764-9#MOESM5; AMRFinder
K_31,blaEC,positive,https://www.nature.com/articles/s41467-026-74764-9#MOESM5; AMRFinder
K_31,mdtM,positive,https://www.nature.com/articles/s41467-026-74764-9#MOESM5; AMRFinder
K_32,blaCMY-42,positive,https://www.nature.com/articles/s41467-026-74764-9#MOESM5; AMRFinder
K_32,acrF,positive,https://www.nature.com/articles/s41467-026-74764-9#MOESM5; AMRFinder
K_32,emrD,positive,https://www.nature.com/articles/s41467-026-74764-9#MOESM5; AMRFinder
K_32,blaEC,positive,https://www.nature.com/articles/s41467-026-74764-9#MOESM5; AMRFinder
K_32,dfrA1,positive,https://www.nature.com/articles/s41467-026-74764-9#MOESM5; AMRFinder
K_32,sat2,positive,https://www.nature.com/articles/s41467-026-74764-9#MOESM5; AMRFinder
K_32,aadA1,positive,https://www.nature.com/articles/s41467-026-74764-9#MOESM5; AMRFinder
K_32,mdtM,positive,https://www.nature.com/articles/s41467-026-74764-9#MOESM5; AMRFinder
K_32,dfrA12,positive,https://www.nature.com/articles/s41467-026-74764-9#MOESM5; AMRFinder
K_32,aadA2,positive,https://www.nature.com/articles/s41467-026-74764-9#MOESM5; AMRFinder
K_32,sul1,positive,https://www.nature.com/articles/s41467-026-74764-9#MOESM5; AMRFinder
K_32,ble,positive,https://www.nature.com/articles/s41467-026-74764-9#MOESM5; AMRFinder
K_32,blaNDM-5,positive,https://www.nature.com/articles/s41467-026-74764-9#MOESM5; AMRFinder
K_32,tet(B),positive,https://www.nature.com/articles/s41467-026-74764-9#MOESM5; AMRFinder
K_33,acrF,positive,https://www.nature.com/articles/s41467-026-74764-9#MOESM5; AMRFinder
K_33,blaEC,positive,https://www.nature.com/articles/s41467-026-74764-9#MOESM5; AMRFinder
K_33,blaCMY-42,positive,https://www.nature.com/articles/s41467-026-74764-9#MOESM5; AMRFinder
K_33,mdtM,positive,https://www.nature.com/articles/s41467-026-74764-9#MOESM5; AMRFinder
K_33,emrD,positive,https://www.nature.com/articles/s41467-026-74764-9#MOESM5; AMRFinder
K_33,qnrS1,positive,https://www.nature.com/articles/s41467-026-74764-9#MOESM5; AMRFinder
K_33,blaOXA-484,positive,https://www.nature.com/articles/s41467-026-74764-9#MOESM5; AMRFinder
K_33,aac(3)-IId,positive,https://www.nature.com/articles/s41467-026-74764-9#MOESM5; AMRFinder
K_33,aph(6)-Id,positive,https://www.nature.com/articles/s41467-026-74764-9#MOESM5; AMRFinder
K_33,aph(3'')-Ib,positive,https://www.nature.com/articles/s41467-026-74764-9#MOESM5; AMRFinder
K_33,sul2,positive,https://www.nature.com/articles/s41467-026-74764-9#MOESM5; AMRFinder
K_33,mph(A),positive,https://www.nature.com/articles/s41467-026-74764-9#MOESM5; AMRFinder
K_33,sul1,positive,https://www.nature.com/articles/s41467-026-74764-9#MOESM5; AMRFinder
K_33,aadA5,positive,https://www.nature.com/articles/s41467-026-74764-9#MOESM5; AMRFinder
K_33,dfrA17,positive,https://www.nature.com/articles/s41467-026-74764-9#MOESM5; AMRFinder
K_33,tet(B),positive,https://www.nature.com/articles/s41467-026-74764-9#MOESM5; AMRFinder
K_33,blaTEM-1,positive,https://www.nature.com/articles/s41467-026-74764-9#MOESM5; AMRFinder
K_34,blaTEM-1,positive,https://www.nature.com/articles/s41467-026-74764-9#MOESM5; AMRFinder
K_34,blaOXA-9,positive,https://www.nature.com/articles/s41467-026-74764-9#MOESM5; AMRFinder
K_34,aadA1,positive,https://www.nature.com/articles/s41467-026-74764-9#MOESM5; AMRFinder
K_34,aac(6')-Ib,positive,https://www.nature.com/articles/s41467-026-74764-9#MOESM5; AMRFinder
K_34,blaCTX-M-15,positive,https://www.nature.com/articles/s41467-026-74764-9#MOESM5; AMRFinder
K_34,qnrS1,positive,https://www.nature.com/articles/s41467-026-74764-9#MOESM5; AMRFinder
K_34,aph(3')-VI,positive,https://www.nature.com/articles/s41467-026-74764-9#MOESM5; AMRFinder
K_34,blaNDM-1,positive,https://www.nature.com/articles/s41467-026-74764-9#MOESM5; AMRFinder
K_34,ble,positive,https://www.nature.com/articles/s41467-026-74764-9#MOESM5; AMRFinder
K_34,fosA,positive,https://www.nature.com/articles/s41467-026-74764-9#MOESM5; AMRFinder
K_34,blaMIR-25,positive,https://www.nature.com/articles/s41467-026-74764-9#MOESM5; AMRFinder
K_34,oqxB,positive,https://www.nature.com/articles/s41467-026-74764-9#MOESM5; AMRFinder
K_34,catA,positive,https://www.nature.com/articles/s41467-026-74764-9#MOESM5; AMRFinder
K_35,tet(B),positive,https://www.nature.com/articles/s41467-026-74764-9#MOESM5; AMRFinder
K_35,blaCTX-M-15,positive,https://www.nature.com/articles/s41467-026-74764-9#MOESM5; AMRFinder
K_35,erm(B),positive,https://www.nature.com/articles/s41467-026-74764-9#MOESM5; AMRFinder
K_35,mph(A),positive,https://www.nature.com/articles/s41467-026-74764-9#MOESM5; AMRFinder
K_35,emrD,positive,https://www.nature.com/articles/s41467-026-74764-9#MOESM5; AMRFinder
K_35,aac(6')-Ib-cr5,positive,https://www.nature.com/articles/s41467-026-74764-9#MOESM5; AMRFinder
K_35,blaOXA-1,positive,https://www.nature.com/articles/s41467-026-74764-9#MOESM5; AMRFinder
K_35,catB3,positive,https://www.nature.com/articles/s41467-026-74764-9#MOESM5; AMRFinder
K_35,blaEC,positive,https://www.nature.com/articles/s41467-026-74764-9#MOESM5; AMRFinder
K_35,acrF,positive,https://www.nature.com/articles/s41467-026-74764-9#MOESM5; AMRFinder
K_35,blaNDM-5,positive,https://www.nature.com/articles/s41467-026-74764-9#MOESM5; AMRFinder
K_35,ble,positive,https://www.nature.com/articles/s41467-026-74764-9#MOESM5; AMRFinder
K_35,sul1,positive,https://www.nature.com/articles/s41467-026-74764-9#MOESM5; AMRFinder
K_35,aadA5,positive,https://www.nature.com/articles/s41467-026-74764-9#MOESM5; AMRFinder
K_35,dfrA17,positive,https://www.nature.com/articles/s41467-026-74764-9#MOESM5; AMRFinder
K_37,erm(B),positive,https://www.nature.com/articles/s41467-026-74764-9#MOESM5; AMRFinder
K_37,mph(A),positive,https://www.nature.com/articles/s41467-026-74764-9#MOESM5; AMRFinder
K_37,mdtM,positive,https://www.nature.com/articles/s41467-026-74764-9#MOESM5; AMRFinder
K_37,blaCMY-145,positive,https://www.nature.com/articles/s41467-026-74764-9#MOESM5; AMRFinder
K_37,aadA2,positive,https://www.nature.com/articles/s41467-026-74764-9#MOESM5; AMRFinder
K_37,blaOXA,positive,https://www.nature.com/articles/s41467-026-74764-9#MOESM5; AMRFinder
K_37,cmlA1,positive,https://www.nature.com/articles/s41467-026-74764-9#MOESM5; AMRFinder
K_37,blaEC,positive,https://www.nature.com/articles/s41467-026-74764-9#MOESM5; AMRFinder
K_37,dfrA12,positive,https://www.nature.com/articles/s41467-026-74764-9#MOESM5; AMRFinder
K_37,aadA1,positive,https://www.nature.com/articles/s41467-026-74764-9#MOESM5; AMRFinder
K_37,emrD,positive,https://www.nature.com/articles/s41467-026-74764-9#MOESM5; AMRFinder
K_37,acrF,positive,https://www.nature.com/articles/s41467-026-74764-9#MOESM5; AMRFinder
K_37,tet(A),positive,https://www.nature.com/articles/s41467-026-74764-9#MOESM5; AMRFinder
K_37,qnrS13,positive,https://www.nature.com/articles/s41467-026-74764-9#MOESM5; AMRFinder
K_37,blaNDM-5,positive,https://www.nature.com/articles/s41467-026-74764-9#MOESM5; AMRFinder
K_37,ble,positive,https://www.nature.com/articles/s41467-026-74764-9#MOESM5; AMRFinder
K_37,sul1,positive,https://www.nature.com/articles/s41467-026-74764-9#MOESM5; AMRFinder
K_38,sul1,positive,https://www.nature.com/articles/s41467-026-74764-9#MOESM5; AMRFinder
K_38,emrD,positive,https://www.nature.com/articles/s41467-026-74764-9#MOESM5; AMRFinder
K_38,acrF,positive,https://www.nature.com/articles/s41467-026-74764-9#MOESM5; AMRFinder
K_38,mdtM,positive,https://www.nature.com/articles/s41467-026-74764-9#MOESM5; AMRFinder
K_38,blaEC,positive,https://www.nature.com/articles/s41467-026-74764-9#MOESM5; AMRFinder
K_38,aph(3')-VIa,positive,https://www.nature.com/articles/s41467-026-74764-9#MOESM5; AMRFinder
K_38,blaVEB-9,positive,https://www.nature.com/articles/s41467-026-74764-9#MOESM5; AMRFinder
K_38,msr(E),positive,https://www.nature.com/articles/s41467-026-74764-9#MOESM5; AMRFinder
K_38,mph(E),positive,https://www.nature.com/articles/s41467-026-74764-9#MOESM5; AMRFinder
K_38,arr-2,positive,https://www.nature.com/articles/s41467-026-74764-9#MOESM5; AMRFinder
K_38,cmlA5,positive,https://www.nature.com/articles/s41467-026-74764-9#MOESM5; AMRFinder
K_38,blaOXA-10,positive,https://www.nature.com/articles/s41467-026-74764-9#MOESM5; AMRFinder
K_38,aadA1,positive,https://www.nature.com/articles/s41467-026-74764-9#MOESM5; AMRFinder
K_38,blaNDM-1,positive,https://www.nature.com/articles/s41467-026-74764-9#MOESM5; AMRFinder
K_38,ble,positive,https://www.nature.com/articles/s41467-026-74764-9#MOESM5; AMRFinder
K_38,qnrA1,positive,https://www.nature.com/articles/s41467-026-74764-9#MOESM5; AMRFinder
K_38,aadA2,positive,https://www.nature.com/articles/s41467-026-74764-9#MOESM5; AMRFinder
K_38,dfrA12,positive,https://www.nature.com/articles/s41467-026-74764-9#MOESM5; AMRFinder
K_39,sul1,positive,https://www.nature.com/articles/s41467-026-74764-9#MOESM5; AMRFinder
K_39,blaEC,positive,https://www.nature.com/articles/s41467-026-74764-9#MOESM5; AMRFinder
K_39,emrD,positive,https://www.nature.com/articles/s41467-026-74764-9#MOESM5; AMRFinder
K_39,mdtM,positive,https://www.nature.com/articles/s41467-026-74764-9#MOESM5; AMRFinder
K_39,acrF,positive,https://www.nature.com/articles/s41467-026-74764-9#MOESM5; AMRFinder
K_39,tet(A),positive,https://www.nature.com/articles/s41467-026-74764-9#MOESM5; AMRFinder
K_39,mph(E),positive,https://www.nature.com/articles/s41467-026-74764-9#MOESM5; AMRFinder
K_39,msr(E),positive,https://www.nature.com/articles/s41467-026-74764-9#MOESM5; AMRFinder
K_39,blaVEB-9,positive,https://www.nature.com/articles/s41467-026-74764-9#MOESM5; AMRFinder
K_39,aph(3')-VIa,positive,https://www.nature.com/articles/s41467-026-74764-9#MOESM5; AMRFinder
K_39,aadA1,positive,https://www.nature.com/articles/s41467-026-74764-9#MOESM5; AMRFinder
K_39,blaOXA-10,positive,https://www.nature.com/articles/s41467-026-74764-9#MOESM5; AMRFinder
K_39,cmlA5,positive,https://www.nature.com/articles/s41467-026-74764-9#MOESM5; AMRFinder
K_39,arr-2,positive,https://www.nature.com/articles/s41467-026-74764-9#MOESM5; AMRFinder
K_39,blaNDM-1,positive,https://www.nature.com/articles/s41467-026-74764-9#MOESM5; AMRFinder
K_39,ble,positive,https://www.nature.com/articles/s41467-026-74764-9#MOESM5; AMRFinder
K_39,mph(A),positive,https://www.nature.com/articles/s41467-026-74764-9#MOESM5; AMRFinder
K_39,blaCTX-M-15,positive,https://www.nature.com/articles/s41467-026-74764-9#MOESM5; AMRFinder
K_39,qnrA1,positive,https://www.nature.com/articles/s41467-026-74764-9#MOESM5; AMRFinder
K_39,aadA2,positive,https://www.nature.com/articles/s41467-026-74764-9#MOESM5; AMRFinder
K_39,dfrA12,positive,https://www.nature.com/articles/s41467-026-74764-9#MOESM5; AMRFinder
K3,acrF,positive,https://www.nature.com/articles/s41467-026-74764-9#MOESM5; AMRFinder
K3,emrD,positive,https://www.nature.com/articles/s41467-026-74764-9#MOESM5; AMRFinder
K3,mdtM,positive,https://www.nature.com/articles/s41467-026-74764-9#MOESM5; AMRFinder
K3,blaNDM-5,positive,https://www.nature.com/articles/s41467-026-74764-9#MOESM5; AMRFinder
K3,ble,positive,https://www.nature.com/articles/s41467-026-74764-9#MOESM5; AMRFinder
K3,sul1,positive,https://www.nature.com/articles/s41467-026-74764-9#MOESM5; AMRFinder
K3,aadA5,positive,https://www.nature.com/articles/s41467-026-74764-9#MOESM5; AMRFinder
K3,dfrA17,positive,https://www.nature.com/articles/s41467-026-74764-9#MOESM5; AMRFinder
K3,blaCTX-M-15,positive,https://www.nature.com/articles/s41467-026-74764-9#MOESM5; AMRFinder
K3,aac(6')-Ib-cr5,positive,https://www.nature.com/articles/s41467-026-74764-9#MOESM5; AMRFinder
K3,blaOXA-1,positive,https://www.nature.com/articles/s41467-026-74764-9#MOESM5; AMRFinder
K3,catB3,positive,https://www.nature.com/articles/s41467-026-74764-9#MOESM5; AMRFinder
K3,blaEC,positive,https://www.nature.com/articles/s41467-026-74764-9#MOESM5; AMRFinder
K_40,rmtB1,positive,https://www.nature.com/articles/s41467-026-74764-9#MOESM5; AMRFinder
K_40,dfrA12,positive,https://www.nature.com/articles/s41467-026-74764-9#MOESM5; AMRFinder
K_40,aadA2,positive,https://www.nature.com/articles/s41467-026-74764-9#MOESM5; AMRFinder
K_40,emrD,positive,https://www.nature.com/articles/s41467-026-74764-9#MOESM5; AMRFinder
K_40,blaSHV-11,positive,https://www.nature.com/articles/s41467-026-74764-9#MOESM5; AMRFinder
K_40,kdeA,positive,https://www.nature.com/articles/s41467-026-74764-9#MOESM5; AMRFinder
K_40,oqxB,positive,https://www.nature.com/articles/s41467-026-74764-9#MOESM5; AMRFinder
K_40,oqxA,positive,https://www.nature.com/articles/s41467-026-74764-9#MOESM5; AMRFinder
K_40,mph(E),positive,https://www.nature.com/articles/s41467-026-74764-9#MOESM5; AMRFinder
K_40,msr(E),positive,https://www.nature.com/articles/s41467-026-74764-9#MOESM5; AMRFinder
K_40,armA,positive,https://www.nature.com/articles/s41467-026-74764-9#MOESM5; AMRFinder
K_40,fosA,positive,https://www.nature.com/articles/s41467-026-74764-9#MOESM5; AMRFinder
K_40,sul2,positive,https://www.nature.com/articles/s41467-026-74764-9#MOESM5; AMRFinder
K_40,aph(3'')-Ib,positive,https://www.nature.com/articles/s41467-026-74764-9#MOESM5; AMRFinder
K_40,aph(6)-Id,positive,https://www.nature.com/articles/s41467-026-74764-9#MOESM5; AMRFinder
K_40,qnrB1,positive,https://www.nature.com/articles/s41467-026-74764-9#MOESM5; AMRFinder
K_40,cmlA5,positive,https://www.nature.com/articles/s41467-026-74764-9#MOESM5; AMRFinder
K_40,aadA1,positive,https://www.nature.com/articles/s41467-026-74764-9#MOESM5; AMRFinder
K_40,ere(A),positive,https://www.nature.com/articles/s41467-026-74764-9#MOESM5; AMRFinder
K_40,arr-2,positive,https://www.nature.com/articles/s41467-026-74764-9#MOESM5; AMRFinder
K_40,mph(A),positive,https://www.nature.com/articles/s41467-026-74764-9#MOESM5; AMRFinder
K_40,erm(B),positive,https://www.nature.com/articles/s41467-026-74764-9#MOESM5; AMRFinder
K_40,blaOXA-232,positive,https://www.nature.com/articles/s41467-026-74764-9#MOESM5; AMRFinder
K_40,blaNDM-5,positive,https://www.nature.com/articles/s41467-026-74764-9#MOESM5; AMRFinder
K_40,ble,positive,https://www.nature.com/articles/s41467-026-74764-9#MOESM5; AMRFinder
K_40,sul1,positive,https://www.nature.com/articles/s41467-026-74764-9#MOESM5; AMRFinder
K_40,catB3,positive,https://www.nature.com/articles/s41467-026-74764-9#MOESM5; AMRFinder
K_40,blaOXA-1,positive,https://www.nature.com/articles/s41467-026-74764-9#MOESM5; AMRFinder
K_40,aac(6')-Ib-cr5,positive,https://www.nature.com/articles/s41467-026-74764-9#MOESM5; AMRFinder
K_40,blaCTX-M-15,positive,https://www.nature.com/articles/s41467-026-74764-9#MOESM5; AMRFinder
K_40,blaTEM-1,positive,https://www.nature.com/articles/s41467-026-74764-9#MOESM5; AMRFinder
K_41,aadA1,positive,https://www.nature.com/articles/s41467-026-74764-9#MOESM5; AMRFinder
K_41,blaOXA-10,positive,https://www.nature.com/articles/s41467-026-74764-9#MOESM5; AMRFinder
K_41,cmlA5,positive,https://www.nature.com/articles/s41467-026-74764-9#MOESM5; AMRFinder
K_41,arr-2,positive,https://www.nature.com/articles/s41467-026-74764-9#MOESM5; AMRFinder
K_41,ble,positive,https://www.nature.com/articles/s41467-026-74764-9#MOESM5; AMRFinder
K_41,blaNDM-1,positive,https://www.nature.com/articles/s41467-026-74764-9#MOESM5; AMRFinder
K_41,qnrA1,positive,https://www.nature.com/articles/s41467-026-74764-9#MOESM5; AMRFinder
K_41,dfrA12,positive,https://www.nature.com/articles/s41467-026-74764-9#MOESM5; AMRFinder
K_41,aadA2,positive,https://www.nature.com/articles/s41467-026-74764-9#MOESM5; AMRFinder
K_41,qnrB7,positive,https://www.nature.com/articles/s41467-026-74764-9#MOESM5; AMRFinder
K_41,blaSHV-12,positive,https://www.nature.com/articles/s41467-026-74764-9#MOESM5; AMRFinder
K_41,sul1,positive,https://www.nature.com/articles/s41467-026-74764-9#MOESM5; AMRFinder
K_41,emrD,positive,https://www.nature.com/articles/s41467-026-74764-9#MOESM5; AMRFinder
K_41,mdtM,positive,https://www.nature.com/articles/s41467-026-74764-9#MOESM5; AMRFinder
K_41,blaEC,positive,https://www.nature.com/articles/s41467-026-74764-9#MOESM5; AMRFinder
K_41,acrF,positive,https://www.nature.com/articles/s41467-026-74764-9#MOESM5; AMRFinder
K_41,aph(3')-VIa,positive,https://www.nature.com/articles/s41467-026-74764-9#MOESM5; AMRFinder
K_41,blaVEB-9,positive,https://www.nature.com/articles/s41467-026-74764-9#MOESM5; AMRFinder
K_41,msr(E),positive,https://www.nature.com/articles/s41467-026-74764-9#MOESM5; AMRFinder
K_41,mph(E),positive,https://www.nature.com/articles/s41467-026-74764-9#MOESM5; AMRFinder
K_42,oqxB,positive,https://www.nature.com/articles/s41467-026-74764-9#MOESM5; AMRFinder
K_42,blaACT-45,positive,https://www.nature.com/articles/s41467-026-74764-9#MOESM5; AMRFinder
K_42,qnrS1,positive,https://www.nature.com/articles/s41467-026-74764-9#MOESM5; AMRFinder
K_42,blaCTX-M-15,positive,https://www.nature.com/articles/s41467-026-74764-9#MOESM5; AMRFinder
K_42,aac(6')-Ib,positive,https://www.nature.com/articles/s41467-026-74764-9#MOESM5; AMRFinder
K_42,aadA1,positive,https://www.nature.com/articles/s41467-026-74764-9#MOESM5; AMRFinder
K_42,blaNDM-1,positive,https://www.nature.com/articles/s41467-026-74764-9#MOESM5; AMRFinder
K_42,ble,positive,https://www.nature.com/articles/s41467-026-74764-9#MOESM5; AMRFinder
K_42,sul1,positive,https://www.nature.com/articles/s41467-026-74764-9#MOESM5; AMRFinder
K_42,aadA2,positive,https://www.nature.com/articles/s41467-026-74764-9#MOESM5; AMRFinder
K_42,dfrA12,positive,https://www.nature.com/articles/s41467-026-74764-9#MOESM5; AMRFinder
K_42,catA,positive,https://www.nature.com/articles/s41467-026-74764-9#MOESM5; AMRFinder
K_42,fosA,positive,https://www.nature.com/articles/s41467-026-74764-9#MOESM5; AMRFinder
K_43,aadA2,positive,https://www.nature.com/articles/s41467-026-74764-9#MOESM5; AMRFinder
K_43,dfrA12,positive,https://www.nature.com/articles/s41467-026-74764-9#MOESM5; AMRFinder
K_43,blaTEM,positive,https://www.nature.com/articles/s41467-026-74764-9#MOESM5; AMRFinder
K_43,sul1,positive,https://www.nature.com/articles/s41467-026-74764-9#MOESM5; AMRFinder
K_43,mdtM,positive,https://www.nature.com/articles/s41467-026-74764-9#MOESM5; AMRFinder
K_43,blaEC,positive,https://www.nature.com/articles/s41467-026-74764-9#MOESM5; AMRFinder
K_43,qnrS1,positive,https://www.nature.com/articles/s41467-026-74764-9#MOESM5; AMRFinder
K_43,acrF,positive,https://www.nature.com/articles/s41467-026-74764-9#MOESM5; AMRFinder
K_43,emrD,positive,https://www.nature.com/articles/s41467-026-74764-9#MOESM5; AMRFinder
K_43,aph(3')-VIa,positive,https://www.nature.com/articles/s41467-026-74764-9#MOESM5; AMRFinder
K_43,blaVEB,positive,https://www.nature.com/articles/s41467-026-74764-9#MOESM5; AMRFinder
K_43,msr(E),positive,https://www.nature.com/articles/s41467-026-74764-9#MOESM5; AMRFinder
K_43,mph(E),positive,https://www.nature.com/articles/s41467-026-74764-9#MOESM5; AMRFinder
K_43,aadA1,positive,https://www.nature.com/articles/s41467-026-74764-9#MOESM5; AMRFinder
K_43,blaOXA-10,positive,https://www.nature.com/articles/s41467-026-74764-9#MOESM5; AMRFinder
K_43,cmlA5,positive,https://www.nature.com/articles/s41467-026-74764-9#MOESM5; AMRFinder
K_43,arr-2,positive,https://www.nature.com/articles/s41467-026-74764-9#MOESM5; AMRFinder
K_43,ble,positive,https://www.nature.com/articles/s41467-026-74764-9#MOESM5; AMRFinder
K_43,blaNDM-1,positive,https://www.nature.com/articles/s41467-026-74764-9#MOESM5; AMRFinder
K_43,blaCTX-M-15,positive,https://www.nature.com/articles/s41467-026-74764-9#MOESM5; AMRFinder
K_44,catA1,positive,https://www.nature.com/articles/s41467-026-74764-9#MOESM5; AMRFinder
K_44,blaTEM,positive,https://www.nature.com/articles/s41467-026-74764-9#MOESM5; AMRFinder
K_44,kdeA,positive,https://www.nature.com/articles/s41467-026-74764-9#MOESM5; AMRFinder
K_44,emrD,positive,https://www.nature.com/articles/s41467-026-74764-9#MOESM5; AMRFinder
K_44,fosA,positive,https://www.nature.com/articles/s41467-026-74764-9#MOESM5; AMRFinder
K_44,qnrB1,positive,https://www.nature.com/articles/s41467-026-74764-9#MOESM5; AMRFinder
K_44,oqxA,positive,https://www.nature.com/articles/s41467-026-74764-9#MOESM5; AMRFinder
K_44,oqxB,positive,https://www.nature.com/articles/s41467-026-74764-9#MOESM5; AMRFinder
K_44,qnrS1,positive,https://www.nature.com/articles/s41467-026-74764-9#MOESM5; AMRFinder
K_44,blaOXA-232,positive,https://www.nature.com/articles/s41467-026-74764-9#MOESM5; AMRFinder
K_44,aac(3)-IId,positive,https://www.nature.com/articles/s41467-026-74764-9#MOESM5; AMRFinder
K_44,blaVEB,positive,https://www.nature.com/articles/s41467-026-74764-9#MOESM5; AMRFinder
K_44,aph(3')-VIa,positive,https://www.nature.com/articles/s41467-026-74764-9#MOESM5; AMRFinder
K_44,arr-2,positive,https://www.nature.com/articles/s41467-026-74764-9#MOESM5; AMRFinder
K_44,cmlA5,positive,https://www.nature.com/articles/s41467-026-74764-9#MOESM5; AMRFinder
K_44,blaOXA-10,positive,https://www.nature.com/articles/s41467-026-74764-9#MOESM5; AMRFinder
K_44,aadA1,positive,https://www.nature.com/articles/s41467-026-74764-9#MOESM5; AMRFinder
K_44,mph(E),positive,https://www.nature.com/articles/s41467-026-74764-9#MOESM5; AMRFinder
K_44,msr(E),positive,https://www.nature.com/articles/s41467-026-74764-9#MOESM5; AMRFinder
K_44,blaNDM-1,positive,https://www.nature.com/articles/s41467-026-74764-9#MOESM5; AMRFinder
K_44,ble,positive,https://www.nature.com/articles/s41467-026-74764-9#MOESM5; AMRFinder
K_44,tet(A),positive,https://www.nature.com/articles/s41467-026-74764-9#MOESM5; AMRFinder
K_44,armA,positive,https://www.nature.com/articles/s41467-026-74764-9#MOESM5; AMRFinder
K_44,catB3,positive,https://www.nature.com/articles/s41467-026-74764-9#MOESM5; AMRFinder
K_44,blaOXA-1,positive,https://www.nature.com/articles/s41467-026-74764-9#MOESM5; AMRFinder
K_44,aac(6')-Ib-cr5,positive,https://www.nature.com/articles/s41467-026-74764-9#MOESM5; AMRFinder
K_44,blaCTX-M-15,positive,https://www.nature.com/articles/s41467-026-74764-9#MOESM5; AMRFinder
K_44,dfrA12,positive,https://www.nature.com/articles/s41467-026-74764-9#MOESM5; AMRFinder
K_44,aadA2,positive,https://www.nature.com/articles/s41467-026-74764-9#MOESM5; AMRFinder
K_44,sul1,positive,https://www.nature.com/articles/s41467-026-74764-9#MOESM5; AMRFinder
K_45,mdtM,positive,https://www.nature.com/articles/s41467-026-74764-9#MOESM5; AMRFinder
K_45,blaEC,positive,https://www.nature.com/articles/s41467-026-74764-9#MOESM5; AMRFinder
K_45,emrD,positive,https://www.nature.com/articles/s41467-026-74764-9#MOESM5; AMRFinder
K_45,dfrA17,positive,https://www.nature.com/articles/s41467-026-74764-9#MOESM5; AMRFinder
K_45,aadA5,positive,https://www.nature.com/articles/s41467-026-74764-9#MOESM5; AMRFinder
K_45,sul1,positive,https://www.nature.com/articles/s41467-026-74764-9#MOESM5; AMRFinder
K_45,ble,positive,https://www.nature.com/articles/s41467-026-74764-9#MOESM5; AMRFinder
K_45,blaNDM-5,positive,https://www.nature.com/articles/s41467-026-74764-9#MOESM5; AMRFinder
K_45,blaCTX-M-15,positive,https://www.nature.com/articles/s41467-026-74764-9#MOESM5; AMRFinder
K_45,acrF,positive,https://www.nature.com/articles/s41467-026-74764-9#MOESM5; AMRFinder
K_45,catB3,positive,https://www.nature.com/articles/s41467-026-74764-9#MOESM5; AMRFinder
K_45,blaOXA-1,positive,https://www.nature.com/articles/s41467-026-74764-9#MOESM5; AMRFinder
K_45,aac(6')-Ib-cr5,positive,https://www.nature.com/articles/s41467-026-74764-9#MOESM5; AMRFinder
K_46,blaSHV-12,positive,https://www.nature.com/articles/s41467-026-74764-9#MOESM5; AMRFinder
K_46,catA,positive,https://www.nature.com/articles/s41467-026-74764-9#MOESM5; AMRFinder
K_46,qnrB7,positive,https://www.nature.com/articles/s41467-026-74764-9#MOESM5; AMRFinder
K_46,fosA,positive,https://www.nature.com/articles/s41467-026-74764-9#MOESM5; AMRFinder
K_46,blaMIR-9,positive,https://www.nature.com/articles/s41467-026-74764-9#MOESM5; AMRFinder
K_46,oqxB,positive,https://www.nature.com/articles/s41467-026-74764-9#MOESM5; AMRFinder
K_46,oqxA,positive,https://www.nature.com/articles/s41467-026-74764-9#MOESM5; AMRFinder
K_46,ble,positive,https://www.nature.com/articles/s41467-026-74764-9#MOESM5; AMRFinder
K_46,blaNDM-1,positive,https://www.nature.com/articles/s41467-026-74764-9#MOESM5; AMRFinder
K_46,aph(3')-VI,positive,https://www.nature.com/articles/s41467-026-74764-9#MOESM5; AMRFinder
K_47,acrF,positive,https://www.nature.com/articles/s41467-026-74764-9#MOESM5; AMRFinder
K_47,emrD,positive,https://www.nature.com/articles/s41467-026-74764-9#MOESM5; AMRFinder
K_47,mdtM,positive,https://www.nature.com/articles/s41467-026-74764-9#MOESM5; AMRFinder
K_47,tet(A),positive,https://www.nature.com/articles/s41467-026-74764-9#MOESM5; AMRFinder
K_47,blaEC,positive,https://www.nature.com/articles/s41467-026-74764-9#MOESM5; AMRFinder
K_47,blaNDM-5,positive,https://www.nature.com/articles/s41467-026-74764-9#MOESM5; AMRFinder
K_47,ble,positive,https://www.nature.com/articles/s41467-026-74764-9#MOESM5; AMRFinder
K_47,sul1,positive,https://www.nature.com/articles/s41467-026-74764-9#MOESM5; AMRFinder
K_47,aadA5,positive,https://www.nature.com/articles/s41467-026-74764-9#MOESM5; AMRFinder
K_47,dfrA17,positive,https://www.nature.com/articles/s41467-026-74764-9#MOESM5; AMRFinder
K_47,blaCTX-M-15,positive,https://www.nature.com/articles/s41467-026-74764-9#MOESM5; AMRFinder
K_47,mph(A),positive,https://www.nature.com/articles/s41467-026-74764-9#MOESM5; AMRFinder
K_47,catB3,positive,https://www.nature.com/articles/s41467-026-74764-9#MOESM5; AMRFinder
K_47,blaOXA-1,positive,https://www.nature.com/articles/s41467-026-74764-9#MOESM5; AMRFinder
K_47,aac(6')-Ib-cr5,positive,https://www.nature.com/articles/s41467-026-74764-9#MOESM5; AMRFinder
K_48,aac(6')-Ib-cr5,positive,https://www.nature.com/articles/s41467-026-74764-9#MOESM5; AMRFinder
K_48,blaOXA-1,positive,https://www.nature.com/articles/s41467-026-74764-9#MOESM5; AMRFinder
K_48,catB3,positive,https://www.nature.com/articles/s41467-026-74764-9#MOESM5; AMRFinder
K_48,acrF,positive,https://www.nature.com/articles/s41467-026-74764-9#MOESM5; AMRFinder
K_48,emrD,positive,https://www.nature.com/articles/s41467-026-74764-9#MOESM5; AMRFinder
K_48,mdtM,positive,https://www.nature.com/articles/s41467-026-74764-9#MOESM5; AMRFinder
K_48,blaEC,positive,https://www.nature.com/articles/s41467-026-74764-9#MOESM5; AMRFinder
K_48,tet(A),positive,https://www.nature.com/articles/s41467-026-74764-9#MOESM5; AMRFinder
K_48,dfrA17,positive,https://www.nature.com/articles/s41467-026-74764-9#MOESM5; AMRFinder
K_48,aadA5,positive,https://www.nature.com/articles/s41467-026-74764-9#MOESM5; AMRFinder
K_48,sul1,positive,https://www.nature.com/articles/s41467-026-74764-9#MOESM5; AMRFinder
K_48,ble,positive,https://www.nature.com/articles/s41467-026-74764-9#MOESM5; AMRFinder
K_48,blaNDM-5,positive,https://www.nature.com/articles/s41467-026-74764-9#MOESM5; AMRFinder
K_48,mph(A),positive,https://www.nature.com/articles/s41467-026-74764-9#MOESM5; AMRFinder
K_48,blaCTX-M-15,positive,https://www.nature.com/articles/s41467-026-74764-9#MOESM5; AMRFinder
K_49,acrF,positive,https://www.nature.com/articles/s41467-026-74764-9#MOESM5; AMRFinder
K_49,emrD,positive,https://www.nature.com/articles/s41467-026-74764-9#MOESM5; AMRFinder
K_49,mdtM,positive,https://www.nature.com/articles/s41467-026-74764-9#MOESM5; AMRFinder
K_49,blaCMY-42,positive,https://www.nature.com/articles/s41467-026-74764-9#MOESM5; AMRFinder
K_49,qnrS1,positive,https://www.nature.com/articles/s41467-026-74764-9#MOESM5; AMRFinder
K_49,blaOXA-484,positive,https://www.nature.com/articles/s41467-026-74764-9#MOESM5; AMRFinder
K_49,aac(3)-IId,positive,https://www.nature.com/articles/s41467-026-74764-9#MOESM5; AMRFinder
K_49,sul2,positive,https://www.nature.com/articles/s41467-026-74764-9#MOESM5; AMRFinder
K_49,aph(3'')-Ib,positive,https://www.nature.com/articles/s41467-026-74764-9#MOESM5; AMRFinder
K_49,aph(6)-Id,positive,https://www.nature.com/articles/s41467-026-74764-9#MOESM5; AMRFinder
K_49,mph(A),positive,https://www.nature.com/articles/s41467-026-74764-9#MOESM5; AMRFinder
K_49,dfrA17,positive,https://www.nature.com/articles/s41467-026-74764-9#MOESM5; AMRFinder
K_49,aadA5,positive,https://www.nature.com/articles/s41467-026-74764-9#MOESM5; AMRFinder
K_49,sul1,positive,https://www.nature.com/articles/s41467-026-74764-9#MOESM5; AMRFinder
K_49,tet(B),positive,https://www.nature.com/articles/s41467-026-74764-9#MOESM5; AMRFinder
K_49,blaEC,positive,https://www.nature.com/articles/s41467-026-74764-9#MOESM5; AMRFinder
K_49,blaTEM-1,positive,https://www.nature.com/articles/s41467-026-74764-9#MOESM5; AMRFinder
K4,emrD,positive,https://www.nature.com/articles/s41467-026-74764-9#MOESM5; AMRFinder
K4,mdtM,positive,https://www.nature.com/articles/s41467-026-74764-9#MOESM5; AMRFinder
K4,blaEC,positive,https://www.nature.com/articles/s41467-026-74764-9#MOESM5; AMRFinder
K4,blaCMY-42,positive,https://www.nature.com/articles/s41467-026-74764-9#MOESM5; AMRFinder
K4,acrF,positive,https://www.nature.com/articles/s41467-026-74764-9#MOESM5; AMRFinder
K4,dfrA12,positive,https://www.nature.com/articles/s41467-026-74764-9#MOESM5; AMRFinder
K4,aadA2,positive,https://www.nature.com/articles/s41467-026-74764-9#MOESM5; AMRFinder
K4,sul1,positive,https://www.nature.com/articles/s41467-026-74764-9#MOESM5; AMRFinder
K4,ble,positive,https://www.nature.com/articles/s41467-026-74764-9#MOESM5; AMRFinder
K4,blaNDM-5,positive,https://www.nature.com/articles/s41467-026-74764-9#MOESM5; AMRFinder
K4,mph(A),positive,https://www.nature.com/articles/s41467-026-74764-9#MOESM5; AMRFinder
K4,blaTEM,positive,https://www.nature.com/articles/s41467-026-74764-9#MOESM5; AMRFinder
K_50,erm(B),positive,https://www.nature.com/articles/s41467-026-74764-9#MOESM5; AMRFinder
K_50,blaEC,positive,https://www.nature.com/articles/s41467-026-74764-9#MOESM5; AMRFinder
K_50,blaCMY,positive,https://www.nature.com/articles/s41467-026-74764-9#MOESM5; AMRFinder
K_50,mdtM,positive,https://www.nature.com/articles/s41467-026-74764-9#MOESM5; AMRFinder
K_50,acrF,positive,https://www.nature.com/articles/s41467-026-74764-9#MOESM5; AMRFinder
K_50,emrD,positive,https://www.nature.com/articles/s41467-026-74764-9#MOESM5; AMRFinder
K_50,qnrS1,positive,https://www.nature.com/articles/s41467-026-74764-9#MOESM5; AMRFinder
K_50,blaOXA-181,positive,https://www.nature.com/articles/s41467-026-74764-9#MOESM5; AMRFinder
K_50,dfrA12,positive,https://www.nature.com/articles/s41467-026-74764-9#MOESM5; AMRFinder
K_50,aadA2,positive,https://www.nature.com/articles/s41467-026-74764-9#MOESM5; AMRFinder
K_50,sul1,positive,https://www.nature.com/articles/s41467-026-74764-9#MOESM5; AMRFinder
K_50,ble,positive,https://www.nature.com/articles/s41467-026-74764-9#MOESM5; AMRFinder
K_50,blaNDM-5,positive,https://www.nature.com/articles/s41467-026-74764-9#MOESM5; AMRFinder
K_50,mph(A),positive,https://www.nature.com/articles/s41467-026-74764-9#MOESM5; AMRFinder
K_51,oqxB,positive,https://www.nature.com/articles/s41467-026-74764-9#MOESM5; AMRFinder
K_51,fosA,positive,https://www.nature.com/articles/s41467-026-74764-9#MOESM5; AMRFinder
K_51,emrD,positive,https://www.nature.com/articles/s41467-026-74764-9#MOESM5; AMRFinder
K_51,kdeA,positive,https://www.nature.com/articles/s41467-026-74764-9#MOESM5; AMRFinder
K_51,blaSHV-1,positive,https://www.nature.com/articles/s41467-026-74764-9#MOESM5; AMRFinder
K_51,oqxA,positive,https://www.nature.com/articles/s41467-026-74764-9#MOESM5; AMRFinder
K_51,dfrA12,positive,https://www.nature.com/articles/s41467-026-74764-9#MOESM5; AMRFinder
K_51,aadA2,positive,https://www.nature.com/articles/s41467-026-74764-9#MOESM5; AMRFinder
K_51,sul1,positive,https://www.nature.com/articles/s41467-026-74764-9#MOESM5; AMRFinder
K_51,ble,positive,https://www.nature.com/articles/s41467-026-74764-9#MOESM5; AMRFinder
K_51,blaNDM-5,positive,https://www.nature.com/articles/s41467-026-74764-9#MOESM5; AMRFinder
K_51,qnrS1,positive,https://www.nature.com/articles/s41467-026-74764-9#MOESM5; AMRFinder
K_51,catB,positive,https://www.nature.com/articles/s41467-026-74764-9#MOESM5; AMRFinder
K_51,rmtF1,positive,https://www.nature.com/articles/s41467-026-74764-9#MOESM5; AMRFinder
K_51,aac(6')-Ib,positive,https://www.nature.com/articles/s41467-026-74764-9#MOESM5; AMRFinder
K_51,mph(A),positive,https://www.nature.com/articles/s41467-026-74764-9#MOESM5; AMRFinder
K_51,blaOXA-232,positive,https://www.nature.com/articles/s41467-026-74764-9#MOESM5; AMRFinder
K_51,erm(B),positive,https://www.nature.com/articles/s41467-026-74764-9#MOESM5; AMRFinder
K_51,blaCTX-M-15,positive,https://www.nature.com/articles/s41467-026-74764-9#MOESM5; AMRFinder
K_51,blaTEM-1,positive,https://www.nature.com/articles/s41467-026-74764-9#MOESM5; AMRFinder
K_51,rmtB1,positive,https://www.nature.com/articles/s41467-026-74764-9#MOESM5; AMRFinder
K_51,catA1,positive,https://www.nature.com/articles/s41467-026-74764-9#MOESM5; AMRFinder
K_51,arr-2,positive,https://www.nature.com/articles/s41467-026-74764-9#MOESM5; AMRFinder
K_52,qnrA1,positive,https://www.nature.com/articles/s41467-026-74764-9#MOESM5; AMRFinder
K_52,qnrB7,positive,https://www.nature.com/articles/s41467-026-74764-9#MOESM5; AMRFinder
K_52,dfrA12,positive,https://www.nature.com/articles/s41467-026-74764-9#MOESM5; AMRFinder
K_52,aadA2,positive,https://www.nature.com/articles/s41467-026-74764-9#MOESM5; AMRFinder
K_52,blaSHV-12,positive,https://www.nature.com/articles/s41467-026-74764-9#MOESM5; AMRFinder
K_52,sul1,positive,https://www.nature.com/articles/s41467-026-74764-9#MOESM5; AMRFinder
K_52,emrD,positive,https://www.nature.com/articles/s41467-026-74764-9#MOESM5; AMRFinder
K_52,acrF,positive,https://www.nature.com/articles/s41467-026-74764-9#MOESM5; AMRFinder
K_52,mdtM,positive,https://www.nature.com/articles/s41467-026-74764-9#MOESM5; AMRFinder
K_52,mph(E),positive,https://www.nature.com/articles/s41467-026-74764-9#MOESM5; AMRFinder
K_52,msr(E),positive,https://www.nature.com/articles/s41467-026-74764-9#MOESM5; AMRFinder
K_52,blaVEB-9,positive,https://www.nature.com/articles/s41467-026-74764-9#MOESM5; AMRFinder
K_52,aph(3')-VIa,positive,https://www.nature.com/articles/s41467-026-74764-9#MOESM5; AMRFinder
K_52,blaEC,positive,https://www.nature.com/articles/s41467-026-74764-9#MOESM5; AMRFinder
K_52,aadA1,positive,https://www.nature.com/articles/s41467-026-74764-9#MOESM5; AMRFinder
K_52,blaOXA-10,positive,https://www.nature.com/articles/s41467-026-74764-9#MOESM5; AMRFinder
K_52,cmlA5,positive,https://www.nature.com/articles/s41467-026-74764-9#MOESM5; AMRFinder
K_52,arr-2,positive,https://www.nature.com/articles/s41467-026-74764-9#MOESM5; AMRFinder
K_52,ble,positive,https://www.nature.com/articles/s41467-026-74764-9#MOESM5; AMRFinder
K_52,blaNDM-1,positive,https://www.nature.com/articles/s41467-026-74764-9#MOESM5; AMRFinder
K_53,aac(6')-Ib-cr5,positive,https://www.nature.com/articles/s41467-026-74764-9#MOESM5; AMRFinder
K_53,mdtM,positive,https://www.nature.com/articles/s41467-026-74764-9#MOESM5; AMRFinder
K_53,acrF,positive,https://www.nature.com/articles/s41467-026-74764-9#MOESM5; AMRFinder
K_53,blaEC,positive,https://www.nature.com/articles/s41467-026-74764-9#MOESM5; AMRFinder
K_53,emrD,positive,https://www.nature.com/articles/s41467-026-74764-9#MOESM5; AMRFinder
K_53,blaCMY-42,positive,https://www.nature.com/articles/s41467-026-74764-9#MOESM5; AMRFinder
K_53,dfrA17,positive,https://www.nature.com/articles/s41467-026-74764-9#MOESM5; AMRFinder
K_53,aadA5,positive,https://www.nature.com/articles/s41467-026-74764-9#MOESM5; AMRFinder
K_53,sul1,positive,https://www.nature.com/articles/s41467-026-74764-9#MOESM5; AMRFinder
K_53,ble,positive,https://www.nature.com/articles/s41467-026-74764-9#MOESM5; AMRFinder
K_53,blaNDM-5,positive,https://www.nature.com/articles/s41467-026-74764-9#MOESM5; AMRFinder
K_53,rmtB1,positive,https://www.nature.com/articles/s41467-026-74764-9#MOESM5; AMRFinder
K_53,blaTEM-1,positive,https://www.nature.com/articles/s41467-026-74764-9#MOESM5; AMRFinder
K_53,mph(A),positive,https://www.nature.com/articles/s41467-026-74764-9#MOESM5; AMRFinder
K_53,tet(B),positive,https://www.nature.com/articles/s41467-026-74764-9#MOESM5; AMRFinder
K_53,erm(B),positive,https://www.nature.com/articles/s41467-026-74764-9#MOESM5; AMRFinder
K_54,dfrA12,positive,https://www.nature.com/articles/s41467-026-74764-9#MOESM5; AMRFinder
K_54,aadA2,positive,https://www.nature.com/articles/s41467-026-74764-9#MOESM5; AMRFinder
K_54,blaSHV-11,positive,https://www.nature.com/articles/s41467-026-74764-9#MOESM5; AMRFinder
K_54,sul1,positive,https://www.nature.com/articles/s41467-026-74764-9#MOESM5; AMRFinder
K_54,fosA,positive,https://www.nature.com/articles/s41467-026-74764-9#MOESM5; AMRFinder
K_54,emrD,positive,https://www.nature.com/articles/s41467-026-74764-9#MOESM5; AMRFinder
K_54,oqxA,positive,https://www.nature.com/articles/s41467-026-74764-9#MOESM5; AMRFinder
K_54,oqxB32,positive,https://www.nature.com/articles/s41467-026-74764-9#MOESM5; AMRFinder
K_54,kdeA,positive,https://www.nature.com/articles/s41467-026-74764-9#MOESM5; AMRFinder
K_54,blaOXA-181,positive,https://www.nature.com/articles/s41467-026-74764-9#MOESM5; AMRFinder
K_54,qnrS1,positive,https://www.nature.com/articles/s41467-026-74764-9#MOESM5; AMRFinder
K_54,catA1,positive,https://www.nature.com/articles/s41467-026-74764-9#MOESM5; AMRFinder
K_54,ble,positive,https://www.nature.com/articles/s41467-026-74764-9#MOESM5; AMRFinder
K_54,blaNDM-5,positive,https://www.nature.com/articles/s41467-026-74764-9#MOESM5; AMRFinder
K_54,arr,positive,https://www.nature.com/articles/s41467-026-74764-9#MOESM5; AMRFinder
K_54,arr-2,positive,https://www.nature.com/articles/s41467-026-74764-9#MOESM5; AMRFinder
K_54,ere(A),positive,https://www.nature.com/articles/s41467-026-74764-9#MOESM5; AMRFinder
K_54,aadA1,positive,https://www.nature.com/articles/s41467-026-74764-9#MOESM5; AMRFinder
K_54,cmlA5,positive,https://www.nature.com/articles/s41467-026-74764-9#MOESM5; AMRFinder
K_54,blaCTX-M-15,positive,https://www.nature.com/articles/s41467-026-74764-9#MOESM5; AMRFinder
K_54,erm(B),positive,https://www.nature.com/articles/s41467-026-74764-9#MOESM5; AMRFinder
K_54,blaTEM-1,positive,https://www.nature.com/articles/s41467-026-74764-9#MOESM5; AMRFinder
K_54,rmtB1,positive,https://www.nature.com/articles/s41467-026-74764-9#MOESM5; AMRFinder
K_54,mph(A),positive,https://www.nature.com/articles/s41467-026-74764-9#MOESM5; AMRFinder
K_54,aac(3)-IId,positive,https://www.nature.com/articles/s41467-026-74764-9#MOESM5; AMRFinder
K_55,mph(A),positive,https://www.nature.com/articles/s41467-026-74764-9#MOESM5; AMRFinder
K_55,dfrA17,positive,https://www.nature.com/articles/s41467-026-74764-9#MOESM5; AMRFinder
K_55,aadA5,positive,https://www.nature.com/articles/s41467-026-74764-9#MOESM5; AMRFinder
K_55,sul1,positive,https://www.nature.com/articles/s41467-026-74764-9#MOESM5; AMRFinder
K_55,tet(B),positive,https://www.nature.com/articles/s41467-026-74764-9#MOESM5; AMRFinder
K_55,emrD,positive,https://www.nature.com/articles/s41467-026-74764-9#MOESM5; AMRFinder
K_55,blaTEM-1,positive,https://www.nature.com/articles/s41467-026-74764-9#MOESM5; AMRFinder
K_55,mdtM,positive,https://www.nature.com/articles/s41467-026-74764-9#MOESM5; AMRFinder
K_55,aac(6')-Ib-cr5,positive,https://www.nature.com/articles/s41467-026-74764-9#MOESM5; AMRFinder
K_55,blaEC,positive,https://www.nature.com/articles/s41467-026-74764-9#MOESM5; AMRFinder
K_55,acrF,positive,https://www.nature.com/articles/s41467-026-74764-9#MOESM5; AMRFinder
K_55,ble,positive,https://www.nature.com/articles/s41467-026-74764-9#MOESM5; AMRFinder
K_55,blaNDM-5,positive,https://www.nature.com/articles/s41467-026-74764-9#MOESM5; AMRFinder
K_55,blaCMY-42,positive,https://www.nature.com/articles/s41467-026-74764-9#MOESM5; AMRFinder
K_55,aac(3)-IId,positive,https://www.nature.com/articles/s41467-026-74764-9#MOESM5; AMRFinder
K_55,aph(6)-Id,positive,https://www.nature.com/articles/s41467-026-74764-9#MOESM5; AMRFinder
K_55,aph(3'')-Ib,positive,https://www.nature.com/articles/s41467-026-74764-9#MOESM5; AMRFinder
K_55,sul2,positive,https://www.nature.com/articles/s41467-026-74764-9#MOESM5; AMRFinder
K_56,blaNDM-5,positive,https://www.nature.com/articles/s41467-026-74764-9#MOESM5; AMRFinder
K_56,ble,positive,https://www.nature.com/articles/s41467-026-74764-9#MOESM5; AMRFinder
K_56,sul1,positive,https://www.nature.com/articles/s41467-026-74764-9#MOESM5; AMRFinder
K_56,blaEC,positive,https://www.nature.com/articles/s41467-026-74764-9#MOESM5; AMRFinder
K_56,erm(B),positive,https://www.nature.com/articles/s41467-026-74764-9#MOESM5; AMRFinder
K_56,blaCMY-145,positive,https://www.nature.com/articles/s41467-026-74764-9#MOESM5; AMRFinder
K_56,mph(A),positive,https://www.nature.com/articles/s41467-026-74764-9#MOESM5; AMRFinder
K_56,aadA2,positive,https://www.nature.com/articles/s41467-026-74764-9#MOESM5; AMRFinder
K_56,cmlA1,positive,https://www.nature.com/articles/s41467-026-74764-9#MOESM5; AMRFinder
K_56,blaOXA-232,positive,https://www.nature.com/articles/s41467-026-74764-9#MOESM5; AMRFinder
K_56,dfrA12,positive,https://www.nature.com/articles/s41467-026-74764-9#MOESM5; AMRFinder
K_56,aadA1,positive,https://www.nature.com/articles/s41467-026-74764-9#MOESM5; AMRFinder
K_56,emrD,positive,https://www.nature.com/articles/s41467-026-74764-9#MOESM5; AMRFinder
K_56,acrF,positive,https://www.nature.com/articles/s41467-026-74764-9#MOESM5; AMRFinder
K_56,mdtM,positive,https://www.nature.com/articles/s41467-026-74764-9#MOESM5; AMRFinder
K_56,tet(A),positive,https://www.nature.com/articles/s41467-026-74764-9#MOESM5; AMRFinder
K_56,qnrS13,positive,https://www.nature.com/articles/s41467-026-74764-9#MOESM5; AMRFinder
K_57,erm(B),positive,https://www.nature.com/articles/s41467-026-74764-9#MOESM5; AMRFinder
K_57,emrD,positive,https://www.nature.com/articles/s41467-026-74764-9#MOESM5; AMRFinder
K_57,blaEC,positive,https://www.nature.com/articles/s41467-026-74764-9#MOESM5; AMRFinder
K_57,floR,positive,https://www.nature.com/articles/s41467-026-74764-9#MOESM5; AMRFinder
K_57,tet(A),positive,https://www.nature.com/articles/s41467-026-74764-9#MOESM5; AMRFinder
K_57,aph(6)-Id,positive,https://www.nature.com/articles/s41467-026-74764-9#MOESM5; AMRFinder
K_57,aph(3'')-Ib,positive,https://www.nature.com/articles/s41467-026-74764-9#MOESM5; AMRFinder
K_57,sul2,positive,https://www.nature.com/articles/s41467-026-74764-9#MOESM5; AMRFinder
K_57,acrF,positive,https://www.nature.com/articles/s41467-026-74764-9#MOESM5; AMRFinder
K_57,blaCTX-M-15,positive,https://www.nature.com/articles/s41467-026-74764-9#MOESM5; AMRFinder
K_57,blaNDM-5,positive,https://www.nature.com/articles/s41467-026-74764-9#MOESM5; AMRFinder
K_57,ble,positive,https://www.nature.com/articles/s41467-026-74764-9#MOESM5; AMRFinder
K_57,sul1,positive,https://www.nature.com/articles/s41467-026-74764-9#MOESM5; AMRFinder
K_57,aadA2,positive,https://www.nature.com/articles/s41467-026-74764-9#MOESM5; AMRFinder
K_57,dfrA12,positive,https://www.nature.com/articles/s41467-026-74764-9#MOESM5; AMRFinder
K_57,rmtB1,positive,https://www.nature.com/articles/s41467-026-74764-9#MOESM5; AMRFinder
K_57,blaTEM-1,positive,https://www.nature.com/articles/s41467-026-74764-9#MOESM5; AMRFinder
K_57,mph(A),positive,https://www.nature.com/articles/s41467-026-74764-9#MOESM5; AMRFinder
K_57,tet(B),positive,https://www.nature.com/articles/s41467-026-74764-9#MOESM5; AMRFinder
K_58,acrF,positive,https://www.nature.com/articles/s41467-026-74764-9#MOESM5; AMRFinder
K_58,blaCTX-M-15,positive,https://www.nature.com/articles/s41467-026-74764-9#MOESM5; AMRFinder
K_58,emrD,positive,https://www.nature.com/articles/s41467-026-74764-9#MOESM5; AMRFinder
K_58,mdtM,positive,https://www.nature.com/articles/s41467-026-74764-9#MOESM5; AMRFinder
K_58,blaEC,positive,https://www.nature.com/articles/s41467-026-74764-9#MOESM5; AMRFinder
K_58,blaCMY-42,positive,https://www.nature.com/articles/s41467-026-74764-9#MOESM5; AMRFinder
K_58,dfrA12,positive,https://www.nature.com/articles/s41467-026-74764-9#MOESM5; AMRFinder
K_58,aadA2,positive,https://www.nature.com/articles/s41467-026-74764-9#MOESM5; AMRFinder
K_58,sul1,positive,https://www.nature.com/articles/s41467-026-74764-9#MOESM5; AMRFinder
K_58,ble,positive,https://www.nature.com/articles/s41467-026-74764-9#MOESM5; AMRFinder
K_58,blaNDM-5,positive,https://www.nature.com/articles/s41467-026-74764-9#MOESM5; AMRFinder
K_58,tet(A),positive,https://www.nature.com/articles/s41467-026-74764-9#MOESM5; AMRFinder
K_58,mph(A),positive,https://www.nature.com/articles/s41467-026-74764-9#MOESM5; AMRFinder
K_58,catA2,positive,https://www.nature.com/articles/s41467-026-74764-9#MOESM5; AMRFinder
K_59,aac(6')-Ib-cr5,positive,https://www.nature.com/articles/s41467-026-74764-9#MOESM5; AMRFinder
K_59,acrF,positive,https://www.nature.com/articles/s41467-026-74764-9#MOESM5; AMRFinder
K_59,mdtM,positive,https://www.nature.com/articles/s41467-026-74764-9#MOESM5; AMRFinder
K_59,emrD,positive,https://www.nature.com/articles/s41467-026-74764-9#MOESM5; AMRFinder
K_59,blaEC,positive,https://www.nature.com/articles/s41467-026-74764-9#MOESM5; AMRFinder
K_59,sul1,positive,https://www.nature.com/articles/s41467-026-74764-9#MOESM5; AMRFinder
K_59,ble,positive,https://www.nature.com/articles/s41467-026-74764-9#MOESM5; AMRFinder
K_59,blaNDM-5,positive,https://www.nature.com/articles/s41467-026-74764-9#MOESM5; AMRFinder
K_59,mph(A),positive,https://www.nature.com/articles/s41467-026-74764-9#MOESM5; AMRFinder
K_59,aac(3)-IId,positive,https://www.nature.com/articles/s41467-026-74764-9#MOESM5; AMRFinder
K_59,tet(B),positive,https://www.nature.com/articles/s41467-026-74764-9#MOESM5; AMRFinder
K_59,dfrA12,positive,https://www.nature.com/articles/s41467-026-74764-9#MOESM5; AMRFinder
K_59,aadA2,positive,https://www.nature.com/articles/s41467-026-74764-9#MOESM5; AMRFinder
K_59,blaTEM-1,positive,https://www.nature.com/articles/s41467-026-74764-9#MOESM5; AMRFinder
K_59,dfrA17,positive,https://www.nature.com/articles/s41467-026-74764-9#MOESM5; AMRFinder
K_59,aadA5,positive,https://www.nature.com/articles/s41467-026-74764-9#MOESM5; AMRFinder
K5,blaSHV-11,positive,https://www.nature.com/articles/s41467-026-74764-9#MOESM5; AMRFinder
K5,emrD,positive,https://www.nature.com/articles/s41467-026-74764-9#MOESM5; AMRFinder
K5,kdeA,positive,https://www.nature.com/articles/s41467-026-74764-9#MOESM5; AMRFinder
K5,armA,positive,https://www.nature.com/articles/s41467-026-74764-9#MOESM5; AMRFinder
K5,msr(E),positive,https://www.nature.com/articles/s41467-026-74764-9#MOESM5; AMRFinder
K5,mph(E),positive,https://www.nature.com/articles/s41467-026-74764-9#MOESM5; AMRFinder
K5,oqxB,positive,https://www.nature.com/articles/s41467-026-74764-9#MOESM5; AMRFinder
K5,oqxA,positive,https://www.nature.com/articles/s41467-026-74764-9#MOESM5; AMRFinder
K5,sul2,positive,https://www.nature.com/articles/s41467-026-74764-9#MOESM5; AMRFinder
K5,aph(3'')-Ib,positive,https://www.nature.com/articles/s41467-026-74764-9#MOESM5; AMRFinder
K5,aph(6)-Id,positive,https://www.nature.com/articles/s41467-026-74764-9#MOESM5; AMRFinder
K5,qnrB1,positive,https://www.nature.com/articles/s41467-026-74764-9#MOESM5; AMRFinder
K5,blaOXA-232,positive,https://www.nature.com/articles/s41467-026-74764-9#MOESM5; AMRFinder
K5,arr-2,positive,https://www.nature.com/articles/s41467-026-74764-9#MOESM5; AMRFinder
K5,ere(A),positive,https://www.nature.com/articles/s41467-026-74764-9#MOESM5; AMRFinder
K5,aadA1,positive,https://www.nature.com/articles/s41467-026-74764-9#MOESM5; AMRFinder
K5,cmlA5,positive,https://www.nature.com/articles/s41467-026-74764-9#MOESM5; AMRFinder
K5,mph(A),positive,https://www.nature.com/articles/s41467-026-74764-9#MOESM5; AMRFinder
K5,erm(B),positive,https://www.nature.com/articles/s41467-026-74764-9#MOESM5; AMRFinder
K5,ble,positive,https://www.nature.com/articles/s41467-026-74764-9#MOESM5; AMRFinder
K5,blaNDM-5,positive,https://www.nature.com/articles/s41467-026-74764-9#MOESM5; AMRFinder
K5,sul1,positive,https://www.nature.com/articles/s41467-026-74764-9#MOESM5; AMRFinder
K5,aadA2,positive,https://www.nature.com/articles/s41467-026-74764-9#MOESM5; AMRFinder
K5,dfrA12,positive,https://www.nature.com/articles/s41467-026-74764-9#MOESM5; AMRFinder
K5,aac(6')-Ib-cr5,positive,https://www.nature.com/articles/s41467-026-74764-9#MOESM5; AMRFinder
K5,blaOXA-1,positive,https://www.nature.com/articles/s41467-026-74764-9#MOESM5; AMRFinder
K5,catB3,positive,https://www.nature.com/articles/s41467-026-74764-9#MOESM5; AMRFinder
K5,blaCTX-M-15,positive,https://www.nature.com/articles/s41467-026-74764-9#MOESM5; AMRFinder
K5,blaTEM-1,positive,https://www.nature.com/articles/s41467-026-74764-9#MOESM5; AMRFinder
K5,rmtB1,positive,https://www.nature.com/articles/s41467-026-74764-9#MOESM5; AMRFinder
K5,fosA,positive,https://www.nature.com/articles/s41467-026-74764-9#MOESM5; AMRFinder
K_60,emrD,positive,https://www.nature.com/articles/s41467-026-74764-9#MOESM5; AMRFinder
K_60,blaTEM,positive,https://www.nature.com/articles/s41467-026-74764-9#MOESM5; AMRFinder
K_60,blaEC,positive,https://www.nature.com/articles/s41467-026-74764-9#MOESM5; AMRFinder
K_60,mdtM,positive,https://www.nature.com/articles/s41467-026-74764-9#MOESM5; AMRFinder
K_60,blaCMY-42,positive,https://www.nature.com/articles/s41467-026-74764-9#MOESM5; AMRFinder
K_60,dfrA12,positive,https://www.nature.com/articles/s41467-026-74764-9#MOESM5; AMRFinder
K_60,aadA2,positive,https://www.nature.com/articles/s41467-026-74764-9#MOESM5; AMRFinder
K_60,sul1,positive,https://www.nature.com/articles/s41467-026-74764-9#MOESM5; AMRFinder
K_60,ble,positive,https://www.nature.com/articles/s41467-026-74764-9#MOESM5; AMRFinder
K_60,blaNDM-5,positive,https://www.nature.com/articles/s41467-026-74764-9#MOESM5; AMRFinder
K_60,acrF,positive,https://www.nature.com/articles/s41467-026-74764-9#MOESM5; AMRFinder
K_60,mph(A),positive,https://www.nature.com/articles/s41467-026-74764-9#MOESM5; AMRFinder
K_60,erm(B),positive,https://www.nature.com/articles/s41467-026-74764-9#MOESM5; AMRFinder
K_61,aadA1,positive,https://www.nature.com/articles/s41467-026-74764-9#MOESM5; AMRFinder
K_61,blaOXA-10,positive,https://www.nature.com/articles/s41467-026-74764-9#MOESM5; AMRFinder
K_61,cmlA5,positive,https://www.nature.com/articles/s41467-026-74764-9#MOESM5; AMRFinder
K_61,arr-2,positive,https://www.nature.com/articles/s41467-026-74764-9#MOESM5; AMRFinder
K_61,blaNDM-1,positive,https://www.nature.com/articles/s41467-026-74764-9#MOESM5; AMRFinder
K_61,ble,positive,https://www.nature.com/articles/s41467-026-74764-9#MOESM5; AMRFinder
K_61,qnrA1,positive,https://www.nature.com/articles/s41467-026-74764-9#MOESM5; AMRFinder
K_61,aadA2,positive,https://www.nature.com/articles/s41467-026-74764-9#MOESM5; AMRFinder
K_61,dfrA12,positive,https://www.nature.com/articles/s41467-026-74764-9#MOESM5; AMRFinder
K_61,sul1,positive,https://www.nature.com/articles/s41467-026-74764-9#MOESM5; AMRFinder
K_61,oqxB,positive,https://www.nature.com/articles/s41467-026-74764-9#MOESM5; AMRFinder
K_61,blaACT,positive,https://www.nature.com/articles/s41467-026-74764-9#MOESM5; AMRFinder
K_61,fosA,positive,https://www.nature.com/articles/s41467-026-74764-9#MOESM5; AMRFinder
K_61,aph(3')-VIa,positive,https://www.nature.com/articles/s41467-026-74764-9#MOESM5; AMRFinder
K_61,blaVEB-9,positive,https://www.nature.com/articles/s41467-026-74764-9#MOESM5; AMRFinder
K_61,msr(E),positive,https://www.nature.com/articles/s41467-026-74764-9#MOESM5; AMRFinder
K_61,mph(E),positive,https://www.nature.com/articles/s41467-026-74764-9#MOESM5; AMRFinder
K_62,aac(3)-IIe,positive,https://www.nature.com/articles/s41467-026-74764-9#MOESM5; AMRFinder
K_62,catB3,positive,https://www.nature.com/articles/s41467-026-74764-9#MOESM5; AMRFinder
K_62,blaOXA-1,positive,https://www.nature.com/articles/s41467-026-74764-9#MOESM5; AMRFinder
K_62,aac(6')-Ib-cr5,positive,https://www.nature.com/articles/s41467-026-74764-9#MOESM5; AMRFinder
K_62,blaEC,positive,https://www.nature.com/articles/s41467-026-74764-9#MOESM5; AMRFinder
K_62,emrD,positive,https://www.nature.com/articles/s41467-026-74764-9#MOESM5; AMRFinder
K_62,mdtM,positive,https://www.nature.com/articles/s41467-026-74764-9#MOESM5; AMRFinder
K_62,blaNDM-5,positive,https://www.nature.com/articles/s41467-026-74764-9#MOESM5; AMRFinder
K_62,ble,positive,https://www.nature.com/articles/s41467-026-74764-9#MOESM5; AMRFinder
K_62,sul1,positive,https://www.nature.com/articles/s41467-026-74764-9#MOESM5; AMRFinder
K_62,aadA5,positive,https://www.nature.com/articles/s41467-026-74764-9#MOESM5; AMRFinder
K_62,dfrA17,positive,https://www.nature.com/articles/s41467-026-74764-9#MOESM5; AMRFinder
K_62,acrF,positive,https://www.nature.com/articles/s41467-026-74764-9#MOESM5; AMRFinder
K_62,blaCTX-M-15,positive,https://www.nature.com/articles/s41467-026-74764-9#MOESM5; AMRFinder
K_62,tet(B),positive,https://www.nature.com/articles/s41467-026-74764-9#MOESM5; AMRFinder
K_62,mph(A),positive,https://www.nature.com/articles/s41467-026-74764-9#MOESM5; AMRFinder
K_63,fosA,positive,https://www.nature.com/articles/s41467-026-74764-9#MOESM5; AMRFinder
K_63,emrD,positive,https://www.nature.com/articles/s41467-026-74764-9#MOESM5; AMRFinder
K_63,blaTEM-1,positive,https://www.nature.com/articles/s41467-026-74764-9#MOESM5; AMRFinder
K_63,blaOXA-9,positive,https://www.nature.com/articles/s41467-026-74764-9#MOESM5; AMRFinder
K_63,aadA1,positive,https://www.nature.com/articles/s41467-026-74764-9#MOESM5; AMRFinder
K_63,aac(6')-Ib,positive,https://www.nature.com/articles/s41467-026-74764-9#MOESM5; AMRFinder
K_63,blaSHV-11,positive,https://www.nature.com/articles/s41467-026-74764-9#MOESM5; AMRFinder
K_63,blaNDM-1,positive,https://www.nature.com/articles/s41467-026-74764-9#MOESM5; AMRFinder
K_63,ble,positive,https://www.nature.com/articles/s41467-026-74764-9#MOESM5; AMRFinder
K_63,blaCTX-M-15,positive,https://www.nature.com/articles/s41467-026-74764-9#MOESM5; AMRFinder
K_63,qnrB1,positive,https://www.nature.com/articles/s41467-026-74764-9#MOESM5; AMRFinder
K_63,oqxA,positive,https://www.nature.com/articles/s41467-026-74764-9#MOESM5; AMRFinder
K_63,oqxB19,positive,https://www.nature.com/articles/s41467-026-74764-9#MOESM5; AMRFinder
K_63,kdeA,positive,https://www.nature.com/articles/s41467-026-74764-9#MOESM5; AMRFinder
K_64,mdtM,positive,https://www.nature.com/articles/s41467-026-74764-9#MOESM5; AMRFinder
K_64,acrF,positive,https://www.nature.com/articles/s41467-026-74764-9#MOESM5; AMRFinder
K_64,emrD,positive,https://www.nature.com/articles/s41467-026-74764-9#MOESM5; AMRFinder
K_64,qnrS1,positive,https://www.nature.com/articles/s41467-026-74764-9#MOESM5; AMRFinder
K_64,blaNDM-5,positive,https://www.nature.com/articles/s41467-026-74764-9#MOESM5; AMRFinder
K_64,blaEC,positive,https://www.nature.com/articles/s41467-026-74764-9#MOESM5; AMRFinder
K_65,mph(A),positive,https://www.nature.com/articles/s41467-026-74764-9#MOESM5; AMRFinder
K_65,acrF,positive,https://www.nature.com/articles/s41467-026-74764-9#MOESM5; AMRFinder
K_65,blaEC,positive,https://www.nature.com/articles/s41467-026-74764-9#MOESM5; AMRFinder
K_65,emrD,positive,https://www.nature.com/articles/s41467-026-74764-9#MOESM5; AMRFinder
K_65,blaCMY-42,positive,https://www.nature.com/articles/s41467-026-74764-9#MOESM5; AMRFinder
K_65,mdtM,positive,https://www.nature.com/articles/s41467-026-74764-9#MOESM5; AMRFinder
K_65,tet(A),positive,https://www.nature.com/articles/s41467-026-74764-9#MOESM5; AMRFinder
K_65,blaNDM-5,positive,https://www.nature.com/articles/s41467-026-74764-9#MOESM5; AMRFinder
K_65,ble,positive,https://www.nature.com/articles/s41467-026-74764-9#MOESM5; AMRFinder
K_65,sul1,positive,https://www.nature.com/articles/s41467-026-74764-9#MOESM5; AMRFinder
K_65,aadA2,positive,https://www.nature.com/articles/s41467-026-74764-9#MOESM5; AMRFinder
K_65,dfrA12,positive,https://www.nature.com/articles/s41467-026-74764-9#MOESM5; AMRFinder
K_66,emrD,positive,https://www.nature.com/articles/s41467-026-74764-9#MOESM5; AMRFinder
K_66,mdtM,positive,https://www.nature.com/articles/s41467-026-74764-9#MOESM5; AMRFinder
K_66,blaCMY-42,positive,https://www.nature.com/articles/s41467-026-74764-9#MOESM5; AMRFinder
K_66,dfrA12,positive,https://www.nature.com/articles/s41467-026-74764-9#MOESM5; AMRFinder
K_66,aadA2,positive,https://www.nature.com/articles/s41467-026-74764-9#MOESM5; AMRFinder
K_66,sul1,positive,https://www.nature.com/articles/s41467-026-74764-9#MOESM5; AMRFinder
K_66,ble,positive,https://www.nature.com/articles/s41467-026-74764-9#MOESM5; AMRFinder
K_66,blaNDM-5,positive,https://www.nature.com/articles/s41467-026-74764-9#MOESM5; AMRFinder
K_66,acrF,positive,https://www.nature.com/articles/s41467-026-74764-9#MOESM5; AMRFinder
K_66,blaEC,positive,https://www.nature.com/articles/s41467-026-74764-9#MOESM5; AMRFinder
K_66,mph(A),positive,https://www.nature.com/articles/s41467-026-74764-9#MOESM5; AMRFinder
K_66,erm(B),positive,https://www.nature.com/articles/s41467-026-74764-9#MOESM5; AMRFinder
K_67,emrD,positive,https://www.nature.com/articles/s41467-026-74764-9#MOESM5; AMRFinder
K_67,mdtM,positive,https://www.nature.com/articles/s41467-026-74764-9#MOESM5; AMRFinder
K_67,blaEC,positive,https://www.nature.com/articles/s41467-026-74764-9#MOESM5; AMRFinder
K_67,blaCMY-42,positive,https://www.nature.com/articles/s41467-026-74764-9#MOESM5; AMRFinder
K_67,blaNDM-5,positive,https://www.nature.com/articles/s41467-026-74764-9#MOESM5; AMRFinder
K_67,ble,positive,https://www.nature.com/articles/s41467-026-74764-9#MOESM5; AMRFinder
K_67,sul1,positive,https://www.nature.com/articles/s41467-026-74764-9#MOESM5; AMRFinder
K_67,aadA2,positive,https://www.nature.com/articles/s41467-026-74764-9#MOESM5; AMRFinder
K_67,dfrA12,positive,https://www.nature.com/articles/s41467-026-74764-9#MOESM5; AMRFinder
K_67,acrF,positive,https://www.nature.com/articles/s41467-026-74764-9#MOESM5; AMRFinder
K_67,mph(A),positive,https://www.nature.com/articles/s41467-026-74764-9#MOESM5; AMRFinder
K_67,erm(B),positive,https://www.nature.com/articles/s41467-026-74764-9#MOESM5; AMRFinder
K_68,erm(B),positive,https://www.nature.com/articles/s41467-026-74764-9#MOESM5; AMRFinder
K_68,mdtM,positive,https://www.nature.com/articles/s41467-026-74764-9#MOESM5; AMRFinder
K_68,blaCMY,positive,https://www.nature.com/articles/s41467-026-74764-9#MOESM5; AMRFinder
K_68,blaEC,positive,https://www.nature.com/articles/s41467-026-74764-9#MOESM5; AMRFinder
K_68,emrD,positive,https://www.nature.com/articles/s41467-026-74764-9#MOESM5; AMRFinder
K_68,acrF,positive,https://www.nature.com/articles/s41467-026-74764-9#MOESM5; AMRFinder
K_68,dfrA12,positive,https://www.nature.com/articles/s41467-026-74764-9#MOESM5; AMRFinder
K_68,aadA2,positive,https://www.nature.com/articles/s41467-026-74764-9#MOESM5; AMRFinder
K_68,sul1,positive,https://www.nature.com/articles/s41467-026-74764-9#MOESM5; AMRFinder
K_68,ble,positive,https://www.nature.com/articles/s41467-026-74764-9#MOESM5; AMRFinder
K_68,blaNDM-5,positive,https://www.nature.com/articles/s41467-026-74764-9#MOESM5; AMRFinder
K_68,mph(A),positive,https://www.nature.com/articles/s41467-026-74764-9#MOESM5; AMRFinder
K_69,blaTEM,positive,https://www.nature.com/articles/s41467-026-74764-9#MOESM5; AMRFinder
K_69,kdeA,positive,https://www.nature.com/articles/s41467-026-74764-9#MOESM5; AMRFinder
K_69,emrD,positive,https://www.nature.com/articles/s41467-026-74764-9#MOESM5; AMRFinder
K_69,fosA,positive,https://www.nature.com/articles/s41467-026-74764-9#MOESM5; AMRFinder
K_69,sul1,positive,https://www.nature.com/articles/s41467-026-74764-9#MOESM5; AMRFinder
K_69,armA,positive,https://www.nature.com/articles/s41467-026-74764-9#MOESM5; AMRFinder
K_69,msr(E),positive,https://www.nature.com/articles/s41467-026-74764-9#MOESM5; AMRFinder
K_69,mph(E),positive,https://www.nature.com/articles/s41467-026-74764-9#MOESM5; AMRFinder
K_69,qnrB1,positive,https://www.nature.com/articles/s41467-026-74764-9#MOESM5; AMRFinder
K_69,qnrS1,positive,https://www.nature.com/articles/s41467-026-74764-9#MOESM5; AMRFinder
K_69,oqxA,positive,https://www.nature.com/articles/s41467-026-74764-9#MOESM5; AMRFinder
K_69,oqxB,positive,https://www.nature.com/articles/s41467-026-74764-9#MOESM5; AMRFinder
K_69,aac(3)-IId,positive,https://www.nature.com/articles/s41467-026-74764-9#MOESM5; AMRFinder
K_69,blaCTX-M-15,positive,https://www.nature.com/articles/s41467-026-74764-9#MOESM5; AMRFinder
K_69,dfrA12,positive,https://www.nature.com/articles/s41467-026-74764-9#MOESM5; AMRFinder
K_69,aadA2,positive,https://www.nature.com/articles/s41467-026-74764-9#MOESM5; AMRFinder
K_69,tet(A),positive,https://www.nature.com/articles/s41467-026-74764-9#MOESM5; AMRFinder
K_69,catB3,positive,https://www.nature.com/articles/s41467-026-74764-9#MOESM5; AMRFinder
K_69,blaOXA-1,positive,https://www.nature.com/articles/s41467-026-74764-9#MOESM5; AMRFinder
K_69,aac(6')-Ib-cr5,positive,https://www.nature.com/articles/s41467-026-74764-9#MOESM5; AMRFinder
K_69,blaOXA,positive,https://www.nature.com/articles/s41467-026-74764-9#MOESM5; AMRFinder
K_69,aph(3')-IIa,positive,https://www.nature.com/articles/s41467-026-74764-9#MOESM5; AMRFinder
K_69,catA1,positive,https://www.nature.com/articles/s41467-026-74764-9#MOESM5; AMRFinder
K_70,mdtM,positive,https://www.nature.com/articles/s41467-026-74764-9#MOESM5; AMRFinder
K_70,dfrA12,positive,https://www.nature.com/articles/s41467-026-74764-9#MOESM5; AMRFinder
K_70,aadA2,positive,https://www.nature.com/articles/s41467-026-74764-9#MOESM5; AMRFinder
K_70,sul1,positive,https://www.nature.com/articles/s41467-026-74764-9#MOESM5; AMRFinder
K_70,ble,positive,https://www.nature.com/articles/s41467-026-74764-9#MOESM5; AMRFinder
K_70,blaNDM-5,positive,https://www.nature.com/articles/s41467-026-74764-9#MOESM5; AMRFinder
K_70,blaCMY-145,positive,https://www.nature.com/articles/s41467-026-74764-9#MOESM5; AMRFinder
K_70,acrF,positive,https://www.nature.com/articles/s41467-026-74764-9#MOESM5; AMRFinder
K_70,emrD,positive,https://www.nature.com/articles/s41467-026-74764-9#MOESM5; AMRFinder
K_70,blaEC,positive,https://www.nature.com/articles/s41467-026-74764-9#MOESM5; AMRFinder
K_71,fosA,positive,https://www.nature.com/articles/s41467-026-74764-9#MOESM5; AMRFinder
K_71,blaCMH-4,positive,https://www.nature.com/articles/s41467-026-74764-9#MOESM5; AMRFinder
K_71,qnrS1,positive,https://www.nature.com/articles/s41467-026-74764-9#MOESM5; AMRFinder
K_71,aph(3')-VIa,positive,https://www.nature.com/articles/s41467-026-74764-9#MOESM5; AMRFinder
K_71,blaVEB,positive,https://www.nature.com/articles/s41467-026-74764-9#MOESM5; AMRFinder
K_71,msr(E),positive,https://www.nature.com/articles/s41467-026-74764-9#MOESM5; AMRFinder
K_71,mph(E),positive,https://www.nature.com/articles/s41467-026-74764-9#MOESM5; AMRFinder
K_71,sul1,positive,https://www.nature.com/articles/s41467-026-74764-9#MOESM5; AMRFinder
K_71,aadA1,positive,https://www.nature.com/articles/s41467-026-74764-9#MOESM5; AMRFinder
K_71,blaOXA-10,positive,https://www.nature.com/articles/s41467-026-74764-9#MOESM5; AMRFinder
K_71,cmlA5,positive,https://www.nature.com/articles/s41467-026-74764-9#MOESM5; AMRFinder
K_71,arr-2,positive,https://www.nature.com/articles/s41467-026-74764-9#MOESM5; AMRFinder
K_71,blaNDM-1,positive,https://www.nature.com/articles/s41467-026-74764-9#MOESM5; AMRFinder
K_71,ble,positive,https://www.nature.com/articles/s41467-026-74764-9#MOESM5; AMRFinder
K_71,dfrA12,positive,https://www.nature.com/articles/s41467-026-74764-9#MOESM5; AMRFinder
K_71,aadA2,positive,https://www.nature.com/articles/s41467-026-74764-9#MOESM5; AMRFinder
K_71,oqxB,positive,https://www.nature.com/articles/s41467-026-74764-9#MOESM5; AMRFinder
K_72,emrD,positive,https://www.nature.com/articles/s41467-026-74764-9#MOESM5; AMRFinder
K_72,dfrA14,positive,https://www.nature.com/articles/s41467-026-74764-9#MOESM5; AMRFinder
K_72,tet(A),positive,https://www.nature.com/articles/s41467-026-74764-9#MOESM5; AMRFinder
K_72,blaCTX-M-15,positive,https://www.nature.com/articles/s41467-026-74764-9#MOESM5; AMRFinder
K_72,qnrB1,positive,https://www.nature.com/articles/s41467-026-74764-9#MOESM5; AMRFinder
K_72,sul2,positive,https://www.nature.com/articles/s41467-026-74764-9#MOESM5; AMRFinder
K_72,aph(3'')-Ib,positive,https://www.nature.com/articles/s41467-026-74764-9#MOESM5; AMRFinder
K_72,aph(6)-Id,positive,https://www.nature.com/articles/s41467-026-74764-9#MOESM5; AMRFinder
K_72,aac(3)-IIe,positive,https://www.nature.com/articles/s41467-026-74764-9#MOESM5; AMRFinder
K_72,catB3,positive,https://www.nature.com/articles/s41467-026-74764-9#MOESM5; AMRFinder
K_72,blaOXA,positive,https://www.nature.com/articles/s41467-026-74764-9#MOESM5; AMRFinder
K_72,aac(6')-Ib-cr5,positive,https://www.nature.com/articles/s41467-026-74764-9#MOESM5; AMRFinder
K_72,blaTEM-1,positive,https://www.nature.com/articles/s41467-026-74764-9#MOESM5; AMRFinder
K_72,kdeA,positive,https://www.nature.com/articles/s41467-026-74764-9#MOESM5; AMRFinder
K_72,oqxB,positive,https://www.nature.com/articles/s41467-026-74764-9#MOESM5; AMRFinder
K_72,oqxA,positive,https://www.nature.com/articles/s41467-026-74764-9#MOESM5; AMRFinder
K_72,fosA,positive,https://www.nature.com/articles/s41467-026-74764-9#MOESM5; AMRFinder
K_72,blaSHV-11,positive,https://www.nature.com/articles/s41467-026-74764-9#MOESM5; AMRFinder
K_73,blaEC,positive,https://www.nature.com/articles/s41467-026-74764-9#MOESM5; AMRFinder
K_73,mdtM,positive,https://www.nature.com/articles/s41467-026-74764-9#MOESM5; AMRFinder
K_73,blaCTX-M-15,positive,https://www.nature.com/articles/s41467-026-74764-9#MOESM5; AMRFinder
K_73,emrD,positive,https://www.nature.com/articles/s41467-026-74764-9#MOESM5; AMRFinder
K_73,blaCMY-42,positive,https://www.nature.com/articles/s41467-026-74764-9#MOESM5; AMRFinder
K_73,blaNDM-5,positive,https://www.nature.com/articles/s41467-026-74764-9#MOESM5; AMRFinder
K_73,ble,positive,https://www.nature.com/articles/s41467-026-74764-9#MOESM5; AMRFinder
K_73,sul1,positive,https://www.nature.com/articles/s41467-026-74764-9#MOESM5; AMRFinder
K_73,aadA2,positive,https://www.nature.com/articles/s41467-026-74764-9#MOESM5; AMRFinder
K_73,dfrA12,positive,https://www.nature.com/articles/s41467-026-74764-9#MOESM5; AMRFinder
K_73,tet(A),positive,https://www.nature.com/articles/s41467-026-74764-9#MOESM5; AMRFinder
K_73,rmtB1,positive,https://www.nature.com/articles/s41467-026-74764-9#MOESM5; AMRFinder
K_73,blaTEM-1,positive,https://www.nature.com/articles/s41467-026-74764-9#MOESM5; AMRFinder
K_73,mph(A),positive,https://www.nature.com/articles/s41467-026-74764-9#MOESM5; AMRFinder
K_73,catA2,positive,https://www.nature.com/articles/s41467-026-74764-9#MOESM5; AMRFinder
K_73,acrF,positive,https://www.nature.com/articles/s41467-026-74764-9#MOESM5; AMRFinder
K_74,acrF,positive,https://www.nature.com/articles/s41467-026-74764-9#MOESM5; AMRFinder
K_74,mdtM,positive,https://www.nature.com/articles/s41467-026-74764-9#MOESM5; AMRFinder
K_74,blaTEM-1,positive,https://www.nature.com/articles/s41467-026-74764-9#MOESM5; AMRFinder
K_74,catA1,positive,https://www.nature.com/articles/s41467-026-74764-9#MOESM5; AMRFinder
K_74,dfrA12,positive,https://www.nature.com/articles/s41467-026-74764-9#MOESM5; AMRFinder
K_74,aadA2,positive,https://www.nature.com/articles/s41467-026-74764-9#MOESM5; AMRFinder
K_74,sul1,positive,https://www.nature.com/articles/s41467-026-74764-9#MOESM5; AMRFinder
K_74,mph(A),positive,https://www.nature.com/articles/s41467-026-74764-9#MOESM5; AMRFinder
K_74,blaCMY-42,positive,https://www.nature.com/articles/s41467-026-74764-9#MOESM5; AMRFinder
K_74,erm(B),positive,https://www.nature.com/articles/s41467-026-74764-9#MOESM5; AMRFinder
K_74,tet(B),positive,https://www.nature.com/articles/s41467-026-74764-9#MOESM5; AMRFinder
K_74,blaEC,positive,https://www.nature.com/articles/s41467-026-74764-9#MOESM5; AMRFinder
K_74,emrD,positive,https://www.nature.com/articles/s41467-026-74764-9#MOESM5; AMRFinder
K_75,kdeA,positive,https://www.nature.com/articles/s41467-026-74764-9#MOESM5; AMRFinder
K_75,fosA,positive,https://www.nature.com/articles/s41467-026-74764-9#MOESM5; AMRFinder
K_75,emrD,positive,https://www.nature.com/articles/s41467-026-74764-9#MOESM5; AMRFinder
K_75,blaSHV-11,positive,https://www.nature.com/articles/s41467-026-74764-9#MOESM5; AMRFinder
K_75,oqxB,positive,https://www.nature.com/articles/s41467-026-74764-9#MOESM5; AMRFinder
K_75,oqxA,positive,https://www.nature.com/articles/s41467-026-74764-9#MOESM5; AMRFinder
K_75,blaTEM-1,positive,https://www.nature.com/articles/s41467-026-74764-9#MOESM5; AMRFinder
K_75,aph(6)-Id,positive,https://www.nature.com/articles/s41467-026-74764-9#MOESM5; AMRFinder
K_75,aph(3'')-Ib,positive,https://www.nature.com/articles/s41467-026-74764-9#MOESM5; AMRFinder
K_75,sul2,positive,https://www.nature.com/articles/s41467-026-74764-9#MOESM5; AMRFinder
K_75,mph(E),positive,https://www.nature.com/articles/s41467-026-74764-9#MOESM5; AMRFinder
K_75,msr(E),positive,https://www.nature.com/articles/s41467-026-74764-9#MOESM5; AMRFinder
K_75,armA,positive,https://www.nature.com/articles/s41467-026-74764-9#MOESM5; AMRFinder
K_75,qnrB1,positive,https://www.nature.com/articles/s41467-026-74764-9#MOESM5; AMRFinder
K_75,blaOXA-232,positive,https://www.nature.com/articles/s41467-026-74764-9#MOESM5; AMRFinder
K_75,cmlA5,positive,https://www.nature.com/articles/s41467-026-74764-9#MOESM5; AMRFinder
K_75,aadA1,positive,https://www.nature.com/articles/s41467-026-74764-9#MOESM5; AMRFinder
K_75,ere(A),positive,https://www.nature.com/articles/s41467-026-74764-9#MOESM5; AMRFinder
K_75,arr-2,positive,https://www.nature.com/articles/s41467-026-74764-9#MOESM5; AMRFinder
K_75,ble,positive,https://www.nature.com/articles/s41467-026-74764-9#MOESM5; AMRFinder
K_75,blaNDM-5,positive,https://www.nature.com/articles/s41467-026-74764-9#MOESM5; AMRFinder
K_75,sul1,positive,https://www.nature.com/articles/s41467-026-74764-9#MOESM5; AMRFinder
K_75,aadA2,positive,https://www.nature.com/articles/s41467-026-74764-9#MOESM5; AMRFinder
K_75,dfrA12,positive,https://www.nature.com/articles/s41467-026-74764-9#MOESM5; AMRFinder
K_75,catB3,positive,https://www.nature.com/articles/s41467-026-74764-9#MOESM5; AMRFinder
K_75,blaOXA-1,positive,https://www.nature.com/articles/s41467-026-74764-9#MOESM5; AMRFinder
K_75,aac(6')-Ib-cr5,positive,https://www.nature.com/articles/s41467-026-74764-9#MOESM5; AMRFinder
K_75,blaCTX-M-15,positive,https://www.nature.com/articles/s41467-026-74764-9#MOESM5; AMRFinder
K_76,emrD,positive,https://www.nature.com/articles/s41467-026-74764-9#MOESM5; AMRFinder
K_76,acrF,positive,https://www.nature.com/articles/s41467-026-74764-9#MOESM5; AMRFinder
K_76,mdtM,positive,https://www.nature.com/articles/s41467-026-74764-9#MOESM5; AMRFinder
K_76,blaCMY-42,positive,https://www.nature.com/articles/s41467-026-74764-9#MOESM5; AMRFinder
K_76,mph(E),positive,https://www.nature.com/articles/s41467-026-74764-9#MOESM5; AMRFinder
K_76,msr(E),positive,https://www.nature.com/articles/s41467-026-74764-9#MOESM5; AMRFinder
K_76,armA,positive,https://www.nature.com/articles/s41467-026-74764-9#MOESM5; AMRFinder
K_76,tet(A),positive,https://www.nature.com/articles/s41467-026-74764-9#MOESM5; AMRFinder
K_76,aadA1,positive,https://www.nature.com/articles/s41467-026-74764-9#MOESM5; AMRFinder
K_76,blaOXA-10,positive,https://www.nature.com/articles/s41467-026-74764-9#MOESM5; AMRFinder
K_76,cmlA5,positive,https://www.nature.com/articles/s41467-026-74764-9#MOESM5; AMRFinder
K_76,arr-2,positive,https://www.nature.com/articles/s41467-026-74764-9#MOESM5; AMRFinder
K_76,ble,positive,https://www.nature.com/articles/s41467-026-74764-9#MOESM5; AMRFinder
K_76,blaNDM-5,positive,https://www.nature.com/articles/s41467-026-74764-9#MOESM5; AMRFinder
K_76,mph(A),positive,https://www.nature.com/articles/s41467-026-74764-9#MOESM5; AMRFinder
K_76,aadA2,positive,https://www.nature.com/articles/s41467-026-74764-9#MOESM5; AMRFinder
K_76,dfrA12,positive,https://www.nature.com/articles/s41467-026-74764-9#MOESM5; AMRFinder
K_76,sul1,positive,https://www.nature.com/articles/s41467-026-74764-9#MOESM5; AMRFinder
K_76,blaEC,positive,https://www.nature.com/articles/s41467-026-74764-9#MOESM5; AMRFinder
K_77,kdeA,positive,https://www.nature.com/articles/s41467-026-74764-9#MOESM5; AMRFinder
K_77,blaSHV-1,positive,https://www.nature.com/articles/s41467-026-74764-9#MOESM5; AMRFinder
K_77,emrD,positive,https://www.nature.com/articles/s41467-026-74764-9#MOESM5; AMRFinder
K_77,catB,positive,https://www.nature.com/articles/s41467-026-74764-9#MOESM5; AMRFinder
K_77,rmtF1,positive,https://www.nature.com/articles/s41467-026-74764-9#MOESM5; AMRFinder
K_77,aac(6')-Ib,positive,https://www.nature.com/articles/s41467-026-74764-9#MOESM5; AMRFinder
K_77,blaOXA-232,positive,https://www.nature.com/articles/s41467-026-74764-9#MOESM5; AMRFinder
K_77,blaCTX-M-15,positive,https://www.nature.com/articles/s41467-026-74764-9#MOESM5; AMRFinder
K_77,oqxA,positive,https://www.nature.com/articles/s41467-026-74764-9#MOESM5; AMRFinder
K_77,oqxB32,positive,https://www.nature.com/articles/s41467-026-74764-9#MOESM5; AMRFinder
K_77,dfrA1,positive,https://www.nature.com/articles/s41467-026-74764-9#MOESM5; AMRFinder
K_77,sul1,positive,https://www.nature.com/articles/s41467-026-74764-9#MOESM5; AMRFinder
K_77,fosA,positive,https://www.nature.com/articles/s41467-026-74764-9#MOESM5; AMRFinder
K_77,arr-3,positive,https://www.nature.com/articles/s41467-026-74764-9#MOESM5; AMRFinder
K_78,aac(6')-Ib,positive,https://www.nature.com/articles/s41467-026-74764-9#MOESM5; AMRFinder
K_78,emrD,positive,https://www.nature.com/articles/s41467-026-74764-9#MOESM5; AMRFinder
K_78,blaSHV-11,positive,https://www.nature.com/articles/s41467-026-74764-9#MOESM5; AMRFinder
K_78,kdeA,positive,https://www.nature.com/articles/s41467-026-74764-9#MOESM5; AMRFinder
K_78,fosA,positive,https://www.nature.com/articles/s41467-026-74764-9#MOESM5; AMRFinder
K_78,oqxB,positive,https://www.nature.com/articles/s41467-026-74764-9#MOESM5; AMRFinder
K_78,oqxA,positive,https://www.nature.com/articles/s41467-026-74764-9#MOESM5; AMRFinder
K_78,blaCTX-M-15,positive,https://www.nature.com/articles/s41467-026-74764-9#MOESM5; AMRFinder
K_78,qnrS1,positive,https://www.nature.com/articles/s41467-026-74764-9#MOESM5; AMRFinder
K_78,aph(3')-VI,positive,https://www.nature.com/articles/s41467-026-74764-9#MOESM5; AMRFinder
K_78,blaNDM-1,positive,https://www.nature.com/articles/s41467-026-74764-9#MOESM5; AMRFinder
K_78,ble,positive,https://www.nature.com/articles/s41467-026-74764-9#MOESM5; AMRFinder
K_78,mph(A),positive,https://www.nature.com/articles/s41467-026-74764-9#MOESM5; AMRFinder
K_78,arr-3,positive,https://www.nature.com/articles/s41467-026-74764-9#MOESM5; AMRFinder
K_78,catB3,positive,https://www.nature.com/articles/s41467-026-74764-9#MOESM5; AMRFinder
K_78,blaOXA-1,positive,https://www.nature.com/articles/s41467-026-74764-9#MOESM5; AMRFinder
K_78,dfrA12,positive,https://www.nature.com/articles/s41467-026-74764-9#MOESM5; AMRFinder
K_78,aadA2,positive,https://www.nature.com/articles/s41467-026-74764-9#MOESM5; AMRFinder
K_78,sul1,positive,https://www.nature.com/articles/s41467-026-74764-9#MOESM5; AMRFinder
K_78,aadA1,positive,https://www.nature.com/articles/s41467-026-74764-9#MOESM5; AMRFinder
K_79,fosA,positive,https://www.nature.com/articles/s41467-026-74764-9#MOESM5; AMRFinder
K_79,emrD,positive,https://www.nature.com/articles/s41467-026-74764-9#MOESM5; AMRFinder
K_79,oqxA,positive,https://www.nature.com/articles/s41467-026-74764-9#MOESM5; AMRFinder
K_79,oqxB,positive,https://www.nature.com/articles/s41467-026-74764-9#MOESM5; AMRFinder
K_79,dfrA30,positive,https://www.nature.com/articles/s41467-026-74764-9#MOESM5; AMRFinder
K_79,kdeA,positive,https://www.nature.com/articles/s41467-026-74764-9#MOESM5; AMRFinder
K_79,blaSHV-11,positive,https://www.nature.com/articles/s41467-026-74764-9#MOESM5; AMRFinder
K_79,rmtB1,positive,https://www.nature.com/articles/s41467-026-74764-9#MOESM5; AMRFinder
K_79,blaTEM-1,positive,https://www.nature.com/articles/s41467-026-74764-9#MOESM5; AMRFinder
K_79,mph(A),positive,https://www.nature.com/articles/s41467-026-74764-9#MOESM5; AMRFinder
K_79,blaNDM-5,positive,https://www.nature.com/articles/s41467-026-74764-9#MOESM5; AMRFinder
K_79,ble,positive,https://www.nature.com/articles/s41467-026-74764-9#MOESM5; AMRFinder
K_79,sul1,positive,https://www.nature.com/articles/s41467-026-74764-9#MOESM5; AMRFinder
K_79,blaOXA,positive,https://www.nature.com/articles/s41467-026-74764-9#MOESM5; AMRFinder
K_79,erm(B),positive,https://www.nature.com/articles/s41467-026-74764-9#MOESM5; AMRFinder
K_79,blaCTX-M-15,positive,https://www.nature.com/articles/s41467-026-74764-9#MOESM5; AMRFinder
K7,blaSHV,positive,https://www.nature.com/articles/s41467-026-74764-9#MOESM5; AMRFinder
K7,blaTEM,positive,https://www.nature.com/articles/s41467-026-74764-9#MOESM5; AMRFinder
K7,kdeA,positive,https://www.nature.com/articles/s41467-026-74764-9#MOESM5; AMRFinder
K7,emrD,positive,https://www.nature.com/articles/s41467-026-74764-9#MOESM5; AMRFinder
K7,qnrB1,positive,https://www.nature.com/articles/s41467-026-74764-9#MOESM5; AMRFinder
K7,qnrS1,positive,https://www.nature.com/articles/s41467-026-74764-9#MOESM5; AMRFinder
K7,blaOXA-232,positive,https://www.nature.com/articles/s41467-026-74764-9#MOESM5; AMRFinder
K7,aac(3)-IId,positive,https://www.nature.com/articles/s41467-026-74764-9#MOESM5; AMRFinder
K7,aph(3')-VIa,positive,https://www.nature.com/articles/s41467-026-74764-9#MOESM5; AMRFinder
K7,blaVEB,positive,https://www.nature.com/articles/s41467-026-74764-9#MOESM5; AMRFinder
K7,tet(A),positive,https://www.nature.com/articles/s41467-026-74764-9#MOESM5; AMRFinder
K7,aadA1,positive,https://www.nature.com/articles/s41467-026-74764-9#MOESM5; AMRFinder
K7,blaOXA-10,positive,https://www.nature.com/articles/s41467-026-74764-9#MOESM5; AMRFinder
K7,cmlA5,positive,https://www.nature.com/articles/s41467-026-74764-9#MOESM5; AMRFinder
K7,arr-2,positive,https://www.nature.com/articles/s41467-026-74764-9#MOESM5; AMRFinder
K7,msr(E),positive,https://www.nature.com/articles/s41467-026-74764-9#MOESM5; AMRFinder
K7,mph(E),positive,https://www.nature.com/articles/s41467-026-74764-9#MOESM5; AMRFinder
K7,blaNDM-1,positive,https://www.nature.com/articles/s41467-026-74764-9#MOESM5; AMRFinder
K7,ble,positive,https://www.nature.com/articles/s41467-026-74764-9#MOESM5; AMRFinder
K7,fosA,positive,https://www.nature.com/articles/s41467-026-74764-9#MOESM5; AMRFinder
K7,armA,positive,https://www.nature.com/articles/s41467-026-74764-9#MOESM5; AMRFinder
K7,catB3,positive,https://www.nature.com/articles/s41467-026-74764-9#MOESM5; AMRFinder
K7,blaOXA-1,positive,https://www.nature.com/articles/s41467-026-74764-9#MOESM5; AMRFinder
K7,aac(6')-Ib-cr5,positive,https://www.nature.com/articles/s41467-026-74764-9#MOESM5; AMRFinder
K7,dfrA12,positive,https://www.nature.com/articles/s41467-026-74764-9#MOESM5; AMRFinder
K7,aadA2,positive,https://www.nature.com/articles/s41467-026-74764-9#MOESM5; AMRFinder
K7,blaCTX-M-15,positive,https://www.nature.com/articles/s41467-026-74764-9#MOESM5; AMRFinder
K7,oqxB,positive,https://www.nature.com/articles/s41467-026-74764-9#MOESM5; AMRFinder
K7,oqxA,positive,https://www.nature.com/articles/s41467-026-74764-9#MOESM5; AMRFinder
K7,catA1,positive,https://www.nature.com/articles/s41467-026-74764-9#MOESM5; AMRFinder
K7,sul1,positive,https://www.nature.com/articles/s41467-026-74764-9#MOESM5; AMRFinder
K_80,blaEC,positive,https://www.nature.com/articles/s41467-026-74764-9#MOESM5; AMRFinder
K_80,mdtM,positive,https://www.nature.com/articles/s41467-026-74764-9#MOESM5; AMRFinder
K_80,blaCMY-42,positive,https://www.nature.com/articles/s41467-026-74764-9#MOESM5; AMRFinder
K_80,dfrA12,positive,https://www.nature.com/articles/s41467-026-74764-9#MOESM5; AMRFinder
K_80,aadA2,positive,https://www.nature.com/articles/s41467-026-74764-9#MOESM5; AMRFinder
K_80,sul1,positive,https://www.nature.com/articles/s41467-026-74764-9#MOESM5; AMRFinder
K_80,ble,positive,https://www.nature.com/articles/s41467-026-74764-9#MOESM5; AMRFinder
K_80,blaNDM-5,positive,https://www.nature.com/articles/s41467-026-74764-9#MOESM5; AMRFinder
K_80,acrF,positive,https://www.nature.com/articles/s41467-026-74764-9#MOESM5; AMRFinder
K_80,mph(A),positive,https://www.nature.com/articles/s41467-026-74764-9#MOESM5; AMRFinder
K_80,erm(B),positive,https://www.nature.com/articles/s41467-026-74764-9#MOESM5; AMRFinder
K_80,emrD,positive,https://www.nature.com/articles/s41467-026-74764-9#MOESM5; AMRFinder
K_81,emrD,positive,https://www.nature.com/articles/s41467-026-74764-9#MOESM5; AMRFinder
K_81,blaEC,positive,https://www.nature.com/articles/s41467-026-74764-9#MOESM5; AMRFinder
K_81,mdtM,positive,https://www.nature.com/articles/s41467-026-74764-9#MOESM5; AMRFinder
K_81,blaCMY-42,positive,https://www.nature.com/articles/s41467-026-74764-9#MOESM5; AMRFinder
K_81,dfrA12,positive,https://www.nature.com/articles/s41467-026-74764-9#MOESM5; AMRFinder
K_81,aadA2,positive,https://www.nature.com/articles/s41467-026-74764-9#MOESM5; AMRFinder
K_81,sul1,positive,https://www.nature.com/articles/s41467-026-74764-9#MOESM5; AMRFinder
K_81,ble,positive,https://www.nature.com/articles/s41467-026-74764-9#MOESM5; AMRFinder
K_81,blaNDM-5,positive,https://www.nature.com/articles/s41467-026-74764-9#MOESM5; AMRFinder
K_81,acrF,positive,https://www.nature.com/articles/s41467-026-74764-9#MOESM5; AMRFinder
K_81,mph(A),positive,https://www.nature.com/articles/s41467-026-74764-9#MOESM5; AMRFinder
K_81,erm(B),positive,https://www.nature.com/articles/s41467-026-74764-9#MOESM5; AMRFinder
K_82,blaTEM,positive,https://www.nature.com/articles/s41467-026-74764-9#MOESM5; AMRFinder
K_82,mdtM,positive,https://www.nature.com/articles/s41467-026-74764-9#MOESM5; AMRFinder
K_82,emrD,positive,https://www.nature.com/articles/s41467-026-74764-9#MOESM5; AMRFinder
K_82,tet(A),positive,https://www.nature.com/articles/s41467-026-74764-9#MOESM5; AMRFinder
K_82,acrF,positive,https://www.nature.com/articles/s41467-026-74764-9#MOESM5; AMRFinder
K_82,blaCMY-42,positive,https://www.nature.com/articles/s41467-026-74764-9#MOESM5; AMRFinder
K_82,armA,positive,https://www.nature.com/articles/s41467-026-74764-9#MOESM5; AMRFinder
K_82,msr(E),positive,https://www.nature.com/articles/s41467-026-74764-9#MOESM5; AMRFinder
K_82,mph(E),positive,https://www.nature.com/articles/s41467-026-74764-9#MOESM5; AMRFinder
K_82,aadA1,positive,https://www.nature.com/articles/s41467-026-74764-9#MOESM5; AMRFinder
K_82,blaOXA-10,positive,https://www.nature.com/articles/s41467-026-74764-9#MOESM5; AMRFinder
K_82,cmlA5,positive,https://www.nature.com/articles/s41467-026-74764-9#MOESM5; AMRFinder
K_82,arr-2,positive,https://www.nature.com/articles/s41467-026-74764-9#MOESM5; AMRFinder
K_82,ble,positive,https://www.nature.com/articles/s41467-026-74764-9#MOESM5; AMRFinder
K_82,blaNDM-5,positive,https://www.nature.com/articles/s41467-026-74764-9#MOESM5; AMRFinder
K_82,mph(A),positive,https://www.nature.com/articles/s41467-026-74764-9#MOESM5; AMRFinder
K_82,blaEC,positive,https://www.nature.com/articles/s41467-026-74764-9#MOESM5; AMRFinder
K_82,dfrA12,positive,https://www.nature.com/articles/s41467-026-74764-9#MOESM5; AMRFinder
K_82,aadA2,positive,https://www.nature.com/articles/s41467-026-74764-9#MOESM5; AMRFinder
K_82,sul1,positive,https://www.nature.com/articles/s41467-026-74764-9#MOESM5; AMRFinder
K_83,mdtM,positive,https://www.nature.com/articles/s41467-026-74764-9#MOESM5; AMRFinder
K_83,blaEC,positive,https://www.nature.com/articles/s41467-026-74764-9#MOESM5; AMRFinder
K_83,blaCMY-42,positive,https://www.nature.com/articles/s41467-026-74764-9#MOESM5; AMRFinder
K_83,dfrA12,positive,https://www.nature.com/articles/s41467-026-74764-9#MOESM5; AMRFinder
K_83,aadA2,positive,https://www.nature.com/articles/s41467-026-74764-9#MOESM5; AMRFinder
K_83,sul1,positive,https://www.nature.com/articles/s41467-026-74764-9#MOESM5; AMRFinder
K_83,ble,positive,https://www.nature.com/articles/s41467-026-74764-9#MOESM5; AMRFinder
K_83,blaNDM-5,positive,https://www.nature.com/articles/s41467-026-74764-9#MOESM5; AMRFinder
K_83,acrF,positive,https://www.nature.com/articles/s41467-026-74764-9#MOESM5; AMRFinder
K_83,mph(A),positive,https://www.nature.com/articles/s41467-026-74764-9#MOESM5; AMRFinder
K_83,erm(B),positive,https://www.nature.com/articles/s41467-026-74764-9#MOESM5; AMRFinder
K_83,emrD,positive,https://www.nature.com/articles/s41467-026-74764-9#MOESM5; AMRFinder
K_84,blaEC,positive,https://www.nature.com/articles/s41467-026-74764-9#MOESM5; AMRFinder
K_84,emrD,positive,https://www.nature.com/articles/s41467-026-74764-9#MOESM5; AMRFinder
K_84,dfrA1,positive,https://www.nature.com/articles/s41467-026-74764-9#MOESM5; AMRFinder
K_84,sat2,positive,https://www.nature.com/articles/s41467-026-74764-9#MOESM5; AMRFinder
K_84,aadA1,positive,https://www.nature.com/articles/s41467-026-74764-9#MOESM5; AMRFinder
K_84,mdtM,positive,https://www.nature.com/articles/s41467-026-74764-9#MOESM5; AMRFinder
K_84,acrF,positive,https://www.nature.com/articles/s41467-026-74764-9#MOESM5; AMRFinder
K_84,blaNDM-7,positive,https://www.nature.com/articles/s41467-026-74764-9#MOESM5; AMRFinder
K_84,ble,positive,https://www.nature.com/articles/s41467-026-74764-9#MOESM5; AMRFinder
K_84,sul1,positive,https://www.nature.com/articles/s41467-026-74764-9#MOESM5; AMRFinder
K_84,aadA2,positive,https://www.nature.com/articles/s41467-026-74764-9#MOESM5; AMRFinder
K_84,dfrA12,positive,https://www.nature.com/articles/s41467-026-74764-9#MOESM5; AMRFinder
K_84,mph(A),positive,https://www.nature.com/articles/s41467-026-74764-9#MOESM5; AMRFinder
K_84,blaTEM-1,positive,https://www.nature.com/articles/s41467-026-74764-9#MOESM5; AMRFinder
K_84,blaCTX-M-15,positive,https://www.nature.com/articles/s41467-026-74764-9#MOESM5; AMRFinder
K_84,tet(B),positive,https://www.nature.com/articles/s41467-026-74764-9#MOESM5; AMRFinder
K_84,erm(B),positive,https://www.nature.com/articles/s41467-026-74764-9#MOESM5; AMRFinder
K_85,qnrA1,positive,https://www.nature.com/articles/s41467-026-74764-9#MOESM5; AMRFinder
K_85,qnrB7,positive,https://www.nature.com/articles/s41467-026-74764-9#MOESM5; AMRFinder
K_85,dfrA12,positive,https://www.nature.com/articles/s41467-026-74764-9#MOESM5; AMRFinder
K_85,aadA2,positive,https://www.nature.com/articles/s41467-026-74764-9#MOESM5; AMRFinder
K_85,aph(3')-VIa,positive,https://www.nature.com/articles/s41467-026-74764-9#MOESM5; AMRFinder
K_85,blaSHV-12,positive,https://www.nature.com/articles/s41467-026-74764-9#MOESM5; AMRFinder
K_85,sul1,positive,https://www.nature.com/articles/s41467-026-74764-9#MOESM5; AMRFinder
K_85,emrD,positive,https://www.nature.com/articles/s41467-026-74764-9#MOESM5; AMRFinder
K_85,mdtM,positive,https://www.nature.com/articles/s41467-026-74764-9#MOESM5; AMRFinder
K_85,blaEC,positive,https://www.nature.com/articles/s41467-026-74764-9#MOESM5; AMRFinder
K_85,acrF,positive,https://www.nature.com/articles/s41467-026-74764-9#MOESM5; AMRFinder
K_85,blaVEB-9,positive,https://www.nature.com/articles/s41467-026-74764-9#MOESM5; AMRFinder
K_85,msr(E),positive,https://www.nature.com/articles/s41467-026-74764-9#MOESM5; AMRFinder
K_85,mph(E),positive,https://www.nature.com/articles/s41467-026-74764-9#MOESM5; AMRFinder
K_85,aadA1,positive,https://www.nature.com/articles/s41467-026-74764-9#MOESM5; AMRFinder
K_85,blaOXA-10,positive,https://www.nature.com/articles/s41467-026-74764-9#MOESM5; AMRFinder
K_85,cmlA5,positive,https://www.nature.com/articles/s41467-026-74764-9#MOESM5; AMRFinder
K_85,arr-2,positive,https://www.nature.com/articles/s41467-026-74764-9#MOESM5; AMRFinder
K_85,blaNDM-1,positive,https://www.nature.com/articles/s41467-026-74764-9#MOESM5; AMRFinder
K_85,ble,positive,https://www.nature.com/articles/s41467-026-74764-9#MOESM5; AMRFinder
K_86,tet(A),positive,https://www.nature.com/articles/s41467-026-74764-9#MOESM5; AMRFinder
K_86,blaSHV-187,positive,https://www.nature.com/articles/s41467-026-74764-9#MOESM5; AMRFinder
K_86,sul1,positive,https://www.nature.com/articles/s41467-026-74764-9#MOESM5; AMRFinder
K_86,rmtC,positive,https://www.nature.com/articles/s41467-026-74764-9#MOESM5; AMRFinder
K_86,blaNDM-1,positive,https://www.nature.com/articles/s41467-026-74764-9#MOESM5; AMRFinder
K_86,ble,positive,https://www.nature.com/articles/s41467-026-74764-9#MOESM5; AMRFinder
K_86,dfrA14,positive,https://www.nature.com/articles/s41467-026-74764-9#MOESM5; AMRFinder
K_86,sul2,positive,https://www.nature.com/articles/s41467-026-74764-9#MOESM5; AMRFinder
K_86,aph(3'')-Ib,positive,https://www.nature.com/articles/s41467-026-74764-9#MOESM5; AMRFinder
K_86,aph(6)-Id,positive,https://www.nature.com/articles/s41467-026-74764-9#MOESM5; AMRFinder
K_86,blaTEM-1,positive,https://www.nature.com/articles/s41467-026-74764-9#MOESM5; AMRFinder
K_86,blaCTX-M-15,positive,https://www.nature.com/articles/s41467-026-74764-9#MOESM5; AMRFinder
K_86,aac(6')-Ib-cr,positive,https://www.nature.com/articles/s41467-026-74764-9#MOESM5; AMRFinder
K_86,emrD,positive,https://www.nature.com/articles/s41467-026-74764-9#MOESM5; AMRFinder
K_86,fosA,positive,https://www.nature.com/articles/s41467-026-74764-9#MOESM5; AMRFinder
K_86,oqxA,positive,https://www.nature.com/articles/s41467-026-74764-9#MOESM5; AMRFinder
K_86,oqxB25,positive,https://www.nature.com/articles/s41467-026-74764-9#MOESM5; AMRFinder
K_86,kdeA,positive,https://www.nature.com/articles/s41467-026-74764-9#MOESM5; AMRFinder
K_87,fosA,positive,https://www.nature.com/articles/s41467-026-74764-9#MOESM5; AMRFinder
K_87,blaSHV-11,positive,https://www.nature.com/articles/s41467-026-74764-9#MOESM5; AMRFinder
K_87,emrD,positive,https://www.nature.com/articles/s41467-026-74764-9#MOESM5; AMRFinder
K_87,kdeA,positive,https://www.nature.com/articles/s41467-026-74764-9#MOESM5; AMRFinder
K_87,ble,positive,https://www.nature.com/articles/s41467-026-74764-9#MOESM5; AMRFinder
K_87,blaNDM-5,positive,https://www.nature.com/articles/s41467-026-74764-9#MOESM5; AMRFinder
K_87,arr-2,positive,https://www.nature.com/articles/s41467-026-74764-9#MOESM5; AMRFinder
K_87,ere(A),positive,https://www.nature.com/articles/s41467-026-74764-9#MOESM5; AMRFinder
K_87,aadA1,positive,https://www.nature.com/articles/s41467-026-74764-9#MOESM5; AMRFinder
K_87,cmlA5,positive,https://www.nature.com/articles/s41467-026-74764-9#MOESM5; AMRFinder
K_87,qnrB1,positive,https://www.nature.com/articles/s41467-026-74764-9#MOESM5; AMRFinder
K_87,blaOXA-181,positive,https://www.nature.com/articles/s41467-026-74764-9#MOESM5; AMRFinder
K_87,erm(B),positive,https://www.nature.com/articles/s41467-026-74764-9#MOESM5; AMRFinder
K_87,oqxB,positive,https://www.nature.com/articles/s41467-026-74764-9#MOESM5; AMRFinder
K_87,oqxA,positive,https://www.nature.com/articles/s41467-026-74764-9#MOESM5; AMRFinder
K_87,blaTEM-1,positive,https://www.nature.com/articles/s41467-026-74764-9#MOESM5; AMRFinder
K_87,rmtB1,positive,https://www.nature.com/articles/s41467-026-74764-9#MOESM5; AMRFinder
K_87,blaCTX-M-15,positive,https://www.nature.com/articles/s41467-026-74764-9#MOESM5; AMRFinder
K_87,mph(A),positive,https://www.nature.com/articles/s41467-026-74764-9#MOESM5; AMRFinder
K_87,aadA2,positive,https://www.nature.com/articles/s41467-026-74764-9#MOESM5; AMRFinder
K_87,sul1,positive,https://www.nature.com/articles/s41467-026-74764-9#MOESM5; AMRFinder
K_87,dfrA14,positive,https://www.nature.com/articles/s41467-026-74764-9#MOESM5; AMRFinder
K_88,emrD,positive,https://www.nature.com/articles/s41467-026-74764-9#MOESM5; AMRFinder
K_88,blaEC,positive,https://www.nature.com/articles/s41467-026-74764-9#MOESM5; AMRFinder
K_88,acrF,positive,https://www.nature.com/articles/s41467-026-74764-9#MOESM5; AMRFinder
K_88,blaCMY-42,positive,https://www.nature.com/articles/s41467-026-74764-9#MOESM5; AMRFinder
K_88,qnrS1,positive,https://www.nature.com/articles/s41467-026-74764-9#MOESM5; AMRFinder
K_88,blaOXA,positive,https://www.nature.com/articles/s41467-026-74764-9#MOESM5; AMRFinder
K_88,catA1,positive,https://www.nature.com/articles/s41467-026-74764-9#MOESM5; AMRFinder
K_88,mph(A),positive,https://www.nature.com/articles/s41467-026-74764-9#MOESM5; AMRFinder
K_88,mdtM,positive,https://www.nature.com/articles/s41467-026-74764-9#MOESM5; AMRFinder
K_88,erm(B),positive,https://www.nature.com/articles/s41467-026-74764-9#MOESM5; AMRFinder
K_88,blaNDM-5,positive,https://www.nature.com/articles/s41467-026-74764-9#MOESM5; AMRFinder
K_88,ble,positive,https://www.nature.com/articles/s41467-026-74764-9#MOESM5; AMRFinder
K_88,tet(B),positive,https://www.nature.com/articles/s41467-026-74764-9#MOESM5; AMRFinder
K_89,erm(B),positive,https://www.nature.com/articles/s41467-026-74764-9#MOESM5; AMRFinder
K_89,blaEC,positive,https://www.nature.com/articles/s41467-026-74764-9#MOESM5; AMRFinder
K_89,blaCMY,positive,https://www.nature.com/articles/s41467-026-74764-9#MOESM5; AMRFinder
K_89,mdtM,positive,https://www.nature.com/articles/s41467-026-74764-9#MOESM5; AMRFinder
K_89,emrD,positive,https://www.nature.com/articles/s41467-026-74764-9#MOESM5; AMRFinder
K_89,blaOXA-181,positive,https://www.nature.com/articles/s41467-026-74764-9#MOESM5; AMRFinder
K_89,qnrS1,positive,https://www.nature.com/articles/s41467-026-74764-9#MOESM5; AMRFinder
K_89,acrF,positive,https://www.nature.com/articles/s41467-026-74764-9#MOESM5; AMRFinder
K_89,dfrA12,positive,https://www.nature.com/articles/s41467-026-74764-9#MOESM5; AMRFinder
K_89,aadA2,positive,https://www.nature.com/articles/s41467-026-74764-9#MOESM5; AMRFinder
K_89,sul1,positive,https://www.nature.com/articles/s41467-026-74764-9#MOESM5; AMRFinder
K_89,ble,positive,https://www.nature.com/articles/s41467-026-74764-9#MOESM5; AMRFinder
K_89,blaNDM-5,positive,https://www.nature.com/articles/s41467-026-74764-9#MOESM5; AMRFinder
K_89,mph(A),positive,https://www.nature.com/articles/s41467-026-74764-9#MOESM5; AMRFinder
K8,acrF,positive,https://www.nature.com/articles/s41467-026-74764-9#MOESM5; AMRFinder
K8,emrD,positive,https://www.nature.com/articles/s41467-026-74764-9#MOESM5; AMRFinder
K8,mdtM,positive,https://www.nature.com/articles/s41467-026-74764-9#MOESM5; AMRFinder
K8,blaNDM-5,positive,https://www.nature.com/articles/s41467-026-74764-9#MOESM5; AMRFinder
K8,ble,positive,https://www.nature.com/articles/s41467-026-74764-9#MOESM5; AMRFinder
K8,sul1,positive,https://www.nature.com/articles/s41467-026-74764-9#MOESM5; AMRFinder
K8,aadA5,positive,https://www.nature.com/articles/s41467-026-74764-9#MOESM5; AMRFinder
K8,dfrA17,positive,https://www.nature.com/articles/s41467-026-74764-9#MOESM5; AMRFinder
K8,blaCTX-M-15,positive,https://www.nature.com/articles/s41467-026-74764-9#MOESM5; AMRFinder
K8,blaEC,positive,https://www.nature.com/articles/s41467-026-74764-9#MOESM5; AMRFinder
K8,aac(6')-Ib-cr5,positive,https://www.nature.com/articles/s41467-026-74764-9#MOESM5; AMRFinder
K8,blaOXA-1,positive,https://www.nature.com/articles/s41467-026-74764-9#MOESM5; AMRFinder
K8,catB3,positive,https://www.nature.com/articles/s41467-026-74764-9#MOESM5; AMRFinder
K_90,acrF,positive,https://www.nature.com/articles/s41467-026-74764-9#MOESM5; AMRFinder
K_90,emrD,positive,https://www.nature.com/articles/s41467-026-74764-9#MOESM5; AMRFinder
K_90,mdtM,positive,https://www.nature.com/articles/s41467-026-74764-9#MOESM5; AMRFinder
K_90,blaCMY-2,positive,https://www.nature.com/articles/s41467-026-74764-9#MOESM5; AMRFinder
K_90,blaNDM-5,positive,https://www.nature.com/articles/s41467-026-74764-9#MOESM5; AMRFinder
K_90,ble,positive,https://www.nature.com/articles/s41467-026-74764-9#MOESM5; AMRFinder
K_90,aac(3)-IId,positive,https://www.nature.com/articles/s41467-026-74764-9#MOESM5; AMRFinder
K_90,mph(A),positive,https://www.nature.com/articles/s41467-026-74764-9#MOESM5; AMRFinder
K_90,blaCTX-M-15,positive,https://www.nature.com/articles/s41467-026-74764-9#MOESM5; AMRFinder
K_90,dfrA17,positive,https://www.nature.com/articles/s41467-026-74764-9#MOESM5; AMRFinder
K_90,aadA5,positive,https://www.nature.com/articles/s41467-026-74764-9#MOESM5; AMRFinder
K_90,tet(B),positive,https://www.nature.com/articles/s41467-026-74764-9#MOESM5; AMRFinder
K_90,aac(6')-Ib-cr5,positive,https://www.nature.com/articles/s41467-026-74764-9#MOESM5; AMRFinder
K_90,blaOXA-1,positive,https://www.nature.com/articles/s41467-026-74764-9#MOESM5; AMRFinder
K_90,catB3,positive,https://www.nature.com/articles/s41467-026-74764-9#MOESM5; AMRFinder
K_90,blaTEM-1,positive,https://www.nature.com/articles/s41467-026-74764-9#MOESM5; AMRFinder
K_90,sul1,positive,https://www.nature.com/articles/s41467-026-74764-9#MOESM5; AMRFinder
K_90,blaEC,positive,https://www.nature.com/articles/s41467-026-74764-9#MOESM5; AMRFinder
K_91,mdtM,positive,https://www.nature.com/articles/s41467-026-74764-9#MOESM5; AMRFinder
K_91,emrD,positive,https://www.nature.com/articles/s41467-026-74764-9#MOESM5; AMRFinder
K_91,blaEC,positive,https://www.nature.com/articles/s41467-026-74764-9#MOESM5; AMRFinder
K_91,blaCMY-42,positive,https://www.nature.com/articles/s41467-026-74764-9#MOESM5; AMRFinder
K_91,acrF,positive,https://www.nature.com/articles/s41467-026-74764-9#MOESM5; AMRFinder
K_91,dfrA12,positive,https://www.nature.com/articles/s41467-026-74764-9#MOESM5; AMRFinder
K_91,aadA2,positive,https://www.nature.com/articles/s41467-026-74764-9#MOESM5; AMRFinder
K_91,sul1,positive,https://www.nature.com/articles/s41467-026-74764-9#MOESM5; AMRFinder
K_91,ble,positive,https://www.nature.com/articles/s41467-026-74764-9#MOESM5; AMRFinder
K_91,blaNDM-5,positive,https://www.nature.com/articles/s41467-026-74764-9#MOESM5; AMRFinder
K_91,blaTEM,positive,https://www.nature.com/articles/s41467-026-74764-9#MOESM5; AMRFinder
K_91,mph(A),positive,https://www.nature.com/articles/s41467-026-74764-9#MOESM5; AMRFinder
K_92,blaEC,positive,https://www.nature.com/articles/s41467-026-74764-9#MOESM5; AMRFinder
K_92,emrD,positive,https://www.nature.com/articles/s41467-026-74764-9#MOESM5; AMRFinder
K_92,tet(A),positive,https://www.nature.com/articles/s41467-026-74764-9#MOESM5; AMRFinder
K_92,dfrA12,positive,https://www.nature.com/articles/s41467-026-74764-9#MOESM5; AMRFinder
K_92,aadA2,positive,https://www.nature.com/articles/s41467-026-74764-9#MOESM5; AMRFinder
K_92,sul1,positive,https://www.nature.com/articles/s41467-026-74764-9#MOESM5; AMRFinder
K_92,ble,positive,https://www.nature.com/articles/s41467-026-74764-9#MOESM5; AMRFinder
K_92,blaNDM-5,positive,https://www.nature.com/articles/s41467-026-74764-9#MOESM5; AMRFinder
K_92,acrF,positive,https://www.nature.com/articles/s41467-026-74764-9#MOESM5; AMRFinder
K_93,dfrA5,positive,https://www.nature.com/articles/s41467-026-74764-9#MOESM5; AMRFinder
K_93,kdeA,positive,https://www.nature.com/articles/s41467-026-74764-9#MOESM5; AMRFinder
K_93,blaOKP-B-41,positive,https://www.nature.com/articles/s41467-026-74764-9#MOESM5; AMRFinder
K_93,blaTEM,positive,https://www.nature.com/articles/s41467-026-74764-9#MOESM5; AMRFinder
K_93,emrD,positive,https://www.nature.com/articles/s41467-026-74764-9#MOESM5; AMRFinder
K_93,ble,positive,https://www.nature.com/articles/s41467-026-74764-9#MOESM5; AMRFinder
K_93,blaNDM-1,positive,https://www.nature.com/articles/s41467-026-74764-9#MOESM5; AMRFinder
K_93,aph(3')-VI,positive,https://www.nature.com/articles/s41467-026-74764-9#MOESM5; AMRFinder
K_93,qnrS1,positive,https://www.nature.com/articles/s41467-026-74764-9#MOESM5; AMRFinder
K_93,blaCTX-M-15,positive,https://www.nature.com/articles/s41467-026-74764-9#MOESM5; AMRFinder
K_93,blaDHA-1,positive,https://www.nature.com/articles/s41467-026-74764-9#MOESM5; AMRFinder
K_93,qnrB4,positive,https://www.nature.com/articles/s41467-026-74764-9#MOESM5; AMRFinder
K_93,fosA,positive,https://www.nature.com/articles/s41467-026-74764-9#MOESM5; AMRFinder
K_93,oqxB,positive,https://www.nature.com/articles/s41467-026-74764-9#MOESM5; AMRFinder
K_93,oqxA,positive,https://www.nature.com/articles/s41467-026-74764-9#MOESM5; AMRFinder
K_93,sul2,positive,https://www.nature.com/articles/s41467-026-74764-9#MOESM5; AMRFinder
K_93,aph(3'')-Ib,positive,https://www.nature.com/articles/s41467-026-74764-9#MOESM5; AMRFinder
K_93,aph(6)-Id,positive,https://www.nature.com/articles/s41467-026-74764-9#MOESM5; AMRFinder
K_93,blaOXA-9,positive,https://www.nature.com/articles/s41467-026-74764-9#MOESM5; AMRFinder
K_93,aadA1,positive,https://www.nature.com/articles/s41467-026-74764-9#MOESM5; AMRFinder
K_93,aac(6')-Ib,positive,https://www.nature.com/articles/s41467-026-74764-9#MOESM5; AMRFinder
K_93,sul1,positive,https://www.nature.com/articles/s41467-026-74764-9#MOESM5; AMRFinder
K_94,emrD,positive,https://www.nature.com/articles/s41467-026-74764-9#MOESM5; AMRFinder
K_94,blaSHV-1,positive,https://www.nature.com/articles/s41467-026-74764-9#MOESM5; AMRFinder
K_94,blaOXA-181,positive,https://www.nature.com/articles/s41467-026-74764-9#MOESM5; AMRFinder
K_94,qnrS1,positive,https://www.nature.com/articles/s41467-026-74764-9#MOESM5; AMRFinder
K_94,dfrA12,positive,https://www.nature.com/articles/s41467-026-74764-9#MOESM5; AMRFinder
K_94,aadA2,positive,https://www.nature.com/articles/s41467-026-74764-9#MOESM5; AMRFinder
K_94,sul1,positive,https://www.nature.com/articles/s41467-026-74764-9#MOESM5; AMRFinder
K_94,ble,positive,https://www.nature.com/articles/s41467-026-74764-9#MOESM5; AMRFinder
K_94,blaNDM-5,positive,https://www.nature.com/articles/s41467-026-74764-9#MOESM5; AMRFinder
K_94,fosA,positive,https://www.nature.com/articles/s41467-026-74764-9#MOESM5; AMRFinder
K_94,blaTEM-1,positive,https://www.nature.com/articles/s41467-026-74764-9#MOESM5; AMRFinder
K_94,rmtB1,positive,https://www.nature.com/articles/s41467-026-74764-9#MOESM5; AMRFinder
K_94,kdeA,positive,https://www.nature.com/articles/s41467-026-74764-9#MOESM5; AMRFinder
K_94,blaCTX-M-15,positive,https://www.nature.com/articles/s41467-026-74764-9#MOESM5; AMRFinder
K_94,mph(A),positive,https://www.nature.com/articles/s41467-026-74764-9#MOESM5; AMRFinder
K_94,dfrA14,positive,https://www.nature.com/articles/s41467-026-74764-9#MOESM5; AMRFinder
K_94,oqxB32,positive,https://www.nature.com/articles/s41467-026-74764-9#MOESM5; AMRFinder
K_94,oqxA,positive,https://www.nature.com/articles/s41467-026-74764-9#MOESM5; AMRFinder
K_96,mdtM,positive,https://www.nature.com/articles/s41467-026-74764-9#MOESM5; AMRFinder
K_96,blaEC,positive,https://www.nature.com/articles/s41467-026-74764-9#MOESM5; AMRFinder
K_96,blaCMY-42,positive,https://www.nature.com/articles/s41467-026-74764-9#MOESM5; AMRFinder
K_96,dfrA12,positive,https://www.nature.com/articles/s41467-026-74764-9#MOESM5; AMRFinder
K_96,aadA2,positive,https://www.nature.com/articles/s41467-026-74764-9#MOESM5; AMRFinder
K_96,sul1,positive,https://www.nature.com/articles/s41467-026-74764-9#MOESM5; AMRFinder
K_96,ble,positive,https://www.nature.com/articles/s41467-026-74764-9#MOESM5; AMRFinder
K_96,blaNDM-5,positive,https://www.nature.com/articles/s41467-026-74764-9#MOESM5; AMRFinder
K_96,acrF,positive,https://www.nature.com/articles/s41467-026-74764-9#MOESM5; AMRFinder
K_96,mph(A),positive,https://www.nature.com/articles/s41467-026-74764-9#MOESM5; AMRFinder
K_96,erm(B),positive,https://www.nature.com/articles/s41467-026-74764-9#MOESM5; AMRFinder
K_96,emrD,positive,https://www.nature.com/articles/s41467-026-74764-9#MOESM5; AMRFinder
K_97,emrD,positive,https://www.nature.com/articles/s41467-026-74764-9#MOESM5; AMRFinder
K_97,fosA,positive,https://www.nature.com/articles/s41467-026-74764-9#MOESM5; AMRFinder
K_97,blaOXA-232,positive,https://www.nature.com/articles/s41467-026-74764-9#MOESM5; AMRFinder
K_97,tet(A),positive,https://www.nature.com/articles/s41467-026-74764-9#MOESM5; AMRFinder
K_97,blaSHV-1,positive,https://www.nature.com/articles/s41467-026-74764-9#MOESM5; AMRFinder
K_97,blaCTX-M-15,positive,https://www.nature.com/articles/s41467-026-74764-9#MOESM5; AMRFinder
K_97,erm(B),positive,https://www.nature.com/articles/s41467-026-74764-9#MOESM5; AMRFinder
K_97,rmtF1,positive,https://www.nature.com/articles/s41467-026-74764-9#MOESM5; AMRFinder
K_97,aac(6')-Ib,positive,https://www.nature.com/articles/s41467-026-74764-9#MOESM5; AMRFinder
K_97,kdeA,positive,https://www.nature.com/articles/s41467-026-74764-9#MOESM5; AMRFinder
K_97,catB,positive,https://www.nature.com/articles/s41467-026-74764-9#MOESM5; AMRFinder
K_97,mph(A),positive,https://www.nature.com/articles/s41467-026-74764-9#MOESM5; AMRFinder
K_97,sul1,positive,https://www.nature.com/articles/s41467-026-74764-9#MOESM5; AMRFinder
K_97,dfrA1,positive,https://www.nature.com/articles/s41467-026-74764-9#MOESM5; AMRFinder
K_97,blaOXA-1,positive,https://www.nature.com/articles/s41467-026-74764-9#MOESM5; AMRFinder
K_97,catB3,positive,https://www.nature.com/articles/s41467-026-74764-9#MOESM5; AMRFinder
K_97,arr-3,positive,https://www.nature.com/articles/s41467-026-74764-9#MOESM5; AMRFinder
K_97,oqxB32,positive,https://www.nature.com/articles/s41467-026-74764-9#MOESM5; AMRFinder
K_97,oqxA,positive,https://www.nature.com/articles/s41467-026-74764-9#MOESM5; AMRFinder
K9,blaOKP-B-41,positive,https://www.nature.com/articles/s41467-026-74764-9#MOESM5; AMRFinder
K9,emrD,positive,https://www.nature.com/articles/s41467-026-74764-9#MOESM5; AMRFinder
K9,mph(E),positive,https://www.nature.com/articles/s41467-026-74764-9#MOESM5; AMRFinder
K9,msr(E),positive,https://www.nature.com/articles/s41467-026-74764-9#MOESM5; AMRFinder
K9,armA,positive,https://www.nature.com/articles/s41467-026-74764-9#MOESM5; AMRFinder
K9,sul1,positive,https://www.nature.com/articles/s41467-026-74764-9#MOESM5; AMRFinder
K9,aadA2,positive,https://www.nature.com/articles/s41467-026-74764-9#MOESM5; AMRFinder
K9,dfrA12,positive,https://www.nature.com/articles/s41467-026-74764-9#MOESM5; AMRFinder
K9,blaNDM-1,positive,https://www.nature.com/articles/s41467-026-74764-9#MOESM5; AMRFinder
K9,ble,positive,https://www.nature.com/articles/s41467-026-74764-9#MOESM5; AMRFinder
K9,qnrB1,positive,https://www.nature.com/articles/s41467-026-74764-9#MOESM5; AMRFinder
K9,blaTEM-1,positive,https://www.nature.com/articles/s41467-026-74764-9#MOESM5; AMRFinder
K9,sul2,positive,https://www.nature.com/articles/s41467-026-74764-9#MOESM5; AMRFinder
K9,aph(3'')-Ib,positive,https://www.nature.com/articles/s41467-026-74764-9#MOESM5; AMRFinder
K9,aph(6)-Id,positive,https://www.nature.com/articles/s41467-026-74764-9#MOESM5; AMRFinder
K9,blaSHV-12,positive,https://www.nature.com/articles/s41467-026-74764-9#MOESM5; AMRFinder
K9,fosA,positive,https://www.nature.com/articles/s41467-026-74764-9#MOESM5; AMRFinder
K9,kdeA,positive,https://www.nature.com/articles/s41467-026-74764-9#MOESM5; AMRFinder
K9,aph(3')-VI,positive,https://www.nature.com/articles/s41467-026-74764-9#MOESM5; AMRFinder
K9,dfrA14,positive,https://www.nature.com/articles/s41467-026-74764-9#MOESM5; AMRFinder
K9,oqxA,positive,https://www.nature.com/articles/s41467-026-74764-9#MOESM5; AMRFinder
K9,oqxB,positive,https://www.nature.com/articles/s41467-026-74764-9#MOESM5; AMRFinder
