isolate_id,source_id,patient_id,duplicate_group,species,country,collection_date,host,specimen,drug,measurement,operator,units,method,platform,standard,standard_version,reported_sir,ndm,oxa48,mechanism_evidence,evidence_class,accession,source_row
SYNTH_00000,DEMO_A,P0,,Escherichia coli,FICTIONAL_A,2024-01-01,Homo sapiens,synthetic,meropenem,0.5,=,mg/L,MIC,synthetic,EUCAST,SYNTHETIC_ONLY,S,positive,positive,synthetic_fixture,synthetic,,generated:0
SYNTH_00000,DEMO_A,P0,,Escherichia coli,FICTIONAL_A,2024-01-01,Homo sapiens,synthetic,cefepime,2.0,=,mg/L,MIC,synthetic,EUCAST,SYNTHETIC_ONLY,unknown,positive,positive,synthetic_fixture,synthetic,,generated:0
SYNTH_00000,DEMO_A,P0,,Escherichia coli,FICTIONAL_A,2024-01-01,Homo sapiens,synthetic,ciprofloxacin,2.0,=,mg/L,MIC,synthetic,EUCAST,SYNTHETIC_ONLY,unknown,positive,positive,synthetic_fixture,synthetic,,generated:0
SYNTH_00000,DEMO_A,P0,,Escherichia coli,FICTIONAL_A,2024-01-01,Homo sapiens,synthetic,gentamicin,4.0,=,mg/L,MIC,synthetic,EUCAST,SYNTHETIC_ONLY,unknown,positive,positive,synthetic_fixture,synthetic,,generated:0
SYNTH_00000,DEMO_A,P0,,Escherichia coli,FICTIONAL_A,2024-01-01,Homo sapiens,synthetic,amikacin,8.0,=,mg/L,MIC,synthetic,EUCAST,SYNTHETIC_ONLY,unknown,positive,positive,synthetic_fixture,synthetic,,generated:0
SYNTH_00001,DEMO_A,P0,,Klebsiella pneumoniae,FICTIONAL_A,2024-02-01,Homo sapiens,synthetic,meropenem,8,=,mg/L,MIC,synthetic,EUCAST,SYNTHETIC_ONLY,R,unknown,unknown,synthetic_fixture,synthetic,,generated:1
SYNTH_00001,DEMO_A,P0,,Klebsiella pneumoniae,FICTIONAL_A,2024-02-01,Homo sapiens,synthetic,cefepime,2.0,=,mg/L,MIC,synthetic,EUCAST,SYNTHETIC_ONLY,unknown,unknown,unknown,synthetic_fixture,synthetic,,generated:1
SYNTH_00001,DEMO_A,P0,,Klebsiella pneumoniae,FICTIONAL_A,2024-02-01,Homo sapiens,synthetic,ceftazidime,4.0,=,mg/L,MIC,synthetic,EUCAST,SYNTHETIC_ONLY,unknown,unknown,unknown,synthetic_fixture,synthetic,,generated:1
SYNTH_00001,DEMO_A,P0,,Klebsiella pneumoniae,FICTIONAL_A,2024-02-01,Homo sapiens,synthetic,gentamicin,4.0,=,mg/L,MIC,synthetic,EUCAST,SYNTHETIC_ONLY,unknown,unknown,unknown,synthetic_fixture,synthetic,,generated:1
SYNTH_00001,DEMO_A,P0,,Klebsiella pneumoniae,FICTIONAL_A,2024-02-01,Homo sapiens,synthetic,amikacin,4.0,=,mg/L,MIC,synthetic,EUCAST,SYNTHETIC_ONLY,unknown,unknown,unknown,synthetic_fixture,synthetic,,generated:1
SYNTH_00002,DEMO_A,P1,,Escherichia coli,FICTIONAL_A,2024-03-01,Homo sapiens,synthetic,meropenem,8,=,mg/L,MIC,synthetic,EUCAST,SYNTHETIC_ONLY,R,unknown,unknown,synthetic_fixture,synthetic,,generated:2
SYNTH_00002,DEMO_A,P1,,Escherichia coli,FICTIONAL_A,2024-03-01,Homo sapiens,synthetic,cefepime,2.0,=,mg/L,MIC,synthetic,EUCAST,SYNTHETIC_ONLY,unknown,unknown,unknown,synthetic_fixture,synthetic,,generated:2
SYNTH_00002,DEMO_A,P1,,Escherichia coli,FICTIONAL_A,2024-03-01,Homo sapiens,synthetic,ceftazidime,4.0,=,mg/L,MIC,synthetic,EUCAST,SYNTHETIC_ONLY,unknown,unknown,unknown,synthetic_fixture,synthetic,,generated:2
SYNTH_00002,DEMO_A,P1,,Escherichia coli,FICTIONAL_A,2024-03-01,Homo sapiens,synthetic,ciprofloxacin,4.0,=,mg/L,MIC,synthetic,EUCAST,SYNTHETIC_ONLY,unknown,unknown,unknown,synthetic_fixture,synthetic,,generated:2
SYNTH_00002,DEMO_A,P1,,Escherichia coli,FICTIONAL_A,2024-03-01,Homo sapiens,synthetic,gentamicin,4.0,=,mg/L,MIC,synthetic,EUCAST,SYNTHETIC_ONLY,unknown,unknown,unknown,synthetic_fixture,synthetic,,generated:2
SYNTH_00002,DEMO_A,P1,,Escherichia coli,FICTIONAL_A,2024-03-01,Homo sapiens,synthetic,amikacin,4.0,=,mg/L,MIC,synthetic,EUCAST,SYNTHETIC_ONLY,unknown,unknown,unknown,synthetic_fixture,synthetic,,generated:2
SYNTH_00003,DEMO_A,P1,,Klebsiella pneumoniae,FICTIONAL_A,2024-04-01,Homo sapiens,synthetic,meropenem,8,=,mg/L,MIC,synthetic,EUCAST,SYNTHETIC_ONLY,R,positive,unknown,synthetic_fixture,synthetic,,generated:3
SYNTH_00003,DEMO_A,P1,,Klebsiella pneumoniae,FICTIONAL_A,2024-04-01,Homo sapiens,synthetic,cefepime,1.0,=,mg/L,MIC,synthetic,EUCAST,SYNTHETIC_ONLY,unknown,positive,unknown,synthetic_fixture,synthetic,,generated:3
SYNTH_00003,DEMO_A,P1,,Klebsiella pneumoniae,FICTIONAL_A,2024-04-01,Homo sapiens,synthetic,ceftazidime,4.0,=,mg/L,MIC,synthetic,EUCAST,SYNTHETIC_ONLY,unknown,positive,unknown,synthetic_fixture,synthetic,,generated:3
SYNTH_00003,DEMO_A,P1,,Klebsiella pneumoniae,FICTIONAL_A,2024-04-01,Homo sapiens,synthetic,ciprofloxacin,4.0,=,mg/L,MIC,synthetic,EUCAST,SYNTHETIC_ONLY,unknown,positive,unknown,synthetic_fixture,synthetic,,generated:3
SYNTH_00003,DEMO_A,P1,,Klebsiella pneumoniae,FICTIONAL_A,2024-04-01,Homo sapiens,synthetic,gentamicin,4.0,=,mg/L,MIC,synthetic,EUCAST,SYNTHETIC_ONLY,unknown,positive,unknown,synthetic_fixture,synthetic,,generated:3
SYNTH_00003,DEMO_A,P1,,Klebsiella pneumoniae,FICTIONAL_A,2024-04-01,Homo sapiens,synthetic,amikacin,8.0,=,mg/L,MIC,synthetic,EUCAST,SYNTHETIC_ONLY,unknown,positive,unknown,synthetic_fixture,synthetic,,generated:3
SYNTH_00004,DEMO_A,P2,,Escherichia coli,FICTIONAL_A,2024-05-01,Homo sapiens,synthetic,meropenem,8,=,mg/L,MIC,synthetic,EUCAST,SYNTHETIC_ONLY,R,unknown,unknown,synthetic_fixture,synthetic,,generated:4
SYNTH_00004,DEMO_A,P2,,Escherichia coli,FICTIONAL_A,2024-05-01,Homo sapiens,synthetic,cefepime,2.0,=,mg/L,MIC,synthetic,EUCAST,SYNTHETIC_ONLY,unknown,unknown,unknown,synthetic_fixture,synthetic,,generated:4
SYNTH_00004,DEMO_A,P2,,Escherichia coli,FICTIONAL_A,2024-05-01,Homo sapiens,synthetic,ceftazidime,4.0,=,mg/L,MIC,synthetic,EUCAST,SYNTHETIC_ONLY,unknown,unknown,unknown,synthetic_fixture,synthetic,,generated:4
SYNTH_00004,DEMO_A,P2,,Escherichia coli,FICTIONAL_A,2024-05-01,Homo sapiens,synthetic,ciprofloxacin,2.0,=,mg/L,MIC,synthetic,EUCAST,SYNTHETIC_ONLY,unknown,unknown,unknown,synthetic_fixture,synthetic,,generated:4
SYNTH_00004,DEMO_A,P2,,Escherichia coli,FICTIONAL_A,2024-05-01,Homo sapiens,synthetic,gentamicin,2.0,=,mg/L,MIC,synthetic,EUCAST,SYNTHETIC_ONLY,unknown,unknown,unknown,synthetic_fixture,synthetic,,generated:4
SYNTH_00004,DEMO_A,P2,,Escherichia coli,FICTIONAL_A,2024-05-01,Homo sapiens,synthetic,amikacin,16.0,=,mg/L,MIC,synthetic,EUCAST,SYNTHETIC_ONLY,unknown,unknown,unknown,synthetic_fixture,synthetic,,generated:4
SYNTH_00005,DEMO_A,P2,,Klebsiella pneumoniae,FICTIONAL_A,2024-06-01,Homo sapiens,synthetic,meropenem,0.5,=,mg/L,MIC,synthetic,EUCAST,SYNTHETIC_ONLY,S,unknown,positive,synthetic_fixture,synthetic,,generated:5
SYNTH_00005,DEMO_A,P2,,Klebsiella pneumoniae,FICTIONAL_A,2024-06-01,Homo sapiens,synthetic,cefepime,0.5,=,mg/L,MIC,synthetic,EUCAST,SYNTHETIC_ONLY,unknown,unknown,positive,synthetic_fixture,synthetic,,generated:5
SYNTH_00005,DEMO_A,P2,,Klebsiella pneumoniae,FICTIONAL_A,2024-06-01,Homo sapiens,synthetic,ceftazidime,1.0,=,mg/L,MIC,synthetic,EUCAST,SYNTHETIC_ONLY,unknown,unknown,positive,synthetic_fixture,synthetic,,generated:5
SYNTH_00005,DEMO_A,P2,,Klebsiella pneumoniae,FICTIONAL_A,2024-06-01,Homo sapiens,synthetic,ciprofloxacin,2.0,=,mg/L,MIC,synthetic,EUCAST,SYNTHETIC_ONLY,unknown,unknown,positive,synthetic_fixture,synthetic,,generated:5
SYNTH_00005,DEMO_A,P2,,Klebsiella pneumoniae,FICTIONAL_A,2024-06-01,Homo sapiens,synthetic,amikacin,4.0,=,mg/L,MIC,synthetic,EUCAST,SYNTHETIC_ONLY,unknown,unknown,positive,synthetic_fixture,synthetic,,generated:5
SYNTH_00006,DEMO_A,P3,,Escherichia coli,FICTIONAL_A,2024-07-01,Homo sapiens,synthetic,meropenem,0.5,=,mg/L,MIC,synthetic,EUCAST,SYNTHETIC_ONLY,S,positive,unknown,synthetic_fixture,synthetic,,generated:6
SYNTH_00006,DEMO_A,P3,,Escherichia coli,FICTIONAL_A,2024-07-01,Homo sapiens,synthetic,cefepime,0.5,=,mg/L,MIC,synthetic,EUCAST,SYNTHETIC_ONLY,unknown,positive,unknown,synthetic_fixture,synthetic,,generated:6
SYNTH_00006,DEMO_A,P3,,Escherichia coli,FICTIONAL_A,2024-07-01,Homo sapiens,synthetic,ceftazidime,1.0,=,mg/L,MIC,synthetic,EUCAST,SYNTHETIC_ONLY,unknown,positive,unknown,synthetic_fixture,synthetic,,generated:6
SYNTH_00006,DEMO_A,P3,,Escherichia coli,FICTIONAL_A,2024-07-01,Homo sapiens,synthetic,ciprofloxacin,1.0,=,mg/L,MIC,synthetic,EUCAST,SYNTHETIC_ONLY,unknown,positive,unknown,synthetic_fixture,synthetic,,generated:6
SYNTH_00006,DEMO_A,P3,,Escherichia coli,FICTIONAL_A,2024-07-01,Homo sapiens,synthetic,gentamicin,4.0,=,mg/L,MIC,synthetic,EUCAST,SYNTHETIC_ONLY,unknown,positive,unknown,synthetic_fixture,synthetic,,generated:6
SYNTH_00006,DEMO_A,P3,,Escherichia coli,FICTIONAL_A,2024-07-01,Homo sapiens,synthetic,amikacin,4.0,=,mg/L,MIC,synthetic,EUCAST,SYNTHETIC_ONLY,unknown,positive,unknown,synthetic_fixture,synthetic,,generated:6
SYNTH_00007,DEMO_A,P3,,Klebsiella pneumoniae,FICTIONAL_A,2024-08-01,Homo sapiens,synthetic,meropenem,0.5,=,mg/L,MIC,synthetic,EUCAST,SYNTHETIC_ONLY,S,unknown,unknown,synthetic_fixture,synthetic,,generated:7
SYNTH_00007,DEMO_A,P3,,Klebsiella pneumoniae,FICTIONAL_A,2024-08-01,Homo sapiens,synthetic,ceftazidime,1.0,=,mg/L,MIC,synthetic,EUCAST,SYNTHETIC_ONLY,unknown,unknown,unknown,synthetic_fixture,synthetic,,generated:7
SYNTH_00007,DEMO_A,P3,,Klebsiella pneumoniae,FICTIONAL_A,2024-08-01,Homo sapiens,synthetic,ciprofloxacin,1.0,=,mg/L,MIC,synthetic,EUCAST,SYNTHETIC_ONLY,unknown,unknown,unknown,synthetic_fixture,synthetic,,generated:7
SYNTH_00007,DEMO_A,P3,,Klebsiella pneumoniae,FICTIONAL_A,2024-08-01,Homo sapiens,synthetic,gentamicin,2.0,=,mg/L,MIC,synthetic,EUCAST,SYNTHETIC_ONLY,unknown,unknown,unknown,synthetic_fixture,synthetic,,generated:7
SYNTH_00007,DEMO_A,P3,,Klebsiella pneumoniae,FICTIONAL_A,2024-08-01,Homo sapiens,synthetic,amikacin,4.0,=,mg/L,MIC,synthetic,EUCAST,SYNTHETIC_ONLY,unknown,unknown,unknown,synthetic_fixture,synthetic,,generated:7
SYNTH_00008,DEMO_A,P4,,Escherichia coli,FICTIONAL_A,2024-09-01,Homo sapiens,synthetic,meropenem,0.5,=,mg/L,MIC,synthetic,EUCAST,SYNTHETIC_ONLY,S,unknown,unknown,synthetic_fixture,synthetic,,generated:8
SYNTH_00008,DEMO_A,P4,,Escherichia coli,FICTIONAL_A,2024-09-01,Homo sapiens,synthetic,cefepime,0.25,=,mg/L,MIC,synthetic,EUCAST,SYNTHETIC_ONLY,unknown,unknown,unknown,synthetic_fixture,synthetic,,generated:8
SYNTH_00008,DEMO_A,P4,,Escherichia coli,FICTIONAL_A,2024-09-01,Homo sapiens,synthetic,ceftazidime,0.5,=,mg/L,MIC,synthetic,EUCAST,SYNTHETIC_ONLY,unknown,unknown,unknown,synthetic_fixture,synthetic,,generated:8
SYNTH_00008,DEMO_A,P4,,Escherichia coli,FICTIONAL_A,2024-09-01,Homo sapiens,synthetic,ciprofloxacin,1.0,=,mg/L,MIC,synthetic,EUCAST,SYNTHETIC_ONLY,unknown,unknown,unknown,synthetic_fixture,synthetic,,generated:8
SYNTH_00008,DEMO_A,P4,,Escherichia coli,FICTIONAL_A,2024-09-01,Homo sapiens,synthetic,gentamicin,8.0,=,mg/L,MIC,synthetic,EUCAST,SYNTHETIC_ONLY,unknown,unknown,unknown,synthetic_fixture,synthetic,,generated:8
SYNTH_00008,DEMO_A,P4,,Escherichia coli,FICTIONAL_A,2024-09-01,Homo sapiens,synthetic,amikacin,4.0,=,mg/L,MIC,synthetic,EUCAST,SYNTHETIC_ONLY,unknown,unknown,unknown,synthetic_fixture,synthetic,,generated:8
SYNTH_00009,DEMO_A,P4,,Klebsiella pneumoniae,FICTIONAL_A,2024-10-01,Homo sapiens,synthetic,meropenem,0.5,=,mg/L,MIC,synthetic,EUCAST,SYNTHETIC_ONLY,S,positive,unknown,synthetic_fixture,synthetic,,generated:9
SYNTH_00009,DEMO_A,P4,,Klebsiella pneumoniae,FICTIONAL_A,2024-10-01,Homo sapiens,synthetic,ceftazidime,2.0,=,mg/L,MIC,synthetic,EUCAST,SYNTHETIC_ONLY,unknown,positive,unknown,synthetic_fixture,synthetic,,generated:9
SYNTH_00009,DEMO_A,P4,,Klebsiella pneumoniae,FICTIONAL_A,2024-10-01,Homo sapiens,synthetic,ciprofloxacin,2.0,=,mg/L,MIC,synthetic,EUCAST,SYNTHETIC_ONLY,unknown,positive,unknown,synthetic_fixture,synthetic,,generated:9
SYNTH_00009,DEMO_A,P4,,Klebsiella pneumoniae,FICTIONAL_A,2024-10-01,Homo sapiens,synthetic,gentamicin,1.0,=,mg/L,MIC,synthetic,EUCAST,SYNTHETIC_ONLY,unknown,positive,unknown,synthetic_fixture,synthetic,,generated:9
SYNTH_00009,DEMO_A,P4,,Klebsiella pneumoniae,FICTIONAL_A,2024-10-01,Homo sapiens,synthetic,amikacin,4.0,=,mg/L,MIC,synthetic,EUCAST,SYNTHETIC_ONLY,unknown,positive,unknown,synthetic_fixture,synthetic,,generated:9
SYNTH_00010,DEMO_A,P5,,Escherichia coli,FICTIONAL_A,2024-11-01,Homo sapiens,synthetic,meropenem,0.5,=,mg/L,MIC,synthetic,EUCAST,SYNTHETIC_ONLY,S,unknown,positive,synthetic_fixture,synthetic,,generated:10
SYNTH_00010,DEMO_A,P5,,Escherichia coli,FICTIONAL_A,2024-11-01,Homo sapiens,synthetic,cefepime,2.0,=,mg/L,MIC,synthetic,EUCAST,SYNTHETIC_ONLY,unknown,unknown,positive,synthetic_fixture,synthetic,,generated:10
SYNTH_00010,DEMO_A,P5,,Escherichia coli,FICTIONAL_A,2024-11-01,Homo sapiens,synthetic,ceftazidime,0.5,=,mg/L,MIC,synthetic,EUCAST,SYNTHETIC_ONLY,unknown,unknown,positive,synthetic_fixture,synthetic,,generated:10
SYNTH_00010,DEMO_A,P5,,Escherichia coli,FICTIONAL_A,2024-11-01,Homo sapiens,synthetic,ciprofloxacin,2.0,=,mg/L,MIC,synthetic,EUCAST,SYNTHETIC_ONLY,unknown,unknown,positive,synthetic_fixture,synthetic,,generated:10
SYNTH_00010,DEMO_A,P5,,Escherichia coli,FICTIONAL_A,2024-11-01,Homo sapiens,synthetic,gentamicin,4.0,=,mg/L,MIC,synthetic,EUCAST,SYNTHETIC_ONLY,unknown,unknown,positive,synthetic_fixture,synthetic,,generated:10
SYNTH_00010,DEMO_A,P5,,Escherichia coli,FICTIONAL_A,2024-11-01,Homo sapiens,synthetic,amikacin,8.0,=,mg/L,MIC,synthetic,EUCAST,SYNTHETIC_ONLY,unknown,unknown,positive,synthetic_fixture,synthetic,,generated:10
SYNTH_00011,DEMO_A,P5,,Klebsiella pneumoniae,FICTIONAL_A,2024-12-01,Homo sapiens,synthetic,meropenem,0.5,=,mg/L,MIC,synthetic,EUCAST,SYNTHETIC_ONLY,S,unknown,unknown,synthetic_fixture,synthetic,,generated:11
SYNTH_00011,DEMO_A,P5,,Klebsiella pneumoniae,FICTIONAL_A,2024-12-01,Homo sapiens,synthetic,cefepime,0.25,=,mg/L,MIC,synthetic,EUCAST,SYNTHETIC_ONLY,unknown,unknown,unknown,synthetic_fixture,synthetic,,generated:11
SYNTH_00011,DEMO_A,P5,,Klebsiella pneumoniae,FICTIONAL_A,2024-12-01,Homo sapiens,synthetic,ceftazidime,1.0,=,mg/L,MIC,synthetic,EUCAST,SYNTHETIC_ONLY,unknown,unknown,unknown,synthetic_fixture,synthetic,,generated:11
SYNTH_00011,DEMO_A,P5,,Klebsiella pneumoniae,FICTIONAL_A,2024-12-01,Homo sapiens,synthetic,gentamicin,1.0,=,mg/L,MIC,synthetic,EUCAST,SYNTHETIC_ONLY,unknown,unknown,unknown,synthetic_fixture,synthetic,,generated:11
SYNTH_00011,DEMO_A,P5,,Klebsiella pneumoniae,FICTIONAL_A,2024-12-01,Homo sapiens,synthetic,amikacin,4.0,=,mg/L,MIC,synthetic,EUCAST,SYNTHETIC_ONLY,unknown,unknown,unknown,synthetic_fixture,synthetic,,generated:11
SYNTH_00012,DEMO_A,P6,,Escherichia coli,FICTIONAL_A,2024-01-01,Homo sapiens,synthetic,meropenem,8,=,mg/L,MIC,synthetic,EUCAST,SYNTHETIC_ONLY,R,positive,unknown,synthetic_fixture,synthetic,,generated:12
SYNTH_00012,DEMO_A,P6,,Escherichia coli,FICTIONAL_A,2024-01-01,Homo sapiens,synthetic,cefepime,2.0,=,mg/L,MIC,synthetic,EUCAST,SYNTHETIC_ONLY,unknown,positive,unknown,synthetic_fixture,synthetic,,generated:12
SYNTH_00012,DEMO_A,P6,,Escherichia coli,FICTIONAL_A,2024-01-01,Homo sapiens,synthetic,ceftazidime,8.0,=,mg/L,MIC,synthetic,EUCAST,SYNTHETIC_ONLY,unknown,positive,unknown,synthetic_fixture,synthetic,,generated:12
SYNTH_00012,DEMO_A,P6,,Escherichia coli,FICTIONAL_A,2024-01-01,Homo sapiens,synthetic,ciprofloxacin,4.0,=,mg/L,MIC,synthetic,EUCAST,SYNTHETIC_ONLY,unknown,positive,unknown,synthetic_fixture,synthetic,,generated:12
SYNTH_00012,DEMO_A,P6,,Escherichia coli,FICTIONAL_A,2024-01-01,Homo sapiens,synthetic,gentamicin,8.0,=,mg/L,MIC,synthetic,EUCAST,SYNTHETIC_ONLY,unknown,positive,unknown,synthetic_fixture,synthetic,,generated:12
SYNTH_00012,DEMO_A,P6,,Escherichia coli,FICTIONAL_A,2024-01-01,Homo sapiens,synthetic,amikacin,8.0,=,mg/L,MIC,synthetic,EUCAST,SYNTHETIC_ONLY,unknown,positive,unknown,synthetic_fixture,synthetic,,generated:12
SYNTH_00013,DEMO_A,P6,,Klebsiella pneumoniae,FICTIONAL_A,2024-02-01,Homo sapiens,synthetic,meropenem,0.5,=,mg/L,MIC,synthetic,EUCAST,SYNTHETIC_ONLY,S,unknown,unknown,synthetic_fixture,synthetic,,generated:13
SYNTH_00013,DEMO_A,P6,,Klebsiella pneumoniae,FICTIONAL_A,2024-02-01,Homo sapiens,synthetic,cefepime,0.5,=,mg/L,MIC,synthetic,EUCAST,SYNTHETIC_ONLY,unknown,unknown,unknown,synthetic_fixture,synthetic,,generated:13
SYNTH_00013,DEMO_A,P6,,Klebsiella pneumoniae,FICTIONAL_A,2024-02-01,Homo sapiens,synthetic,ceftazidime,2.0,=,mg/L,MIC,synthetic,EUCAST,SYNTHETIC_ONLY,unknown,unknown,unknown,synthetic_fixture,synthetic,,generated:13
SYNTH_00013,DEMO_A,P6,,Klebsiella pneumoniae,FICTIONAL_A,2024-02-01,Homo sapiens,synthetic,ciprofloxacin,2.0,=,mg/L,MIC,synthetic,EUCAST,SYNTHETIC_ONLY,unknown,unknown,unknown,synthetic_fixture,synthetic,,generated:13
SYNTH_00013,DEMO_A,P6,,Klebsiella pneumoniae,FICTIONAL_A,2024-02-01,Homo sapiens,synthetic,gentamicin,2.0,=,mg/L,MIC,synthetic,EUCAST,SYNTHETIC_ONLY,unknown,unknown,unknown,synthetic_fixture,synthetic,,generated:13
SYNTH_00013,DEMO_A,P6,,Klebsiella pneumoniae,FICTIONAL_A,2024-02-01,Homo sapiens,synthetic,amikacin,2.0,=,mg/L,MIC,synthetic,EUCAST,SYNTHETIC_ONLY,unknown,unknown,unknown,synthetic_fixture,synthetic,,generated:13
SYNTH_00014,DEMO_A,P7,,Escherichia coli,FICTIONAL_A,2024-03-01,Homo sapiens,synthetic,meropenem,8,=,mg/L,MIC,synthetic,EUCAST,SYNTHETIC_ONLY,R,unknown,unknown,synthetic_fixture,synthetic,,generated:14
SYNTH_00014,DEMO_A,P7,,Escherichia coli,FICTIONAL_A,2024-03-01,Homo sapiens,synthetic,cefepime,1.0,=,mg/L,MIC,synthetic,EUCAST,SYNTHETIC_ONLY,unknown,unknown,unknown,synthetic_fixture,synthetic,,generated:14
SYNTH_00014,DEMO_A,P7,,Escherichia coli,FICTIONAL_A,2024-03-01,Homo sapiens,synthetic,ceftazidime,2.0,=,mg/L,MIC,synthetic,EUCAST,SYNTHETIC_ONLY,unknown,unknown,unknown,synthetic_fixture,synthetic,,generated:14
SYNTH_00014,DEMO_A,P7,,Escherichia coli,FICTIONAL_A,2024-03-01,Homo sapiens,synthetic,ciprofloxacin,1.0,=,mg/L,MIC,synthetic,EUCAST,SYNTHETIC_ONLY,unknown,unknown,unknown,synthetic_fixture,synthetic,,generated:14
SYNTH_00014,DEMO_A,P7,,Escherichia coli,FICTIONAL_A,2024-03-01,Homo sapiens,synthetic,gentamicin,1.0,=,mg/L,MIC,synthetic,EUCAST,SYNTHETIC_ONLY,unknown,unknown,unknown,synthetic_fixture,synthetic,,generated:14
SYNTH_00014,DEMO_A,P7,,Escherichia coli,FICTIONAL_A,2024-03-01,Homo sapiens,synthetic,amikacin,2.0,=,mg/L,MIC,synthetic,EUCAST,SYNTHETIC_ONLY,unknown,unknown,unknown,synthetic_fixture,synthetic,,generated:14
SYNTH_00015,DEMO_A,P7,,Klebsiella pneumoniae,FICTIONAL_A,2024-04-01,Homo sapiens,synthetic,meropenem,0.5,=,mg/L,MIC,synthetic,EUCAST,SYNTHETIC_ONLY,S,positive,positive,synthetic_fixture,synthetic,,generated:15
SYNTH_00015,DEMO_A,P7,,Klebsiella pneumoniae,FICTIONAL_A,2024-04-01,Homo sapiens,synthetic,cefepime,1.0,=,mg/L,MIC,synthetic,EUCAST,SYNTHETIC_ONLY,unknown,positive,positive,synthetic_fixture,synthetic,,generated:15
SYNTH_00015,DEMO_A,P7,,Klebsiella pneumoniae,FICTIONAL_A,2024-04-01,Homo sapiens,synthetic,ceftazidime,0.5,=,mg/L,MIC,synthetic,EUCAST,SYNTHETIC_ONLY,unknown,positive,positive,synthetic_fixture,synthetic,,generated:15
SYNTH_00015,DEMO_A,P7,,Klebsiella pneumoniae,FICTIONAL_A,2024-04-01,Homo sapiens,synthetic,ciprofloxacin,2.0,=,mg/L,MIC,synthetic,EUCAST,SYNTHETIC_ONLY,unknown,positive,positive,synthetic_fixture,synthetic,,generated:15
SYNTH_00015,DEMO_A,P7,,Klebsiella pneumoniae,FICTIONAL_A,2024-04-01,Homo sapiens,synthetic,gentamicin,1.0,=,mg/L,MIC,synthetic,EUCAST,SYNTHETIC_ONLY,unknown,positive,positive,synthetic_fixture,synthetic,,generated:15
SYNTH_00015,DEMO_A,P7,,Klebsiella pneumoniae,FICTIONAL_A,2024-04-01,Homo sapiens,synthetic,amikacin,4.0,=,mg/L,MIC,synthetic,EUCAST,SYNTHETIC_ONLY,unknown,positive,positive,synthetic_fixture,synthetic,,generated:15
SYNTH_00016,DEMO_A,P8,,Escherichia coli,FICTIONAL_A,2024-05-01,Homo sapiens,synthetic,meropenem,8,=,mg/L,MIC,synthetic,EUCAST,SYNTHETIC_ONLY,R,unknown,unknown,synthetic_fixture,synthetic,,generated:16
SYNTH_00016,DEMO_A,P8,,Escherichia coli,FICTIONAL_A,2024-05-01,Homo sapiens,synthetic,cefepime,1.0,=,mg/L,MIC,synthetic,EUCAST,SYNTHETIC_ONLY,unknown,unknown,unknown,synthetic_fixture,synthetic,,generated:16
SYNTH_00016,DEMO_A,P8,,Escherichia coli,FICTIONAL_A,2024-05-01,Homo sapiens,synthetic,ceftazidime,16.0,=,mg/L,MIC,synthetic,EUCAST,SYNTHETIC_ONLY,unknown,unknown,unknown,synthetic_fixture,synthetic,,generated:16
SYNTH_00016,DEMO_A,P8,,Escherichia coli,FICTIONAL_A,2024-05-01,Homo sapiens,synthetic,ciprofloxacin,4.0,=,mg/L,MIC,synthetic,EUCAST,SYNTHETIC_ONLY,unknown,unknown,unknown,synthetic_fixture,synthetic,,generated:16
SYNTH_00016,DEMO_A,P8,,Escherichia coli,FICTIONAL_A,2024-05-01,Homo sapiens,synthetic,gentamicin,2.0,=,mg/L,MIC,synthetic,EUCAST,SYNTHETIC_ONLY,unknown,unknown,unknown,synthetic_fixture,synthetic,,generated:16
SYNTH_00016,DEMO_A,P8,,Escherichia coli,FICTIONAL_A,2024-05-01,Homo sapiens,synthetic,amikacin,16.0,=,mg/L,MIC,synthetic,EUCAST,SYNTHETIC_ONLY,unknown,unknown,unknown,synthetic_fixture,synthetic,,generated:16
SYNTH_00017,DEMO_A,P8,,Klebsiella pneumoniae,FICTIONAL_A,2024-06-01,Homo sapiens,synthetic,meropenem,0.5,=,mg/L,MIC,synthetic,EUCAST,SYNTHETIC_ONLY,S,unknown,unknown,synthetic_fixture,synthetic,,generated:17
SYNTH_00017,DEMO_A,P8,,Klebsiella pneumoniae,FICTIONAL_A,2024-06-01,Homo sapiens,synthetic,cefepime,1.0,=,mg/L,MIC,synthetic,EUCAST,SYNTHETIC_ONLY,unknown,unknown,unknown,synthetic_fixture,synthetic,,generated:17
SYNTH_00017,DEMO_A,P8,,Klebsiella pneumoniae,FICTIONAL_A,2024-06-01,Homo sapiens,synthetic,ceftazidime,1.0,=,mg/L,MIC,synthetic,EUCAST,SYNTHETIC_ONLY,unknown,unknown,unknown,synthetic_fixture,synthetic,,generated:17
SYNTH_00017,DEMO_A,P8,,Klebsiella pneumoniae,FICTIONAL_A,2024-06-01,Homo sapiens,synthetic,ciprofloxacin,0.5,=,mg/L,MIC,synthetic,EUCAST,SYNTHETIC_ONLY,unknown,unknown,unknown,synthetic_fixture,synthetic,,generated:17
SYNTH_00017,DEMO_A,P8,,Klebsiella pneumoniae,FICTIONAL_A,2024-06-01,Homo sapiens,synthetic,gentamicin,1.0,=,mg/L,MIC,synthetic,EUCAST,SYNTHETIC_ONLY,unknown,unknown,unknown,synthetic_fixture,synthetic,,generated:17
SYNTH_00017,DEMO_A,P8,,Klebsiella pneumoniae,FICTIONAL_A,2024-06-01,Homo sapiens,synthetic,amikacin,2.0,=,mg/L,MIC,synthetic,EUCAST,SYNTHETIC_ONLY,unknown,unknown,unknown,synthetic_fixture,synthetic,,generated:17
SYNTH_00018,DEMO_A,P9,,Escherichia coli,FICTIONAL_A,2024-07-01,Homo sapiens,synthetic,meropenem,8,=,mg/L,MIC,synthetic,EUCAST,SYNTHETIC_ONLY,R,positive,unknown,synthetic_fixture,synthetic,,generated:18
SYNTH_00018,DEMO_A,P9,,Escherichia coli,FICTIONAL_A,2024-07-01,Homo sapiens,synthetic,cefepime,1.0,=,mg/L,MIC,synthetic,EUCAST,SYNTHETIC_ONLY,unknown,positive,unknown,synthetic_fixture,synthetic,,generated:18
SYNTH_00018,DEMO_A,P9,,Escherichia coli,FICTIONAL_A,2024-07-01,Homo sapiens,synthetic,ceftazidime,2.0,=,mg/L,MIC,synthetic,EUCAST,SYNTHETIC_ONLY,unknown,positive,unknown,synthetic_fixture,synthetic,,generated:18
SYNTH_00018,DEMO_A,P9,,Escherichia coli,FICTIONAL_A,2024-07-01,Homo sapiens,synthetic,ciprofloxacin,1.0,=,mg/L,MIC,synthetic,EUCAST,SYNTHETIC_ONLY,unknown,positive,unknown,synthetic_fixture,synthetic,,generated:18
SYNTH_00018,DEMO_A,P9,,Escherichia coli,FICTIONAL_A,2024-07-01,Homo sapiens,synthetic,gentamicin,4.0,=,mg/L,MIC,synthetic,EUCAST,SYNTHETIC_ONLY,unknown,positive,unknown,synthetic_fixture,synthetic,,generated:18
SYNTH_00018,DEMO_A,P9,,Escherichia coli,FICTIONAL_A,2024-07-01,Homo sapiens,synthetic,amikacin,4.0,=,mg/L,MIC,synthetic,EUCAST,SYNTHETIC_ONLY,unknown,positive,unknown,synthetic_fixture,synthetic,,generated:18
SYNTH_00019,DEMO_A,P9,,Klebsiella pneumoniae,FICTIONAL_A,2024-08-01,Homo sapiens,synthetic,meropenem,0.5,=,mg/L,MIC,synthetic,EUCAST,SYNTHETIC_ONLY,S,unknown,unknown,synthetic_fixture,synthetic,,generated:19
SYNTH_00019,DEMO_A,P9,,Klebsiella pneumoniae,FICTIONAL_A,2024-08-01,Homo sapiens,synthetic,cefepime,0.5,=,mg/L,MIC,synthetic,EUCAST,SYNTHETIC_ONLY,unknown,unknown,unknown,synthetic_fixture,synthetic,,generated:19
SYNTH_00019,DEMO_A,P9,,Klebsiella pneumoniae,FICTIONAL_A,2024-08-01,Homo sapiens,synthetic,ceftazidime,1.0,=,mg/L,MIC,synthetic,EUCAST,SYNTHETIC_ONLY,unknown,unknown,unknown,synthetic_fixture,synthetic,,generated:19
SYNTH_00019,DEMO_A,P9,,Klebsiella pneumoniae,FICTIONAL_A,2024-08-01,Homo sapiens,synthetic,ciprofloxacin,8.0,=,mg/L,MIC,synthetic,EUCAST,SYNTHETIC_ONLY,unknown,unknown,unknown,synthetic_fixture,synthetic,,generated:19
SYNTH_00019,DEMO_A,P9,,Klebsiella pneumoniae,FICTIONAL_A,2024-08-01,Homo sapiens,synthetic,gentamicin,1.0,=,mg/L,MIC,synthetic,EUCAST,SYNTHETIC_ONLY,unknown,unknown,unknown,synthetic_fixture,synthetic,,generated:19
SYNTH_00019,DEMO_A,P9,,Klebsiella pneumoniae,FICTIONAL_A,2024-08-01,Homo sapiens,synthetic,amikacin,1.0,=,mg/L,MIC,synthetic,EUCAST,SYNTHETIC_ONLY,unknown,unknown,unknown,synthetic_fixture,synthetic,,generated:19
SYNTH_00020,DEMO_A,P10,,Escherichia coli,FICTIONAL_A,2024-09-01,Homo sapiens,synthetic,meropenem,0.5,=,mg/L,MIC,synthetic,EUCAST,SYNTHETIC_ONLY,S,unknown,positive,synthetic_fixture,synthetic,,generated:20
SYNTH_00020,DEMO_A,P10,,Escherichia coli,FICTIONAL_A,2024-09-01,Homo sapiens,synthetic,cefepime,0.5,=,mg/L,MIC,synthetic,EUCAST,SYNTHETIC_ONLY,unknown,unknown,positive,synthetic_fixture,synthetic,,generated:20
SYNTH_00020,DEMO_A,P10,,Escherichia coli,FICTIONAL_A,2024-09-01,Homo sapiens,synthetic,ceftazidime,0.25,=,mg/L,MIC,synthetic,EUCAST,SYNTHETIC_ONLY,unknown,unknown,positive,synthetic_fixture,synthetic,,generated:20
SYNTH_00020,DEMO_A,P10,,Escherichia coli,FICTIONAL_A,2024-09-01,Homo sapiens,synthetic,ciprofloxacin,0.5,=,mg/L,MIC,synthetic,EUCAST,SYNTHETIC_ONLY,unknown,unknown,positive,synthetic_fixture,synthetic,,generated:20
SYNTH_00020,DEMO_A,P10,,Escherichia coli,FICTIONAL_A,2024-09-01,Homo sapiens,synthetic,gentamicin,8.0,=,mg/L,MIC,synthetic,EUCAST,SYNTHETIC_ONLY,unknown,unknown,positive,synthetic_fixture,synthetic,,generated:20
SYNTH_00020,DEMO_A,P10,,Escherichia coli,FICTIONAL_A,2024-09-01,Homo sapiens,synthetic,amikacin,2.0,=,mg/L,MIC,synthetic,EUCAST,SYNTHETIC_ONLY,unknown,unknown,positive,synthetic_fixture,synthetic,,generated:20
SYNTH_00021,DEMO_A,P10,,Klebsiella pneumoniae,FICTIONAL_A,2024-10-01,Homo sapiens,synthetic,meropenem,0.5,=,mg/L,MIC,synthetic,EUCAST,SYNTHETIC_ONLY,S,positive,unknown,synthetic_fixture,synthetic,,generated:21
SYNTH_00021,DEMO_A,P10,,Klebsiella pneumoniae,FICTIONAL_A,2024-10-01,Homo sapiens,synthetic,cefepime,4.0,=,mg/L,MIC,synthetic,EUCAST,SYNTHETIC_ONLY,unknown,positive,unknown,synthetic_fixture,synthetic,,generated:21
SYNTH_00021,DEMO_A,P10,,Klebsiella pneumoniae,FICTIONAL_A,2024-10-01,Homo sapiens,synthetic,ceftazidime,0.5,=,mg/L,MIC,synthetic,EUCAST,SYNTHETIC_ONLY,unknown,positive,unknown,synthetic_fixture,synthetic,,generated:21
SYNTH_00021,DEMO_A,P10,,Klebsiella pneumoniae,FICTIONAL_A,2024-10-01,Homo sapiens,synthetic,ciprofloxacin,16.0,=,mg/L,MIC,synthetic,EUCAST,SYNTHETIC_ONLY,unknown,positive,unknown,synthetic_fixture,synthetic,,generated:21
SYNTH_00021,DEMO_A,P10,,Klebsiella pneumoniae,FICTIONAL_A,2024-10-01,Homo sapiens,synthetic,amikacin,4.0,=,mg/L,MIC,synthetic,EUCAST,SYNTHETIC_ONLY,unknown,positive,unknown,synthetic_fixture,synthetic,,generated:21
SYNTH_00022,DEMO_A,P11,,Escherichia coli,FICTIONAL_A,2024-11-01,Homo sapiens,synthetic,meropenem,8,=,mg/L,MIC,synthetic,EUCAST,SYNTHETIC_ONLY,R,unknown,unknown,synthetic_fixture,synthetic,,generated:22
SYNTH_00022,DEMO_A,P11,,Escherichia coli,FICTIONAL_A,2024-11-01,Homo sapiens,synthetic,cefepime,8.0,=,mg/L,MIC,synthetic,EUCAST,SYNTHETIC_ONLY,unknown,unknown,unknown,synthetic_fixture,synthetic,,generated:22
SYNTH_00022,DEMO_A,P11,,Escherichia coli,FICTIONAL_A,2024-11-01,Homo sapiens,synthetic,ceftazidime,4.0,=,mg/L,MIC,synthetic,EUCAST,SYNTHETIC_ONLY,unknown,unknown,unknown,synthetic_fixture,synthetic,,generated:22
SYNTH_00022,DEMO_A,P11,,Escherichia coli,FICTIONAL_A,2024-11-01,Homo sapiens,synthetic,ciprofloxacin,2.0,=,mg/L,MIC,synthetic,EUCAST,SYNTHETIC_ONLY,unknown,unknown,unknown,synthetic_fixture,synthetic,,generated:22
SYNTH_00023,DEMO_A,P11,,Klebsiella pneumoniae,FICTIONAL_A,2024-12-01,Homo sapiens,synthetic,meropenem,0.5,=,mg/L,MIC,synthetic,EUCAST,SYNTHETIC_ONLY,S,unknown,unknown,synthetic_fixture,synthetic,,generated:23
SYNTH_00023,DEMO_A,P11,,Klebsiella pneumoniae,FICTIONAL_A,2024-12-01,Homo sapiens,synthetic,cefepime,2.0,=,mg/L,MIC,synthetic,EUCAST,SYNTHETIC_ONLY,unknown,unknown,unknown,synthetic_fixture,synthetic,,generated:23
SYNTH_00023,DEMO_A,P11,,Klebsiella pneumoniae,FICTIONAL_A,2024-12-01,Homo sapiens,synthetic,ceftazidime,2.0,=,mg/L,MIC,synthetic,EUCAST,SYNTHETIC_ONLY,unknown,unknown,unknown,synthetic_fixture,synthetic,,generated:23
SYNTH_00023,DEMO_A,P11,,Klebsiella pneumoniae,FICTIONAL_A,2024-12-01,Homo sapiens,synthetic,ciprofloxacin,2.0,=,mg/L,MIC,synthetic,EUCAST,SYNTHETIC_ONLY,unknown,unknown,unknown,synthetic_fixture,synthetic,,generated:23
SYNTH_00023,DEMO_A,P11,,Klebsiella pneumoniae,FICTIONAL_A,2024-12-01,Homo sapiens,synthetic,gentamicin,4.0,=,mg/L,MIC,synthetic,EUCAST,SYNTHETIC_ONLY,unknown,unknown,unknown,synthetic_fixture,synthetic,,generated:23
SYNTH_00023,DEMO_A,P11,,Klebsiella pneumoniae,FICTIONAL_A,2024-12-01,Homo sapiens,synthetic,amikacin,32.0,=,mg/L,MIC,synthetic,EUCAST,SYNTHETIC_ONLY,unknown,unknown,unknown,synthetic_fixture,synthetic,,generated:23
SYNTH_00024,DEMO_A,P12,,Escherichia coli,FICTIONAL_A,2024-01-01,Homo sapiens,synthetic,meropenem,8,=,mg/L,MIC,synthetic,EUCAST,SYNTHETIC_ONLY,R,positive,unknown,synthetic_fixture,synthetic,,generated:24
SYNTH_00024,DEMO_A,P12,,Escherichia coli,FICTIONAL_A,2024-01-01,Homo sapiens,synthetic,cefepime,2.0,=,mg/L,MIC,synthetic,EUCAST,SYNTHETIC_ONLY,unknown,positive,unknown,synthetic_fixture,synthetic,,generated:24
SYNTH_00024,DEMO_A,P12,,Escherichia coli,FICTIONAL_A,2024-01-01,Homo sapiens,synthetic,ceftazidime,8.0,=,mg/L,MIC,synthetic,EUCAST,SYNTHETIC_ONLY,unknown,positive,unknown,synthetic_fixture,synthetic,,generated:24
SYNTH_00024,DEMO_A,P12,,Escherichia coli,FICTIONAL_A,2024-01-01,Homo sapiens,synthetic,ciprofloxacin,16.0,=,mg/L,MIC,synthetic,EUCAST,SYNTHETIC_ONLY,unknown,positive,unknown,synthetic_fixture,synthetic,,generated:24
SYNTH_00024,DEMO_A,P12,,Escherichia coli,FICTIONAL_A,2024-01-01,Homo sapiens,synthetic,amikacin,4.0,=,mg/L,MIC,synthetic,EUCAST,SYNTHETIC_ONLY,unknown,positive,unknown,synthetic_fixture,synthetic,,generated:24
SYNTH_00025,DEMO_A,P12,,Klebsiella pneumoniae,FICTIONAL_A,2024-02-01,Homo sapiens,synthetic,meropenem,8,=,mg/L,MIC,synthetic,EUCAST,SYNTHETIC_ONLY,R,unknown,positive,synthetic_fixture,synthetic,,generated:25
SYNTH_00025,DEMO_A,P12,,Klebsiella pneumoniae,FICTIONAL_A,2024-02-01,Homo sapiens,synthetic,cefepime,1.0,=,mg/L,MIC,synthetic,EUCAST,SYNTHETIC_ONLY,unknown,unknown,positive,synthetic_fixture,synthetic,,generated:25
SYNTH_00025,DEMO_A,P12,,Klebsiella pneumoniae,FICTIONAL_A,2024-02-01,Homo sapiens,synthetic,ceftazidime,2.0,=,mg/L,MIC,synthetic,EUCAST,SYNTHETIC_ONLY,unknown,unknown,positive,synthetic_fixture,synthetic,,generated:25
SYNTH_00025,DEMO_A,P12,,Klebsiella pneumoniae,FICTIONAL_A,2024-02-01,Homo sapiens,synthetic,ciprofloxacin,4.0,=,mg/L,MIC,synthetic,EUCAST,SYNTHETIC_ONLY,unknown,unknown,positive,synthetic_fixture,synthetic,,generated:25
SYNTH_00025,DEMO_A,P12,,Klebsiella pneumoniae,FICTIONAL_A,2024-02-01,Homo sapiens,synthetic,gentamicin,4.0,=,mg/L,MIC,synthetic,EUCAST,SYNTHETIC_ONLY,unknown,unknown,positive,synthetic_fixture,synthetic,,generated:25
SYNTH_00025,DEMO_A,P12,,Klebsiella pneumoniae,FICTIONAL_A,2024-02-01,Homo sapiens,synthetic,amikacin,1.0,=,mg/L,MIC,synthetic,EUCAST,SYNTHETIC_ONLY,unknown,unknown,positive,synthetic_fixture,synthetic,,generated:25
SYNTH_00026,DEMO_A,P13,,Escherichia coli,FICTIONAL_A,2024-03-01,Homo sapiens,synthetic,meropenem,0.5,=,mg/L,MIC,synthetic,EUCAST,SYNTHETIC_ONLY,S,unknown,unknown,synthetic_fixture,synthetic,,generated:26
SYNTH_00026,DEMO_A,P13,,Escherichia coli,FICTIONAL_A,2024-03-01,Homo sapiens,synthetic,cefepime,0.5,=,mg/L,MIC,synthetic,EUCAST,SYNTHETIC_ONLY,unknown,unknown,unknown,synthetic_fixture,synthetic,,generated:26
SYNTH_00026,DEMO_A,P13,,Escherichia coli,FICTIONAL_A,2024-03-01,Homo sapiens,synthetic,ceftazidime,2.0,=,mg/L,MIC,synthetic,EUCAST,SYNTHETIC_ONLY,unknown,unknown,unknown,synthetic_fixture,synthetic,,generated:26
SYNTH_00026,DEMO_A,P13,,Escherichia coli,FICTIONAL_A,2024-03-01,Homo sapiens,synthetic,ciprofloxacin,0.5,=,mg/L,MIC,synthetic,EUCAST,SYNTHETIC_ONLY,unknown,unknown,unknown,synthetic_fixture,synthetic,,generated:26
SYNTH_00026,DEMO_A,P13,,Escherichia coli,FICTIONAL_A,2024-03-01,Homo sapiens,synthetic,gentamicin,2.0,=,mg/L,MIC,synthetic,EUCAST,SYNTHETIC_ONLY,unknown,unknown,unknown,synthetic_fixture,synthetic,,generated:26
SYNTH_00026,DEMO_A,P13,,Escherichia coli,FICTIONAL_A,2024-03-01,Homo sapiens,synthetic,amikacin,2.0,=,mg/L,MIC,synthetic,EUCAST,SYNTHETIC_ONLY,unknown,unknown,unknown,synthetic_fixture,synthetic,,generated:26
SYNTH_00027,DEMO_A,P13,,Klebsiella pneumoniae,FICTIONAL_A,2024-04-01,Homo sapiens,synthetic,meropenem,8,=,mg/L,MIC,synthetic,EUCAST,SYNTHETIC_ONLY,R,positive,unknown,synthetic_fixture,synthetic,,generated:27
SYNTH_00027,DEMO_A,P13,,Klebsiella pneumoniae,FICTIONAL_A,2024-04-01,Homo sapiens,synthetic,cefepime,2.0,=,mg/L,MIC,synthetic,EUCAST,SYNTHETIC_ONLY,unknown,positive,unknown,synthetic_fixture,synthetic,,generated:27
SYNTH_00027,DEMO_A,P13,,Klebsiella pneumoniae,FICTIONAL_A,2024-04-01,Homo sapiens,synthetic,ceftazidime,2.0,=,mg/L,MIC,synthetic,EUCAST,SYNTHETIC_ONLY,unknown,positive,unknown,synthetic_fixture,synthetic,,generated:27
SYNTH_00027,DEMO_A,P13,,Klebsiella pneumoniae,FICTIONAL_A,2024-04-01,Homo sapiens,synthetic,ciprofloxacin,2.0,=,mg/L,MIC,synthetic,EUCAST,SYNTHETIC_ONLY,unknown,positive,unknown,synthetic_fixture,synthetic,,generated:27
SYNTH_00027,DEMO_A,P13,,Klebsiella pneumoniae,FICTIONAL_A,2024-04-01,Homo sapiens,synthetic,gentamicin,2.0,=,mg/L,MIC,synthetic,EUCAST,SYNTHETIC_ONLY,unknown,positive,unknown,synthetic_fixture,synthetic,,generated:27
SYNTH_00027,DEMO_A,P13,,Klebsiella pneumoniae,FICTIONAL_A,2024-04-01,Homo sapiens,synthetic,amikacin,2.0,=,mg/L,MIC,synthetic,EUCAST,SYNTHETIC_ONLY,unknown,positive,unknown,synthetic_fixture,synthetic,,generated:27
SYNTH_00028,DEMO_A,P14,,Escherichia coli,FICTIONAL_A,2024-05-01,Homo sapiens,synthetic,meropenem,8,=,mg/L,MIC,synthetic,EUCAST,SYNTHETIC_ONLY,R,unknown,unknown,synthetic_fixture,synthetic,,generated:28
SYNTH_00028,DEMO_A,P14,,Escherichia coli,FICTIONAL_A,2024-05-01,Homo sapiens,synthetic,cefepime,2.0,=,mg/L,MIC,synthetic,EUCAST,SYNTHETIC_ONLY,unknown,unknown,unknown,synthetic_fixture,synthetic,,generated:28
SYNTH_00028,DEMO_A,P14,,Escherichia coli,FICTIONAL_A,2024-05-01,Homo sapiens,synthetic,ceftazidime,4.0,=,mg/L,MIC,synthetic,EUCAST,SYNTHETIC_ONLY,unknown,unknown,unknown,synthetic_fixture,synthetic,,generated:28
SYNTH_00028,DEMO_A,P14,,Escherichia coli,FICTIONAL_A,2024-05-01,Homo sapiens,synthetic,ciprofloxacin,8.0,=,mg/L,MIC,synthetic,EUCAST,SYNTHETIC_ONLY,unknown,unknown,unknown,synthetic_fixture,synthetic,,generated:28
SYNTH_00028,DEMO_A,P14,,Escherichia coli,FICTIONAL_A,2024-05-01,Homo sapiens,synthetic,gentamicin,4.0,=,mg/L,MIC,synthetic,EUCAST,SYNTHETIC_ONLY,unknown,unknown,unknown,synthetic_fixture,synthetic,,generated:28
SYNTH_00028,DEMO_A,P14,,Escherichia coli,FICTIONAL_A,2024-05-01,Homo sapiens,synthetic,amikacin,4.0,=,mg/L,MIC,synthetic,EUCAST,SYNTHETIC_ONLY,unknown,unknown,unknown,synthetic_fixture,synthetic,,generated:28
SYNTH_00029,DEMO_A,P14,,Klebsiella pneumoniae,FICTIONAL_A,2024-06-01,Homo sapiens,synthetic,meropenem,8,=,mg/L,MIC,synthetic,EUCAST,SYNTHETIC_ONLY,R,unknown,unknown,synthetic_fixture,synthetic,,generated:29
SYNTH_00029,DEMO_A,P14,,Klebsiella pneumoniae,FICTIONAL_A,2024-06-01,Homo sapiens,synthetic,cefepime,1.0,=,mg/L,MIC,synthetic,EUCAST,SYNTHETIC_ONLY,unknown,unknown,unknown,synthetic_fixture,synthetic,,generated:29
SYNTH_00029,DEMO_A,P14,,Klebsiella pneumoniae,FICTIONAL_A,2024-06-01,Homo sapiens,synthetic,ceftazidime,2.0,=,mg/L,MIC,synthetic,EUCAST,SYNTHETIC_ONLY,unknown,unknown,unknown,synthetic_fixture,synthetic,,generated:29
SYNTH_00029,DEMO_A,P14,,Klebsiella pneumoniae,FICTIONAL_A,2024-06-01,Homo sapiens,synthetic,gentamicin,4.0,=,mg/L,MIC,synthetic,EUCAST,SYNTHETIC_ONLY,unknown,unknown,unknown,synthetic_fixture,synthetic,,generated:29
SYNTH_00029,DEMO_A,P14,,Klebsiella pneumoniae,FICTIONAL_A,2024-06-01,Homo sapiens,synthetic,amikacin,16.0,=,mg/L,MIC,synthetic,EUCAST,SYNTHETIC_ONLY,unknown,unknown,unknown,synthetic_fixture,synthetic,,generated:29
SYNTH_00030,DEMO_A,P15,,Escherichia coli,FICTIONAL_A,2024-07-01,Homo sapiens,synthetic,meropenem,0.5,=,mg/L,MIC,synthetic,EUCAST,SYNTHETIC_ONLY,S,positive,positive,synthetic_fixture,synthetic,,generated:30
SYNTH_00030,DEMO_A,P15,,Escherichia coli,FICTIONAL_A,2024-07-01,Homo sapiens,synthetic,cefepime,0.25,=,mg/L,MIC,synthetic,EUCAST,SYNTHETIC_ONLY,unknown,positive,positive,synthetic_fixture,synthetic,,generated:30
SYNTH_00030,DEMO_A,P15,,Escherichia coli,FICTIONAL_A,2024-07-01,Homo sapiens,synthetic,ceftazidime,0.0625,=,mg/L,MIC,synthetic,EUCAST,SYNTHETIC_ONLY,unknown,positive,positive,synthetic_fixture,synthetic,,generated:30
SYNTH_00030,DEMO_A,P15,,Escherichia coli,FICTIONAL_A,2024-07-01,Homo sapiens,synthetic,ciprofloxacin,1.0,=,mg/L,MIC,synthetic,EUCAST,SYNTHETIC_ONLY,unknown,positive,positive,synthetic_fixture,synthetic,,generated:30
SYNTH_00030,DEMO_A,P15,,Escherichia coli,FICTIONAL_A,2024-07-01,Homo sapiens,synthetic,gentamicin,2.0,=,mg/L,MIC,synthetic,EUCAST,SYNTHETIC_ONLY,unknown,positive,positive,synthetic_fixture,synthetic,,generated:30
SYNTH_00030,DEMO_A,P15,,Escherichia coli,FICTIONAL_A,2024-07-01,Homo sapiens,synthetic,amikacin,2.0,=,mg/L,MIC,synthetic,EUCAST,SYNTHETIC_ONLY,unknown,positive,positive,synthetic_fixture,synthetic,,generated:30
SYNTH_00031,DEMO_A,P15,,Klebsiella pneumoniae,FICTIONAL_A,2024-08-01,Homo sapiens,synthetic,meropenem,0.5,=,mg/L,MIC,synthetic,EUCAST,SYNTHETIC_ONLY,S,unknown,unknown,synthetic_fixture,synthetic,,generated:31
SYNTH_00031,DEMO_A,P15,,Klebsiella pneumoniae,FICTIONAL_A,2024-08-01,Homo sapiens,synthetic,cefepime,1.0,=,mg/L,MIC,synthetic,EUCAST,SYNTHETIC_ONLY,unknown,unknown,unknown,synthetic_fixture,synthetic,,generated:31
SYNTH_00031,DEMO_A,P15,,Klebsiella pneumoniae,FICTIONAL_A,2024-08-01,Homo sapiens,synthetic,ceftazidime,1.0,=,mg/L,MIC,synthetic,EUCAST,SYNTHETIC_ONLY,unknown,unknown,unknown,synthetic_fixture,synthetic,,generated:31
SYNTH_00031,DEMO_A,P15,,Klebsiella pneumoniae,FICTIONAL_A,2024-08-01,Homo sapiens,synthetic,ciprofloxacin,1.0,=,mg/L,MIC,synthetic,EUCAST,SYNTHETIC_ONLY,unknown,unknown,unknown,synthetic_fixture,synthetic,,generated:31
SYNTH_00031,DEMO_A,P15,,Klebsiella pneumoniae,FICTIONAL_A,2024-08-01,Homo sapiens,synthetic,gentamicin,2.0,=,mg/L,MIC,synthetic,EUCAST,SYNTHETIC_ONLY,unknown,unknown,unknown,synthetic_fixture,synthetic,,generated:31
SYNTH_00031,DEMO_A,P15,,Klebsiella pneumoniae,FICTIONAL_A,2024-08-01,Homo sapiens,synthetic,amikacin,2.0,=,mg/L,MIC,synthetic,EUCAST,SYNTHETIC_ONLY,unknown,unknown,unknown,synthetic_fixture,synthetic,,generated:31
SYNTH_00032,DEMO_A,P16,,Escherichia coli,FICTIONAL_A,2024-09-01,Homo sapiens,synthetic,meropenem,8,=,mg/L,MIC,synthetic,EUCAST,SYNTHETIC_ONLY,R,unknown,unknown,synthetic_fixture,synthetic,,generated:32
SYNTH_00032,DEMO_A,P16,,Escherichia coli,FICTIONAL_A,2024-09-01,Homo sapiens,synthetic,cefepime,0.5,=,mg/L,MIC,synthetic,EUCAST,SYNTHETIC_ONLY,unknown,unknown,unknown,synthetic_fixture,synthetic,,generated:32
SYNTH_00032,DEMO_A,P16,,Escherichia coli,FICTIONAL_A,2024-09-01,Homo sapiens,synthetic,ceftazidime,2.0,=,mg/L,MIC,synthetic,EUCAST,SYNTHETIC_ONLY,unknown,unknown,unknown,synthetic_fixture,synthetic,,generated:32
SYNTH_00032,DEMO_A,P16,,Escherichia coli,FICTIONAL_A,2024-09-01,Homo sapiens,synthetic,ciprofloxacin,4.0,=,mg/L,MIC,synthetic,EUCAST,SYNTHETIC_ONLY,unknown,unknown,unknown,synthetic_fixture,synthetic,,generated:32
SYNTH_00032,DEMO_A,P16,,Escherichia coli,FICTIONAL_A,2024-09-01,Homo sapiens,synthetic,gentamicin,4.0,=,mg/L,MIC,synthetic,EUCAST,SYNTHETIC_ONLY,unknown,unknown,unknown,synthetic_fixture,synthetic,,generated:32
SYNTH_00032,DEMO_A,P16,,Escherichia coli,FICTIONAL_A,2024-09-01,Homo sapiens,synthetic,amikacin,16.0,=,mg/L,MIC,synthetic,EUCAST,SYNTHETIC_ONLY,unknown,unknown,unknown,synthetic_fixture,synthetic,,generated:32
SYNTH_00033,DEMO_A,P16,,Klebsiella pneumoniae,FICTIONAL_A,2024-10-01,Homo sapiens,synthetic,meropenem,0.5,=,mg/L,MIC,synthetic,EUCAST,SYNTHETIC_ONLY,S,positive,unknown,synthetic_fixture,synthetic,,generated:33
SYNTH_00033,DEMO_A,P16,,Klebsiella pneumoniae,FICTIONAL_A,2024-10-01,Homo sapiens,synthetic,cefepime,0.5,=,mg/L,MIC,synthetic,EUCAST,SYNTHETIC_ONLY,unknown,positive,unknown,synthetic_fixture,synthetic,,generated:33
SYNTH_00033,DEMO_A,P16,,Klebsiella pneumoniae,FICTIONAL_A,2024-10-01,Homo sapiens,synthetic,ciprofloxacin,0.5,=,mg/L,MIC,synthetic,EUCAST,SYNTHETIC_ONLY,unknown,positive,unknown,synthetic_fixture,synthetic,,generated:33
SYNTH_00033,DEMO_A,P16,,Klebsiella pneumoniae,FICTIONAL_A,2024-10-01,Homo sapiens,synthetic,gentamicin,1.0,=,mg/L,MIC,synthetic,EUCAST,SYNTHETIC_ONLY,unknown,positive,unknown,synthetic_fixture,synthetic,,generated:33
SYNTH_00033,DEMO_A,P16,,Klebsiella pneumoniae,FICTIONAL_A,2024-10-01,Homo sapiens,synthetic,amikacin,4.0,=,mg/L,MIC,synthetic,EUCAST,SYNTHETIC_ONLY,unknown,positive,unknown,synthetic_fixture,synthetic,,generated:33
SYNTH_00034,DEMO_A,P17,,Escherichia coli,FICTIONAL_A,2024-11-01,Homo sapiens,synthetic,meropenem,8,=,mg/L,MIC,synthetic,EUCAST,SYNTHETIC_ONLY,R,unknown,unknown,synthetic_fixture,synthetic,,generated:34
SYNTH_00034,DEMO_A,P17,,Escherichia coli,FICTIONAL_A,2024-11-01,Homo sapiens,synthetic,cefepime,0.25,=,mg/L,MIC,synthetic,EUCAST,SYNTHETIC_ONLY,unknown,unknown,unknown,synthetic_fixture,synthetic,,generated:34
SYNTH_00034,DEMO_A,P17,,Escherichia coli,FICTIONAL_A,2024-11-01,Homo sapiens,synthetic,ceftazidime,1.0,=,mg/L,MIC,synthetic,EUCAST,SYNTHETIC_ONLY,unknown,unknown,unknown,synthetic_fixture,synthetic,,generated:34
SYNTH_00034,DEMO_A,P17,,Escherichia coli,FICTIONAL_A,2024-11-01,Homo sapiens,synthetic,ciprofloxacin,4.0,=,mg/L,MIC,synthetic,EUCAST,SYNTHETIC_ONLY,unknown,unknown,unknown,synthetic_fixture,synthetic,,generated:34
SYNTH_00034,DEMO_A,P17,,Escherichia coli,FICTIONAL_A,2024-11-01,Homo sapiens,synthetic,gentamicin,2.0,=,mg/L,MIC,synthetic,EUCAST,SYNTHETIC_ONLY,unknown,unknown,unknown,synthetic_fixture,synthetic,,generated:34
SYNTH_00034,DEMO_A,P17,,Escherichia coli,FICTIONAL_A,2024-11-01,Homo sapiens,synthetic,amikacin,8.0,=,mg/L,MIC,synthetic,EUCAST,SYNTHETIC_ONLY,unknown,unknown,unknown,synthetic_fixture,synthetic,,generated:34
SYNTH_00035,DEMO_A,P17,,Klebsiella pneumoniae,FICTIONAL_A,2024-12-01,Homo sapiens,synthetic,meropenem,8,=,mg/L,MIC,synthetic,EUCAST,SYNTHETIC_ONLY,R,unknown,positive,synthetic_fixture,synthetic,,generated:35
SYNTH_00035,DEMO_A,P17,,Klebsiella pneumoniae,FICTIONAL_A,2024-12-01,Homo sapiens,synthetic,cefepime,1.0,=,mg/L,MIC,synthetic,EUCAST,SYNTHETIC_ONLY,unknown,unknown,positive,synthetic_fixture,synthetic,,generated:35
SYNTH_00035,DEMO_A,P17,,Klebsiella pneumoniae,FICTIONAL_A,2024-12-01,Homo sapiens,synthetic,ceftazidime,4.0,=,mg/L,MIC,synthetic,EUCAST,SYNTHETIC_ONLY,unknown,unknown,positive,synthetic_fixture,synthetic,,generated:35
SYNTH_00035,DEMO_A,P17,,Klebsiella pneumoniae,FICTIONAL_A,2024-12-01,Homo sapiens,synthetic,ciprofloxacin,4.0,=,mg/L,MIC,synthetic,EUCAST,SYNTHETIC_ONLY,unknown,unknown,positive,synthetic_fixture,synthetic,,generated:35
SYNTH_00036,DEMO_A,P18,,Escherichia coli,FICTIONAL_A,2024-01-01,Homo sapiens,synthetic,meropenem,0.5,=,mg/L,MIC,synthetic,EUCAST,SYNTHETIC_ONLY,S,positive,unknown,synthetic_fixture,synthetic,,generated:36
SYNTH_00036,DEMO_A,P18,,Escherichia coli,FICTIONAL_A,2024-01-01,Homo sapiens,synthetic,cefepime,0.5,=,mg/L,MIC,synthetic,EUCAST,SYNTHETIC_ONLY,unknown,positive,unknown,synthetic_fixture,synthetic,,generated:36
SYNTH_00036,DEMO_A,P18,,Escherichia coli,FICTIONAL_A,2024-01-01,Homo sapiens,synthetic,ceftazidime,2.0,=,mg/L,MIC,synthetic,EUCAST,SYNTHETIC_ONLY,unknown,positive,unknown,synthetic_fixture,synthetic,,generated:36
SYNTH_00036,DEMO_A,P18,,Escherichia coli,FICTIONAL_A,2024-01-01,Homo sapiens,synthetic,ciprofloxacin,2.0,=,mg/L,MIC,synthetic,EUCAST,SYNTHETIC_ONLY,unknown,positive,unknown,synthetic_fixture,synthetic,,generated:36
SYNTH_00036,DEMO_A,P18,,Escherichia coli,FICTIONAL_A,2024-01-01,Homo sapiens,synthetic,gentamicin,8.0,=,mg/L,MIC,synthetic,EUCAST,SYNTHETIC_ONLY,unknown,positive,unknown,synthetic_fixture,synthetic,,generated:36
SYNTH_00036,DEMO_A,P18,,Escherichia coli,FICTIONAL_A,2024-01-01,Homo sapiens,synthetic,amikacin,4.0,=,mg/L,MIC,synthetic,EUCAST,SYNTHETIC_ONLY,unknown,positive,unknown,synthetic_fixture,synthetic,,generated:36
SYNTH_00037,DEMO_A,P18,,Klebsiella pneumoniae,FICTIONAL_A,2024-02-01,Homo sapiens,synthetic,meropenem,8,=,mg/L,MIC,synthetic,EUCAST,SYNTHETIC_ONLY,R,unknown,unknown,synthetic_fixture,synthetic,,generated:37
SYNTH_00037,DEMO_A,P18,,Klebsiella pneumoniae,FICTIONAL_A,2024-02-01,Homo sapiens,synthetic,cefepime,2.0,=,mg/L,MIC,synthetic,EUCAST,SYNTHETIC_ONLY,unknown,unknown,unknown,synthetic_fixture,synthetic,,generated:37
SYNTH_00037,DEMO_A,P18,,Klebsiella pneumoniae,FICTIONAL_A,2024-02-01,Homo sapiens,synthetic,ceftazidime,2.0,=,mg/L,MIC,synthetic,EUCAST,SYNTHETIC_ONLY,unknown,unknown,unknown,synthetic_fixture,synthetic,,generated:37
SYNTH_00037,DEMO_A,P18,,Klebsiella pneumoniae,FICTIONAL_A,2024-02-01,Homo sapiens,synthetic,ciprofloxacin,8.0,=,mg/L,MIC,synthetic,EUCAST,SYNTHETIC_ONLY,unknown,unknown,unknown,synthetic_fixture,synthetic,,generated:37
SYNTH_00037,DEMO_A,P18,,Klebsiella pneumoniae,FICTIONAL_A,2024-02-01,Homo sapiens,synthetic,gentamicin,2.0,=,mg/L,MIC,synthetic,EUCAST,SYNTHETIC_ONLY,unknown,unknown,unknown,synthetic_fixture,synthetic,,generated:37
SYNTH_00038,DEMO_A,P19,,Escherichia coli,FICTIONAL_A,2024-03-01,Homo sapiens,synthetic,meropenem,0.5,=,mg/L,MIC,synthetic,EUCAST,SYNTHETIC_ONLY,S,unknown,unknown,synthetic_fixture,synthetic,,generated:38
SYNTH_00038,DEMO_A,P19,,Escherichia coli,FICTIONAL_A,2024-03-01,Homo sapiens,synthetic,cefepime,0.125,=,mg/L,MIC,synthetic,EUCAST,SYNTHETIC_ONLY,unknown,unknown,unknown,synthetic_fixture,synthetic,,generated:38
SYNTH_00038,DEMO_A,P19,,Escherichia coli,FICTIONAL_A,2024-03-01,Homo sapiens,synthetic,ceftazidime,0.5,=,mg/L,MIC,synthetic,EUCAST,SYNTHETIC_ONLY,unknown,unknown,unknown,synthetic_fixture,synthetic,,generated:38
SYNTH_00038,DEMO_A,P19,,Escherichia coli,FICTIONAL_A,2024-03-01,Homo sapiens,synthetic,ciprofloxacin,0.5,=,mg/L,MIC,synthetic,EUCAST,SYNTHETIC_ONLY,unknown,unknown,unknown,synthetic_fixture,synthetic,,generated:38
SYNTH_00038,DEMO_A,P19,,Escherichia coli,FICTIONAL_A,2024-03-01,Homo sapiens,synthetic,gentamicin,2.0,=,mg/L,MIC,synthetic,EUCAST,SYNTHETIC_ONLY,unknown,unknown,unknown,synthetic_fixture,synthetic,,generated:38
SYNTH_00038,DEMO_A,P19,,Escherichia coli,FICTIONAL_A,2024-03-01,Homo sapiens,synthetic,amikacin,4.0,=,mg/L,MIC,synthetic,EUCAST,SYNTHETIC_ONLY,unknown,unknown,unknown,synthetic_fixture,synthetic,,generated:38
SYNTH_00039,DEMO_A,P19,,Klebsiella pneumoniae,FICTIONAL_A,2024-04-01,Homo sapiens,synthetic,meropenem,8,=,mg/L,MIC,synthetic,EUCAST,SYNTHETIC_ONLY,R,positive,unknown,synthetic_fixture,synthetic,,generated:39
SYNTH_00039,DEMO_A,P19,,Klebsiella pneumoniae,FICTIONAL_A,2024-04-01,Homo sapiens,synthetic,cefepime,0.5,=,mg/L,MIC,synthetic,EUCAST,SYNTHETIC_ONLY,unknown,positive,unknown,synthetic_fixture,synthetic,,generated:39
SYNTH_00039,DEMO_A,P19,,Klebsiella pneumoniae,FICTIONAL_A,2024-04-01,Homo sapiens,synthetic,ceftazidime,1.0,=,mg/L,MIC,synthetic,EUCAST,SYNTHETIC_ONLY,unknown,positive,unknown,synthetic_fixture,synthetic,,generated:39
SYNTH_00039,DEMO_A,P19,,Klebsiella pneumoniae,FICTIONAL_A,2024-04-01,Homo sapiens,synthetic,ciprofloxacin,4.0,=,mg/L,MIC,synthetic,EUCAST,SYNTHETIC_ONLY,unknown,positive,unknown,synthetic_fixture,synthetic,,generated:39
SYNTH_00039,DEMO_A,P19,,Klebsiella pneumoniae,FICTIONAL_A,2024-04-01,Homo sapiens,synthetic,gentamicin,4.0,=,mg/L,MIC,synthetic,EUCAST,SYNTHETIC_ONLY,unknown,positive,unknown,synthetic_fixture,synthetic,,generated:39
SYNTH_00039,DEMO_A,P19,,Klebsiella pneumoniae,FICTIONAL_A,2024-04-01,Homo sapiens,synthetic,amikacin,16.0,=,mg/L,MIC,synthetic,EUCAST,SYNTHETIC_ONLY,unknown,positive,unknown,synthetic_fixture,synthetic,,generated:39
SYNTH_00040,DEMO_A,P20,,Escherichia coli,FICTIONAL_A,2024-05-01,Homo sapiens,synthetic,meropenem,8,=,mg/L,MIC,synthetic,EUCAST,SYNTHETIC_ONLY,R,unknown,positive,synthetic_fixture,synthetic,,generated:40
SYNTH_00040,DEMO_A,P20,,Escherichia coli,FICTIONAL_A,2024-05-01,Homo sapiens,synthetic,cefepime,0.5,=,mg/L,MIC,synthetic,EUCAST,SYNTHETIC_ONLY,unknown,unknown,positive,synthetic_fixture,synthetic,,generated:40
SYNTH_00040,DEMO_A,P20,,Escherichia coli,FICTIONAL_A,2024-05-01,Homo sapiens,synthetic,ceftazidime,2.0,=,mg/L,MIC,synthetic,EUCAST,SYNTHETIC_ONLY,unknown,unknown,positive,synthetic_fixture,synthetic,,generated:40
SYNTH_00040,DEMO_A,P20,,Escherichia coli,FICTIONAL_A,2024-05-01,Homo sapiens,synthetic,ciprofloxacin,1.0,=,mg/L,MIC,synthetic,EUCAST,SYNTHETIC_ONLY,unknown,unknown,positive,synthetic_fixture,synthetic,,generated:40
SYNTH_00040,DEMO_A,P20,,Escherichia coli,FICTIONAL_A,2024-05-01,Homo sapiens,synthetic,gentamicin,0.5,=,mg/L,MIC,synthetic,EUCAST,SYNTHETIC_ONLY,unknown,unknown,positive,synthetic_fixture,synthetic,,generated:40
SYNTH_00040,DEMO_A,P20,,Escherichia coli,FICTIONAL_A,2024-05-01,Homo sapiens,synthetic,amikacin,4.0,=,mg/L,MIC,synthetic,EUCAST,SYNTHETIC_ONLY,unknown,unknown,positive,synthetic_fixture,synthetic,,generated:40
SYNTH_00041,DEMO_A,P20,,Klebsiella pneumoniae,FICTIONAL_A,2024-06-01,Homo sapiens,synthetic,meropenem,8,=,mg/L,MIC,synthetic,EUCAST,SYNTHETIC_ONLY,R,unknown,unknown,synthetic_fixture,synthetic,,generated:41
SYNTH_00041,DEMO_A,P20,,Klebsiella pneumoniae,FICTIONAL_A,2024-06-01,Homo sapiens,synthetic,cefepime,0.5,=,mg/L,MIC,synthetic,EUCAST,SYNTHETIC_ONLY,unknown,unknown,unknown,synthetic_fixture,synthetic,,generated:41
SYNTH_00041,DEMO_A,P20,,Klebsiella pneumoniae,FICTIONAL_A,2024-06-01,Homo sapiens,synthetic,ceftazidime,1.0,=,mg/L,MIC,synthetic,EUCAST,SYNTHETIC_ONLY,unknown,unknown,unknown,synthetic_fixture,synthetic,,generated:41
SYNTH_00041,DEMO_A,P20,,Klebsiella pneumoniae,FICTIONAL_A,2024-06-01,Homo sapiens,synthetic,ciprofloxacin,2.0,=,mg/L,MIC,synthetic,EUCAST,SYNTHETIC_ONLY,unknown,unknown,unknown,synthetic_fixture,synthetic,,generated:41
SYNTH_00041,DEMO_A,P20,,Klebsiella pneumoniae,FICTIONAL_A,2024-06-01,Homo sapiens,synthetic,gentamicin,2.0,=,mg/L,MIC,synthetic,EUCAST,SYNTHETIC_ONLY,unknown,unknown,unknown,synthetic_fixture,synthetic,,generated:41
SYNTH_00041,DEMO_A,P20,,Klebsiella pneumoniae,FICTIONAL_A,2024-06-01,Homo sapiens,synthetic,amikacin,2.0,=,mg/L,MIC,synthetic,EUCAST,SYNTHETIC_ONLY,unknown,unknown,unknown,synthetic_fixture,synthetic,,generated:41
SYNTH_00042,DEMO_A,P21,,Escherichia coli,FICTIONAL_A,2024-07-01,Homo sapiens,synthetic,meropenem,8,=,mg/L,MIC,synthetic,EUCAST,SYNTHETIC_ONLY,R,positive,unknown,synthetic_fixture,synthetic,,generated:42
SYNTH_00042,DEMO_A,P21,,Escherichia coli,FICTIONAL_A,2024-07-01,Homo sapiens,synthetic,cefepime,2.0,=,mg/L,MIC,synthetic,EUCAST,SYNTHETIC_ONLY,unknown,positive,unknown,synthetic_fixture,synthetic,,generated:42
SYNTH_00042,DEMO_A,P21,,Escherichia coli,FICTIONAL_A,2024-07-01,Homo sapiens,synthetic,ceftazidime,2.0,=,mg/L,MIC,synthetic,EUCAST,SYNTHETIC_ONLY,unknown,positive,unknown,synthetic_fixture,synthetic,,generated:42
SYNTH_00042,DEMO_A,P21,,Escherichia coli,FICTIONAL_A,2024-07-01,Homo sapiens,synthetic,ciprofloxacin,2.0,=,mg/L,MIC,synthetic,EUCAST,SYNTHETIC_ONLY,unknown,positive,unknown,synthetic_fixture,synthetic,,generated:42
SYNTH_00042,DEMO_A,P21,,Escherichia coli,FICTIONAL_A,2024-07-01,Homo sapiens,synthetic,gentamicin,4.0,=,mg/L,MIC,synthetic,EUCAST,SYNTHETIC_ONLY,unknown,positive,unknown,synthetic_fixture,synthetic,,generated:42
SYNTH_00042,DEMO_A,P21,,Escherichia coli,FICTIONAL_A,2024-07-01,Homo sapiens,synthetic,amikacin,8.0,=,mg/L,MIC,synthetic,EUCAST,SYNTHETIC_ONLY,unknown,positive,unknown,synthetic_fixture,synthetic,,generated:42
SYNTH_00043,DEMO_A,P21,,Klebsiella pneumoniae,FICTIONAL_A,2024-08-01,Homo sapiens,synthetic,meropenem,8,=,mg/L,MIC,synthetic,EUCAST,SYNTHETIC_ONLY,R,unknown,unknown,synthetic_fixture,synthetic,,generated:43
SYNTH_00043,DEMO_A,P21,,Klebsiella pneumoniae,FICTIONAL_A,2024-08-01,Homo sapiens,synthetic,cefepime,4.0,=,mg/L,MIC,synthetic,EUCAST,SYNTHETIC_ONLY,unknown,unknown,unknown,synthetic_fixture,synthetic,,generated:43
SYNTH_00043,DEMO_A,P21,,Klebsiella pneumoniae,FICTIONAL_A,2024-08-01,Homo sapiens,synthetic,ceftazidime,4.0,=,mg/L,MIC,synthetic,EUCAST,SYNTHETIC_ONLY,unknown,unknown,unknown,synthetic_fixture,synthetic,,generated:43
SYNTH_00043,DEMO_A,P21,,Klebsiella pneumoniae,FICTIONAL_A,2024-08-01,Homo sapiens,synthetic,ciprofloxacin,4.0,=,mg/L,MIC,synthetic,EUCAST,SYNTHETIC_ONLY,unknown,unknown,unknown,synthetic_fixture,synthetic,,generated:43
SYNTH_00043,DEMO_A,P21,,Klebsiella pneumoniae,FICTIONAL_A,2024-08-01,Homo sapiens,synthetic,gentamicin,2.0,=,mg/L,MIC,synthetic,EUCAST,SYNTHETIC_ONLY,unknown,unknown,unknown,synthetic_fixture,synthetic,,generated:43
SYNTH_00043,DEMO_A,P21,,Klebsiella pneumoniae,FICTIONAL_A,2024-08-01,Homo sapiens,synthetic,amikacin,16.0,=,mg/L,MIC,synthetic,EUCAST,SYNTHETIC_ONLY,unknown,unknown,unknown,synthetic_fixture,synthetic,,generated:43
SYNTH_00044,DEMO_A,P22,,Escherichia coli,FICTIONAL_A,2024-09-01,Homo sapiens,synthetic,meropenem,0.5,=,mg/L,MIC,synthetic,EUCAST,SYNTHETIC_ONLY,S,unknown,unknown,synthetic_fixture,synthetic,,generated:44
SYNTH_00044,DEMO_A,P22,,Escherichia coli,FICTIONAL_A,2024-09-01,Homo sapiens,synthetic,cefepime,0.5,=,mg/L,MIC,synthetic,EUCAST,SYNTHETIC_ONLY,unknown,unknown,unknown,synthetic_fixture,synthetic,,generated:44
SYNTH_00044,DEMO_A,P22,,Escherichia coli,FICTIONAL_A,2024-09-01,Homo sapiens,synthetic,ceftazidime,1.0,=,mg/L,MIC,synthetic,EUCAST,SYNTHETIC_ONLY,unknown,unknown,unknown,synthetic_fixture,synthetic,,generated:44
SYNTH_00044,DEMO_A,P22,,Escherichia coli,FICTIONAL_A,2024-09-01,Homo sapiens,synthetic,ciprofloxacin,2.0,=,mg/L,MIC,synthetic,EUCAST,SYNTHETIC_ONLY,unknown,unknown,unknown,synthetic_fixture,synthetic,,generated:44
SYNTH_00044,DEMO_A,P22,,Escherichia coli,FICTIONAL_A,2024-09-01,Homo sapiens,synthetic,gentamicin,2.0,=,mg/L,MIC,synthetic,EUCAST,SYNTHETIC_ONLY,unknown,unknown,unknown,synthetic_fixture,synthetic,,generated:44
SYNTH_00044,DEMO_A,P22,,Escherichia coli,FICTIONAL_A,2024-09-01,Homo sapiens,synthetic,amikacin,2.0,=,mg/L,MIC,synthetic,EUCAST,SYNTHETIC_ONLY,unknown,unknown,unknown,synthetic_fixture,synthetic,,generated:44
SYNTH_00045,DEMO_A,P22,,Klebsiella pneumoniae,FICTIONAL_A,2024-10-01,Homo sapiens,synthetic,meropenem,8,=,mg/L,MIC,synthetic,EUCAST,SYNTHETIC_ONLY,R,positive,positive,synthetic_fixture,synthetic,,generated:45
SYNTH_00045,DEMO_A,P22,,Klebsiella pneumoniae,FICTIONAL_A,2024-10-01,Homo sapiens,synthetic,cefepime,1.0,=,mg/L,MIC,synthetic,EUCAST,SYNTHETIC_ONLY,unknown,positive,positive,synthetic_fixture,synthetic,,generated:45
SYNTH_00045,DEMO_A,P22,,Klebsiella pneumoniae,FICTIONAL_A,2024-10-01,Homo sapiens,synthetic,ceftazidime,8.0,=,mg/L,MIC,synthetic,EUCAST,SYNTHETIC_ONLY,unknown,positive,positive,synthetic_fixture,synthetic,,generated:45
SYNTH_00045,DEMO_A,P22,,Klebsiella pneumoniae,FICTIONAL_A,2024-10-01,Homo sapiens,synthetic,ciprofloxacin,2.0,=,mg/L,MIC,synthetic,EUCAST,SYNTHETIC_ONLY,unknown,positive,positive,synthetic_fixture,synthetic,,generated:45
SYNTH_00045,DEMO_A,P22,,Klebsiella pneumoniae,FICTIONAL_A,2024-10-01,Homo sapiens,synthetic,gentamicin,4.0,=,mg/L,MIC,synthetic,EUCAST,SYNTHETIC_ONLY,unknown,positive,positive,synthetic_fixture,synthetic,,generated:45
SYNTH_00045,DEMO_A,P22,,Klebsiella pneumoniae,FICTIONAL_A,2024-10-01,Homo sapiens,synthetic,amikacin,4.0,=,mg/L,MIC,synthetic,EUCAST,SYNTHETIC_ONLY,unknown,positive,positive,synthetic_fixture,synthetic,,generated:45
SYNTH_00046,DEMO_A,P23,,Escherichia coli,FICTIONAL_A,2024-11-01,Homo sapiens,synthetic,meropenem,8,=,mg/L,MIC,synthetic,EUCAST,SYNTHETIC_ONLY,R,unknown,unknown,synthetic_fixture,synthetic,,generated:46
SYNTH_00046,DEMO_A,P23,,Escherichia coli,FICTIONAL_A,2024-11-01,Homo sapiens,synthetic,cefepime,8.0,=,mg/L,MIC,synthetic,EUCAST,SYNTHETIC_ONLY,unknown,unknown,unknown,synthetic_fixture,synthetic,,generated:46
SYNTH_00046,DEMO_A,P23,,Escherichia coli,FICTIONAL_A,2024-11-01,Homo sapiens,synthetic,ceftazidime,2.0,=,mg/L,MIC,synthetic,EUCAST,SYNTHETIC_ONLY,unknown,unknown,unknown,synthetic_fixture,synthetic,,generated:46
SYNTH_00046,DEMO_A,P23,,Escherichia coli,FICTIONAL_A,2024-11-01,Homo sapiens,synthetic,ciprofloxacin,8.0,=,mg/L,MIC,synthetic,EUCAST,SYNTHETIC_ONLY,unknown,unknown,unknown,synthetic_fixture,synthetic,,generated:46
SYNTH_00046,DEMO_A,P23,,Escherichia coli,FICTIONAL_A,2024-11-01,Homo sapiens,synthetic,gentamicin,8.0,=,mg/L,MIC,synthetic,EUCAST,SYNTHETIC_ONLY,unknown,unknown,unknown,synthetic_fixture,synthetic,,generated:46
SYNTH_00046,DEMO_A,P23,,Escherichia coli,FICTIONAL_A,2024-11-01,Homo sapiens,synthetic,amikacin,16.0,=,mg/L,MIC,synthetic,EUCAST,SYNTHETIC_ONLY,unknown,unknown,unknown,synthetic_fixture,synthetic,,generated:46
SYNTH_00047,DEMO_A,P23,,Klebsiella pneumoniae,FICTIONAL_A,2024-12-01,Homo sapiens,synthetic,meropenem,0.5,=,mg/L,MIC,synthetic,EUCAST,SYNTHETIC_ONLY,S,unknown,unknown,synthetic_fixture,synthetic,,generated:47
SYNTH_00047,DEMO_A,P23,,Klebsiella pneumoniae,FICTIONAL_A,2024-12-01,Homo sapiens,synthetic,cefepime,0.125,=,mg/L,MIC,synthetic,EUCAST,SYNTHETIC_ONLY,unknown,unknown,unknown,synthetic_fixture,synthetic,,generated:47
SYNTH_00047,DEMO_A,P23,,Klebsiella pneumoniae,FICTIONAL_A,2024-12-01,Homo sapiens,synthetic,ceftazidime,0.25,=,mg/L,MIC,synthetic,EUCAST,SYNTHETIC_ONLY,unknown,unknown,unknown,synthetic_fixture,synthetic,,generated:47
SYNTH_00047,DEMO_A,P23,,Klebsiella pneumoniae,FICTIONAL_A,2024-12-01,Homo sapiens,synthetic,ciprofloxacin,0.5,=,mg/L,MIC,synthetic,EUCAST,SYNTHETIC_ONLY,unknown,unknown,unknown,synthetic_fixture,synthetic,,generated:47
SYNTH_00047,DEMO_A,P23,,Klebsiella pneumoniae,FICTIONAL_A,2024-12-01,Homo sapiens,synthetic,amikacin,2.0,=,mg/L,MIC,synthetic,EUCAST,SYNTHETIC_ONLY,unknown,unknown,unknown,synthetic_fixture,synthetic,,generated:47
SYNTH_00048,DEMO_A,P24,,Escherichia coli,FICTIONAL_A,2024-01-01,Homo sapiens,synthetic,meropenem,8,=,mg/L,MIC,synthetic,EUCAST,SYNTHETIC_ONLY,R,positive,unknown,synthetic_fixture,synthetic,,generated:48
SYNTH_00048,DEMO_A,P24,,Escherichia coli,FICTIONAL_A,2024-01-01,Homo sapiens,synthetic,cefepime,2.0,=,mg/L,MIC,synthetic,EUCAST,SYNTHETIC_ONLY,unknown,positive,unknown,synthetic_fixture,synthetic,,generated:48
SYNTH_00048,DEMO_A,P24,,Escherichia coli,FICTIONAL_A,2024-01-01,Homo sapiens,synthetic,ceftazidime,2.0,=,mg/L,MIC,synthetic,EUCAST,SYNTHETIC_ONLY,unknown,positive,unknown,synthetic_fixture,synthetic,,generated:48
SYNTH_00048,DEMO_A,P24,,Escherichia coli,FICTIONAL_A,2024-01-01,Homo sapiens,synthetic,ciprofloxacin,2.0,=,mg/L,MIC,synthetic,EUCAST,SYNTHETIC_ONLY,unknown,positive,unknown,synthetic_fixture,synthetic,,generated:48
SYNTH_00048,DEMO_A,P24,,Escherichia coli,FICTIONAL_A,2024-01-01,Homo sapiens,synthetic,gentamicin,2.0,=,mg/L,MIC,synthetic,EUCAST,SYNTHETIC_ONLY,unknown,positive,unknown,synthetic_fixture,synthetic,,generated:48
SYNTH_00048,DEMO_A,P24,,Escherichia coli,FICTIONAL_A,2024-01-01,Homo sapiens,synthetic,amikacin,4.0,=,mg/L,MIC,synthetic,EUCAST,SYNTHETIC_ONLY,unknown,positive,unknown,synthetic_fixture,synthetic,,generated:48
SYNTH_00049,DEMO_A,P24,,Klebsiella pneumoniae,FICTIONAL_A,2024-02-01,Homo sapiens,synthetic,meropenem,0.5,=,mg/L,MIC,synthetic,EUCAST,SYNTHETIC_ONLY,S,unknown,unknown,synthetic_fixture,synthetic,,generated:49
SYNTH_00049,DEMO_A,P24,,Klebsiella pneumoniae,FICTIONAL_A,2024-02-01,Homo sapiens,synthetic,cefepime,0.5,=,mg/L,MIC,synthetic,EUCAST,SYNTHETIC_ONLY,unknown,unknown,unknown,synthetic_fixture,synthetic,,generated:49
SYNTH_00049,DEMO_A,P24,,Klebsiella pneumoniae,FICTIONAL_A,2024-02-01,Homo sapiens,synthetic,ceftazidime,2.0,=,mg/L,MIC,synthetic,EUCAST,SYNTHETIC_ONLY,unknown,unknown,unknown,synthetic_fixture,synthetic,,generated:49
SYNTH_00049,DEMO_A,P24,,Klebsiella pneumoniae,FICTIONAL_A,2024-02-01,Homo sapiens,synthetic,ciprofloxacin,1.0,=,mg/L,MIC,synthetic,EUCAST,SYNTHETIC_ONLY,unknown,unknown,unknown,synthetic_fixture,synthetic,,generated:49
SYNTH_00049,DEMO_A,P24,,Klebsiella pneumoniae,FICTIONAL_A,2024-02-01,Homo sapiens,synthetic,gentamicin,2.0,=,mg/L,MIC,synthetic,EUCAST,SYNTHETIC_ONLY,unknown,unknown,unknown,synthetic_fixture,synthetic,,generated:49
SYNTH_00049,DEMO_A,P24,,Klebsiella pneumoniae,FICTIONAL_A,2024-02-01,Homo sapiens,synthetic,amikacin,1.0,=,mg/L,MIC,synthetic,EUCAST,SYNTHETIC_ONLY,unknown,unknown,unknown,synthetic_fixture,synthetic,,generated:49
SYNTH_00050,DEMO_A,P25,,Escherichia coli,FICTIONAL_A,2024-03-01,Homo sapiens,synthetic,meropenem,0.5,=,mg/L,MIC,synthetic,EUCAST,SYNTHETIC_ONLY,S,unknown,positive,synthetic_fixture,synthetic,,generated:50
SYNTH_00050,DEMO_A,P25,,Escherichia coli,FICTIONAL_A,2024-03-01,Homo sapiens,synthetic,cefepime,1.0,=,mg/L,MIC,synthetic,EUCAST,SYNTHETIC_ONLY,unknown,unknown,positive,synthetic_fixture,synthetic,,generated:50
SYNTH_00050,DEMO_A,P25,,Escherichia coli,FICTIONAL_A,2024-03-01,Homo sapiens,synthetic,ceftazidime,4.0,=,mg/L,MIC,synthetic,EUCAST,SYNTHETIC_ONLY,unknown,unknown,positive,synthetic_fixture,synthetic,,generated:50
SYNTH_00050,DEMO_A,P25,,Escherichia coli,FICTIONAL_A,2024-03-01,Homo sapiens,synthetic,ciprofloxacin,2.0,=,mg/L,MIC,synthetic,EUCAST,SYNTHETIC_ONLY,unknown,unknown,positive,synthetic_fixture,synthetic,,generated:50
SYNTH_00050,DEMO_A,P25,,Escherichia coli,FICTIONAL_A,2024-03-01,Homo sapiens,synthetic,gentamicin,0.5,=,mg/L,MIC,synthetic,EUCAST,SYNTHETIC_ONLY,unknown,unknown,positive,synthetic_fixture,synthetic,,generated:50
SYNTH_00050,DEMO_A,P25,,Escherichia coli,FICTIONAL_A,2024-03-01,Homo sapiens,synthetic,amikacin,4.0,=,mg/L,MIC,synthetic,EUCAST,SYNTHETIC_ONLY,unknown,unknown,positive,synthetic_fixture,synthetic,,generated:50
SYNTH_00051,DEMO_A,P25,,Klebsiella pneumoniae,FICTIONAL_A,2024-04-01,Homo sapiens,synthetic,meropenem,0.5,=,mg/L,MIC,synthetic,EUCAST,SYNTHETIC_ONLY,S,positive,unknown,synthetic_fixture,synthetic,,generated:51
SYNTH_00051,DEMO_A,P25,,Klebsiella pneumoniae,FICTIONAL_A,2024-04-01,Homo sapiens,synthetic,cefepime,0.25,=,mg/L,MIC,synthetic,EUCAST,SYNTHETIC_ONLY,unknown,positive,unknown,synthetic_fixture,synthetic,,generated:51
SYNTH_00051,DEMO_A,P25,,Klebsiella pneumoniae,FICTIONAL_A,2024-04-01,Homo sapiens,synthetic,ceftazidime,1.0,=,mg/L,MIC,synthetic,EUCAST,SYNTHETIC_ONLY,unknown,positive,unknown,synthetic_fixture,synthetic,,generated:51
SYNTH_00051,DEMO_A,P25,,Klebsiella pneumoniae,FICTIONAL_A,2024-04-01,Homo sapiens,synthetic,ciprofloxacin,0.5,=,mg/L,MIC,synthetic,EUCAST,SYNTHETIC_ONLY,unknown,positive,unknown,synthetic_fixture,synthetic,,generated:51
SYNTH_00051,DEMO_A,P25,,Klebsiella pneumoniae,FICTIONAL_A,2024-04-01,Homo sapiens,synthetic,gentamicin,8.0,=,mg/L,MIC,synthetic,EUCAST,SYNTHETIC_ONLY,unknown,positive,unknown,synthetic_fixture,synthetic,,generated:51
SYNTH_00051,DEMO_A,P25,,Klebsiella pneumoniae,FICTIONAL_A,2024-04-01,Homo sapiens,synthetic,amikacin,2.0,=,mg/L,MIC,synthetic,EUCAST,SYNTHETIC_ONLY,unknown,positive,unknown,synthetic_fixture,synthetic,,generated:51
SYNTH_00052,DEMO_A,P26,,Escherichia coli,FICTIONAL_A,2024-05-01,Homo sapiens,synthetic,meropenem,0.5,=,mg/L,MIC,synthetic,EUCAST,SYNTHETIC_ONLY,S,unknown,unknown,synthetic_fixture,synthetic,,generated:52
SYNTH_00052,DEMO_A,P26,,Escherichia coli,FICTIONAL_A,2024-05-01,Homo sapiens,synthetic,cefepime,0.25,=,mg/L,MIC,synthetic,EUCAST,SYNTHETIC_ONLY,unknown,unknown,unknown,synthetic_fixture,synthetic,,generated:52
SYNTH_00052,DEMO_A,P26,,Escherichia coli,FICTIONAL_A,2024-05-01,Homo sapiens,synthetic,ceftazidime,0.5,=,mg/L,MIC,synthetic,EUCAST,SYNTHETIC_ONLY,unknown,unknown,unknown,synthetic_fixture,synthetic,,generated:52
SYNTH_00052,DEMO_A,P26,,Escherichia coli,FICTIONAL_A,2024-05-01,Homo sapiens,synthetic,ciprofloxacin,1.0,=,mg/L,MIC,synthetic,EUCAST,SYNTHETIC_ONLY,unknown,unknown,unknown,synthetic_fixture,synthetic,,generated:52
SYNTH_00052,DEMO_A,P26,,Escherichia coli,FICTIONAL_A,2024-05-01,Homo sapiens,synthetic,gentamicin,4.0,=,mg/L,MIC,synthetic,EUCAST,SYNTHETIC_ONLY,unknown,unknown,unknown,synthetic_fixture,synthetic,,generated:52
SYNTH_00052,DEMO_A,P26,,Escherichia coli,FICTIONAL_A,2024-05-01,Homo sapiens,synthetic,amikacin,1.0,=,mg/L,MIC,synthetic,EUCAST,SYNTHETIC_ONLY,unknown,unknown,unknown,synthetic_fixture,synthetic,,generated:52
SYNTH_00053,DEMO_A,P26,,Klebsiella pneumoniae,FICTIONAL_A,2024-06-01,Homo sapiens,synthetic,meropenem,8,=,mg/L,MIC,synthetic,EUCAST,SYNTHETIC_ONLY,R,unknown,unknown,synthetic_fixture,synthetic,,generated:53
SYNTH_00053,DEMO_A,P26,,Klebsiella pneumoniae,FICTIONAL_A,2024-06-01,Homo sapiens,synthetic,ceftazidime,4.0,=,mg/L,MIC,synthetic,EUCAST,SYNTHETIC_ONLY,unknown,unknown,unknown,synthetic_fixture,synthetic,,generated:53
SYNTH_00053,DEMO_A,P26,,Klebsiella pneumoniae,FICTIONAL_A,2024-06-01,Homo sapiens,synthetic,ciprofloxacin,4.0,=,mg/L,MIC,synthetic,EUCAST,SYNTHETIC_ONLY,unknown,unknown,unknown,synthetic_fixture,synthetic,,generated:53
SYNTH_00053,DEMO_A,P26,,Klebsiella pneumoniae,FICTIONAL_A,2024-06-01,Homo sapiens,synthetic,gentamicin,4.0,=,mg/L,MIC,synthetic,EUCAST,SYNTHETIC_ONLY,unknown,unknown,unknown,synthetic_fixture,synthetic,,generated:53
SYNTH_00053,DEMO_A,P26,,Klebsiella pneumoniae,FICTIONAL_A,2024-06-01,Homo sapiens,synthetic,amikacin,2.0,=,mg/L,MIC,synthetic,EUCAST,SYNTHETIC_ONLY,unknown,unknown,unknown,synthetic_fixture,synthetic,,generated:53
SYNTH_00054,DEMO_A,P27,,Escherichia coli,FICTIONAL_A,2024-07-01,Homo sapiens,synthetic,meropenem,8,=,mg/L,MIC,synthetic,EUCAST,SYNTHETIC_ONLY,R,positive,unknown,synthetic_fixture,synthetic,,generated:54
SYNTH_00054,DEMO_A,P27,,Escherichia coli,FICTIONAL_A,2024-07-01,Homo sapiens,synthetic,cefepime,4.0,=,mg/L,MIC,synthetic,EUCAST,SYNTHETIC_ONLY,unknown,positive,unknown,synthetic_fixture,synthetic,,generated:54
SYNTH_00054,DEMO_A,P27,,Escherichia coli,FICTIONAL_A,2024-07-01,Homo sapiens,synthetic,ceftazidime,2.0,=,mg/L,MIC,synthetic,EUCAST,SYNTHETIC_ONLY,unknown,positive,unknown,synthetic_fixture,synthetic,,generated:54
SYNTH_00054,DEMO_A,P27,,Escherichia coli,FICTIONAL_A,2024-07-01,Homo sapiens,synthetic,ciprofloxacin,2.0,=,mg/L,MIC,synthetic,EUCAST,SYNTHETIC_ONLY,unknown,positive,unknown,synthetic_fixture,synthetic,,generated:54
SYNTH_00054,DEMO_A,P27,,Escherichia coli,FICTIONAL_A,2024-07-01,Homo sapiens,synthetic,amikacin,4.0,=,mg/L,MIC,synthetic,EUCAST,SYNTHETIC_ONLY,unknown,positive,unknown,synthetic_fixture,synthetic,,generated:54
SYNTH_00055,DEMO_A,P27,,Klebsiella pneumoniae,FICTIONAL_A,2024-08-01,Homo sapiens,synthetic,meropenem,8,=,mg/L,MIC,synthetic,EUCAST,SYNTHETIC_ONLY,R,unknown,positive,synthetic_fixture,synthetic,,generated:55
SYNTH_00055,DEMO_A,P27,,Klebsiella pneumoniae,FICTIONAL_A,2024-08-01,Homo sapiens,synthetic,cefepime,8.0,=,mg/L,MIC,synthetic,EUCAST,SYNTHETIC_ONLY,unknown,unknown,positive,synthetic_fixture,synthetic,,generated:55
SYNTH_00055,DEMO_A,P27,,Klebsiella pneumoniae,FICTIONAL_A,2024-08-01,Homo sapiens,synthetic,ceftazidime,2.0,=,mg/L,MIC,synthetic,EUCAST,SYNTHETIC_ONLY,unknown,unknown,positive,synthetic_fixture,synthetic,,generated:55
SYNTH_00055,DEMO_A,P27,,Klebsiella pneumoniae,FICTIONAL_A,2024-08-01,Homo sapiens,synthetic,ciprofloxacin,4.0,=,mg/L,MIC,synthetic,EUCAST,SYNTHETIC_ONLY,unknown,unknown,positive,synthetic_fixture,synthetic,,generated:55
SYNTH_00055,DEMO_A,P27,,Klebsiella pneumoniae,FICTIONAL_A,2024-08-01,Homo sapiens,synthetic,gentamicin,4.0,=,mg/L,MIC,synthetic,EUCAST,SYNTHETIC_ONLY,unknown,unknown,positive,synthetic_fixture,synthetic,,generated:55
SYNTH_00055,DEMO_A,P27,,Klebsiella pneumoniae,FICTIONAL_A,2024-08-01,Homo sapiens,synthetic,amikacin,8.0,=,mg/L,MIC,synthetic,EUCAST,SYNTHETIC_ONLY,unknown,unknown,positive,synthetic_fixture,synthetic,,generated:55
SYNTH_00056,DEMO_A,P28,,Escherichia coli,FICTIONAL_A,2024-09-01,Homo sapiens,synthetic,meropenem,0.5,=,mg/L,MIC,synthetic,EUCAST,SYNTHETIC_ONLY,S,unknown,unknown,synthetic_fixture,synthetic,,generated:56
SYNTH_00056,DEMO_A,P28,,Escherichia coli,FICTIONAL_A,2024-09-01,Homo sapiens,synthetic,cefepime,8.0,=,mg/L,MIC,synthetic,EUCAST,SYNTHETIC_ONLY,unknown,unknown,unknown,synthetic_fixture,synthetic,,generated:56
SYNTH_00056,DEMO_A,P28,,Escherichia coli,FICTIONAL_A,2024-09-01,Homo sapiens,synthetic,ceftazidime,2.0,=,mg/L,MIC,synthetic,EUCAST,SYNTHETIC_ONLY,unknown,unknown,unknown,synthetic_fixture,synthetic,,generated:56
SYNTH_00056,DEMO_A,P28,,Escherichia coli,FICTIONAL_A,2024-09-01,Homo sapiens,synthetic,ciprofloxacin,4.0,=,mg/L,MIC,synthetic,EUCAST,SYNTHETIC_ONLY,unknown,unknown,unknown,synthetic_fixture,synthetic,,generated:56
SYNTH_00056,DEMO_A,P28,,Escherichia coli,FICTIONAL_A,2024-09-01,Homo sapiens,synthetic,gentamicin,2.0,=,mg/L,MIC,synthetic,EUCAST,SYNTHETIC_ONLY,unknown,unknown,unknown,synthetic_fixture,synthetic,,generated:56
SYNTH_00056,DEMO_A,P28,,Escherichia coli,FICTIONAL_A,2024-09-01,Homo sapiens,synthetic,amikacin,4.0,=,mg/L,MIC,synthetic,EUCAST,SYNTHETIC_ONLY,unknown,unknown,unknown,synthetic_fixture,synthetic,,generated:56
SYNTH_00057,DEMO_A,P28,,Klebsiella pneumoniae,FICTIONAL_A,2024-10-01,Homo sapiens,synthetic,meropenem,8,=,mg/L,MIC,synthetic,EUCAST,SYNTHETIC_ONLY,R,positive,unknown,synthetic_fixture,synthetic,,generated:57
SYNTH_00057,DEMO_A,P28,,Klebsiella pneumoniae,FICTIONAL_A,2024-10-01,Homo sapiens,synthetic,cefepime,2.0,=,mg/L,MIC,synthetic,EUCAST,SYNTHETIC_ONLY,unknown,positive,unknown,synthetic_fixture,synthetic,,generated:57
SYNTH_00057,DEMO_A,P28,,Klebsiella pneumoniae,FICTIONAL_A,2024-10-01,Homo sapiens,synthetic,ciprofloxacin,2.0,=,mg/L,MIC,synthetic,EUCAST,SYNTHETIC_ONLY,unknown,positive,unknown,synthetic_fixture,synthetic,,generated:57
SYNTH_00057,DEMO_A,P28,,Klebsiella pneumoniae,FICTIONAL_A,2024-10-01,Homo sapiens,synthetic,gentamicin,2.0,=,mg/L,MIC,synthetic,EUCAST,SYNTHETIC_ONLY,unknown,positive,unknown,synthetic_fixture,synthetic,,generated:57
SYNTH_00057,DEMO_A,P28,,Klebsiella pneumoniae,FICTIONAL_A,2024-10-01,Homo sapiens,synthetic,amikacin,2.0,=,mg/L,MIC,synthetic,EUCAST,SYNTHETIC_ONLY,unknown,positive,unknown,synthetic_fixture,synthetic,,generated:57
SYNTH_00058,DEMO_A,P29,,Escherichia coli,FICTIONAL_A,2024-11-01,Homo sapiens,synthetic,meropenem,0.5,=,mg/L,MIC,synthetic,EUCAST,SYNTHETIC_ONLY,S,unknown,unknown,synthetic_fixture,synthetic,,generated:58
SYNTH_00058,DEMO_A,P29,,Escherichia coli,FICTIONAL_A,2024-11-01,Homo sapiens,synthetic,cefepime,0.25,=,mg/L,MIC,synthetic,EUCAST,SYNTHETIC_ONLY,unknown,unknown,unknown,synthetic_fixture,synthetic,,generated:58
SYNTH_00058,DEMO_A,P29,,Escherichia coli,FICTIONAL_A,2024-11-01,Homo sapiens,synthetic,ceftazidime,0.125,=,mg/L,MIC,synthetic,EUCAST,SYNTHETIC_ONLY,unknown,unknown,unknown,synthetic_fixture,synthetic,,generated:58
SYNTH_00058,DEMO_A,P29,,Escherichia coli,FICTIONAL_A,2024-11-01,Homo sapiens,synthetic,ciprofloxacin,1.0,=,mg/L,MIC,synthetic,EUCAST,SYNTHETIC_ONLY,unknown,unknown,unknown,synthetic_fixture,synthetic,,generated:58
SYNTH_00058,DEMO_A,P29,,Escherichia coli,FICTIONAL_A,2024-11-01,Homo sapiens,synthetic,gentamicin,0.25,=,mg/L,MIC,synthetic,EUCAST,SYNTHETIC_ONLY,unknown,unknown,unknown,synthetic_fixture,synthetic,,generated:58
SYNTH_00058,DEMO_A,P29,,Escherichia coli,FICTIONAL_A,2024-11-01,Homo sapiens,synthetic,amikacin,2.0,=,mg/L,MIC,synthetic,EUCAST,SYNTHETIC_ONLY,unknown,unknown,unknown,synthetic_fixture,synthetic,,generated:58
SYNTH_00059,DEMO_A,P29,,Klebsiella pneumoniae,FICTIONAL_A,2024-12-01,Homo sapiens,synthetic,meropenem,0.5,=,mg/L,MIC,synthetic,EUCAST,SYNTHETIC_ONLY,S,unknown,unknown,synthetic_fixture,synthetic,,generated:59
SYNTH_00059,DEMO_A,P29,,Klebsiella pneumoniae,FICTIONAL_A,2024-12-01,Homo sapiens,synthetic,cefepime,1.0,=,mg/L,MIC,synthetic,EUCAST,SYNTHETIC_ONLY,unknown,unknown,unknown,synthetic_fixture,synthetic,,generated:59
SYNTH_00059,DEMO_A,P29,,Klebsiella pneumoniae,FICTIONAL_A,2024-12-01,Homo sapiens,synthetic,ceftazidime,1.0,=,mg/L,MIC,synthetic,EUCAST,SYNTHETIC_ONLY,unknown,unknown,unknown,synthetic_fixture,synthetic,,generated:59
SYNTH_00059,DEMO_A,P29,,Klebsiella pneumoniae,FICTIONAL_A,2024-12-01,Homo sapiens,synthetic,ciprofloxacin,2.0,=,mg/L,MIC,synthetic,EUCAST,SYNTHETIC_ONLY,unknown,unknown,unknown,synthetic_fixture,synthetic,,generated:59
SYNTH_00059,DEMO_A,P29,,Klebsiella pneumoniae,FICTIONAL_A,2024-12-01,Homo sapiens,synthetic,gentamicin,4.0,=,mg/L,MIC,synthetic,EUCAST,SYNTHETIC_ONLY,unknown,unknown,unknown,synthetic_fixture,synthetic,,generated:59
SYNTH_00059,DEMO_A,P29,,Klebsiella pneumoniae,FICTIONAL_A,2024-12-01,Homo sapiens,synthetic,amikacin,8.0,=,mg/L,MIC,synthetic,EUCAST,SYNTHETIC_ONLY,unknown,unknown,unknown,synthetic_fixture,synthetic,,generated:59
SYNTH_00060,DEMO_A,P30,,Escherichia coli,FICTIONAL_A,2024-01-01,Homo sapiens,synthetic,meropenem,0.5,=,mg/L,MIC,synthetic,EUCAST,SYNTHETIC_ONLY,S,positive,positive,synthetic_fixture,synthetic,,generated:60
SYNTH_00060,DEMO_A,P30,,Escherichia coli,FICTIONAL_A,2024-01-01,Homo sapiens,synthetic,cefepime,1.0,=,mg/L,MIC,synthetic,EUCAST,SYNTHETIC_ONLY,unknown,positive,positive,synthetic_fixture,synthetic,,generated:60
SYNTH_00060,DEMO_A,P30,,Escherichia coli,FICTIONAL_A,2024-01-01,Homo sapiens,synthetic,ceftazidime,1.0,=,mg/L,MIC,synthetic,EUCAST,SYNTHETIC_ONLY,unknown,positive,positive,synthetic_fixture,synthetic,,generated:60
SYNTH_00060,DEMO_A,P30,,Escherichia coli,FICTIONAL_A,2024-01-01,Homo sapiens,synthetic,ciprofloxacin,2.0,=,mg/L,MIC,synthetic,EUCAST,SYNTHETIC_ONLY,unknown,positive,positive,synthetic_fixture,synthetic,,generated:60
SYNTH_00060,DEMO_A,P30,,Escherichia coli,FICTIONAL_A,2024-01-01,Homo sapiens,synthetic,gentamicin,4.0,=,mg/L,MIC,synthetic,EUCAST,SYNTHETIC_ONLY,unknown,positive,positive,synthetic_fixture,synthetic,,generated:60
SYNTH_00060,DEMO_A,P30,,Escherichia coli,FICTIONAL_A,2024-01-01,Homo sapiens,synthetic,amikacin,2.0,=,mg/L,MIC,synthetic,EUCAST,SYNTHETIC_ONLY,unknown,positive,positive,synthetic_fixture,synthetic,,generated:60
SYNTH_00061,DEMO_A,P30,,Klebsiella pneumoniae,FICTIONAL_A,2024-02-01,Homo sapiens,synthetic,meropenem,0.5,=,mg/L,MIC,synthetic,EUCAST,SYNTHETIC_ONLY,S,unknown,unknown,synthetic_fixture,synthetic,,generated:61
SYNTH_00061,DEMO_A,P30,,Klebsiella pneumoniae,FICTIONAL_A,2024-02-01,Homo sapiens,synthetic,ceftazidime,1.0,=,mg/L,MIC,synthetic,EUCAST,SYNTHETIC_ONLY,unknown,unknown,unknown,synthetic_fixture,synthetic,,generated:61
SYNTH_00061,DEMO_A,P30,,Klebsiella pneumoniae,FICTIONAL_A,2024-02-01,Homo sapiens,synthetic,ciprofloxacin,1.0,=,mg/L,MIC,synthetic,EUCAST,SYNTHETIC_ONLY,unknown,unknown,unknown,synthetic_fixture,synthetic,,generated:61
SYNTH_00061,DEMO_A,P30,,Klebsiella pneumoniae,FICTIONAL_A,2024-02-01,Homo sapiens,synthetic,gentamicin,2.0,=,mg/L,MIC,synthetic,EUCAST,SYNTHETIC_ONLY,unknown,unknown,unknown,synthetic_fixture,synthetic,,generated:61
SYNTH_00062,DEMO_A,P31,,Escherichia coli,FICTIONAL_A,2024-03-01,Homo sapiens,synthetic,meropenem,0.5,=,mg/L,MIC,synthetic,EUCAST,SYNTHETIC_ONLY,S,unknown,unknown,synthetic_fixture,synthetic,,generated:62
SYNTH_00062,DEMO_A,P31,,Escherichia coli,FICTIONAL_A,2024-03-01,Homo sapiens,synthetic,cefepime,0.5,=,mg/L,MIC,synthetic,EUCAST,SYNTHETIC_ONLY,unknown,unknown,unknown,synthetic_fixture,synthetic,,generated:62
SYNTH_00062,DEMO_A,P31,,Escherichia coli,FICTIONAL_A,2024-03-01,Homo sapiens,synthetic,ceftazidime,1.0,=,mg/L,MIC,synthetic,EUCAST,SYNTHETIC_ONLY,unknown,unknown,unknown,synthetic_fixture,synthetic,,generated:62
SYNTH_00062,DEMO_A,P31,,Escherichia coli,FICTIONAL_A,2024-03-01,Homo sapiens,synthetic,ciprofloxacin,0.5,=,mg/L,MIC,synthetic,EUCAST,SYNTHETIC_ONLY,unknown,unknown,unknown,synthetic_fixture,synthetic,,generated:62
SYNTH_00062,DEMO_A,P31,,Escherichia coli,FICTIONAL_A,2024-03-01,Homo sapiens,synthetic,amikacin,1.0,=,mg/L,MIC,synthetic,EUCAST,SYNTHETIC_ONLY,unknown,unknown,unknown,synthetic_fixture,synthetic,,generated:62
SYNTH_00063,DEMO_A,P31,,Klebsiella pneumoniae,FICTIONAL_A,2024-04-01,Homo sapiens,synthetic,meropenem,0.5,=,mg/L,MIC,synthetic,EUCAST,SYNTHETIC_ONLY,S,positive,unknown,synthetic_fixture,synthetic,,generated:63
SYNTH_00063,DEMO_A,P31,,Klebsiella pneumoniae,FICTIONAL_A,2024-04-01,Homo sapiens,synthetic,cefepime,0.125,=,mg/L,MIC,synthetic,EUCAST,SYNTHETIC_ONLY,unknown,positive,unknown,synthetic_fixture,synthetic,,generated:63
SYNTH_00063,DEMO_A,P31,,Klebsiella pneumoniae,FICTIONAL_A,2024-04-01,Homo sapiens,synthetic,ceftazidime,1.0,=,mg/L,MIC,synthetic,EUCAST,SYNTHETIC_ONLY,unknown,positive,unknown,synthetic_fixture,synthetic,,generated:63
SYNTH_00063,DEMO_A,P31,,Klebsiella pneumoniae,FICTIONAL_A,2024-04-01,Homo sapiens,synthetic,ciprofloxacin,0.25,=,mg/L,MIC,synthetic,EUCAST,SYNTHETIC_ONLY,unknown,positive,unknown,synthetic_fixture,synthetic,,generated:63
SYNTH_00063,DEMO_A,P31,,Klebsiella pneumoniae,FICTIONAL_A,2024-04-01,Homo sapiens,synthetic,gentamicin,4.0,=,mg/L,MIC,synthetic,EUCAST,SYNTHETIC_ONLY,unknown,positive,unknown,synthetic_fixture,synthetic,,generated:63
SYNTH_00063,DEMO_A,P31,,Klebsiella pneumoniae,FICTIONAL_A,2024-04-01,Homo sapiens,synthetic,amikacin,4.0,=,mg/L,MIC,synthetic,EUCAST,SYNTHETIC_ONLY,unknown,positive,unknown,synthetic_fixture,synthetic,,generated:63
SYNTH_00064,DEMO_A,P32,,Escherichia coli,FICTIONAL_A,2024-05-01,Homo sapiens,synthetic,meropenem,0.5,=,mg/L,MIC,synthetic,EUCAST,SYNTHETIC_ONLY,S,unknown,unknown,synthetic_fixture,synthetic,,generated:64
SYNTH_00064,DEMO_A,P32,,Escherichia coli,FICTIONAL_A,2024-05-01,Homo sapiens,synthetic,cefepime,0.5,=,mg/L,MIC,synthetic,EUCAST,SYNTHETIC_ONLY,unknown,unknown,unknown,synthetic_fixture,synthetic,,generated:64
SYNTH_00064,DEMO_A,P32,,Escherichia coli,FICTIONAL_A,2024-05-01,Homo sapiens,synthetic,ciprofloxacin,1.0,=,mg/L,MIC,synthetic,EUCAST,SYNTHETIC_ONLY,unknown,unknown,unknown,synthetic_fixture,synthetic,,generated:64
SYNTH_00064,DEMO_A,P32,,Escherichia coli,FICTIONAL_A,2024-05-01,Homo sapiens,synthetic,amikacin,4.0,=,mg/L,MIC,synthetic,EUCAST,SYNTHETIC_ONLY,unknown,unknown,unknown,synthetic_fixture,synthetic,,generated:64
SYNTH_00065,DEMO_A,P32,,Klebsiella pneumoniae,FICTIONAL_A,2024-06-01,Homo sapiens,synthetic,meropenem,0.5,=,mg/L,MIC,synthetic,EUCAST,SYNTHETIC_ONLY,S,unknown,positive,synthetic_fixture,synthetic,,generated:65
SYNTH_00065,DEMO_A,P32,,Klebsiella pneumoniae,FICTIONAL_A,2024-06-01,Homo sapiens,synthetic,cefepime,1.0,=,mg/L,MIC,synthetic,EUCAST,SYNTHETIC_ONLY,unknown,unknown,positive,synthetic_fixture,synthetic,,generated:65
SYNTH_00065,DEMO_A,P32,,Klebsiella pneumoniae,FICTIONAL_A,2024-06-01,Homo sapiens,synthetic,ceftazidime,0.125,=,mg/L,MIC,synthetic,EUCAST,SYNTHETIC_ONLY,unknown,unknown,positive,synthetic_fixture,synthetic,,generated:65
SYNTH_00065,DEMO_A,P32,,Klebsiella pneumoniae,FICTIONAL_A,2024-06-01,Homo sapiens,synthetic,gentamicin,4.0,=,mg/L,MIC,synthetic,EUCAST,SYNTHETIC_ONLY,unknown,unknown,positive,synthetic_fixture,synthetic,,generated:65
SYNTH_00065,DEMO_A,P32,,Klebsiella pneumoniae,FICTIONAL_A,2024-06-01,Homo sapiens,synthetic,amikacin,2.0,=,mg/L,MIC,synthetic,EUCAST,SYNTHETIC_ONLY,unknown,unknown,positive,synthetic_fixture,synthetic,,generated:65
SYNTH_00066,DEMO_A,P33,,Escherichia coli,FICTIONAL_A,2024-07-01,Homo sapiens,synthetic,meropenem,0.5,=,mg/L,MIC,synthetic,EUCAST,SYNTHETIC_ONLY,S,positive,unknown,synthetic_fixture,synthetic,,generated:66
SYNTH_00066,DEMO_A,P33,,Escherichia coli,FICTIONAL_A,2024-07-01,Homo sapiens,synthetic,cefepime,0.25,=,mg/L,MIC,synthetic,EUCAST,SYNTHETIC_ONLY,unknown,positive,unknown,synthetic_fixture,synthetic,,generated:66
SYNTH_00066,DEMO_A,P33,,Escherichia coli,FICTIONAL_A,2024-07-01,Homo sapiens,synthetic,ceftazidime,2.0,=,mg/L,MIC,synthetic,EUCAST,SYNTHETIC_ONLY,unknown,positive,unknown,synthetic_fixture,synthetic,,generated:66
SYNTH_00066,DEMO_A,P33,,Escherichia coli,FICTIONAL_A,2024-07-01,Homo sapiens,synthetic,ciprofloxacin,0.5,=,mg/L,MIC,synthetic,EUCAST,SYNTHETIC_ONLY,unknown,positive,unknown,synthetic_fixture,synthetic,,generated:66
SYNTH_00066,DEMO_A,P33,,Escherichia coli,FICTIONAL_A,2024-07-01,Homo sapiens,synthetic,gentamicin,4.0,=,mg/L,MIC,synthetic,EUCAST,SYNTHETIC_ONLY,unknown,positive,unknown,synthetic_fixture,synthetic,,generated:66
SYNTH_00066,DEMO_A,P33,,Escherichia coli,FICTIONAL_A,2024-07-01,Homo sapiens,synthetic,amikacin,8.0,=,mg/L,MIC,synthetic,EUCAST,SYNTHETIC_ONLY,unknown,positive,unknown,synthetic_fixture,synthetic,,generated:66
SYNTH_00067,DEMO_A,P33,,Klebsiella pneumoniae,FICTIONAL_A,2024-08-01,Homo sapiens,synthetic,meropenem,8,=,mg/L,MIC,synthetic,EUCAST,SYNTHETIC_ONLY,R,unknown,unknown,synthetic_fixture,synthetic,,generated:67
SYNTH_00067,DEMO_A,P33,,Klebsiella pneumoniae,FICTIONAL_A,2024-08-01,Homo sapiens,synthetic,ciprofloxacin,4.0,=,mg/L,MIC,synthetic,EUCAST,SYNTHETIC_ONLY,unknown,unknown,unknown,synthetic_fixture,synthetic,,generated:67
SYNTH_00067,DEMO_A,P33,,Klebsiella pneumoniae,FICTIONAL_A,2024-08-01,Homo sapiens,synthetic,gentamicin,2.0,=,mg/L,MIC,synthetic,EUCAST,SYNTHETIC_ONLY,unknown,unknown,unknown,synthetic_fixture,synthetic,,generated:67
SYNTH_00067,DEMO_A,P33,,Klebsiella pneumoniae,FICTIONAL_A,2024-08-01,Homo sapiens,synthetic,amikacin,16.0,=,mg/L,MIC,synthetic,EUCAST,SYNTHETIC_ONLY,unknown,unknown,unknown,synthetic_fixture,synthetic,,generated:67
SYNTH_00068,DEMO_A,P34,,Escherichia coli,FICTIONAL_A,2024-09-01,Homo sapiens,synthetic,meropenem,8,=,mg/L,MIC,synthetic,EUCAST,SYNTHETIC_ONLY,R,unknown,unknown,synthetic_fixture,synthetic,,generated:68
SYNTH_00068,DEMO_A,P34,,Escherichia coli,FICTIONAL_A,2024-09-01,Homo sapiens,synthetic,cefepime,2.0,=,mg/L,MIC,synthetic,EUCAST,SYNTHETIC_ONLY,unknown,unknown,unknown,synthetic_fixture,synthetic,,generated:68
SYNTH_00068,DEMO_A,P34,,Escherichia coli,FICTIONAL_A,2024-09-01,Homo sapiens,synthetic,ceftazidime,2.0,=,mg/L,MIC,synthetic,EUCAST,SYNTHETIC_ONLY,unknown,unknown,unknown,synthetic_fixture,synthetic,,generated:68
SYNTH_00068,DEMO_A,P34,,Escherichia coli,FICTIONAL_A,2024-09-01,Homo sapiens,synthetic,ciprofloxacin,4.0,=,mg/L,MIC,synthetic,EUCAST,SYNTHETIC_ONLY,unknown,unknown,unknown,synthetic_fixture,synthetic,,generated:68
SYNTH_00068,DEMO_A,P34,,Escherichia coli,FICTIONAL_A,2024-09-01,Homo sapiens,synthetic,gentamicin,4.0,=,mg/L,MIC,synthetic,EUCAST,SYNTHETIC_ONLY,unknown,unknown,unknown,synthetic_fixture,synthetic,,generated:68
SYNTH_00069,DEMO_A,P34,,Klebsiella pneumoniae,FICTIONAL_A,2024-10-01,Homo sapiens,synthetic,meropenem,8,=,mg/L,MIC,synthetic,EUCAST,SYNTHETIC_ONLY,R,positive,unknown,synthetic_fixture,synthetic,,generated:69
SYNTH_00069,DEMO_A,P34,,Klebsiella pneumoniae,FICTIONAL_A,2024-10-01,Homo sapiens,synthetic,cefepime,4.0,=,mg/L,MIC,synthetic,EUCAST,SYNTHETIC_ONLY,unknown,positive,unknown,synthetic_fixture,synthetic,,generated:69
SYNTH_00069,DEMO_A,P34,,Klebsiella pneumoniae,FICTIONAL_A,2024-10-01,Homo sapiens,synthetic,ceftazidime,4.0,=,mg/L,MIC,synthetic,EUCAST,SYNTHETIC_ONLY,unknown,positive,unknown,synthetic_fixture,synthetic,,generated:69
SYNTH_00069,DEMO_A,P34,,Klebsiella pneumoniae,FICTIONAL_A,2024-10-01,Homo sapiens,synthetic,ciprofloxacin,4.0,=,mg/L,MIC,synthetic,EUCAST,SYNTHETIC_ONLY,unknown,positive,unknown,synthetic_fixture,synthetic,,generated:69
SYNTH_00069,DEMO_A,P34,,Klebsiella pneumoniae,FICTIONAL_A,2024-10-01,Homo sapiens,synthetic,amikacin,16.0,=,mg/L,MIC,synthetic,EUCAST,SYNTHETIC_ONLY,unknown,positive,unknown,synthetic_fixture,synthetic,,generated:69
SYNTH_00070,DEMO_A,P35,,Escherichia coli,FICTIONAL_A,2024-11-01,Homo sapiens,synthetic,meropenem,0.5,=,mg/L,MIC,synthetic,EUCAST,SYNTHETIC_ONLY,S,unknown,positive,synthetic_fixture,synthetic,,generated:70
SYNTH_00070,DEMO_A,P35,,Escherichia coli,FICTIONAL_A,2024-11-01,Homo sapiens,synthetic,ceftazidime,4.0,=,mg/L,MIC,synthetic,EUCAST,SYNTHETIC_ONLY,unknown,unknown,positive,synthetic_fixture,synthetic,,generated:70
SYNTH_00070,DEMO_A,P35,,Escherichia coli,FICTIONAL_A,2024-11-01,Homo sapiens,synthetic,ciprofloxacin,2.0,=,mg/L,MIC,synthetic,EUCAST,SYNTHETIC_ONLY,unknown,unknown,positive,synthetic_fixture,synthetic,,generated:70
SYNTH_00070,DEMO_A,P35,,Escherichia coli,FICTIONAL_A,2024-11-01,Homo sapiens,synthetic,gentamicin,2.0,=,mg/L,MIC,synthetic,EUCAST,SYNTHETIC_ONLY,unknown,unknown,positive,synthetic_fixture,synthetic,,generated:70
SYNTH_00070,DEMO_A,P35,,Escherichia coli,FICTIONAL_A,2024-11-01,Homo sapiens,synthetic,amikacin,8.0,=,mg/L,MIC,synthetic,EUCAST,SYNTHETIC_ONLY,unknown,unknown,positive,synthetic_fixture,synthetic,,generated:70
SYNTH_00071,DEMO_A,P35,,Klebsiella pneumoniae,FICTIONAL_A,2024-12-01,Homo sapiens,synthetic,meropenem,8,=,mg/L,MIC,synthetic,EUCAST,SYNTHETIC_ONLY,R,unknown,unknown,synthetic_fixture,synthetic,,generated:71
SYNTH_00071,DEMO_A,P35,,Klebsiella pneumoniae,FICTIONAL_A,2024-12-01,Homo sapiens,synthetic,cefepime,1.0,=,mg/L,MIC,synthetic,EUCAST,SYNTHETIC_ONLY,unknown,unknown,unknown,synthetic_fixture,synthetic,,generated:71
SYNTH_00071,DEMO_A,P35,,Klebsiella pneumoniae,FICTIONAL_A,2024-12-01,Homo sapiens,synthetic,ceftazidime,4.0,=,mg/L,MIC,synthetic,EUCAST,SYNTHETIC_ONLY,unknown,unknown,unknown,synthetic_fixture,synthetic,,generated:71
SYNTH_00071,DEMO_A,P35,,Klebsiella pneumoniae,FICTIONAL_A,2024-12-01,Homo sapiens,synthetic,gentamicin,8.0,=,mg/L,MIC,synthetic,EUCAST,SYNTHETIC_ONLY,unknown,unknown,unknown,synthetic_fixture,synthetic,,generated:71
SYNTH_00071,DEMO_A,P35,,Klebsiella pneumoniae,FICTIONAL_A,2024-12-01,Homo sapiens,synthetic,amikacin,4.0,=,mg/L,MIC,synthetic,EUCAST,SYNTHETIC_ONLY,unknown,unknown,unknown,synthetic_fixture,synthetic,,generated:71
SYNTH_00072,DEMO_A,P36,,Escherichia coli,FICTIONAL_A,2024-01-01,Homo sapiens,synthetic,meropenem,0.5,=,mg/L,MIC,synthetic,EUCAST,SYNTHETIC_ONLY,S,positive,unknown,synthetic_fixture,synthetic,,generated:72
SYNTH_00072,DEMO_A,P36,,Escherichia coli,FICTIONAL_A,2024-01-01,Homo sapiens,synthetic,cefepime,2.0,=,mg/L,MIC,synthetic,EUCAST,SYNTHETIC_ONLY,unknown,positive,unknown,synthetic_fixture,synthetic,,generated:72
SYNTH_00072,DEMO_A,P36,,Escherichia coli,FICTIONAL_A,2024-01-01,Homo sapiens,synthetic,ceftazidime,1.0,=,mg/L,MIC,synthetic,EUCAST,SYNTHETIC_ONLY,unknown,positive,unknown,synthetic_fixture,synthetic,,generated:72
SYNTH_00072,DEMO_A,P36,,Escherichia coli,FICTIONAL_A,2024-01-01,Homo sapiens,synthetic,ciprofloxacin,1.0,=,mg/L,MIC,synthetic,EUCAST,SYNTHETIC_ONLY,unknown,positive,unknown,synthetic_fixture,synthetic,,generated:72
SYNTH_00072,DEMO_A,P36,,Escherichia coli,FICTIONAL_A,2024-01-01,Homo sapiens,synthetic,gentamicin,1.0,=,mg/L,MIC,synthetic,EUCAST,SYNTHETIC_ONLY,unknown,positive,unknown,synthetic_fixture,synthetic,,generated:72
SYNTH_00072,DEMO_A,P36,,Escherichia coli,FICTIONAL_A,2024-01-01,Homo sapiens,synthetic,amikacin,4.0,=,mg/L,MIC,synthetic,EUCAST,SYNTHETIC_ONLY,unknown,positive,unknown,synthetic_fixture,synthetic,,generated:72
SYNTH_00073,DEMO_A,P36,,Klebsiella pneumoniae,FICTIONAL_A,2024-02-01,Homo sapiens,synthetic,meropenem,8,=,mg/L,MIC,synthetic,EUCAST,SYNTHETIC_ONLY,R,unknown,unknown,synthetic_fixture,synthetic,,generated:73
SYNTH_00073,DEMO_A,P36,,Klebsiella pneumoniae,FICTIONAL_A,2024-02-01,Homo sapiens,synthetic,cefepime,1.0,=,mg/L,MIC,synthetic,EUCAST,SYNTHETIC_ONLY,unknown,unknown,unknown,synthetic_fixture,synthetic,,generated:73
SYNTH_00073,DEMO_A,P36,,Klebsiella pneumoniae,FICTIONAL_A,2024-02-01,Homo sapiens,synthetic,ceftazidime,0.5,=,mg/L,MIC,synthetic,EUCAST,SYNTHETIC_ONLY,unknown,unknown,unknown,synthetic_fixture,synthetic,,generated:73
SYNTH_00073,DEMO_A,P36,,Klebsiella pneumoniae,FICTIONAL_A,2024-02-01,Homo sapiens,synthetic,ciprofloxacin,1.0,=,mg/L,MIC,synthetic,EUCAST,SYNTHETIC_ONLY,unknown,unknown,unknown,synthetic_fixture,synthetic,,generated:73
SYNTH_00073,DEMO_A,P36,,Klebsiella pneumoniae,FICTIONAL_A,2024-02-01,Homo sapiens,synthetic,gentamicin,2.0,=,mg/L,MIC,synthetic,EUCAST,SYNTHETIC_ONLY,unknown,unknown,unknown,synthetic_fixture,synthetic,,generated:73
SYNTH_00073,DEMO_A,P36,,Klebsiella pneumoniae,FICTIONAL_A,2024-02-01,Homo sapiens,synthetic,amikacin,16.0,=,mg/L,MIC,synthetic,EUCAST,SYNTHETIC_ONLY,unknown,unknown,unknown,synthetic_fixture,synthetic,,generated:73
SYNTH_00074,DEMO_A,P37,,Escherichia coli,FICTIONAL_A,2024-03-01,Homo sapiens,synthetic,meropenem,8,=,mg/L,MIC,synthetic,EUCAST,SYNTHETIC_ONLY,R,unknown,unknown,synthetic_fixture,synthetic,,generated:74
SYNTH_00074,DEMO_A,P37,,Escherichia coli,FICTIONAL_A,2024-03-01,Homo sapiens,synthetic,cefepime,2.0,=,mg/L,MIC,synthetic,EUCAST,SYNTHETIC_ONLY,unknown,unknown,unknown,synthetic_fixture,synthetic,,generated:74
SYNTH_00074,DEMO_A,P37,,Escherichia coli,FICTIONAL_A,2024-03-01,Homo sapiens,synthetic,ceftazidime,1.0,=,mg/L,MIC,synthetic,EUCAST,SYNTHETIC_ONLY,unknown,unknown,unknown,synthetic_fixture,synthetic,,generated:74
SYNTH_00074,DEMO_A,P37,,Escherichia coli,FICTIONAL_A,2024-03-01,Homo sapiens,synthetic,ciprofloxacin,16.0,=,mg/L,MIC,synthetic,EUCAST,SYNTHETIC_ONLY,unknown,unknown,unknown,synthetic_fixture,synthetic,,generated:74
SYNTH_00074,DEMO_A,P37,,Escherichia coli,FICTIONAL_A,2024-03-01,Homo sapiens,synthetic,gentamicin,2.0,=,mg/L,MIC,synthetic,EUCAST,SYNTHETIC_ONLY,unknown,unknown,unknown,synthetic_fixture,synthetic,,generated:74
SYNTH_00074,DEMO_A,P37,,Escherichia coli,FICTIONAL_A,2024-03-01,Homo sapiens,synthetic,amikacin,2.0,=,mg/L,MIC,synthetic,EUCAST,SYNTHETIC_ONLY,unknown,unknown,unknown,synthetic_fixture,synthetic,,generated:74
SYNTH_00075,DEMO_A,P37,,Klebsiella pneumoniae,FICTIONAL_A,2024-04-01,Homo sapiens,synthetic,meropenem,0.5,=,mg/L,MIC,synthetic,EUCAST,SYNTHETIC_ONLY,S,positive,positive,synthetic_fixture,synthetic,,generated:75
SYNTH_00075,DEMO_A,P37,,Klebsiella pneumoniae,FICTIONAL_A,2024-04-01,Homo sapiens,synthetic,cefepime,1.0,=,mg/L,MIC,synthetic,EUCAST,SYNTHETIC_ONLY,unknown,positive,positive,synthetic_fixture,synthetic,,generated:75
SYNTH_00075,DEMO_A,P37,,Klebsiella pneumoniae,FICTIONAL_A,2024-04-01,Homo sapiens,synthetic,ceftazidime,1.0,=,mg/L,MIC,synthetic,EUCAST,SYNTHETIC_ONLY,unknown,positive,positive,synthetic_fixture,synthetic,,generated:75
SYNTH_00075,DEMO_A,P37,,Klebsiella pneumoniae,FICTIONAL_A,2024-04-01,Homo sapiens,synthetic,ciprofloxacin,0.5,=,mg/L,MIC,synthetic,EUCAST,SYNTHETIC_ONLY,unknown,positive,positive,synthetic_fixture,synthetic,,generated:75
SYNTH_00075,DEMO_A,P37,,Klebsiella pneumoniae,FICTIONAL_A,2024-04-01,Homo sapiens,synthetic,gentamicin,1.0,=,mg/L,MIC,synthetic,EUCAST,SYNTHETIC_ONLY,unknown,positive,positive,synthetic_fixture,synthetic,,generated:75
SYNTH_00076,DEMO_A,P38,,Escherichia coli,FICTIONAL_A,2024-05-01,Homo sapiens,synthetic,meropenem,0.5,=,mg/L,MIC,synthetic,EUCAST,SYNTHETIC_ONLY,S,unknown,unknown,synthetic_fixture,synthetic,,generated:76
SYNTH_00076,DEMO_A,P38,,Escherichia coli,FICTIONAL_A,2024-05-01,Homo sapiens,synthetic,cefepime,2.0,=,mg/L,MIC,synthetic,EUCAST,SYNTHETIC_ONLY,unknown,unknown,unknown,synthetic_fixture,synthetic,,generated:76
SYNTH_00076,DEMO_A,P38,,Escherichia coli,FICTIONAL_A,2024-05-01,Homo sapiens,synthetic,ceftazidime,1.0,=,mg/L,MIC,synthetic,EUCAST,SYNTHETIC_ONLY,unknown,unknown,unknown,synthetic_fixture,synthetic,,generated:76
SYNTH_00076,DEMO_A,P38,,Escherichia coli,FICTIONAL_A,2024-05-01,Homo sapiens,synthetic,ciprofloxacin,2.0,=,mg/L,MIC,synthetic,EUCAST,SYNTHETIC_ONLY,unknown,unknown,unknown,synthetic_fixture,synthetic,,generated:76
SYNTH_00076,DEMO_A,P38,,Escherichia coli,FICTIONAL_A,2024-05-01,Homo sapiens,synthetic,amikacin,8.0,=,mg/L,MIC,synthetic,EUCAST,SYNTHETIC_ONLY,unknown,unknown,unknown,synthetic_fixture,synthetic,,generated:76
SYNTH_00077,DEMO_A,P38,,Klebsiella pneumoniae,FICTIONAL_A,2024-06-01,Homo sapiens,synthetic,meropenem,0.5,=,mg/L,MIC,synthetic,EUCAST,SYNTHETIC_ONLY,S,unknown,unknown,synthetic_fixture,synthetic,,generated:77
SYNTH_00077,DEMO_A,P38,,Klebsiella pneumoniae,FICTIONAL_A,2024-06-01,Homo sapiens,synthetic,cefepime,1.0,=,mg/L,MIC,synthetic,EUCAST,SYNTHETIC_ONLY,unknown,unknown,unknown,synthetic_fixture,synthetic,,generated:77
SYNTH_00077,DEMO_A,P38,,Klebsiella pneumoniae,FICTIONAL_A,2024-06-01,Homo sapiens,synthetic,ceftazidime,1.0,=,mg/L,MIC,synthetic,EUCAST,SYNTHETIC_ONLY,unknown,unknown,unknown,synthetic_fixture,synthetic,,generated:77
SYNTH_00077,DEMO_A,P38,,Klebsiella pneumoniae,FICTIONAL_A,2024-06-01,Homo sapiens,synthetic,ciprofloxacin,2.0,=,mg/L,MIC,synthetic,EUCAST,SYNTHETIC_ONLY,unknown,unknown,unknown,synthetic_fixture,synthetic,,generated:77
SYNTH_00077,DEMO_A,P38,,Klebsiella pneumoniae,FICTIONAL_A,2024-06-01,Homo sapiens,synthetic,gentamicin,1.0,=,mg/L,MIC,synthetic,EUCAST,SYNTHETIC_ONLY,unknown,unknown,unknown,synthetic_fixture,synthetic,,generated:77
SYNTH_00077,DEMO_A,P38,,Klebsiella pneumoniae,FICTIONAL_A,2024-06-01,Homo sapiens,synthetic,amikacin,2.0,=,mg/L,MIC,synthetic,EUCAST,SYNTHETIC_ONLY,unknown,unknown,unknown,synthetic_fixture,synthetic,,generated:77
SYNTH_00078,DEMO_A,P39,,Escherichia coli,FICTIONAL_A,2024-07-01,Homo sapiens,synthetic,meropenem,8,=,mg/L,MIC,synthetic,EUCAST,SYNTHETIC_ONLY,R,positive,unknown,synthetic_fixture,synthetic,,generated:78
SYNTH_00078,DEMO_A,P39,,Escherichia coli,FICTIONAL_A,2024-07-01,Homo sapiens,synthetic,cefepime,0.25,=,mg/L,MIC,synthetic,EUCAST,SYNTHETIC_ONLY,unknown,positive,unknown,synthetic_fixture,synthetic,,generated:78
SYNTH_00078,DEMO_A,P39,,Escherichia coli,FICTIONAL_A,2024-07-01,Homo sapiens,synthetic,ceftazidime,1.0,=,mg/L,MIC,synthetic,EUCAST,SYNTHETIC_ONLY,unknown,positive,unknown,synthetic_fixture,synthetic,,generated:78
SYNTH_00078,DEMO_A,P39,,Escherichia coli,FICTIONAL_A,2024-07-01,Homo sapiens,synthetic,ciprofloxacin,2.0,=,mg/L,MIC,synthetic,EUCAST,SYNTHETIC_ONLY,unknown,positive,unknown,synthetic_fixture,synthetic,,generated:78
SYNTH_00078,DEMO_A,P39,,Escherichia coli,FICTIONAL_A,2024-07-01,Homo sapiens,synthetic,gentamicin,2.0,=,mg/L,MIC,synthetic,EUCAST,SYNTHETIC_ONLY,unknown,positive,unknown,synthetic_fixture,synthetic,,generated:78
SYNTH_00078,DEMO_A,P39,,Escherichia coli,FICTIONAL_A,2024-07-01,Homo sapiens,synthetic,amikacin,2.0,=,mg/L,MIC,synthetic,EUCAST,SYNTHETIC_ONLY,unknown,positive,unknown,synthetic_fixture,synthetic,,generated:78
SYNTH_00079,DEMO_A,P39,,Klebsiella pneumoniae,FICTIONAL_A,2024-08-01,Homo sapiens,synthetic,meropenem,0.5,=,mg/L,MIC,synthetic,EUCAST,SYNTHETIC_ONLY,S,unknown,unknown,synthetic_fixture,synthetic,,generated:79
SYNTH_00079,DEMO_A,P39,,Klebsiella pneumoniae,FICTIONAL_A,2024-08-01,Homo sapiens,synthetic,cefepime,1.0,=,mg/L,MIC,synthetic,EUCAST,SYNTHETIC_ONLY,unknown,unknown,unknown,synthetic_fixture,synthetic,,generated:79
SYNTH_00079,DEMO_A,P39,,Klebsiella pneumoniae,FICTIONAL_A,2024-08-01,Homo sapiens,synthetic,ceftazidime,1.0,=,mg/L,MIC,synthetic,EUCAST,SYNTHETIC_ONLY,unknown,unknown,unknown,synthetic_fixture,synthetic,,generated:79
SYNTH_00079,DEMO_A,P39,,Klebsiella pneumoniae,FICTIONAL_A,2024-08-01,Homo sapiens,synthetic,ciprofloxacin,1.0,=,mg/L,MIC,synthetic,EUCAST,SYNTHETIC_ONLY,unknown,unknown,unknown,synthetic_fixture,synthetic,,generated:79
SYNTH_00079,DEMO_A,P39,,Klebsiella pneumoniae,FICTIONAL_A,2024-08-01,Homo sapiens,synthetic,gentamicin,2.0,=,mg/L,MIC,synthetic,EUCAST,SYNTHETIC_ONLY,unknown,unknown,unknown,synthetic_fixture,synthetic,,generated:79
SYNTH_00079,DEMO_A,P39,,Klebsiella pneumoniae,FICTIONAL_A,2024-08-01,Homo sapiens,synthetic,amikacin,4.0,=,mg/L,MIC,synthetic,EUCAST,SYNTHETIC_ONLY,unknown,unknown,unknown,synthetic_fixture,synthetic,,generated:79
SYNTH_00080,DEMO_A,P40,,Escherichia coli,FICTIONAL_A,2024-09-01,Homo sapiens,synthetic,meropenem,0.5,=,mg/L,MIC,synthetic,EUCAST,SYNTHETIC_ONLY,S,unknown,positive,synthetic_fixture,synthetic,,generated:80
SYNTH_00080,DEMO_A,P40,,Escherichia coli,FICTIONAL_A,2024-09-01,Homo sapiens,synthetic,cefepime,0.5,=,mg/L,MIC,synthetic,EUCAST,SYNTHETIC_ONLY,unknown,unknown,positive,synthetic_fixture,synthetic,,generated:80
SYNTH_00080,DEMO_A,P40,,Escherichia coli,FICTIONAL_A,2024-09-01,Homo sapiens,synthetic,ceftazidime,2.0,=,mg/L,MIC,synthetic,EUCAST,SYNTHETIC_ONLY,unknown,unknown,positive,synthetic_fixture,synthetic,,generated:80
SYNTH_00080,DEMO_A,P40,,Escherichia coli,FICTIONAL_A,2024-09-01,Homo sapiens,synthetic,ciprofloxacin,4.0,=,mg/L,MIC,synthetic,EUCAST,SYNTHETIC_ONLY,unknown,unknown,positive,synthetic_fixture,synthetic,,generated:80
SYNTH_00080,DEMO_A,P40,,Escherichia coli,FICTIONAL_A,2024-09-01,Homo sapiens,synthetic,gentamicin,4.0,=,mg/L,MIC,synthetic,EUCAST,SYNTHETIC_ONLY,unknown,unknown,positive,synthetic_fixture,synthetic,,generated:80
SYNTH_00080,DEMO_A,P40,,Escherichia coli,FICTIONAL_A,2024-09-01,Homo sapiens,synthetic,amikacin,2.0,=,mg/L,MIC,synthetic,EUCAST,SYNTHETIC_ONLY,unknown,unknown,positive,synthetic_fixture,synthetic,,generated:80
SYNTH_00081,DEMO_A,P40,,Klebsiella pneumoniae,FICTIONAL_A,2024-10-01,Homo sapiens,synthetic,meropenem,0.5,=,mg/L,MIC,synthetic,EUCAST,SYNTHETIC_ONLY,S,positive,unknown,synthetic_fixture,synthetic,,generated:81
SYNTH_00081,DEMO_A,P40,,Klebsiella pneumoniae,FICTIONAL_A,2024-10-01,Homo sapiens,synthetic,cefepime,0.5,=,mg/L,MIC,synthetic,EUCAST,SYNTHETIC_ONLY,unknown,positive,unknown,synthetic_fixture,synthetic,,generated:81
SYNTH_00081,DEMO_A,P40,,Klebsiella pneumoniae,FICTIONAL_A,2024-10-01,Homo sapiens,synthetic,ceftazidime,1.0,=,mg/L,MIC,synthetic,EUCAST,SYNTHETIC_ONLY,unknown,positive,unknown,synthetic_fixture,synthetic,,generated:81
SYNTH_00081,DEMO_A,P40,,Klebsiella pneumoniae,FICTIONAL_A,2024-10-01,Homo sapiens,synthetic,ciprofloxacin,1.0,=,mg/L,MIC,synthetic,EUCAST,SYNTHETIC_ONLY,unknown,positive,unknown,synthetic_fixture,synthetic,,generated:81
SYNTH_00081,DEMO_A,P40,,Klebsiella pneumoniae,FICTIONAL_A,2024-10-01,Homo sapiens,synthetic,gentamicin,2.0,=,mg/L,MIC,synthetic,EUCAST,SYNTHETIC_ONLY,unknown,positive,unknown,synthetic_fixture,synthetic,,generated:81
SYNTH_00081,DEMO_A,P40,,Klebsiella pneumoniae,FICTIONAL_A,2024-10-01,Homo sapiens,synthetic,amikacin,8.0,=,mg/L,MIC,synthetic,EUCAST,SYNTHETIC_ONLY,unknown,positive,unknown,synthetic_fixture,synthetic,,generated:81
SYNTH_00082,DEMO_A,P41,,Escherichia coli,FICTIONAL_A,2024-11-01,Homo sapiens,synthetic,meropenem,8,=,mg/L,MIC,synthetic,EUCAST,SYNTHETIC_ONLY,R,unknown,unknown,synthetic_fixture,synthetic,,generated:82
SYNTH_00082,DEMO_A,P41,,Escherichia coli,FICTIONAL_A,2024-11-01,Homo sapiens,synthetic,cefepime,1.0,=,mg/L,MIC,synthetic,EUCAST,SYNTHETIC_ONLY,unknown,unknown,unknown,synthetic_fixture,synthetic,,generated:82
SYNTH_00082,DEMO_A,P41,,Escherichia coli,FICTIONAL_A,2024-11-01,Homo sapiens,synthetic,ceftazidime,8.0,=,mg/L,MIC,synthetic,EUCAST,SYNTHETIC_ONLY,unknown,unknown,unknown,synthetic_fixture,synthetic,,generated:82
SYNTH_00082,DEMO_A,P41,,Escherichia coli,FICTIONAL_A,2024-11-01,Homo sapiens,synthetic,ciprofloxacin,8.0,=,mg/L,MIC,synthetic,EUCAST,SYNTHETIC_ONLY,unknown,unknown,unknown,synthetic_fixture,synthetic,,generated:82
SYNTH_00082,DEMO_A,P41,,Escherichia coli,FICTIONAL_A,2024-11-01,Homo sapiens,synthetic,gentamicin,8.0,=,mg/L,MIC,synthetic,EUCAST,SYNTHETIC_ONLY,unknown,unknown,unknown,synthetic_fixture,synthetic,,generated:82
SYNTH_00082,DEMO_A,P41,,Escherichia coli,FICTIONAL_A,2024-11-01,Homo sapiens,synthetic,amikacin,8.0,=,mg/L,MIC,synthetic,EUCAST,SYNTHETIC_ONLY,unknown,unknown,unknown,synthetic_fixture,synthetic,,generated:82
SYNTH_00083,DEMO_A,P41,,Klebsiella pneumoniae,FICTIONAL_A,2024-12-01,Homo sapiens,synthetic,meropenem,0.5,=,mg/L,MIC,synthetic,EUCAST,SYNTHETIC_ONLY,S,unknown,unknown,synthetic_fixture,synthetic,,generated:83
SYNTH_00083,DEMO_A,P41,,Klebsiella pneumoniae,FICTIONAL_A,2024-12-01,Homo sapiens,synthetic,cefepime,1.0,=,mg/L,MIC,synthetic,EUCAST,SYNTHETIC_ONLY,unknown,unknown,unknown,synthetic_fixture,synthetic,,generated:83
SYNTH_00083,DEMO_A,P41,,Klebsiella pneumoniae,FICTIONAL_A,2024-12-01,Homo sapiens,synthetic,ceftazidime,0.25,=,mg/L,MIC,synthetic,EUCAST,SYNTHETIC_ONLY,unknown,unknown,unknown,synthetic_fixture,synthetic,,generated:83
SYNTH_00083,DEMO_A,P41,,Klebsiella pneumoniae,FICTIONAL_A,2024-12-01,Homo sapiens,synthetic,ciprofloxacin,2.0,=,mg/L,MIC,synthetic,EUCAST,SYNTHETIC_ONLY,unknown,unknown,unknown,synthetic_fixture,synthetic,,generated:83
SYNTH_00083,DEMO_A,P41,,Klebsiella pneumoniae,FICTIONAL_A,2024-12-01,Homo sapiens,synthetic,gentamicin,2.0,=,mg/L,MIC,synthetic,EUCAST,SYNTHETIC_ONLY,unknown,unknown,unknown,synthetic_fixture,synthetic,,generated:83
SYNTH_00083,DEMO_A,P41,,Klebsiella pneumoniae,FICTIONAL_A,2024-12-01,Homo sapiens,synthetic,amikacin,2.0,=,mg/L,MIC,synthetic,EUCAST,SYNTHETIC_ONLY,unknown,unknown,unknown,synthetic_fixture,synthetic,,generated:83
SYNTH_00084,DEMO_A,P42,,Escherichia coli,FICTIONAL_A,2024-01-01,Homo sapiens,synthetic,meropenem,8,=,mg/L,MIC,synthetic,EUCAST,SYNTHETIC_ONLY,R,positive,unknown,synthetic_fixture,synthetic,,generated:84
SYNTH_00084,DEMO_A,P42,,Escherichia coli,FICTIONAL_A,2024-01-01,Homo sapiens,synthetic,cefepime,16.0,=,mg/L,MIC,synthetic,EUCAST,SYNTHETIC_ONLY,unknown,positive,unknown,synthetic_fixture,synthetic,,generated:84
SYNTH_00084,DEMO_A,P42,,Escherichia coli,FICTIONAL_A,2024-01-01,Homo sapiens,synthetic,ceftazidime,4.0,=,mg/L,MIC,synthetic,EUCAST,SYNTHETIC_ONLY,unknown,positive,unknown,synthetic_fixture,synthetic,,generated:84
SYNTH_00084,DEMO_A,P42,,Escherichia coli,FICTIONAL_A,2024-01-01,Homo sapiens,synthetic,ciprofloxacin,8.0,=,mg/L,MIC,synthetic,EUCAST,SYNTHETIC_ONLY,unknown,positive,unknown,synthetic_fixture,synthetic,,generated:84
SYNTH_00084,DEMO_A,P42,,Escherichia coli,FICTIONAL_A,2024-01-01,Homo sapiens,synthetic,gentamicin,8.0,=,mg/L,MIC,synthetic,EUCAST,SYNTHETIC_ONLY,unknown,positive,unknown,synthetic_fixture,synthetic,,generated:84
SYNTH_00085,DEMO_A,P42,,Klebsiella pneumoniae,FICTIONAL_A,2024-02-01,Homo sapiens,synthetic,meropenem,8,=,mg/L,MIC,synthetic,EUCAST,SYNTHETIC_ONLY,R,unknown,positive,synthetic_fixture,synthetic,,generated:85
SYNTH_00085,DEMO_A,P42,,Klebsiella pneumoniae,FICTIONAL_A,2024-02-01,Homo sapiens,synthetic,cefepime,2.0,=,mg/L,MIC,synthetic,EUCAST,SYNTHETIC_ONLY,unknown,unknown,positive,synthetic_fixture,synthetic,,generated:85
SYNTH_00085,DEMO_A,P42,,Klebsiella pneumoniae,FICTIONAL_A,2024-02-01,Homo sapiens,synthetic,ceftazidime,4.0,=,mg/L,MIC,synthetic,EUCAST,SYNTHETIC_ONLY,unknown,unknown,positive,synthetic_fixture,synthetic,,generated:85
SYNTH_00085,DEMO_A,P42,,Klebsiella pneumoniae,FICTIONAL_A,2024-02-01,Homo sapiens,synthetic,ciprofloxacin,2.0,=,mg/L,MIC,synthetic,EUCAST,SYNTHETIC_ONLY,unknown,unknown,positive,synthetic_fixture,synthetic,,generated:85
SYNTH_00085,DEMO_A,P42,,Klebsiella pneumoniae,FICTIONAL_A,2024-02-01,Homo sapiens,synthetic,gentamicin,4.0,=,mg/L,MIC,synthetic,EUCAST,SYNTHETIC_ONLY,unknown,unknown,positive,synthetic_fixture,synthetic,,generated:85
SYNTH_00085,DEMO_A,P42,,Klebsiella pneumoniae,FICTIONAL_A,2024-02-01,Homo sapiens,synthetic,amikacin,8.0,=,mg/L,MIC,synthetic,EUCAST,SYNTHETIC_ONLY,unknown,unknown,positive,synthetic_fixture,synthetic,,generated:85
SYNTH_00086,DEMO_A,P43,,Escherichia coli,FICTIONAL_A,2024-03-01,Homo sapiens,synthetic,meropenem,0.5,=,mg/L,MIC,synthetic,EUCAST,SYNTHETIC_ONLY,S,unknown,unknown,synthetic_fixture,synthetic,,generated:86
SYNTH_00086,DEMO_A,P43,,Escherichia coli,FICTIONAL_A,2024-03-01,Homo sapiens,synthetic,cefepime,2.0,=,mg/L,MIC,synthetic,EUCAST,SYNTHETIC_ONLY,unknown,unknown,unknown,synthetic_fixture,synthetic,,generated:86
SYNTH_00086,DEMO_A,P43,,Escherichia coli,FICTIONAL_A,2024-03-01,Homo sapiens,synthetic,ceftazidime,4.0,=,mg/L,MIC,synthetic,EUCAST,SYNTHETIC_ONLY,unknown,unknown,unknown,synthetic_fixture,synthetic,,generated:86
SYNTH_00086,DEMO_A,P43,,Escherichia coli,FICTIONAL_A,2024-03-01,Homo sapiens,synthetic,ciprofloxacin,4.0,=,mg/L,MIC,synthetic,EUCAST,SYNTHETIC_ONLY,unknown,unknown,unknown,synthetic_fixture,synthetic,,generated:86
SYNTH_00086,DEMO_A,P43,,Escherichia coli,FICTIONAL_A,2024-03-01,Homo sapiens,synthetic,gentamicin,4.0,=,mg/L,MIC,synthetic,EUCAST,SYNTHETIC_ONLY,unknown,unknown,unknown,synthetic_fixture,synthetic,,generated:86
SYNTH_00086,DEMO_A,P43,,Escherichia coli,FICTIONAL_A,2024-03-01,Homo sapiens,synthetic,amikacin,4.0,=,mg/L,MIC,synthetic,EUCAST,SYNTHETIC_ONLY,unknown,unknown,unknown,synthetic_fixture,synthetic,,generated:86
SYNTH_00087,DEMO_A,P43,,Klebsiella pneumoniae,FICTIONAL_A,2024-04-01,Homo sapiens,synthetic,meropenem,8,=,mg/L,MIC,synthetic,EUCAST,SYNTHETIC_ONLY,R,positive,unknown,synthetic_fixture,synthetic,,generated:87
SYNTH_00087,DEMO_A,P43,,Klebsiella pneumoniae,FICTIONAL_A,2024-04-01,Homo sapiens,synthetic,cefepime,4.0,=,mg/L,MIC,synthetic,EUCAST,SYNTHETIC_ONLY,unknown,positive,unknown,synthetic_fixture,synthetic,,generated:87
SYNTH_00087,DEMO_A,P43,,Klebsiella pneumoniae,FICTIONAL_A,2024-04-01,Homo sapiens,synthetic,ceftazidime,4.0,=,mg/L,MIC,synthetic,EUCAST,SYNTHETIC_ONLY,unknown,positive,unknown,synthetic_fixture,synthetic,,generated:87
SYNTH_00087,DEMO_A,P43,,Klebsiella pneumoniae,FICTIONAL_A,2024-04-01,Homo sapiens,synthetic,ciprofloxacin,4.0,=,mg/L,MIC,synthetic,EUCAST,SYNTHETIC_ONLY,unknown,positive,unknown,synthetic_fixture,synthetic,,generated:87
SYNTH_00087,DEMO_A,P43,,Klebsiella pneumoniae,FICTIONAL_A,2024-04-01,Homo sapiens,synthetic,gentamicin,8.0,=,mg/L,MIC,synthetic,EUCAST,SYNTHETIC_ONLY,unknown,positive,unknown,synthetic_fixture,synthetic,,generated:87
SYNTH_00087,DEMO_A,P43,,Klebsiella pneumoniae,FICTIONAL_A,2024-04-01,Homo sapiens,synthetic,amikacin,4.0,=,mg/L,MIC,synthetic,EUCAST,SYNTHETIC_ONLY,unknown,positive,unknown,synthetic_fixture,synthetic,,generated:87
SYNTH_00088,DEMO_A,P44,,Escherichia coli,FICTIONAL_A,2024-05-01,Homo sapiens,synthetic,meropenem,0.5,=,mg/L,MIC,synthetic,EUCAST,SYNTHETIC_ONLY,S,unknown,unknown,synthetic_fixture,synthetic,,generated:88
SYNTH_00088,DEMO_A,P44,,Escherichia coli,FICTIONAL_A,2024-05-01,Homo sapiens,synthetic,cefepime,1.0,=,mg/L,MIC,synthetic,EUCAST,SYNTHETIC_ONLY,unknown,unknown,unknown,synthetic_fixture,synthetic,,generated:88
SYNTH_00088,DEMO_A,P44,,Escherichia coli,FICTIONAL_A,2024-05-01,Homo sapiens,synthetic,ceftazidime,1.0,=,mg/L,MIC,synthetic,EUCAST,SYNTHETIC_ONLY,unknown,unknown,unknown,synthetic_fixture,synthetic,,generated:88
SYNTH_00088,DEMO_A,P44,,Escherichia coli,FICTIONAL_A,2024-05-01,Homo sapiens,synthetic,ciprofloxacin,2.0,=,mg/L,MIC,synthetic,EUCAST,SYNTHETIC_ONLY,unknown,unknown,unknown,synthetic_fixture,synthetic,,generated:88
SYNTH_00088,DEMO_A,P44,,Escherichia coli,FICTIONAL_A,2024-05-01,Homo sapiens,synthetic,gentamicin,8.0,=,mg/L,MIC,synthetic,EUCAST,SYNTHETIC_ONLY,unknown,unknown,unknown,synthetic_fixture,synthetic,,generated:88
SYNTH_00088,DEMO_A,P44,,Escherichia coli,FICTIONAL_A,2024-05-01,Homo sapiens,synthetic,amikacin,1.0,=,mg/L,MIC,synthetic,EUCAST,SYNTHETIC_ONLY,unknown,unknown,unknown,synthetic_fixture,synthetic,,generated:88
SYNTH_00089,DEMO_A,P44,,Klebsiella pneumoniae,FICTIONAL_A,2024-06-01,Homo sapiens,synthetic,meropenem,0.5,=,mg/L,MIC,synthetic,EUCAST,SYNTHETIC_ONLY,S,unknown,unknown,synthetic_fixture,synthetic,,generated:89
SYNTH_00089,DEMO_A,P44,,Klebsiella pneumoniae,FICTIONAL_A,2024-06-01,Homo sapiens,synthetic,cefepime,0.5,=,mg/L,MIC,synthetic,EUCAST,SYNTHETIC_ONLY,unknown,unknown,unknown,synthetic_fixture,synthetic,,generated:89
SYNTH_00089,DEMO_A,P44,,Klebsiella pneumoniae,FICTIONAL_A,2024-06-01,Homo sapiens,synthetic,ceftazidime,1.0,=,mg/L,MIC,synthetic,EUCAST,SYNTHETIC_ONLY,unknown,unknown,unknown,synthetic_fixture,synthetic,,generated:89
SYNTH_00089,DEMO_A,P44,,Klebsiella pneumoniae,FICTIONAL_A,2024-06-01,Homo sapiens,synthetic,ciprofloxacin,1.0,=,mg/L,MIC,synthetic,EUCAST,SYNTHETIC_ONLY,unknown,unknown,unknown,synthetic_fixture,synthetic,,generated:89
SYNTH_00089,DEMO_A,P44,,Klebsiella pneumoniae,FICTIONAL_A,2024-06-01,Homo sapiens,synthetic,gentamicin,2.0,=,mg/L,MIC,synthetic,EUCAST,SYNTHETIC_ONLY,unknown,unknown,unknown,synthetic_fixture,synthetic,,generated:89
SYNTH_00089,DEMO_A,P44,,Klebsiella pneumoniae,FICTIONAL_A,2024-06-01,Homo sapiens,synthetic,amikacin,2.0,=,mg/L,MIC,synthetic,EUCAST,SYNTHETIC_ONLY,unknown,unknown,unknown,synthetic_fixture,synthetic,,generated:89
SYNTH_00090,DEMO_A,P45,,Escherichia coli,FICTIONAL_A,2024-07-01,Homo sapiens,synthetic,meropenem,0.5,=,mg/L,MIC,synthetic,EUCAST,SYNTHETIC_ONLY,S,positive,positive,synthetic_fixture,synthetic,,generated:90
SYNTH_00090,DEMO_A,P45,,Escherichia coli,FICTIONAL_A,2024-07-01,Homo sapiens,synthetic,cefepime,0.5,=,mg/L,MIC,synthetic,EUCAST,SYNTHETIC_ONLY,unknown,positive,positive,synthetic_fixture,synthetic,,generated:90
SYNTH_00090,DEMO_A,P45,,Escherichia coli,FICTIONAL_A,2024-07-01,Homo sapiens,synthetic,ceftazidime,0.5,=,mg/L,MIC,synthetic,EUCAST,SYNTHETIC_ONLY,unknown,positive,positive,synthetic_fixture,synthetic,,generated:90
SYNTH_00090,DEMO_A,P45,,Escherichia coli,FICTIONAL_A,2024-07-01,Homo sapiens,synthetic,ciprofloxacin,1.0,=,mg/L,MIC,synthetic,EUCAST,SYNTHETIC_ONLY,unknown,positive,positive,synthetic_fixture,synthetic,,generated:90
SYNTH_00090,DEMO_A,P45,,Escherichia coli,FICTIONAL_A,2024-07-01,Homo sapiens,synthetic,gentamicin,1.0,=,mg/L,MIC,synthetic,EUCAST,SYNTHETIC_ONLY,unknown,positive,positive,synthetic_fixture,synthetic,,generated:90
SYNTH_00090,DEMO_A,P45,,Escherichia coli,FICTIONAL_A,2024-07-01,Homo sapiens,synthetic,amikacin,1.0,=,mg/L,MIC,synthetic,EUCAST,SYNTHETIC_ONLY,unknown,positive,positive,synthetic_fixture,synthetic,,generated:90
SYNTH_00091,DEMO_A,P45,,Klebsiella pneumoniae,FICTIONAL_A,2024-08-01,Homo sapiens,synthetic,meropenem,8,=,mg/L,MIC,synthetic,EUCAST,SYNTHETIC_ONLY,R,unknown,unknown,synthetic_fixture,synthetic,,generated:91
SYNTH_00091,DEMO_A,P45,,Klebsiella pneumoniae,FICTIONAL_A,2024-08-01,Homo sapiens,synthetic,cefepime,4.0,=,mg/L,MIC,synthetic,EUCAST,SYNTHETIC_ONLY,unknown,unknown,unknown,synthetic_fixture,synthetic,,generated:91
SYNTH_00091,DEMO_A,P45,,Klebsiella pneumoniae,FICTIONAL_A,2024-08-01,Homo sapiens,synthetic,ceftazidime,2.0,=,mg/L,MIC,synthetic,EUCAST,SYNTHETIC_ONLY,unknown,unknown,unknown,synthetic_fixture,synthetic,,generated:91
SYNTH_00091,DEMO_A,P45,,Klebsiella pneumoniae,FICTIONAL_A,2024-08-01,Homo sapiens,synthetic,ciprofloxacin,2.0,=,mg/L,MIC,synthetic,EUCAST,SYNTHETIC_ONLY,unknown,unknown,unknown,synthetic_fixture,synthetic,,generated:91
SYNTH_00091,DEMO_A,P45,,Klebsiella pneumoniae,FICTIONAL_A,2024-08-01,Homo sapiens,synthetic,gentamicin,8.0,=,mg/L,MIC,synthetic,EUCAST,SYNTHETIC_ONLY,unknown,unknown,unknown,synthetic_fixture,synthetic,,generated:91
SYNTH_00091,DEMO_A,P45,,Klebsiella pneumoniae,FICTIONAL_A,2024-08-01,Homo sapiens,synthetic,amikacin,8.0,=,mg/L,MIC,synthetic,EUCAST,SYNTHETIC_ONLY,unknown,unknown,unknown,synthetic_fixture,synthetic,,generated:91
SYNTH_00092,DEMO_A,P46,,Escherichia coli,FICTIONAL_A,2024-09-01,Homo sapiens,synthetic,meropenem,0.5,=,mg/L,MIC,synthetic,EUCAST,SYNTHETIC_ONLY,S,unknown,unknown,synthetic_fixture,synthetic,,generated:92
SYNTH_00092,DEMO_A,P46,,Escherichia coli,FICTIONAL_A,2024-09-01,Homo sapiens,synthetic,cefepime,2.0,=,mg/L,MIC,synthetic,EUCAST,SYNTHETIC_ONLY,unknown,unknown,unknown,synthetic_fixture,synthetic,,generated:92
SYNTH_00092,DEMO_A,P46,,Escherichia coli,FICTIONAL_A,2024-09-01,Homo sapiens,synthetic,ceftazidime,2.0,=,mg/L,MIC,synthetic,EUCAST,SYNTHETIC_ONLY,unknown,unknown,unknown,synthetic_fixture,synthetic,,generated:92
SYNTH_00092,DEMO_A,P46,,Escherichia coli,FICTIONAL_A,2024-09-01,Homo sapiens,synthetic,ciprofloxacin,1.0,=,mg/L,MIC,synthetic,EUCAST,SYNTHETIC_ONLY,unknown,unknown,unknown,synthetic_fixture,synthetic,,generated:92
SYNTH_00092,DEMO_A,P46,,Escherichia coli,FICTIONAL_A,2024-09-01,Homo sapiens,synthetic,gentamicin,2.0,=,mg/L,MIC,synthetic,EUCAST,SYNTHETIC_ONLY,unknown,unknown,unknown,synthetic_fixture,synthetic,,generated:92
SYNTH_00092,DEMO_A,P46,,Escherichia coli,FICTIONAL_A,2024-09-01,Homo sapiens,synthetic,amikacin,8.0,=,mg/L,MIC,synthetic,EUCAST,SYNTHETIC_ONLY,unknown,unknown,unknown,synthetic_fixture,synthetic,,generated:92
SYNTH_00093,DEMO_A,P46,,Klebsiella pneumoniae,FICTIONAL_A,2024-10-01,Homo sapiens,synthetic,meropenem,8,=,mg/L,MIC,synthetic,EUCAST,SYNTHETIC_ONLY,R,positive,unknown,synthetic_fixture,synthetic,,generated:93
SYNTH_00093,DEMO_A,P46,,Klebsiella pneumoniae,FICTIONAL_A,2024-10-01,Homo sapiens,synthetic,cefepime,0.5,=,mg/L,MIC,synthetic,EUCAST,SYNTHETIC_ONLY,unknown,positive,unknown,synthetic_fixture,synthetic,,generated:93
SYNTH_00093,DEMO_A,P46,,Klebsiella pneumoniae,FICTIONAL_A,2024-10-01,Homo sapiens,synthetic,ceftazidime,2.0,=,mg/L,MIC,synthetic,EUCAST,SYNTHETIC_ONLY,unknown,positive,unknown,synthetic_fixture,synthetic,,generated:93
SYNTH_00093,DEMO_A,P46,,Klebsiella pneumoniae,FICTIONAL_A,2024-10-01,Homo sapiens,synthetic,ciprofloxacin,2.0,=,mg/L,MIC,synthetic,EUCAST,SYNTHETIC_ONLY,unknown,positive,unknown,synthetic_fixture,synthetic,,generated:93
SYNTH_00093,DEMO_A,P46,,Klebsiella pneumoniae,FICTIONAL_A,2024-10-01,Homo sapiens,synthetic,gentamicin,1.0,=,mg/L,MIC,synthetic,EUCAST,SYNTHETIC_ONLY,unknown,positive,unknown,synthetic_fixture,synthetic,,generated:93
SYNTH_00093,DEMO_A,P46,,Klebsiella pneumoniae,FICTIONAL_A,2024-10-01,Homo sapiens,synthetic,amikacin,1.0,=,mg/L,MIC,synthetic,EUCAST,SYNTHETIC_ONLY,unknown,positive,unknown,synthetic_fixture,synthetic,,generated:93
SYNTH_00094,DEMO_A,P47,,Escherichia coli,FICTIONAL_A,2024-11-01,Homo sapiens,synthetic,meropenem,0.5,=,mg/L,MIC,synthetic,EUCAST,SYNTHETIC_ONLY,S,unknown,unknown,synthetic_fixture,synthetic,,generated:94
SYNTH_00094,DEMO_A,P47,,Escherichia coli,FICTIONAL_A,2024-11-01,Homo sapiens,synthetic,cefepime,4.0,=,mg/L,MIC,synthetic,EUCAST,SYNTHETIC_ONLY,unknown,unknown,unknown,synthetic_fixture,synthetic,,generated:94
SYNTH_00094,DEMO_A,P47,,Escherichia coli,FICTIONAL_A,2024-11-01,Homo sapiens,synthetic,ceftazidime,2.0,=,mg/L,MIC,synthetic,EUCAST,SYNTHETIC_ONLY,unknown,unknown,unknown,synthetic_fixture,synthetic,,generated:94
SYNTH_00094,DEMO_A,P47,,Escherichia coli,FICTIONAL_A,2024-11-01,Homo sapiens,synthetic,gentamicin,2.0,=,mg/L,MIC,synthetic,EUCAST,SYNTHETIC_ONLY,unknown,unknown,unknown,synthetic_fixture,synthetic,,generated:94
SYNTH_00094,DEMO_A,P47,,Escherichia coli,FICTIONAL_A,2024-11-01,Homo sapiens,synthetic,amikacin,4.0,=,mg/L,MIC,synthetic,EUCAST,SYNTHETIC_ONLY,unknown,unknown,unknown,synthetic_fixture,synthetic,,generated:94
SYNTH_00095,DEMO_A,P47,,Klebsiella pneumoniae,FICTIONAL_A,2024-12-01,Homo sapiens,synthetic,meropenem,0.5,=,mg/L,MIC,synthetic,EUCAST,SYNTHETIC_ONLY,S,unknown,positive,synthetic_fixture,synthetic,,generated:95
SYNTH_00095,DEMO_A,P47,,Klebsiella pneumoniae,FICTIONAL_A,2024-12-01,Homo sapiens,synthetic,cefepime,1.0,=,mg/L,MIC,synthetic,EUCAST,SYNTHETIC_ONLY,unknown,unknown,positive,synthetic_fixture,synthetic,,generated:95
SYNTH_00095,DEMO_A,P47,,Klebsiella pneumoniae,FICTIONAL_A,2024-12-01,Homo sapiens,synthetic,ceftazidime,1.0,=,mg/L,MIC,synthetic,EUCAST,SYNTHETIC_ONLY,unknown,unknown,positive,synthetic_fixture,synthetic,,generated:95
SYNTH_00095,DEMO_A,P47,,Klebsiella pneumoniae,FICTIONAL_A,2024-12-01,Homo sapiens,synthetic,ciprofloxacin,2.0,=,mg/L,MIC,synthetic,EUCAST,SYNTHETIC_ONLY,unknown,unknown,positive,synthetic_fixture,synthetic,,generated:95
SYNTH_00095,DEMO_A,P47,,Klebsiella pneumoniae,FICTIONAL_A,2024-12-01,Homo sapiens,synthetic,gentamicin,2.0,=,mg/L,MIC,synthetic,EUCAST,SYNTHETIC_ONLY,unknown,unknown,positive,synthetic_fixture,synthetic,,generated:95
SYNTH_00095,DEMO_A,P47,,Klebsiella pneumoniae,FICTIONAL_A,2024-12-01,Homo sapiens,synthetic,amikacin,4.0,=,mg/L,MIC,synthetic,EUCAST,SYNTHETIC_ONLY,unknown,unknown,positive,synthetic_fixture,synthetic,,generated:95
SYNTH_00096,DEMO_A,P48,,Escherichia coli,FICTIONAL_A,2024-01-01,Homo sapiens,synthetic,meropenem,8,=,mg/L,MIC,synthetic,EUCAST,SYNTHETIC_ONLY,R,positive,unknown,synthetic_fixture,synthetic,,generated:96
SYNTH_00096,DEMO_A,P48,,Escherichia coli,FICTIONAL_A,2024-01-01,Homo sapiens,synthetic,cefepime,8.0,=,mg/L,MIC,synthetic,EUCAST,SYNTHETIC_ONLY,unknown,positive,unknown,synthetic_fixture,synthetic,,generated:96
SYNTH_00096,DEMO_A,P48,,Escherichia coli,FICTIONAL_A,2024-01-01,Homo sapiens,synthetic,ceftazidime,8.0,=,mg/L,MIC,synthetic,EUCAST,SYNTHETIC_ONLY,unknown,positive,unknown,synthetic_fixture,synthetic,,generated:96
SYNTH_00096,DEMO_A,P48,,Escherichia coli,FICTIONAL_A,2024-01-01,Homo sapiens,synthetic,gentamicin,4.0,=,mg/L,MIC,synthetic,EUCAST,SYNTHETIC_ONLY,unknown,positive,unknown,synthetic_fixture,synthetic,,generated:96
SYNTH_00096,DEMO_A,P48,,Escherichia coli,FICTIONAL_A,2024-01-01,Homo sapiens,synthetic,amikacin,4.0,=,mg/L,MIC,synthetic,EUCAST,SYNTHETIC_ONLY,unknown,positive,unknown,synthetic_fixture,synthetic,,generated:96
SYNTH_00097,DEMO_A,P48,,Klebsiella pneumoniae,FICTIONAL_A,2024-02-01,Homo sapiens,synthetic,meropenem,0.5,=,mg/L,MIC,synthetic,EUCAST,SYNTHETIC_ONLY,S,unknown,unknown,synthetic_fixture,synthetic,,generated:97
SYNTH_00097,DEMO_A,P48,,Klebsiella pneumoniae,FICTIONAL_A,2024-02-01,Homo sapiens,synthetic,cefepime,2.0,=,mg/L,MIC,synthetic,EUCAST,SYNTHETIC_ONLY,unknown,unknown,unknown,synthetic_fixture,synthetic,,generated:97
SYNTH_00097,DEMO_A,P48,,Klebsiella pneumoniae,FICTIONAL_A,2024-02-01,Homo sapiens,synthetic,ceftazidime,0.5,=,mg/L,MIC,synthetic,EUCAST,SYNTHETIC_ONLY,unknown,unknown,unknown,synthetic_fixture,synthetic,,generated:97
SYNTH_00097,DEMO_A,P48,,Klebsiella pneumoniae,FICTIONAL_A,2024-02-01,Homo sapiens,synthetic,ciprofloxacin,1.0,=,mg/L,MIC,synthetic,EUCAST,SYNTHETIC_ONLY,unknown,unknown,unknown,synthetic_fixture,synthetic,,generated:97
SYNTH_00097,DEMO_A,P48,,Klebsiella pneumoniae,FICTIONAL_A,2024-02-01,Homo sapiens,synthetic,gentamicin,4.0,=,mg/L,MIC,synthetic,EUCAST,SYNTHETIC_ONLY,unknown,unknown,unknown,synthetic_fixture,synthetic,,generated:97
SYNTH_00097,DEMO_A,P48,,Klebsiella pneumoniae,FICTIONAL_A,2024-02-01,Homo sapiens,synthetic,amikacin,4.0,=,mg/L,MIC,synthetic,EUCAST,SYNTHETIC_ONLY,unknown,unknown,unknown,synthetic_fixture,synthetic,,generated:97
SYNTH_00098,DEMO_A,P49,,Escherichia coli,FICTIONAL_A,2024-03-01,Homo sapiens,synthetic,meropenem,0.5,=,mg/L,MIC,synthetic,EUCAST,SYNTHETIC_ONLY,S,unknown,unknown,synthetic_fixture,synthetic,,generated:98
SYNTH_00098,DEMO_A,P49,,Escherichia coli,FICTIONAL_A,2024-03-01,Homo sapiens,synthetic,ceftazidime,0.5,=,mg/L,MIC,synthetic,EUCAST,SYNTHETIC_ONLY,unknown,unknown,unknown,synthetic_fixture,synthetic,,generated:98
SYNTH_00098,DEMO_A,P49,,Escherichia coli,FICTIONAL_A,2024-03-01,Homo sapiens,synthetic,gentamicin,8.0,=,mg/L,MIC,synthetic,EUCAST,SYNTHETIC_ONLY,unknown,unknown,unknown,synthetic_fixture,synthetic,,generated:98
SYNTH_00098,DEMO_A,P49,,Escherichia coli,FICTIONAL_A,2024-03-01,Homo sapiens,synthetic,amikacin,2.0,=,mg/L,MIC,synthetic,EUCAST,SYNTHETIC_ONLY,unknown,unknown,unknown,synthetic_fixture,synthetic,,generated:98
SYNTH_00099,DEMO_A,P49,,Klebsiella pneumoniae,FICTIONAL_A,2024-04-01,Homo sapiens,synthetic,meropenem,0.5,=,mg/L,MIC,synthetic,EUCAST,SYNTHETIC_ONLY,S,positive,unknown,synthetic_fixture,synthetic,,generated:99
SYNTH_00099,DEMO_A,P49,,Klebsiella pneumoniae,FICTIONAL_A,2024-04-01,Homo sapiens,synthetic,cefepime,0.125,=,mg/L,MIC,synthetic,EUCAST,SYNTHETIC_ONLY,unknown,positive,unknown,synthetic_fixture,synthetic,,generated:99
SYNTH_00099,DEMO_A,P49,,Klebsiella pneumoniae,FICTIONAL_A,2024-04-01,Homo sapiens,synthetic,ciprofloxacin,2.0,=,mg/L,MIC,synthetic,EUCAST,SYNTHETIC_ONLY,unknown,positive,unknown,synthetic_fixture,synthetic,,generated:99
SYNTH_00099,DEMO_A,P49,,Klebsiella pneumoniae,FICTIONAL_A,2024-04-01,Homo sapiens,synthetic,gentamicin,1.0,=,mg/L,MIC,synthetic,EUCAST,SYNTHETIC_ONLY,unknown,positive,unknown,synthetic_fixture,synthetic,,generated:99
SYNTH_00099,DEMO_A,P49,,Klebsiella pneumoniae,FICTIONAL_A,2024-04-01,Homo sapiens,synthetic,amikacin,2.0,=,mg/L,MIC,synthetic,EUCAST,SYNTHETIC_ONLY,unknown,positive,unknown,synthetic_fixture,synthetic,,generated:99
SYNTH_00100,DEMO_A,P50,,Escherichia coli,FICTIONAL_A,2024-05-01,Homo sapiens,synthetic,meropenem,0.5,=,mg/L,MIC,synthetic,EUCAST,SYNTHETIC_ONLY,S,unknown,positive,synthetic_fixture,synthetic,,generated:100
SYNTH_00100,DEMO_A,P50,,Escherichia coli,FICTIONAL_A,2024-05-01,Homo sapiens,synthetic,cefepime,2.0,=,mg/L,MIC,synthetic,EUCAST,SYNTHETIC_ONLY,unknown,unknown,positive,synthetic_fixture,synthetic,,generated:100
SYNTH_00100,DEMO_A,P50,,Escherichia coli,FICTIONAL_A,2024-05-01,Homo sapiens,synthetic,ceftazidime,8.0,=,mg/L,MIC,synthetic,EUCAST,SYNTHETIC_ONLY,unknown,unknown,positive,synthetic_fixture,synthetic,,generated:100
SYNTH_00100,DEMO_A,P50,,Escherichia coli,FICTIONAL_A,2024-05-01,Homo sapiens,synthetic,gentamicin,16.0,=,mg/L,MIC,synthetic,EUCAST,SYNTHETIC_ONLY,unknown,unknown,positive,synthetic_fixture,synthetic,,generated:100
SYNTH_00100,DEMO_A,P50,,Escherichia coli,FICTIONAL_A,2024-05-01,Homo sapiens,synthetic,amikacin,8.0,=,mg/L,MIC,synthetic,EUCAST,SYNTHETIC_ONLY,unknown,unknown,positive,synthetic_fixture,synthetic,,generated:100
SYNTH_00101,DEMO_A,P50,,Klebsiella pneumoniae,FICTIONAL_A,2024-06-01,Homo sapiens,synthetic,meropenem,8,=,mg/L,MIC,synthetic,EUCAST,SYNTHETIC_ONLY,R,unknown,unknown,synthetic_fixture,synthetic,,generated:101
SYNTH_00101,DEMO_A,P50,,Klebsiella pneumoniae,FICTIONAL_A,2024-06-01,Homo sapiens,synthetic,cefepime,4.0,=,mg/L,MIC,synthetic,EUCAST,SYNTHETIC_ONLY,unknown,unknown,unknown,synthetic_fixture,synthetic,,generated:101
SYNTH_00101,DEMO_A,P50,,Klebsiella pneumoniae,FICTIONAL_A,2024-06-01,Homo sapiens,synthetic,ceftazidime,2.0,=,mg/L,MIC,synthetic,EUCAST,SYNTHETIC_ONLY,unknown,unknown,unknown,synthetic_fixture,synthetic,,generated:101
SYNTH_00101,DEMO_A,P50,,Klebsiella pneumoniae,FICTIONAL_A,2024-06-01,Homo sapiens,synthetic,ciprofloxacin,0.5,=,mg/L,MIC,synthetic,EUCAST,SYNTHETIC_ONLY,unknown,unknown,unknown,synthetic_fixture,synthetic,,generated:101
SYNTH_00101,DEMO_A,P50,,Klebsiella pneumoniae,FICTIONAL_A,2024-06-01,Homo sapiens,synthetic,gentamicin,2.0,=,mg/L,MIC,synthetic,EUCAST,SYNTHETIC_ONLY,unknown,unknown,unknown,synthetic_fixture,synthetic,,generated:101
SYNTH_00101,DEMO_A,P50,,Klebsiella pneumoniae,FICTIONAL_A,2024-06-01,Homo sapiens,synthetic,amikacin,4.0,=,mg/L,MIC,synthetic,EUCAST,SYNTHETIC_ONLY,unknown,unknown,unknown,synthetic_fixture,synthetic,,generated:101
SYNTH_00102,DEMO_A,P51,,Escherichia coli,FICTIONAL_A,2024-07-01,Homo sapiens,synthetic,meropenem,0.5,=,mg/L,MIC,synthetic,EUCAST,SYNTHETIC_ONLY,S,positive,unknown,synthetic_fixture,synthetic,,generated:102
SYNTH_00102,DEMO_A,P51,,Escherichia coli,FICTIONAL_A,2024-07-01,Homo sapiens,synthetic,cefepime,2.0,=,mg/L,MIC,synthetic,EUCAST,SYNTHETIC_ONLY,unknown,positive,unknown,synthetic_fixture,synthetic,,generated:102
SYNTH_00102,DEMO_A,P51,,Escherichia coli,FICTIONAL_A,2024-07-01,Homo sapiens,synthetic,ceftazidime,0.5,=,mg/L,MIC,synthetic,EUCAST,SYNTHETIC_ONLY,unknown,positive,unknown,synthetic_fixture,synthetic,,generated:102
SYNTH_00102,DEMO_A,P51,,Escherichia coli,FICTIONAL_A,2024-07-01,Homo sapiens,synthetic,gentamicin,0.5,=,mg/L,MIC,synthetic,EUCAST,SYNTHETIC_ONLY,unknown,positive,unknown,synthetic_fixture,synthetic,,generated:102
SYNTH_00102,DEMO_A,P51,,Escherichia coli,FICTIONAL_A,2024-07-01,Homo sapiens,synthetic,amikacin,1.0,=,mg/L,MIC,synthetic,EUCAST,SYNTHETIC_ONLY,unknown,positive,unknown,synthetic_fixture,synthetic,,generated:102
SYNTH_00103,DEMO_A,P51,,Klebsiella pneumoniae,FICTIONAL_A,2024-08-01,Homo sapiens,synthetic,meropenem,0.5,=,mg/L,MIC,synthetic,EUCAST,SYNTHETIC_ONLY,S,unknown,unknown,synthetic_fixture,synthetic,,generated:103
SYNTH_00103,DEMO_A,P51,,Klebsiella pneumoniae,FICTIONAL_A,2024-08-01,Homo sapiens,synthetic,cefepime,1.0,=,mg/L,MIC,synthetic,EUCAST,SYNTHETIC_ONLY,unknown,unknown,unknown,synthetic_fixture,synthetic,,generated:103
SYNTH_00103,DEMO_A,P51,,Klebsiella pneumoniae,FICTIONAL_A,2024-08-01,Homo sapiens,synthetic,ceftazidime,2.0,=,mg/L,MIC,synthetic,EUCAST,SYNTHETIC_ONLY,unknown,unknown,unknown,synthetic_fixture,synthetic,,generated:103
SYNTH_00103,DEMO_A,P51,,Klebsiella pneumoniae,FICTIONAL_A,2024-08-01,Homo sapiens,synthetic,ciprofloxacin,4.0,=,mg/L,MIC,synthetic,EUCAST,SYNTHETIC_ONLY,unknown,unknown,unknown,synthetic_fixture,synthetic,,generated:103
SYNTH_00103,DEMO_A,P51,,Klebsiella pneumoniae,FICTIONAL_A,2024-08-01,Homo sapiens,synthetic,gentamicin,4.0,=,mg/L,MIC,synthetic,EUCAST,SYNTHETIC_ONLY,unknown,unknown,unknown,synthetic_fixture,synthetic,,generated:103
SYNTH_00104,DEMO_A,P52,,Escherichia coli,FICTIONAL_A,2024-09-01,Homo sapiens,synthetic,meropenem,0.5,=,mg/L,MIC,synthetic,EUCAST,SYNTHETIC_ONLY,S,unknown,unknown,synthetic_fixture,synthetic,,generated:104
SYNTH_00104,DEMO_A,P52,,Escherichia coli,FICTIONAL_A,2024-09-01,Homo sapiens,synthetic,cefepime,0.5,=,mg/L,MIC,synthetic,EUCAST,SYNTHETIC_ONLY,unknown,unknown,unknown,synthetic_fixture,synthetic,,generated:104
SYNTH_00104,DEMO_A,P52,,Escherichia coli,FICTIONAL_A,2024-09-01,Homo sapiens,synthetic,ceftazidime,2.0,=,mg/L,MIC,synthetic,EUCAST,SYNTHETIC_ONLY,unknown,unknown,unknown,synthetic_fixture,synthetic,,generated:104
SYNTH_00104,DEMO_A,P52,,Escherichia coli,FICTIONAL_A,2024-09-01,Homo sapiens,synthetic,ciprofloxacin,1.0,=,mg/L,MIC,synthetic,EUCAST,SYNTHETIC_ONLY,unknown,unknown,unknown,synthetic_fixture,synthetic,,generated:104
SYNTH_00104,DEMO_A,P52,,Escherichia coli,FICTIONAL_A,2024-09-01,Homo sapiens,synthetic,amikacin,8.0,=,mg/L,MIC,synthetic,EUCAST,SYNTHETIC_ONLY,unknown,unknown,unknown,synthetic_fixture,synthetic,,generated:104
SYNTH_00105,DEMO_A,P52,,Klebsiella pneumoniae,FICTIONAL_A,2024-10-01,Homo sapiens,synthetic,meropenem,0.5,=,mg/L,MIC,synthetic,EUCAST,SYNTHETIC_ONLY,S,positive,positive,synthetic_fixture,synthetic,,generated:105
SYNTH_00105,DEMO_A,P52,,Klebsiella pneumoniae,FICTIONAL_A,2024-10-01,Homo sapiens,synthetic,cefepime,0.25,=,mg/L,MIC,synthetic,EUCAST,SYNTHETIC_ONLY,unknown,positive,positive,synthetic_fixture,synthetic,,generated:105
SYNTH_00105,DEMO_A,P52,,Klebsiella pneumoniae,FICTIONAL_A,2024-10-01,Homo sapiens,synthetic,ceftazidime,0.5,=,mg/L,MIC,synthetic,EUCAST,SYNTHETIC_ONLY,unknown,positive,positive,synthetic_fixture,synthetic,,generated:105
SYNTH_00105,DEMO_A,P52,,Klebsiella pneumoniae,FICTIONAL_A,2024-10-01,Homo sapiens,synthetic,ciprofloxacin,1.0,=,mg/L,MIC,synthetic,EUCAST,SYNTHETIC_ONLY,unknown,positive,positive,synthetic_fixture,synthetic,,generated:105
SYNTH_00105,DEMO_A,P52,,Klebsiella pneumoniae,FICTIONAL_A,2024-10-01,Homo sapiens,synthetic,gentamicin,1.0,=,mg/L,MIC,synthetic,EUCAST,SYNTHETIC_ONLY,unknown,positive,positive,synthetic_fixture,synthetic,,generated:105
SYNTH_00105,DEMO_A,P52,,Klebsiella pneumoniae,FICTIONAL_A,2024-10-01,Homo sapiens,synthetic,amikacin,1.0,=,mg/L,MIC,synthetic,EUCAST,SYNTHETIC_ONLY,unknown,positive,positive,synthetic_fixture,synthetic,,generated:105
SYNTH_00106,DEMO_A,P53,,Escherichia coli,FICTIONAL_A,2024-11-01,Homo sapiens,synthetic,meropenem,8,=,mg/L,MIC,synthetic,EUCAST,SYNTHETIC_ONLY,R,unknown,unknown,synthetic_fixture,synthetic,,generated:106
SYNTH_00106,DEMO_A,P53,,Escherichia coli,FICTIONAL_A,2024-11-01,Homo sapiens,synthetic,cefepime,4.0,=,mg/L,MIC,synthetic,EUCAST,SYNTHETIC_ONLY,unknown,unknown,unknown,synthetic_fixture,synthetic,,generated:106
SYNTH_00106,DEMO_A,P53,,Escherichia coli,FICTIONAL_A,2024-11-01,Homo sapiens,synthetic,ceftazidime,4.0,=,mg/L,MIC,synthetic,EUCAST,SYNTHETIC_ONLY,unknown,unknown,unknown,synthetic_fixture,synthetic,,generated:106
SYNTH_00106,DEMO_A,P53,,Escherichia coli,FICTIONAL_A,2024-11-01,Homo sapiens,synthetic,gentamicin,2.0,=,mg/L,MIC,synthetic,EUCAST,SYNTHETIC_ONLY,unknown,unknown,unknown,synthetic_fixture,synthetic,,generated:106
SYNTH_00106,DEMO_A,P53,,Escherichia coli,FICTIONAL_A,2024-11-01,Homo sapiens,synthetic,amikacin,4.0,=,mg/L,MIC,synthetic,EUCAST,SYNTHETIC_ONLY,unknown,unknown,unknown,synthetic_fixture,synthetic,,generated:106
SYNTH_00107,DEMO_A,P53,,Klebsiella pneumoniae,FICTIONAL_A,2024-12-01,Homo sapiens,synthetic,meropenem,8,=,mg/L,MIC,synthetic,EUCAST,SYNTHETIC_ONLY,R,unknown,unknown,synthetic_fixture,synthetic,,generated:107
SYNTH_00107,DEMO_A,P53,,Klebsiella pneumoniae,FICTIONAL_A,2024-12-01,Homo sapiens,synthetic,cefepime,4.0,=,mg/L,MIC,synthetic,EUCAST,SYNTHETIC_ONLY,unknown,unknown,unknown,synthetic_fixture,synthetic,,generated:107
SYNTH_00107,DEMO_A,P53,,Klebsiella pneumoniae,FICTIONAL_A,2024-12-01,Homo sapiens,synthetic,ceftazidime,2.0,=,mg/L,MIC,synthetic,EUCAST,SYNTHETIC_ONLY,unknown,unknown,unknown,synthetic_fixture,synthetic,,generated:107
SYNTH_00107,DEMO_A,P53,,Klebsiella pneumoniae,FICTIONAL_A,2024-12-01,Homo sapiens,synthetic,ciprofloxacin,8.0,=,mg/L,MIC,synthetic,EUCAST,SYNTHETIC_ONLY,unknown,unknown,unknown,synthetic_fixture,synthetic,,generated:107
SYNTH_00107,DEMO_A,P53,,Klebsiella pneumoniae,FICTIONAL_A,2024-12-01,Homo sapiens,synthetic,gentamicin,8.0,=,mg/L,MIC,synthetic,EUCAST,SYNTHETIC_ONLY,unknown,unknown,unknown,synthetic_fixture,synthetic,,generated:107
SYNTH_00107,DEMO_A,P53,,Klebsiella pneumoniae,FICTIONAL_A,2024-12-01,Homo sapiens,synthetic,amikacin,4.0,=,mg/L,MIC,synthetic,EUCAST,SYNTHETIC_ONLY,unknown,unknown,unknown,synthetic_fixture,synthetic,,generated:107
SYNTH_00108,DEMO_A,P54,,Escherichia coli,FICTIONAL_A,2024-01-01,Homo sapiens,synthetic,meropenem,0.5,=,mg/L,MIC,synthetic,EUCAST,SYNTHETIC_ONLY,S,positive,unknown,synthetic_fixture,synthetic,,generated:108
SYNTH_00108,DEMO_A,P54,,Escherichia coli,FICTIONAL_A,2024-01-01,Homo sapiens,synthetic,cefepime,0.125,=,mg/L,MIC,synthetic,EUCAST,SYNTHETIC_ONLY,unknown,positive,unknown,synthetic_fixture,synthetic,,generated:108
SYNTH_00108,DEMO_A,P54,,Escherichia coli,FICTIONAL_A,2024-01-01,Homo sapiens,synthetic,ceftazidime,1.0,=,mg/L,MIC,synthetic,EUCAST,SYNTHETIC_ONLY,unknown,positive,unknown,synthetic_fixture,synthetic,,generated:108
SYNTH_00108,DEMO_A,P54,,Escherichia coli,FICTIONAL_A,2024-01-01,Homo sapiens,synthetic,ciprofloxacin,1.0,=,mg/L,MIC,synthetic,EUCAST,SYNTHETIC_ONLY,unknown,positive,unknown,synthetic_fixture,synthetic,,generated:108
SYNTH_00108,DEMO_A,P54,,Escherichia coli,FICTIONAL_A,2024-01-01,Homo sapiens,synthetic,gentamicin,2.0,=,mg/L,MIC,synthetic,EUCAST,SYNTHETIC_ONLY,unknown,positive,unknown,synthetic_fixture,synthetic,,generated:108
SYNTH_00108,DEMO_A,P54,,Escherichia coli,FICTIONAL_A,2024-01-01,Homo sapiens,synthetic,amikacin,8.0,=,mg/L,MIC,synthetic,EUCAST,SYNTHETIC_ONLY,unknown,positive,unknown,synthetic_fixture,synthetic,,generated:108
SYNTH_00109,DEMO_A,P54,,Klebsiella pneumoniae,FICTIONAL_A,2024-02-01,Homo sapiens,synthetic,meropenem,8,=,mg/L,MIC,synthetic,EUCAST,SYNTHETIC_ONLY,R,unknown,unknown,synthetic_fixture,synthetic,,generated:109
SYNTH_00109,DEMO_A,P54,,Klebsiella pneumoniae,FICTIONAL_A,2024-02-01,Homo sapiens,synthetic,cefepime,1.0,=,mg/L,MIC,synthetic,EUCAST,SYNTHETIC_ONLY,unknown,unknown,unknown,synthetic_fixture,synthetic,,generated:109
SYNTH_00109,DEMO_A,P54,,Klebsiella pneumoniae,FICTIONAL_A,2024-02-01,Homo sapiens,synthetic,ceftazidime,0.5,=,mg/L,MIC,synthetic,EUCAST,SYNTHETIC_ONLY,unknown,unknown,unknown,synthetic_fixture,synthetic,,generated:109
SYNTH_00109,DEMO_A,P54,,Klebsiella pneumoniae,FICTIONAL_A,2024-02-01,Homo sapiens,synthetic,ciprofloxacin,1.0,=,mg/L,MIC,synthetic,EUCAST,SYNTHETIC_ONLY,unknown,unknown,unknown,synthetic_fixture,synthetic,,generated:109
SYNTH_00109,DEMO_A,P54,,Klebsiella pneumoniae,FICTIONAL_A,2024-02-01,Homo sapiens,synthetic,gentamicin,4.0,=,mg/L,MIC,synthetic,EUCAST,SYNTHETIC_ONLY,unknown,unknown,unknown,synthetic_fixture,synthetic,,generated:109
SYNTH_00109,DEMO_A,P54,,Klebsiella pneumoniae,FICTIONAL_A,2024-02-01,Homo sapiens,synthetic,amikacin,2.0,=,mg/L,MIC,synthetic,EUCAST,SYNTHETIC_ONLY,unknown,unknown,unknown,synthetic_fixture,synthetic,,generated:109
SYNTH_00110,DEMO_A,P55,,Escherichia coli,FICTIONAL_A,2024-03-01,Homo sapiens,synthetic,meropenem,0.5,=,mg/L,MIC,synthetic,EUCAST,SYNTHETIC_ONLY,S,unknown,positive,synthetic_fixture,synthetic,,generated:110
SYNTH_00110,DEMO_A,P55,,Escherichia coli,FICTIONAL_A,2024-03-01,Homo sapiens,synthetic,cefepime,2.0,=,mg/L,MIC,synthetic,EUCAST,SYNTHETIC_ONLY,unknown,unknown,positive,synthetic_fixture,synthetic,,generated:110
SYNTH_00110,DEMO_A,P55,,Escherichia coli,FICTIONAL_A,2024-03-01,Homo sapiens,synthetic,ceftazidime,8.0,=,mg/L,MIC,synthetic,EUCAST,SYNTHETIC_ONLY,unknown,unknown,positive,synthetic_fixture,synthetic,,generated:110
SYNTH_00110,DEMO_A,P55,,Escherichia coli,FICTIONAL_A,2024-03-01,Homo sapiens,synthetic,ciprofloxacin,4.0,=,mg/L,MIC,synthetic,EUCAST,SYNTHETIC_ONLY,unknown,unknown,positive,synthetic_fixture,synthetic,,generated:110
SYNTH_00110,DEMO_A,P55,,Escherichia coli,FICTIONAL_A,2024-03-01,Homo sapiens,synthetic,gentamicin,8.0,=,mg/L,MIC,synthetic,EUCAST,SYNTHETIC_ONLY,unknown,unknown,positive,synthetic_fixture,synthetic,,generated:110
SYNTH_00110,DEMO_A,P55,,Escherichia coli,FICTIONAL_A,2024-03-01,Homo sapiens,synthetic,amikacin,4.0,=,mg/L,MIC,synthetic,EUCAST,SYNTHETIC_ONLY,unknown,unknown,positive,synthetic_fixture,synthetic,,generated:110
SYNTH_00111,DEMO_A,P55,,Klebsiella pneumoniae,FICTIONAL_A,2024-04-01,Homo sapiens,synthetic,meropenem,0.5,=,mg/L,MIC,synthetic,EUCAST,SYNTHETIC_ONLY,S,positive,unknown,synthetic_fixture,synthetic,,generated:111
SYNTH_00111,DEMO_A,P55,,Klebsiella pneumoniae,FICTIONAL_A,2024-04-01,Homo sapiens,synthetic,cefepime,2.0,=,mg/L,MIC,synthetic,EUCAST,SYNTHETIC_ONLY,unknown,positive,unknown,synthetic_fixture,synthetic,,generated:111
SYNTH_00111,DEMO_A,P55,,Klebsiella pneumoniae,FICTIONAL_A,2024-04-01,Homo sapiens,synthetic,ceftazidime,4.0,=,mg/L,MIC,synthetic,EUCAST,SYNTHETIC_ONLY,unknown,positive,unknown,synthetic_fixture,synthetic,,generated:111
SYNTH_00111,DEMO_A,P55,,Klebsiella pneumoniae,FICTIONAL_A,2024-04-01,Homo sapiens,synthetic,ciprofloxacin,2.0,=,mg/L,MIC,synthetic,EUCAST,SYNTHETIC_ONLY,unknown,positive,unknown,synthetic_fixture,synthetic,,generated:111
SYNTH_00111,DEMO_A,P55,,Klebsiella pneumoniae,FICTIONAL_A,2024-04-01,Homo sapiens,synthetic,gentamicin,2.0,=,mg/L,MIC,synthetic,EUCAST,SYNTHETIC_ONLY,unknown,positive,unknown,synthetic_fixture,synthetic,,generated:111
SYNTH_00112,DEMO_A,P56,,Escherichia coli,FICTIONAL_A,2024-05-01,Homo sapiens,synthetic,meropenem,8,=,mg/L,MIC,synthetic,EUCAST,SYNTHETIC_ONLY,R,unknown,unknown,synthetic_fixture,synthetic,,generated:112
SYNTH_00112,DEMO_A,P56,,Escherichia coli,FICTIONAL_A,2024-05-01,Homo sapiens,synthetic,cefepime,0.5,=,mg/L,MIC,synthetic,EUCAST,SYNTHETIC_ONLY,unknown,unknown,unknown,synthetic_fixture,synthetic,,generated:112
SYNTH_00112,DEMO_A,P56,,Escherichia coli,FICTIONAL_A,2024-05-01,Homo sapiens,synthetic,ceftazidime,0.25,=,mg/L,MIC,synthetic,EUCAST,SYNTHETIC_ONLY,unknown,unknown,unknown,synthetic_fixture,synthetic,,generated:112
SYNTH_00112,DEMO_A,P56,,Escherichia coli,FICTIONAL_A,2024-05-01,Homo sapiens,synthetic,ciprofloxacin,2.0,=,mg/L,MIC,synthetic,EUCAST,SYNTHETIC_ONLY,unknown,unknown,unknown,synthetic_fixture,synthetic,,generated:112
SYNTH_00112,DEMO_A,P56,,Escherichia coli,FICTIONAL_A,2024-05-01,Homo sapiens,synthetic,amikacin,1.0,=,mg/L,MIC,synthetic,EUCAST,SYNTHETIC_ONLY,unknown,unknown,unknown,synthetic_fixture,synthetic,,generated:112
SYNTH_00113,DEMO_A,P56,,Klebsiella pneumoniae,FICTIONAL_A,2024-06-01,Homo sapiens,synthetic,meropenem,8,=,mg/L,MIC,synthetic,EUCAST,SYNTHETIC_ONLY,R,unknown,unknown,synthetic_fixture,synthetic,,generated:113
SYNTH_00113,DEMO_A,P56,,Klebsiella pneumoniae,FICTIONAL_A,2024-06-01,Homo sapiens,synthetic,cefepime,1.0,=,mg/L,MIC,synthetic,EUCAST,SYNTHETIC_ONLY,unknown,unknown,unknown,synthetic_fixture,synthetic,,generated:113
SYNTH_00113,DEMO_A,P56,,Klebsiella pneumoniae,FICTIONAL_A,2024-06-01,Homo sapiens,synthetic,ceftazidime,1.0,=,mg/L,MIC,synthetic,EUCAST,SYNTHETIC_ONLY,unknown,unknown,unknown,synthetic_fixture,synthetic,,generated:113
SYNTH_00113,DEMO_A,P56,,Klebsiella pneumoniae,FICTIONAL_A,2024-06-01,Homo sapiens,synthetic,ciprofloxacin,2.0,=,mg/L,MIC,synthetic,EUCAST,SYNTHETIC_ONLY,unknown,unknown,unknown,synthetic_fixture,synthetic,,generated:113
SYNTH_00113,DEMO_A,P56,,Klebsiella pneumoniae,FICTIONAL_A,2024-06-01,Homo sapiens,synthetic,gentamicin,1.0,=,mg/L,MIC,synthetic,EUCAST,SYNTHETIC_ONLY,unknown,unknown,unknown,synthetic_fixture,synthetic,,generated:113
SYNTH_00113,DEMO_A,P56,,Klebsiella pneumoniae,FICTIONAL_A,2024-06-01,Homo sapiens,synthetic,amikacin,2.0,=,mg/L,MIC,synthetic,EUCAST,SYNTHETIC_ONLY,unknown,unknown,unknown,synthetic_fixture,synthetic,,generated:113
SYNTH_00114,DEMO_A,P57,,Escherichia coli,FICTIONAL_A,2024-07-01,Homo sapiens,synthetic,meropenem,0.5,=,mg/L,MIC,synthetic,EUCAST,SYNTHETIC_ONLY,S,positive,unknown,synthetic_fixture,synthetic,,generated:114
SYNTH_00114,DEMO_A,P57,,Escherichia coli,FICTIONAL_A,2024-07-01,Homo sapiens,synthetic,cefepime,0.0625,=,mg/L,MIC,synthetic,EUCAST,SYNTHETIC_ONLY,unknown,positive,unknown,synthetic_fixture,synthetic,,generated:114
SYNTH_00114,DEMO_A,P57,,Escherichia coli,FICTIONAL_A,2024-07-01,Homo sapiens,synthetic,ceftazidime,1.0,=,mg/L,MIC,synthetic,EUCAST,SYNTHETIC_ONLY,unknown,positive,unknown,synthetic_fixture,synthetic,,generated:114
SYNTH_00114,DEMO_A,P57,,Escherichia coli,FICTIONAL_A,2024-07-01,Homo sapiens,synthetic,ciprofloxacin,0.25,=,mg/L,MIC,synthetic,EUCAST,SYNTHETIC_ONLY,unknown,positive,unknown,synthetic_fixture,synthetic,,generated:114
SYNTH_00114,DEMO_A,P57,,Escherichia coli,FICTIONAL_A,2024-07-01,Homo sapiens,synthetic,gentamicin,4.0,=,mg/L,MIC,synthetic,EUCAST,SYNTHETIC_ONLY,unknown,positive,unknown,synthetic_fixture,synthetic,,generated:114
SYNTH_00114,DEMO_A,P57,,Escherichia coli,FICTIONAL_A,2024-07-01,Homo sapiens,synthetic,amikacin,2.0,=,mg/L,MIC,synthetic,EUCAST,SYNTHETIC_ONLY,unknown,positive,unknown,synthetic_fixture,synthetic,,generated:114
SYNTH_00115,DEMO_A,P57,,Klebsiella pneumoniae,FICTIONAL_A,2024-08-01,Homo sapiens,synthetic,meropenem,0.5,=,mg/L,MIC,synthetic,EUCAST,SYNTHETIC_ONLY,S,unknown,positive,synthetic_fixture,synthetic,,generated:115
SYNTH_00115,DEMO_A,P57,,Klebsiella pneumoniae,FICTIONAL_A,2024-08-01,Homo sapiens,synthetic,cefepime,0.5,=,mg/L,MIC,synthetic,EUCAST,SYNTHETIC_ONLY,unknown,unknown,positive,synthetic_fixture,synthetic,,generated:115
SYNTH_00115,DEMO_A,P57,,Klebsiella pneumoniae,FICTIONAL_A,2024-08-01,Homo sapiens,synthetic,ceftazidime,2.0,=,mg/L,MIC,synthetic,EUCAST,SYNTHETIC_ONLY,unknown,unknown,positive,synthetic_fixture,synthetic,,generated:115
SYNTH_00115,DEMO_A,P57,,Klebsiella pneumoniae,FICTIONAL_A,2024-08-01,Homo sapiens,synthetic,gentamicin,0.5,=,mg/L,MIC,synthetic,EUCAST,SYNTHETIC_ONLY,unknown,unknown,positive,synthetic_fixture,synthetic,,generated:115
SYNTH_00115,DEMO_A,P57,,Klebsiella pneumoniae,FICTIONAL_A,2024-08-01,Homo sapiens,synthetic,amikacin,2.0,=,mg/L,MIC,synthetic,EUCAST,SYNTHETIC_ONLY,unknown,unknown,positive,synthetic_fixture,synthetic,,generated:115
SYNTH_00116,DEMO_A,P58,,Escherichia coli,FICTIONAL_A,2024-09-01,Homo sapiens,synthetic,meropenem,0.5,=,mg/L,MIC,synthetic,EUCAST,SYNTHETIC_ONLY,S,unknown,unknown,synthetic_fixture,synthetic,,generated:116
SYNTH_00116,DEMO_A,P58,,Escherichia coli,FICTIONAL_A,2024-09-01,Homo sapiens,synthetic,cefepime,1.0,=,mg/L,MIC,synthetic,EUCAST,SYNTHETIC_ONLY,unknown,unknown,unknown,synthetic_fixture,synthetic,,generated:116
SYNTH_00116,DEMO_A,P58,,Escherichia coli,FICTIONAL_A,2024-09-01,Homo sapiens,synthetic,ceftazidime,1.0,=,mg/L,MIC,synthetic,EUCAST,SYNTHETIC_ONLY,unknown,unknown,unknown,synthetic_fixture,synthetic,,generated:116
SYNTH_00116,DEMO_A,P58,,Escherichia coli,FICTIONAL_A,2024-09-01,Homo sapiens,synthetic,ciprofloxacin,1.0,=,mg/L,MIC,synthetic,EUCAST,SYNTHETIC_ONLY,unknown,unknown,unknown,synthetic_fixture,synthetic,,generated:116
SYNTH_00116,DEMO_A,P58,,Escherichia coli,FICTIONAL_A,2024-09-01,Homo sapiens,synthetic,gentamicin,0.5,=,mg/L,MIC,synthetic,EUCAST,SYNTHETIC_ONLY,unknown,unknown,unknown,synthetic_fixture,synthetic,,generated:116
SYNTH_00117,DEMO_A,P58,,Klebsiella pneumoniae,FICTIONAL_A,2024-10-01,Homo sapiens,synthetic,meropenem,8,=,mg/L,MIC,synthetic,EUCAST,SYNTHETIC_ONLY,R,positive,unknown,synthetic_fixture,synthetic,,generated:117
SYNTH_00117,DEMO_A,P58,,Klebsiella pneumoniae,FICTIONAL_A,2024-10-01,Homo sapiens,synthetic,cefepime,8.0,=,mg/L,MIC,synthetic,EUCAST,SYNTHETIC_ONLY,unknown,positive,unknown,synthetic_fixture,synthetic,,generated:117
SYNTH_00117,DEMO_A,P58,,Klebsiella pneumoniae,FICTIONAL_A,2024-10-01,Homo sapiens,synthetic,ciprofloxacin,16.0,=,mg/L,MIC,synthetic,EUCAST,SYNTHETIC_ONLY,unknown,positive,unknown,synthetic_fixture,synthetic,,generated:117
SYNTH_00117,DEMO_A,P58,,Klebsiella pneumoniae,FICTIONAL_A,2024-10-01,Homo sapiens,synthetic,gentamicin,2.0,=,mg/L,MIC,synthetic,EUCAST,SYNTHETIC_ONLY,unknown,positive,unknown,synthetic_fixture,synthetic,,generated:117
SYNTH_00117,DEMO_A,P58,,Klebsiella pneumoniae,FICTIONAL_A,2024-10-01,Homo sapiens,synthetic,amikacin,8.0,=,mg/L,MIC,synthetic,EUCAST,SYNTHETIC_ONLY,unknown,positive,unknown,synthetic_fixture,synthetic,,generated:117
SYNTH_00118,DEMO_A,P59,,Escherichia coli,FICTIONAL_A,2024-11-01,Homo sapiens,synthetic,meropenem,0.5,=,mg/L,MIC,synthetic,EUCAST,SYNTHETIC_ONLY,S,unknown,unknown,synthetic_fixture,synthetic,,generated:118
SYNTH_00118,DEMO_A,P59,,Escherichia coli,FICTIONAL_A,2024-11-01,Homo sapiens,synthetic,cefepime,1.0,=,mg/L,MIC,synthetic,EUCAST,SYNTHETIC_ONLY,unknown,unknown,unknown,synthetic_fixture,synthetic,,generated:118
SYNTH_00118,DEMO_A,P59,,Escherichia coli,FICTIONAL_A,2024-11-01,Homo sapiens,synthetic,ceftazidime,2.0,=,mg/L,MIC,synthetic,EUCAST,SYNTHETIC_ONLY,unknown,unknown,unknown,synthetic_fixture,synthetic,,generated:118
SYNTH_00118,DEMO_A,P59,,Escherichia coli,FICTIONAL_A,2024-11-01,Homo sapiens,synthetic,ciprofloxacin,1.0,=,mg/L,MIC,synthetic,EUCAST,SYNTHETIC_ONLY,unknown,unknown,unknown,synthetic_fixture,synthetic,,generated:118
SYNTH_00118,DEMO_A,P59,,Escherichia coli,FICTIONAL_A,2024-11-01,Homo sapiens,synthetic,gentamicin,1.0,=,mg/L,MIC,synthetic,EUCAST,SYNTHETIC_ONLY,unknown,unknown,unknown,synthetic_fixture,synthetic,,generated:118
SYNTH_00118,DEMO_A,P59,,Escherichia coli,FICTIONAL_A,2024-11-01,Homo sapiens,synthetic,amikacin,4.0,=,mg/L,MIC,synthetic,EUCAST,SYNTHETIC_ONLY,unknown,unknown,unknown,synthetic_fixture,synthetic,,generated:118
SYNTH_00119,DEMO_A,P59,,Klebsiella pneumoniae,FICTIONAL_A,2024-12-01,Homo sapiens,synthetic,meropenem,8,=,mg/L,MIC,synthetic,EUCAST,SYNTHETIC_ONLY,R,unknown,unknown,synthetic_fixture,synthetic,,generated:119
SYNTH_00119,DEMO_A,P59,,Klebsiella pneumoniae,FICTIONAL_A,2024-12-01,Homo sapiens,synthetic,cefepime,2.0,=,mg/L,MIC,synthetic,EUCAST,SYNTHETIC_ONLY,unknown,unknown,unknown,synthetic_fixture,synthetic,,generated:119
SYNTH_00119,DEMO_A,P59,,Klebsiella pneumoniae,FICTIONAL_A,2024-12-01,Homo sapiens,synthetic,ceftazidime,4.0,=,mg/L,MIC,synthetic,EUCAST,SYNTHETIC_ONLY,unknown,unknown,unknown,synthetic_fixture,synthetic,,generated:119
SYNTH_00119,DEMO_A,P59,,Klebsiella pneumoniae,FICTIONAL_A,2024-12-01,Homo sapiens,synthetic,ciprofloxacin,8.0,=,mg/L,MIC,synthetic,EUCAST,SYNTHETIC_ONLY,unknown,unknown,unknown,synthetic_fixture,synthetic,,generated:119
SYNTH_00119,DEMO_A,P59,,Klebsiella pneumoniae,FICTIONAL_A,2024-12-01,Homo sapiens,synthetic,gentamicin,16.0,=,mg/L,MIC,synthetic,EUCAST,SYNTHETIC_ONLY,unknown,unknown,unknown,synthetic_fixture,synthetic,,generated:119
SYNTH_00119,DEMO_A,P59,,Klebsiella pneumoniae,FICTIONAL_A,2024-12-01,Homo sapiens,synthetic,amikacin,16.0,=,mg/L,MIC,synthetic,EUCAST,SYNTHETIC_ONLY,unknown,unknown,unknown,synthetic_fixture,synthetic,,generated:119
SYNTH_00120,DEMO_A,P60,,Escherichia coli,FICTIONAL_A,2024-01-01,Homo sapiens,synthetic,meropenem,0.5,=,mg/L,MIC,synthetic,EUCAST,SYNTHETIC_ONLY,S,positive,positive,synthetic_fixture,synthetic,,generated:120
SYNTH_00120,DEMO_A,P60,,Escherichia coli,FICTIONAL_A,2024-01-01,Homo sapiens,synthetic,cefepime,1.0,=,mg/L,MIC,synthetic,EUCAST,SYNTHETIC_ONLY,unknown,positive,positive,synthetic_fixture,synthetic,,generated:120
SYNTH_00120,DEMO_A,P60,,Escherichia coli,FICTIONAL_A,2024-01-01,Homo sapiens,synthetic,ceftazidime,1.0,=,mg/L,MIC,synthetic,EUCAST,SYNTHETIC_ONLY,unknown,positive,positive,synthetic_fixture,synthetic,,generated:120
SYNTH_00120,DEMO_A,P60,,Escherichia coli,FICTIONAL_A,2024-01-01,Homo sapiens,synthetic,ciprofloxacin,0.25,=,mg/L,MIC,synthetic,EUCAST,SYNTHETIC_ONLY,unknown,positive,positive,synthetic_fixture,synthetic,,generated:120
SYNTH_00120,DEMO_A,P60,,Escherichia coli,FICTIONAL_A,2024-01-01,Homo sapiens,synthetic,gentamicin,2.0,=,mg/L,MIC,synthetic,EUCAST,SYNTHETIC_ONLY,unknown,positive,positive,synthetic_fixture,synthetic,,generated:120
SYNTH_00120,DEMO_A,P60,,Escherichia coli,FICTIONAL_A,2024-01-01,Homo sapiens,synthetic,amikacin,4.0,=,mg/L,MIC,synthetic,EUCAST,SYNTHETIC_ONLY,unknown,positive,positive,synthetic_fixture,synthetic,,generated:120
SYNTH_00121,DEMO_A,P60,,Klebsiella pneumoniae,FICTIONAL_A,2024-02-01,Homo sapiens,synthetic,meropenem,8,=,mg/L,MIC,synthetic,EUCAST,SYNTHETIC_ONLY,R,unknown,unknown,synthetic_fixture,synthetic,,generated:121
SYNTH_00121,DEMO_A,P60,,Klebsiella pneumoniae,FICTIONAL_A,2024-02-01,Homo sapiens,synthetic,cefepime,0.125,=,mg/L,MIC,synthetic,EUCAST,SYNTHETIC_ONLY,unknown,unknown,unknown,synthetic_fixture,synthetic,,generated:121
SYNTH_00121,DEMO_A,P60,,Klebsiella pneumoniae,FICTIONAL_A,2024-02-01,Homo sapiens,synthetic,ceftazidime,2.0,=,mg/L,MIC,synthetic,EUCAST,SYNTHETIC_ONLY,unknown,unknown,unknown,synthetic_fixture,synthetic,,generated:121
SYNTH_00121,DEMO_A,P60,,Klebsiella pneumoniae,FICTIONAL_A,2024-02-01,Homo sapiens,synthetic,ciprofloxacin,2.0,=,mg/L,MIC,synthetic,EUCAST,SYNTHETIC_ONLY,unknown,unknown,unknown,synthetic_fixture,synthetic,,generated:121
SYNTH_00122,DEMO_A,P61,,Escherichia coli,FICTIONAL_A,2024-03-01,Homo sapiens,synthetic,meropenem,0.5,=,mg/L,MIC,synthetic,EUCAST,SYNTHETIC_ONLY,S,unknown,unknown,synthetic_fixture,synthetic,,generated:122
SYNTH_00122,DEMO_A,P61,,Escherichia coli,FICTIONAL_A,2024-03-01,Homo sapiens,synthetic,cefepime,4.0,=,mg/L,MIC,synthetic,EUCAST,SYNTHETIC_ONLY,unknown,unknown,unknown,synthetic_fixture,synthetic,,generated:122
SYNTH_00122,DEMO_A,P61,,Escherichia coli,FICTIONAL_A,2024-03-01,Homo sapiens,synthetic,ciprofloxacin,0.5,=,mg/L,MIC,synthetic,EUCAST,SYNTHETIC_ONLY,unknown,unknown,unknown,synthetic_fixture,synthetic,,generated:122
SYNTH_00122,DEMO_A,P61,,Escherichia coli,FICTIONAL_A,2024-03-01,Homo sapiens,synthetic,gentamicin,4.0,=,mg/L,MIC,synthetic,EUCAST,SYNTHETIC_ONLY,unknown,unknown,unknown,synthetic_fixture,synthetic,,generated:122
SYNTH_00122,DEMO_A,P61,,Escherichia coli,FICTIONAL_A,2024-03-01,Homo sapiens,synthetic,amikacin,8.0,=,mg/L,MIC,synthetic,EUCAST,SYNTHETIC_ONLY,unknown,unknown,unknown,synthetic_fixture,synthetic,,generated:122
SYNTH_00123,DEMO_A,P61,,Klebsiella pneumoniae,FICTIONAL_A,2024-04-01,Homo sapiens,synthetic,meropenem,0.5,=,mg/L,MIC,synthetic,EUCAST,SYNTHETIC_ONLY,S,positive,unknown,synthetic_fixture,synthetic,,generated:123
SYNTH_00123,DEMO_A,P61,,Klebsiella pneumoniae,FICTIONAL_A,2024-04-01,Homo sapiens,synthetic,ceftazidime,0.5,=,mg/L,MIC,synthetic,EUCAST,SYNTHETIC_ONLY,unknown,positive,unknown,synthetic_fixture,synthetic,,generated:123
SYNTH_00123,DEMO_A,P61,,Klebsiella pneumoniae,FICTIONAL_A,2024-04-01,Homo sapiens,synthetic,ciprofloxacin,2.0,=,mg/L,MIC,synthetic,EUCAST,SYNTHETIC_ONLY,unknown,positive,unknown,synthetic_fixture,synthetic,,generated:123
SYNTH_00123,DEMO_A,P61,,Klebsiella pneumoniae,FICTIONAL_A,2024-04-01,Homo sapiens,synthetic,gentamicin,2.0,=,mg/L,MIC,synthetic,EUCAST,SYNTHETIC_ONLY,unknown,positive,unknown,synthetic_fixture,synthetic,,generated:123
SYNTH_00123,DEMO_A,P61,,Klebsiella pneumoniae,FICTIONAL_A,2024-04-01,Homo sapiens,synthetic,amikacin,4.0,=,mg/L,MIC,synthetic,EUCAST,SYNTHETIC_ONLY,unknown,positive,unknown,synthetic_fixture,synthetic,,generated:123
SYNTH_00124,DEMO_A,P62,,Escherichia coli,FICTIONAL_A,2024-05-01,Homo sapiens,synthetic,meropenem,8,=,mg/L,MIC,synthetic,EUCAST,SYNTHETIC_ONLY,R,unknown,unknown,synthetic_fixture,synthetic,,generated:124
SYNTH_00124,DEMO_A,P62,,Escherichia coli,FICTIONAL_A,2024-05-01,Homo sapiens,synthetic,cefepime,2.0,=,mg/L,MIC,synthetic,EUCAST,SYNTHETIC_ONLY,unknown,unknown,unknown,synthetic_fixture,synthetic,,generated:124
SYNTH_00124,DEMO_A,P62,,Escherichia coli,FICTIONAL_A,2024-05-01,Homo sapiens,synthetic,ceftazidime,0.5,=,mg/L,MIC,synthetic,EUCAST,SYNTHETIC_ONLY,unknown,unknown,unknown,synthetic_fixture,synthetic,,generated:124
SYNTH_00124,DEMO_A,P62,,Escherichia coli,FICTIONAL_A,2024-05-01,Homo sapiens,synthetic,ciprofloxacin,4.0,=,mg/L,MIC,synthetic,EUCAST,SYNTHETIC_ONLY,unknown,unknown,unknown,synthetic_fixture,synthetic,,generated:124
SYNTH_00124,DEMO_A,P62,,Escherichia coli,FICTIONAL_A,2024-05-01,Homo sapiens,synthetic,gentamicin,2.0,=,mg/L,MIC,synthetic,EUCAST,SYNTHETIC_ONLY,unknown,unknown,unknown,synthetic_fixture,synthetic,,generated:124
SYNTH_00124,DEMO_A,P62,,Escherichia coli,FICTIONAL_A,2024-05-01,Homo sapiens,synthetic,amikacin,4.0,=,mg/L,MIC,synthetic,EUCAST,SYNTHETIC_ONLY,unknown,unknown,unknown,synthetic_fixture,synthetic,,generated:124
SYNTH_00125,DEMO_A,P62,,Klebsiella pneumoniae,FICTIONAL_A,2024-06-01,Homo sapiens,synthetic,meropenem,8,=,mg/L,MIC,synthetic,EUCAST,SYNTHETIC_ONLY,R,unknown,positive,synthetic_fixture,synthetic,,generated:125
SYNTH_00125,DEMO_A,P62,,Klebsiella pneumoniae,FICTIONAL_A,2024-06-01,Homo sapiens,synthetic,cefepime,0.5,=,mg/L,MIC,synthetic,EUCAST,SYNTHETIC_ONLY,unknown,unknown,positive,synthetic_fixture,synthetic,,generated:125
SYNTH_00125,DEMO_A,P62,,Klebsiella pneumoniae,FICTIONAL_A,2024-06-01,Homo sapiens,synthetic,ceftazidime,4.0,=,mg/L,MIC,synthetic,EUCAST,SYNTHETIC_ONLY,unknown,unknown,positive,synthetic_fixture,synthetic,,generated:125
SYNTH_00125,DEMO_A,P62,,Klebsiella pneumoniae,FICTIONAL_A,2024-06-01,Homo sapiens,synthetic,ciprofloxacin,4.0,=,mg/L,MIC,synthetic,EUCAST,SYNTHETIC_ONLY,unknown,unknown,positive,synthetic_fixture,synthetic,,generated:125
SYNTH_00125,DEMO_A,P62,,Klebsiella pneumoniae,FICTIONAL_A,2024-06-01,Homo sapiens,synthetic,gentamicin,2.0,=,mg/L,MIC,synthetic,EUCAST,SYNTHETIC_ONLY,unknown,unknown,positive,synthetic_fixture,synthetic,,generated:125
SYNTH_00125,DEMO_A,P62,,Klebsiella pneumoniae,FICTIONAL_A,2024-06-01,Homo sapiens,synthetic,amikacin,2.0,=,mg/L,MIC,synthetic,EUCAST,SYNTHETIC_ONLY,unknown,unknown,positive,synthetic_fixture,synthetic,,generated:125
SYNTH_00126,DEMO_A,P63,,Escherichia coli,FICTIONAL_A,2024-07-01,Homo sapiens,synthetic,meropenem,8,=,mg/L,MIC,synthetic,EUCAST,SYNTHETIC_ONLY,R,positive,unknown,synthetic_fixture,synthetic,,generated:126
SYNTH_00126,DEMO_A,P63,,Escherichia coli,FICTIONAL_A,2024-07-01,Homo sapiens,synthetic,cefepime,0.125,=,mg/L,MIC,synthetic,EUCAST,SYNTHETIC_ONLY,unknown,positive,unknown,synthetic_fixture,synthetic,,generated:126
SYNTH_00126,DEMO_A,P63,,Escherichia coli,FICTIONAL_A,2024-07-01,Homo sapiens,synthetic,ceftazidime,4.0,=,mg/L,MIC,synthetic,EUCAST,SYNTHETIC_ONLY,unknown,positive,unknown,synthetic_fixture,synthetic,,generated:126
SYNTH_00126,DEMO_A,P63,,Escherichia coli,FICTIONAL_A,2024-07-01,Homo sapiens,synthetic,ciprofloxacin,4.0,=,mg/L,MIC,synthetic,EUCAST,SYNTHETIC_ONLY,unknown,positive,unknown,synthetic_fixture,synthetic,,generated:126
SYNTH_00126,DEMO_A,P63,,Escherichia coli,FICTIONAL_A,2024-07-01,Homo sapiens,synthetic,gentamicin,8.0,=,mg/L,MIC,synthetic,EUCAST,SYNTHETIC_ONLY,unknown,positive,unknown,synthetic_fixture,synthetic,,generated:126
SYNTH_00126,DEMO_A,P63,,Escherichia coli,FICTIONAL_A,2024-07-01,Homo sapiens,synthetic,amikacin,4.0,=,mg/L,MIC,synthetic,EUCAST,SYNTHETIC_ONLY,unknown,positive,unknown,synthetic_fixture,synthetic,,generated:126
SYNTH_00127,DEMO_A,P63,,Klebsiella pneumoniae,FICTIONAL_A,2024-08-01,Homo sapiens,synthetic,meropenem,8,=,mg/L,MIC,synthetic,EUCAST,SYNTHETIC_ONLY,R,unknown,unknown,synthetic_fixture,synthetic,,generated:127
SYNTH_00127,DEMO_A,P63,,Klebsiella pneumoniae,FICTIONAL_A,2024-08-01,Homo sapiens,synthetic,cefepime,4.0,=,mg/L,MIC,synthetic,EUCAST,SYNTHETIC_ONLY,unknown,unknown,unknown,synthetic_fixture,synthetic,,generated:127
SYNTH_00127,DEMO_A,P63,,Klebsiella pneumoniae,FICTIONAL_A,2024-08-01,Homo sapiens,synthetic,ciprofloxacin,8.0,=,mg/L,MIC,synthetic,EUCAST,SYNTHETIC_ONLY,unknown,unknown,unknown,synthetic_fixture,synthetic,,generated:127
SYNTH_00127,DEMO_A,P63,,Klebsiella pneumoniae,FICTIONAL_A,2024-08-01,Homo sapiens,synthetic,gentamicin,32.0,=,mg/L,MIC,synthetic,EUCAST,SYNTHETIC_ONLY,unknown,unknown,unknown,synthetic_fixture,synthetic,,generated:127
SYNTH_00127,DEMO_A,P63,,Klebsiella pneumoniae,FICTIONAL_A,2024-08-01,Homo sapiens,synthetic,amikacin,64.0,=,mg/L,MIC,synthetic,EUCAST,SYNTHETIC_ONLY,unknown,unknown,unknown,synthetic_fixture,synthetic,,generated:127
SYNTH_00128,DEMO_A,P64,,Escherichia coli,FICTIONAL_A,2024-09-01,Homo sapiens,synthetic,meropenem,8,=,mg/L,MIC,synthetic,EUCAST,SYNTHETIC_ONLY,R,unknown,unknown,synthetic_fixture,synthetic,,generated:128
SYNTH_00128,DEMO_A,P64,,Escherichia coli,FICTIONAL_A,2024-09-01,Homo sapiens,synthetic,cefepime,2.0,=,mg/L,MIC,synthetic,EUCAST,SYNTHETIC_ONLY,unknown,unknown,unknown,synthetic_fixture,synthetic,,generated:128
SYNTH_00128,DEMO_A,P64,,Escherichia coli,FICTIONAL_A,2024-09-01,Homo sapiens,synthetic,ceftazidime,1.0,=,mg/L,MIC,synthetic,EUCAST,SYNTHETIC_ONLY,unknown,unknown,unknown,synthetic_fixture,synthetic,,generated:128
SYNTH_00128,DEMO_A,P64,,Escherichia coli,FICTIONAL_A,2024-09-01,Homo sapiens,synthetic,ciprofloxacin,4.0,=,mg/L,MIC,synthetic,EUCAST,SYNTHETIC_ONLY,unknown,unknown,unknown,synthetic_fixture,synthetic,,generated:128
SYNTH_00128,DEMO_A,P64,,Escherichia coli,FICTIONAL_A,2024-09-01,Homo sapiens,synthetic,gentamicin,1.0,=,mg/L,MIC,synthetic,EUCAST,SYNTHETIC_ONLY,unknown,unknown,unknown,synthetic_fixture,synthetic,,generated:128
SYNTH_00128,DEMO_A,P64,,Escherichia coli,FICTIONAL_A,2024-09-01,Homo sapiens,synthetic,amikacin,2.0,=,mg/L,MIC,synthetic,EUCAST,SYNTHETIC_ONLY,unknown,unknown,unknown,synthetic_fixture,synthetic,,generated:128
SYNTH_00129,DEMO_A,P64,,Klebsiella pneumoniae,FICTIONAL_A,2024-10-01,Homo sapiens,synthetic,meropenem,0.5,=,mg/L,MIC,synthetic,EUCAST,SYNTHETIC_ONLY,S,positive,unknown,synthetic_fixture,synthetic,,generated:129
SYNTH_00129,DEMO_A,P64,,Klebsiella pneumoniae,FICTIONAL_A,2024-10-01,Homo sapiens,synthetic,cefepime,0.25,=,mg/L,MIC,synthetic,EUCAST,SYNTHETIC_ONLY,unknown,positive,unknown,synthetic_fixture,synthetic,,generated:129
SYNTH_00129,DEMO_A,P64,,Klebsiella pneumoniae,FICTIONAL_A,2024-10-01,Homo sapiens,synthetic,ceftazidime,0.5,=,mg/L,MIC,synthetic,EUCAST,SYNTHETIC_ONLY,unknown,positive,unknown,synthetic_fixture,synthetic,,generated:129
SYNTH_00129,DEMO_A,P64,,Klebsiella pneumoniae,FICTIONAL_A,2024-10-01,Homo sapiens,synthetic,ciprofloxacin,4.0,=,mg/L,MIC,synthetic,EUCAST,SYNTHETIC_ONLY,unknown,positive,unknown,synthetic_fixture,synthetic,,generated:129
SYNTH_00129,DEMO_A,P64,,Klebsiella pneumoniae,FICTIONAL_A,2024-10-01,Homo sapiens,synthetic,gentamicin,1.0,=,mg/L,MIC,synthetic,EUCAST,SYNTHETIC_ONLY,unknown,positive,unknown,synthetic_fixture,synthetic,,generated:129
SYNTH_00129,DEMO_A,P64,,Klebsiella pneumoniae,FICTIONAL_A,2024-10-01,Homo sapiens,synthetic,amikacin,2.0,=,mg/L,MIC,synthetic,EUCAST,SYNTHETIC_ONLY,unknown,positive,unknown,synthetic_fixture,synthetic,,generated:129
SYNTH_00130,DEMO_A,P65,,Escherichia coli,FICTIONAL_A,2024-11-01,Homo sapiens,synthetic,meropenem,8,=,mg/L,MIC,synthetic,EUCAST,SYNTHETIC_ONLY,R,unknown,positive,synthetic_fixture,synthetic,,generated:130
SYNTH_00130,DEMO_A,P65,,Escherichia coli,FICTIONAL_A,2024-11-01,Homo sapiens,synthetic,cefepime,2.0,=,mg/L,MIC,synthetic,EUCAST,SYNTHETIC_ONLY,unknown,unknown,positive,synthetic_fixture,synthetic,,generated:130
SYNTH_00130,DEMO_A,P65,,Escherichia coli,FICTIONAL_A,2024-11-01,Homo sapiens,synthetic,ceftazidime,4.0,=,mg/L,MIC,synthetic,EUCAST,SYNTHETIC_ONLY,unknown,unknown,positive,synthetic_fixture,synthetic,,generated:130
SYNTH_00130,DEMO_A,P65,,Escherichia coli,FICTIONAL_A,2024-11-01,Homo sapiens,synthetic,ciprofloxacin,4.0,=,mg/L,MIC,synthetic,EUCAST,SYNTHETIC_ONLY,unknown,unknown,positive,synthetic_fixture,synthetic,,generated:130
SYNTH_00130,DEMO_A,P65,,Escherichia coli,FICTIONAL_A,2024-11-01,Homo sapiens,synthetic,gentamicin,2.0,=,mg/L,MIC,synthetic,EUCAST,SYNTHETIC_ONLY,unknown,unknown,positive,synthetic_fixture,synthetic,,generated:130
SYNTH_00130,DEMO_A,P65,,Escherichia coli,FICTIONAL_A,2024-11-01,Homo sapiens,synthetic,amikacin,4.0,=,mg/L,MIC,synthetic,EUCAST,SYNTHETIC_ONLY,unknown,unknown,positive,synthetic_fixture,synthetic,,generated:130
SYNTH_00131,DEMO_A,P65,,Klebsiella pneumoniae,FICTIONAL_A,2024-12-01,Homo sapiens,synthetic,meropenem,0.5,=,mg/L,MIC,synthetic,EUCAST,SYNTHETIC_ONLY,S,unknown,unknown,synthetic_fixture,synthetic,,generated:131
SYNTH_00131,DEMO_A,P65,,Klebsiella pneumoniae,FICTIONAL_A,2024-12-01,Homo sapiens,synthetic,cefepime,0.5,=,mg/L,MIC,synthetic,EUCAST,SYNTHETIC_ONLY,unknown,unknown,unknown,synthetic_fixture,synthetic,,generated:131
SYNTH_00131,DEMO_A,P65,,Klebsiella pneumoniae,FICTIONAL_A,2024-12-01,Homo sapiens,synthetic,ceftazidime,1.0,=,mg/L,MIC,synthetic,EUCAST,SYNTHETIC_ONLY,unknown,unknown,unknown,synthetic_fixture,synthetic,,generated:131
SYNTH_00131,DEMO_A,P65,,Klebsiella pneumoniae,FICTIONAL_A,2024-12-01,Homo sapiens,synthetic,ciprofloxacin,1.0,=,mg/L,MIC,synthetic,EUCAST,SYNTHETIC_ONLY,unknown,unknown,unknown,synthetic_fixture,synthetic,,generated:131
SYNTH_00131,DEMO_A,P65,,Klebsiella pneumoniae,FICTIONAL_A,2024-12-01,Homo sapiens,synthetic,gentamicin,4.0,=,mg/L,MIC,synthetic,EUCAST,SYNTHETIC_ONLY,unknown,unknown,unknown,synthetic_fixture,synthetic,,generated:131
SYNTH_00131,DEMO_A,P65,,Klebsiella pneumoniae,FICTIONAL_A,2024-12-01,Homo sapiens,synthetic,amikacin,2.0,=,mg/L,MIC,synthetic,EUCAST,SYNTHETIC_ONLY,unknown,unknown,unknown,synthetic_fixture,synthetic,,generated:131
SYNTH_00132,DEMO_A,P66,,Escherichia coli,FICTIONAL_A,2024-01-01,Homo sapiens,synthetic,meropenem,0.5,=,mg/L,MIC,synthetic,EUCAST,SYNTHETIC_ONLY,S,positive,unknown,synthetic_fixture,synthetic,,generated:132
SYNTH_00132,DEMO_A,P66,,Escherichia coli,FICTIONAL_A,2024-01-01,Homo sapiens,synthetic,cefepime,4.0,=,mg/L,MIC,synthetic,EUCAST,SYNTHETIC_ONLY,unknown,positive,unknown,synthetic_fixture,synthetic,,generated:132
SYNTH_00132,DEMO_A,P66,,Escherichia coli,FICTIONAL_A,2024-01-01,Homo sapiens,synthetic,ceftazidime,2.0,=,mg/L,MIC,synthetic,EUCAST,SYNTHETIC_ONLY,unknown,positive,unknown,synthetic_fixture,synthetic,,generated:132
SYNTH_00132,DEMO_A,P66,,Escherichia coli,FICTIONAL_A,2024-01-01,Homo sapiens,synthetic,ciprofloxacin,4.0,=,mg/L,MIC,synthetic,EUCAST,SYNTHETIC_ONLY,unknown,positive,unknown,synthetic_fixture,synthetic,,generated:132
SYNTH_00132,DEMO_A,P66,,Escherichia coli,FICTIONAL_A,2024-01-01,Homo sapiens,synthetic,gentamicin,1.0,=,mg/L,MIC,synthetic,EUCAST,SYNTHETIC_ONLY,unknown,positive,unknown,synthetic_fixture,synthetic,,generated:132
SYNTH_00132,DEMO_A,P66,,Escherichia coli,FICTIONAL_A,2024-01-01,Homo sapiens,synthetic,amikacin,4.0,=,mg/L,MIC,synthetic,EUCAST,SYNTHETIC_ONLY,unknown,positive,unknown,synthetic_fixture,synthetic,,generated:132
SYNTH_00133,DEMO_A,P66,,Klebsiella pneumoniae,FICTIONAL_A,2024-02-01,Homo sapiens,synthetic,meropenem,8,=,mg/L,MIC,synthetic,EUCAST,SYNTHETIC_ONLY,R,unknown,unknown,synthetic_fixture,synthetic,,generated:133
SYNTH_00133,DEMO_A,P66,,Klebsiella pneumoniae,FICTIONAL_A,2024-02-01,Homo sapiens,synthetic,cefepime,1.0,=,mg/L,MIC,synthetic,EUCAST,SYNTHETIC_ONLY,unknown,unknown,unknown,synthetic_fixture,synthetic,,generated:133
SYNTH_00133,DEMO_A,P66,,Klebsiella pneumoniae,FICTIONAL_A,2024-02-01,Homo sapiens,synthetic,ceftazidime,2.0,=,mg/L,MIC,synthetic,EUCAST,SYNTHETIC_ONLY,unknown,unknown,unknown,synthetic_fixture,synthetic,,generated:133
SYNTH_00133,DEMO_A,P66,,Klebsiella pneumoniae,FICTIONAL_A,2024-02-01,Homo sapiens,synthetic,ciprofloxacin,4.0,=,mg/L,MIC,synthetic,EUCAST,SYNTHETIC_ONLY,unknown,unknown,unknown,synthetic_fixture,synthetic,,generated:133
SYNTH_00133,DEMO_A,P66,,Klebsiella pneumoniae,FICTIONAL_A,2024-02-01,Homo sapiens,synthetic,gentamicin,16.0,=,mg/L,MIC,synthetic,EUCAST,SYNTHETIC_ONLY,unknown,unknown,unknown,synthetic_fixture,synthetic,,generated:133
SYNTH_00134,DEMO_A,P67,,Escherichia coli,FICTIONAL_A,2024-03-01,Homo sapiens,synthetic,meropenem,0.5,=,mg/L,MIC,synthetic,EUCAST,SYNTHETIC_ONLY,S,unknown,unknown,synthetic_fixture,synthetic,,generated:134
SYNTH_00134,DEMO_A,P67,,Escherichia coli,FICTIONAL_A,2024-03-01,Homo sapiens,synthetic,cefepime,0.25,=,mg/L,MIC,synthetic,EUCAST,SYNTHETIC_ONLY,unknown,unknown,unknown,synthetic_fixture,synthetic,,generated:134
SYNTH_00134,DEMO_A,P67,,Escherichia coli,FICTIONAL_A,2024-03-01,Homo sapiens,synthetic,ceftazidime,0.125,=,mg/L,MIC,synthetic,EUCAST,SYNTHETIC_ONLY,unknown,unknown,unknown,synthetic_fixture,synthetic,,generated:134
SYNTH_00134,DEMO_A,P67,,Escherichia coli,FICTIONAL_A,2024-03-01,Homo sapiens,synthetic,ciprofloxacin,0.25,=,mg/L,MIC,synthetic,EUCAST,SYNTHETIC_ONLY,unknown,unknown,unknown,synthetic_fixture,synthetic,,generated:134
SYNTH_00134,DEMO_A,P67,,Escherichia coli,FICTIONAL_A,2024-03-01,Homo sapiens,synthetic,gentamicin,0.25,=,mg/L,MIC,synthetic,EUCAST,SYNTHETIC_ONLY,unknown,unknown,unknown,synthetic_fixture,synthetic,,generated:134
SYNTH_00134,DEMO_A,P67,,Escherichia coli,FICTIONAL_A,2024-03-01,Homo sapiens,synthetic,amikacin,4.0,=,mg/L,MIC,synthetic,EUCAST,SYNTHETIC_ONLY,unknown,unknown,unknown,synthetic_fixture,synthetic,,generated:134
SYNTH_00135,DEMO_A,P67,,Klebsiella pneumoniae,FICTIONAL_A,2024-04-01,Homo sapiens,synthetic,meropenem,8,=,mg/L,MIC,synthetic,EUCAST,SYNTHETIC_ONLY,R,positive,positive,synthetic_fixture,synthetic,,generated:135
SYNTH_00135,DEMO_A,P67,,Klebsiella pneumoniae,FICTIONAL_A,2024-04-01,Homo sapiens,synthetic,cefepime,1.0,=,mg/L,MIC,synthetic,EUCAST,SYNTHETIC_ONLY,unknown,positive,positive,synthetic_fixture,synthetic,,generated:135
SYNTH_00135,DEMO_A,P67,,Klebsiella pneumoniae,FICTIONAL_A,2024-04-01,Homo sapiens,synthetic,ceftazidime,1.0,=,mg/L,MIC,synthetic,EUCAST,SYNTHETIC_ONLY,unknown,positive,positive,synthetic_fixture,synthetic,,generated:135
SYNTH_00135,DEMO_A,P67,,Klebsiella pneumoniae,FICTIONAL_A,2024-04-01,Homo sapiens,synthetic,ciprofloxacin,1.0,=,mg/L,MIC,synthetic,EUCAST,SYNTHETIC_ONLY,unknown,positive,positive,synthetic_fixture,synthetic,,generated:135
SYNTH_00135,DEMO_A,P67,,Klebsiella pneumoniae,FICTIONAL_A,2024-04-01,Homo sapiens,synthetic,gentamicin,4.0,=,mg/L,MIC,synthetic,EUCAST,SYNTHETIC_ONLY,unknown,positive,positive,synthetic_fixture,synthetic,,generated:135
SYNTH_00135,DEMO_A,P67,,Klebsiella pneumoniae,FICTIONAL_A,2024-04-01,Homo sapiens,synthetic,amikacin,2.0,=,mg/L,MIC,synthetic,EUCAST,SYNTHETIC_ONLY,unknown,positive,positive,synthetic_fixture,synthetic,,generated:135
SYNTH_00136,DEMO_A,P68,,Escherichia coli,FICTIONAL_A,2024-05-01,Homo sapiens,synthetic,meropenem,0.5,=,mg/L,MIC,synthetic,EUCAST,SYNTHETIC_ONLY,S,unknown,unknown,synthetic_fixture,synthetic,,generated:136
SYNTH_00136,DEMO_A,P68,,Escherichia coli,FICTIONAL_A,2024-05-01,Homo sapiens,synthetic,cefepime,0.5,=,mg/L,MIC,synthetic,EUCAST,SYNTHETIC_ONLY,unknown,unknown,unknown,synthetic_fixture,synthetic,,generated:136
SYNTH_00136,DEMO_A,P68,,Escherichia coli,FICTIONAL_A,2024-05-01,Homo sapiens,synthetic,ceftazidime,2.0,=,mg/L,MIC,synthetic,EUCAST,SYNTHETIC_ONLY,unknown,unknown,unknown,synthetic_fixture,synthetic,,generated:136
SYNTH_00136,DEMO_A,P68,,Escherichia coli,FICTIONAL_A,2024-05-01,Homo sapiens,synthetic,ciprofloxacin,1.0,=,mg/L,MIC,synthetic,EUCAST,SYNTHETIC_ONLY,unknown,unknown,unknown,synthetic_fixture,synthetic,,generated:136
SYNTH_00136,DEMO_A,P68,,Escherichia coli,FICTIONAL_A,2024-05-01,Homo sapiens,synthetic,gentamicin,2.0,=,mg/L,MIC,synthetic,EUCAST,SYNTHETIC_ONLY,unknown,unknown,unknown,synthetic_fixture,synthetic,,generated:136
SYNTH_00136,DEMO_A,P68,,Escherichia coli,FICTIONAL_A,2024-05-01,Homo sapiens,synthetic,amikacin,2.0,=,mg/L,MIC,synthetic,EUCAST,SYNTHETIC_ONLY,unknown,unknown,unknown,synthetic_fixture,synthetic,,generated:136
SYNTH_00137,DEMO_A,P68,,Klebsiella pneumoniae,FICTIONAL_A,2024-06-01,Homo sapiens,synthetic,meropenem,0.5,=,mg/L,MIC,synthetic,EUCAST,SYNTHETIC_ONLY,S,unknown,unknown,synthetic_fixture,synthetic,,generated:137
SYNTH_00137,DEMO_A,P68,,Klebsiella pneumoniae,FICTIONAL_A,2024-06-01,Homo sapiens,synthetic,cefepime,0.5,=,mg/L,MIC,synthetic,EUCAST,SYNTHETIC_ONLY,unknown,unknown,unknown,synthetic_fixture,synthetic,,generated:137
SYNTH_00137,DEMO_A,P68,,Klebsiella pneumoniae,FICTIONAL_A,2024-06-01,Homo sapiens,synthetic,ceftazidime,0.25,=,mg/L,MIC,synthetic,EUCAST,SYNTHETIC_ONLY,unknown,unknown,unknown,synthetic_fixture,synthetic,,generated:137
SYNTH_00137,DEMO_A,P68,,Klebsiella pneumoniae,FICTIONAL_A,2024-06-01,Homo sapiens,synthetic,ciprofloxacin,1.0,=,mg/L,MIC,synthetic,EUCAST,SYNTHETIC_ONLY,unknown,unknown,unknown,synthetic_fixture,synthetic,,generated:137
SYNTH_00137,DEMO_A,P68,,Klebsiella pneumoniae,FICTIONAL_A,2024-06-01,Homo sapiens,synthetic,gentamicin,2.0,=,mg/L,MIC,synthetic,EUCAST,SYNTHETIC_ONLY,unknown,unknown,unknown,synthetic_fixture,synthetic,,generated:137
SYNTH_00137,DEMO_A,P68,,Klebsiella pneumoniae,FICTIONAL_A,2024-06-01,Homo sapiens,synthetic,amikacin,1.0,=,mg/L,MIC,synthetic,EUCAST,SYNTHETIC_ONLY,unknown,unknown,unknown,synthetic_fixture,synthetic,,generated:137
SYNTH_00138,DEMO_A,P69,,Escherichia coli,FICTIONAL_A,2024-07-01,Homo sapiens,synthetic,meropenem,8,=,mg/L,MIC,synthetic,EUCAST,SYNTHETIC_ONLY,R,positive,unknown,synthetic_fixture,synthetic,,generated:138
SYNTH_00138,DEMO_A,P69,,Escherichia coli,FICTIONAL_A,2024-07-01,Homo sapiens,synthetic,cefepime,1.0,=,mg/L,MIC,synthetic,EUCAST,SYNTHETIC_ONLY,unknown,positive,unknown,synthetic_fixture,synthetic,,generated:138
SYNTH_00138,DEMO_A,P69,,Escherichia coli,FICTIONAL_A,2024-07-01,Homo sapiens,synthetic,ceftazidime,1.0,=,mg/L,MIC,synthetic,EUCAST,SYNTHETIC_ONLY,unknown,positive,unknown,synthetic_fixture,synthetic,,generated:138
SYNTH_00138,DEMO_A,P69,,Escherichia coli,FICTIONAL_A,2024-07-01,Homo sapiens,synthetic,ciprofloxacin,1.0,=,mg/L,MIC,synthetic,EUCAST,SYNTHETIC_ONLY,unknown,positive,unknown,synthetic_fixture,synthetic,,generated:138
SYNTH_00138,DEMO_A,P69,,Escherichia coli,FICTIONAL_A,2024-07-01,Homo sapiens,synthetic,gentamicin,1.0,=,mg/L,MIC,synthetic,EUCAST,SYNTHETIC_ONLY,unknown,positive,unknown,synthetic_fixture,synthetic,,generated:138
SYNTH_00138,DEMO_A,P69,,Escherichia coli,FICTIONAL_A,2024-07-01,Homo sapiens,synthetic,amikacin,8.0,=,mg/L,MIC,synthetic,EUCAST,SYNTHETIC_ONLY,unknown,positive,unknown,synthetic_fixture,synthetic,,generated:138
SYNTH_00139,DEMO_A,P69,,Klebsiella pneumoniae,FICTIONAL_A,2024-08-01,Homo sapiens,synthetic,meropenem,0.5,=,mg/L,MIC,synthetic,EUCAST,SYNTHETIC_ONLY,S,unknown,unknown,synthetic_fixture,synthetic,,generated:139
SYNTH_00139,DEMO_A,P69,,Klebsiella pneumoniae,FICTIONAL_A,2024-08-01,Homo sapiens,synthetic,cefepime,0.25,=,mg/L,MIC,synthetic,EUCAST,SYNTHETIC_ONLY,unknown,unknown,unknown,synthetic_fixture,synthetic,,generated:139
SYNTH_00139,DEMO_A,P69,,Klebsiella pneumoniae,FICTIONAL_A,2024-08-01,Homo sapiens,synthetic,ceftazidime,0.5,=,mg/L,MIC,synthetic,EUCAST,SYNTHETIC_ONLY,unknown,unknown,unknown,synthetic_fixture,synthetic,,generated:139
SYNTH_00139,DEMO_A,P69,,Klebsiella pneumoniae,FICTIONAL_A,2024-08-01,Homo sapiens,synthetic,ciprofloxacin,2.0,=,mg/L,MIC,synthetic,EUCAST,SYNTHETIC_ONLY,unknown,unknown,unknown,synthetic_fixture,synthetic,,generated:139
SYNTH_00139,DEMO_A,P69,,Klebsiella pneumoniae,FICTIONAL_A,2024-08-01,Homo sapiens,synthetic,gentamicin,2.0,=,mg/L,MIC,synthetic,EUCAST,SYNTHETIC_ONLY,unknown,unknown,unknown,synthetic_fixture,synthetic,,generated:139
SYNTH_00139,DEMO_A,P69,,Klebsiella pneumoniae,FICTIONAL_A,2024-08-01,Homo sapiens,synthetic,amikacin,1.0,=,mg/L,MIC,synthetic,EUCAST,SYNTHETIC_ONLY,unknown,unknown,unknown,synthetic_fixture,synthetic,,generated:139
SYNTH_00140,DEMO_A,P70,,Escherichia coli,FICTIONAL_A,2024-09-01,Homo sapiens,synthetic,meropenem,8,=,mg/L,MIC,synthetic,EUCAST,SYNTHETIC_ONLY,R,unknown,positive,synthetic_fixture,synthetic,,generated:140
SYNTH_00140,DEMO_A,P70,,Escherichia coli,FICTIONAL_A,2024-09-01,Homo sapiens,synthetic,cefepime,0.5,=,mg/L,MIC,synthetic,EUCAST,SYNTHETIC_ONLY,unknown,unknown,positive,synthetic_fixture,synthetic,,generated:140
SYNTH_00140,DEMO_A,P70,,Escherichia coli,FICTIONAL_A,2024-09-01,Homo sapiens,synthetic,ceftazidime,4.0,=,mg/L,MIC,synthetic,EUCAST,SYNTHETIC_ONLY,unknown,unknown,positive,synthetic_fixture,synthetic,,generated:140
SYNTH_00140,DEMO_A,P70,,Escherichia coli,FICTIONAL_A,2024-09-01,Homo sapiens,synthetic,ciprofloxacin,2.0,=,mg/L,MIC,synthetic,EUCAST,SYNTHETIC_ONLY,unknown,unknown,positive,synthetic_fixture,synthetic,,generated:140
SYNTH_00140,DEMO_A,P70,,Escherichia coli,FICTIONAL_A,2024-09-01,Homo sapiens,synthetic,gentamicin,2.0,=,mg/L,MIC,synthetic,EUCAST,SYNTHETIC_ONLY,unknown,unknown,positive,synthetic_fixture,synthetic,,generated:140
SYNTH_00140,DEMO_A,P70,,Escherichia coli,FICTIONAL_A,2024-09-01,Homo sapiens,synthetic,amikacin,4.0,=,mg/L,MIC,synthetic,EUCAST,SYNTHETIC_ONLY,unknown,unknown,positive,synthetic_fixture,synthetic,,generated:140
SYNTH_00141,DEMO_A,P70,,Klebsiella pneumoniae,FICTIONAL_A,2024-10-01,Homo sapiens,synthetic,meropenem,0.5,=,mg/L,MIC,synthetic,EUCAST,SYNTHETIC_ONLY,S,positive,unknown,synthetic_fixture,synthetic,,generated:141
SYNTH_00141,DEMO_A,P70,,Klebsiella pneumoniae,FICTIONAL_A,2024-10-01,Homo sapiens,synthetic,cefepime,1.0,=,mg/L,MIC,synthetic,EUCAST,SYNTHETIC_ONLY,unknown,positive,unknown,synthetic_fixture,synthetic,,generated:141
SYNTH_00141,DEMO_A,P70,,Klebsiella pneumoniae,FICTIONAL_A,2024-10-01,Homo sapiens,synthetic,ceftazidime,0.5,=,mg/L,MIC,synthetic,EUCAST,SYNTHETIC_ONLY,unknown,positive,unknown,synthetic_fixture,synthetic,,generated:141
SYNTH_00141,DEMO_A,P70,,Klebsiella pneumoniae,FICTIONAL_A,2024-10-01,Homo sapiens,synthetic,ciprofloxacin,1.0,=,mg/L,MIC,synthetic,EUCAST,SYNTHETIC_ONLY,unknown,positive,unknown,synthetic_fixture,synthetic,,generated:141
SYNTH_00141,DEMO_A,P70,,Klebsiella pneumoniae,FICTIONAL_A,2024-10-01,Homo sapiens,synthetic,gentamicin,4.0,=,mg/L,MIC,synthetic,EUCAST,SYNTHETIC_ONLY,unknown,positive,unknown,synthetic_fixture,synthetic,,generated:141
SYNTH_00141,DEMO_A,P70,,Klebsiella pneumoniae,FICTIONAL_A,2024-10-01,Homo sapiens,synthetic,amikacin,8.0,=,mg/L,MIC,synthetic,EUCAST,SYNTHETIC_ONLY,unknown,positive,unknown,synthetic_fixture,synthetic,,generated:141
SYNTH_00142,DEMO_A,P71,,Escherichia coli,FICTIONAL_A,2024-11-01,Homo sapiens,synthetic,meropenem,8,=,mg/L,MIC,synthetic,EUCAST,SYNTHETIC_ONLY,R,unknown,unknown,synthetic_fixture,synthetic,,generated:142
SYNTH_00142,DEMO_A,P71,,Escherichia coli,FICTIONAL_A,2024-11-01,Homo sapiens,synthetic,cefepime,4.0,=,mg/L,MIC,synthetic,EUCAST,SYNTHETIC_ONLY,unknown,unknown,unknown,synthetic_fixture,synthetic,,generated:142
SYNTH_00142,DEMO_A,P71,,Escherichia coli,FICTIONAL_A,2024-11-01,Homo sapiens,synthetic,ciprofloxacin,1.0,=,mg/L,MIC,synthetic,EUCAST,SYNTHETIC_ONLY,unknown,unknown,unknown,synthetic_fixture,synthetic,,generated:142
SYNTH_00142,DEMO_A,P71,,Escherichia coli,FICTIONAL_A,2024-11-01,Homo sapiens,synthetic,gentamicin,4.0,=,mg/L,MIC,synthetic,EUCAST,SYNTHETIC_ONLY,unknown,unknown,unknown,synthetic_fixture,synthetic,,generated:142
SYNTH_00142,DEMO_A,P71,,Escherichia coli,FICTIONAL_A,2024-11-01,Homo sapiens,synthetic,amikacin,4.0,=,mg/L,MIC,synthetic,EUCAST,SYNTHETIC_ONLY,unknown,unknown,unknown,synthetic_fixture,synthetic,,generated:142
SYNTH_00143,DEMO_A,P71,,Klebsiella pneumoniae,FICTIONAL_A,2024-12-01,Homo sapiens,synthetic,meropenem,0.5,=,mg/L,MIC,synthetic,EUCAST,SYNTHETIC_ONLY,S,unknown,unknown,synthetic_fixture,synthetic,,generated:143
SYNTH_00143,DEMO_A,P71,,Klebsiella pneumoniae,FICTIONAL_A,2024-12-01,Homo sapiens,synthetic,cefepime,2.0,=,mg/L,MIC,synthetic,EUCAST,SYNTHETIC_ONLY,unknown,unknown,unknown,synthetic_fixture,synthetic,,generated:143
SYNTH_00143,DEMO_A,P71,,Klebsiella pneumoniae,FICTIONAL_A,2024-12-01,Homo sapiens,synthetic,ceftazidime,1.0,=,mg/L,MIC,synthetic,EUCAST,SYNTHETIC_ONLY,unknown,unknown,unknown,synthetic_fixture,synthetic,,generated:143
SYNTH_00143,DEMO_A,P71,,Klebsiella pneumoniae,FICTIONAL_A,2024-12-01,Homo sapiens,synthetic,ciprofloxacin,0.5,=,mg/L,MIC,synthetic,EUCAST,SYNTHETIC_ONLY,unknown,unknown,unknown,synthetic_fixture,synthetic,,generated:143
SYNTH_00143,DEMO_A,P71,,Klebsiella pneumoniae,FICTIONAL_A,2024-12-01,Homo sapiens,synthetic,gentamicin,2.0,=,mg/L,MIC,synthetic,EUCAST,SYNTHETIC_ONLY,unknown,unknown,unknown,synthetic_fixture,synthetic,,generated:143
SYNTH_00143,DEMO_A,P71,,Klebsiella pneumoniae,FICTIONAL_A,2024-12-01,Homo sapiens,synthetic,amikacin,8.0,=,mg/L,MIC,synthetic,EUCAST,SYNTHETIC_ONLY,unknown,unknown,unknown,synthetic_fixture,synthetic,,generated:143
SYNTH_00144,DEMO_A,P72,,Escherichia coli,FICTIONAL_A,2024-01-01,Homo sapiens,synthetic,meropenem,8,=,mg/L,MIC,synthetic,EUCAST,SYNTHETIC_ONLY,R,positive,unknown,synthetic_fixture,synthetic,,generated:144
SYNTH_00144,DEMO_A,P72,,Escherichia coli,FICTIONAL_A,2024-01-01,Homo sapiens,synthetic,cefepime,2.0,=,mg/L,MIC,synthetic,EUCAST,SYNTHETIC_ONLY,unknown,positive,unknown,synthetic_fixture,synthetic,,generated:144
SYNTH_00144,DEMO_A,P72,,Escherichia coli,FICTIONAL_A,2024-01-01,Homo sapiens,synthetic,ceftazidime,4.0,=,mg/L,MIC,synthetic,EUCAST,SYNTHETIC_ONLY,unknown,positive,unknown,synthetic_fixture,synthetic,,generated:144
SYNTH_00144,DEMO_A,P72,,Escherichia coli,FICTIONAL_A,2024-01-01,Homo sapiens,synthetic,ciprofloxacin,4.0,=,mg/L,MIC,synthetic,EUCAST,SYNTHETIC_ONLY,unknown,positive,unknown,synthetic_fixture,synthetic,,generated:144
SYNTH_00144,DEMO_A,P72,,Escherichia coli,FICTIONAL_A,2024-01-01,Homo sapiens,synthetic,gentamicin,8.0,=,mg/L,MIC,synthetic,EUCAST,SYNTHETIC_ONLY,unknown,positive,unknown,synthetic_fixture,synthetic,,generated:144
SYNTH_00144,DEMO_A,P72,,Escherichia coli,FICTIONAL_A,2024-01-01,Homo sapiens,synthetic,amikacin,8.0,=,mg/L,MIC,synthetic,EUCAST,SYNTHETIC_ONLY,unknown,positive,unknown,synthetic_fixture,synthetic,,generated:144
SYNTH_00145,DEMO_A,P72,,Klebsiella pneumoniae,FICTIONAL_A,2024-02-01,Homo sapiens,synthetic,meropenem,8,=,mg/L,MIC,synthetic,EUCAST,SYNTHETIC_ONLY,R,unknown,positive,synthetic_fixture,synthetic,,generated:145
SYNTH_00145,DEMO_A,P72,,Klebsiella pneumoniae,FICTIONAL_A,2024-02-01,Homo sapiens,synthetic,cefepime,1.0,=,mg/L,MIC,synthetic,EUCAST,SYNTHETIC_ONLY,unknown,unknown,positive,synthetic_fixture,synthetic,,generated:145
SYNTH_00145,DEMO_A,P72,,Klebsiella pneumoniae,FICTIONAL_A,2024-02-01,Homo sapiens,synthetic,ceftazidime,4.0,=,mg/L,MIC,synthetic,EUCAST,SYNTHETIC_ONLY,unknown,unknown,positive,synthetic_fixture,synthetic,,generated:145
SYNTH_00145,DEMO_A,P72,,Klebsiella pneumoniae,FICTIONAL_A,2024-02-01,Homo sapiens,synthetic,gentamicin,4.0,=,mg/L,MIC,synthetic,EUCAST,SYNTHETIC_ONLY,unknown,unknown,positive,synthetic_fixture,synthetic,,generated:145
SYNTH_00145,DEMO_A,P72,,Klebsiella pneumoniae,FICTIONAL_A,2024-02-01,Homo sapiens,synthetic,amikacin,2.0,=,mg/L,MIC,synthetic,EUCAST,SYNTHETIC_ONLY,unknown,unknown,positive,synthetic_fixture,synthetic,,generated:145
SYNTH_00146,DEMO_A,P73,,Escherichia coli,FICTIONAL_A,2024-03-01,Homo sapiens,synthetic,meropenem,0.5,=,mg/L,MIC,synthetic,EUCAST,SYNTHETIC_ONLY,S,unknown,unknown,synthetic_fixture,synthetic,,generated:146
SYNTH_00146,DEMO_A,P73,,Escherichia coli,FICTIONAL_A,2024-03-01,Homo sapiens,synthetic,cefepime,1.0,=,mg/L,MIC,synthetic,EUCAST,SYNTHETIC_ONLY,unknown,unknown,unknown,synthetic_fixture,synthetic,,generated:146
SYNTH_00146,DEMO_A,P73,,Escherichia coli,FICTIONAL_A,2024-03-01,Homo sapiens,synthetic,ceftazidime,0.5,=,mg/L,MIC,synthetic,EUCAST,SYNTHETIC_ONLY,unknown,unknown,unknown,synthetic_fixture,synthetic,,generated:146
SYNTH_00146,DEMO_A,P73,,Escherichia coli,FICTIONAL_A,2024-03-01,Homo sapiens,synthetic,ciprofloxacin,2.0,=,mg/L,MIC,synthetic,EUCAST,SYNTHETIC_ONLY,unknown,unknown,unknown,synthetic_fixture,synthetic,,generated:146
SYNTH_00146,DEMO_A,P73,,Escherichia coli,FICTIONAL_A,2024-03-01,Homo sapiens,synthetic,gentamicin,2.0,=,mg/L,MIC,synthetic,EUCAST,SYNTHETIC_ONLY,unknown,unknown,unknown,synthetic_fixture,synthetic,,generated:146
SYNTH_00146,DEMO_A,P73,,Escherichia coli,FICTIONAL_A,2024-03-01,Homo sapiens,synthetic,amikacin,2.0,=,mg/L,MIC,synthetic,EUCAST,SYNTHETIC_ONLY,unknown,unknown,unknown,synthetic_fixture,synthetic,,generated:146
SYNTH_00147,DEMO_A,P73,,Klebsiella pneumoniae,FICTIONAL_A,2024-04-01,Homo sapiens,synthetic,meropenem,8,=,mg/L,MIC,synthetic,EUCAST,SYNTHETIC_ONLY,R,positive,unknown,synthetic_fixture,synthetic,,generated:147
SYNTH_00147,DEMO_A,P73,,Klebsiella pneumoniae,FICTIONAL_A,2024-04-01,Homo sapiens,synthetic,ceftazidime,0.5,=,mg/L,MIC,synthetic,EUCAST,SYNTHETIC_ONLY,unknown,positive,unknown,synthetic_fixture,synthetic,,generated:147
SYNTH_00147,DEMO_A,P73,,Klebsiella pneumoniae,FICTIONAL_A,2024-04-01,Homo sapiens,synthetic,gentamicin,4.0,=,mg/L,MIC,synthetic,EUCAST,SYNTHETIC_ONLY,unknown,positive,unknown,synthetic_fixture,synthetic,,generated:147
SYNTH_00148,DEMO_A,P74,,Escherichia coli,FICTIONAL_A,2024-05-01,Homo sapiens,synthetic,meropenem,0.5,=,mg/L,MIC,synthetic,EUCAST,SYNTHETIC_ONLY,S,unknown,unknown,synthetic_fixture,synthetic,,generated:148
SYNTH_00148,DEMO_A,P74,,Escherichia coli,FICTIONAL_A,2024-05-01,Homo sapiens,synthetic,cefepime,0.5,=,mg/L,MIC,synthetic,EUCAST,SYNTHETIC_ONLY,unknown,unknown,unknown,synthetic_fixture,synthetic,,generated:148
SYNTH_00148,DEMO_A,P74,,Escherichia coli,FICTIONAL_A,2024-05-01,Homo sapiens,synthetic,ceftazidime,0.5,=,mg/L,MIC,synthetic,EUCAST,SYNTHETIC_ONLY,unknown,unknown,unknown,synthetic_fixture,synthetic,,generated:148
SYNTH_00148,DEMO_A,P74,,Escherichia coli,FICTIONAL_A,2024-05-01,Homo sapiens,synthetic,ciprofloxacin,4.0,=,mg/L,MIC,synthetic,EUCAST,SYNTHETIC_ONLY,unknown,unknown,unknown,synthetic_fixture,synthetic,,generated:148
SYNTH_00148,DEMO_A,P74,,Escherichia coli,FICTIONAL_A,2024-05-01,Homo sapiens,synthetic,gentamicin,2.0,=,mg/L,MIC,synthetic,EUCAST,SYNTHETIC_ONLY,unknown,unknown,unknown,synthetic_fixture,synthetic,,generated:148
SYNTH_00148,DEMO_A,P74,,Escherichia coli,FICTIONAL_A,2024-05-01,Homo sapiens,synthetic,amikacin,2.0,=,mg/L,MIC,synthetic,EUCAST,SYNTHETIC_ONLY,unknown,unknown,unknown,synthetic_fixture,synthetic,,generated:148
SYNTH_00149,DEMO_A,P74,,Klebsiella pneumoniae,FICTIONAL_A,2024-06-01,Homo sapiens,synthetic,meropenem,0.5,=,mg/L,MIC,synthetic,EUCAST,SYNTHETIC_ONLY,S,unknown,unknown,synthetic_fixture,synthetic,,generated:149
SYNTH_00149,DEMO_A,P74,,Klebsiella pneumoniae,FICTIONAL_A,2024-06-01,Homo sapiens,synthetic,cefepime,4.0,=,mg/L,MIC,synthetic,EUCAST,SYNTHETIC_ONLY,unknown,unknown,unknown,synthetic_fixture,synthetic,,generated:149
SYNTH_00149,DEMO_A,P74,,Klebsiella pneumoniae,FICTIONAL_A,2024-06-01,Homo sapiens,synthetic,ceftazidime,2.0,=,mg/L,MIC,synthetic,EUCAST,SYNTHETIC_ONLY,unknown,unknown,unknown,synthetic_fixture,synthetic,,generated:149
SYNTH_00149,DEMO_A,P74,,Klebsiella pneumoniae,FICTIONAL_A,2024-06-01,Homo sapiens,synthetic,ciprofloxacin,2.0,=,mg/L,MIC,synthetic,EUCAST,SYNTHETIC_ONLY,unknown,unknown,unknown,synthetic_fixture,synthetic,,generated:149
SYNTH_00149,DEMO_A,P74,,Klebsiella pneumoniae,FICTIONAL_A,2024-06-01,Homo sapiens,synthetic,gentamicin,0.5,=,mg/L,MIC,synthetic,EUCAST,SYNTHETIC_ONLY,unknown,unknown,unknown,synthetic_fixture,synthetic,,generated:149
SYNTH_00149,DEMO_A,P74,,Klebsiella pneumoniae,FICTIONAL_A,2024-06-01,Homo sapiens,synthetic,amikacin,4.0,=,mg/L,MIC,synthetic,EUCAST,SYNTHETIC_ONLY,unknown,unknown,unknown,synthetic_fixture,synthetic,,generated:149
SYNTH_00150,DEMO_A,P75,,Escherichia coli,FICTIONAL_A,2024-07-01,Homo sapiens,synthetic,meropenem,0.5,=,mg/L,MIC,synthetic,EUCAST,SYNTHETIC_ONLY,S,positive,positive,synthetic_fixture,synthetic,,generated:150
SYNTH_00150,DEMO_A,P75,,Escherichia coli,FICTIONAL_A,2024-07-01,Homo sapiens,synthetic,cefepime,0.25,=,mg/L,MIC,synthetic,EUCAST,SYNTHETIC_ONLY,unknown,positive,positive,synthetic_fixture,synthetic,,generated:150
SYNTH_00150,DEMO_A,P75,,Escherichia coli,FICTIONAL_A,2024-07-01,Homo sapiens,synthetic,ceftazidime,0.25,=,mg/L,MIC,synthetic,EUCAST,SYNTHETIC_ONLY,unknown,positive,positive,synthetic_fixture,synthetic,,generated:150
SYNTH_00150,DEMO_A,P75,,Escherichia coli,FICTIONAL_A,2024-07-01,Homo sapiens,synthetic,gentamicin,1.0,=,mg/L,MIC,synthetic,EUCAST,SYNTHETIC_ONLY,unknown,positive,positive,synthetic_fixture,synthetic,,generated:150
SYNTH_00150,DEMO_A,P75,,Escherichia coli,FICTIONAL_A,2024-07-01,Homo sapiens,synthetic,amikacin,8.0,=,mg/L,MIC,synthetic,EUCAST,SYNTHETIC_ONLY,unknown,positive,positive,synthetic_fixture,synthetic,,generated:150
SYNTH_00151,DEMO_A,P75,,Klebsiella pneumoniae,FICTIONAL_A,2024-08-01,Homo sapiens,synthetic,meropenem,0.5,=,mg/L,MIC,synthetic,EUCAST,SYNTHETIC_ONLY,S,unknown,unknown,synthetic_fixture,synthetic,,generated:151
SYNTH_00151,DEMO_A,P75,,Klebsiella pneumoniae,FICTIONAL_A,2024-08-01,Homo sapiens,synthetic,cefepime,1.0,=,mg/L,MIC,synthetic,EUCAST,SYNTHETIC_ONLY,unknown,unknown,unknown,synthetic_fixture,synthetic,,generated:151
SYNTH_00151,DEMO_A,P75,,Klebsiella pneumoniae,FICTIONAL_A,2024-08-01,Homo sapiens,synthetic,ceftazidime,1.0,=,mg/L,MIC,synthetic,EUCAST,SYNTHETIC_ONLY,unknown,unknown,unknown,synthetic_fixture,synthetic,,generated:151
SYNTH_00151,DEMO_A,P75,,Klebsiella pneumoniae,FICTIONAL_A,2024-08-01,Homo sapiens,synthetic,ciprofloxacin,2.0,=,mg/L,MIC,synthetic,EUCAST,SYNTHETIC_ONLY,unknown,unknown,unknown,synthetic_fixture,synthetic,,generated:151
SYNTH_00151,DEMO_A,P75,,Klebsiella pneumoniae,FICTIONAL_A,2024-08-01,Homo sapiens,synthetic,gentamicin,2.0,=,mg/L,MIC,synthetic,EUCAST,SYNTHETIC_ONLY,unknown,unknown,unknown,synthetic_fixture,synthetic,,generated:151
SYNTH_00151,DEMO_A,P75,,Klebsiella pneumoniae,FICTIONAL_A,2024-08-01,Homo sapiens,synthetic,amikacin,2.0,=,mg/L,MIC,synthetic,EUCAST,SYNTHETIC_ONLY,unknown,unknown,unknown,synthetic_fixture,synthetic,,generated:151
SYNTH_00152,DEMO_A,P76,,Escherichia coli,FICTIONAL_A,2024-09-01,Homo sapiens,synthetic,meropenem,0.5,=,mg/L,MIC,synthetic,EUCAST,SYNTHETIC_ONLY,S,unknown,unknown,synthetic_fixture,synthetic,,generated:152
SYNTH_00152,DEMO_A,P76,,Escherichia coli,FICTIONAL_A,2024-09-01,Homo sapiens,synthetic,cefepime,0.5,=,mg/L,MIC,synthetic,EUCAST,SYNTHETIC_ONLY,unknown,unknown,unknown,synthetic_fixture,synthetic,,generated:152
SYNTH_00152,DEMO_A,P76,,Escherichia coli,FICTIONAL_A,2024-09-01,Homo sapiens,synthetic,ceftazidime,2.0,=,mg/L,MIC,synthetic,EUCAST,SYNTHETIC_ONLY,unknown,unknown,unknown,synthetic_fixture,synthetic,,generated:152
SYNTH_00152,DEMO_A,P76,,Escherichia coli,FICTIONAL_A,2024-09-01,Homo sapiens,synthetic,ciprofloxacin,4.0,=,mg/L,MIC,synthetic,EUCAST,SYNTHETIC_ONLY,unknown,unknown,unknown,synthetic_fixture,synthetic,,generated:152
SYNTH_00152,DEMO_A,P76,,Escherichia coli,FICTIONAL_A,2024-09-01,Homo sapiens,synthetic,gentamicin,2.0,=,mg/L,MIC,synthetic,EUCAST,SYNTHETIC_ONLY,unknown,unknown,unknown,synthetic_fixture,synthetic,,generated:152
SYNTH_00152,DEMO_A,P76,,Escherichia coli,FICTIONAL_A,2024-09-01,Homo sapiens,synthetic,amikacin,2.0,=,mg/L,MIC,synthetic,EUCAST,SYNTHETIC_ONLY,unknown,unknown,unknown,synthetic_fixture,synthetic,,generated:152
SYNTH_00153,DEMO_A,P76,,Klebsiella pneumoniae,FICTIONAL_A,2024-10-01,Homo sapiens,synthetic,meropenem,8,=,mg/L,MIC,synthetic,EUCAST,SYNTHETIC_ONLY,R,positive,unknown,synthetic_fixture,synthetic,,generated:153
SYNTH_00153,DEMO_A,P76,,Klebsiella pneumoniae,FICTIONAL_A,2024-10-01,Homo sapiens,synthetic,cefepime,1.0,=,mg/L,MIC,synthetic,EUCAST,SYNTHETIC_ONLY,unknown,positive,unknown,synthetic_fixture,synthetic,,generated:153
SYNTH_00153,DEMO_A,P76,,Klebsiella pneumoniae,FICTIONAL_A,2024-10-01,Homo sapiens,synthetic,ceftazidime,4.0,=,mg/L,MIC,synthetic,EUCAST,SYNTHETIC_ONLY,unknown,positive,unknown,synthetic_fixture,synthetic,,generated:153
SYNTH_00153,DEMO_A,P76,,Klebsiella pneumoniae,FICTIONAL_A,2024-10-01,Homo sapiens,synthetic,ciprofloxacin,8.0,=,mg/L,MIC,synthetic,EUCAST,SYNTHETIC_ONLY,unknown,positive,unknown,synthetic_fixture,synthetic,,generated:153
SYNTH_00153,DEMO_A,P76,,Klebsiella pneumoniae,FICTIONAL_A,2024-10-01,Homo sapiens,synthetic,gentamicin,2.0,=,mg/L,MIC,synthetic,EUCAST,SYNTHETIC_ONLY,unknown,positive,unknown,synthetic_fixture,synthetic,,generated:153
SYNTH_00153,DEMO_A,P76,,Klebsiella pneumoniae,FICTIONAL_A,2024-10-01,Homo sapiens,synthetic,amikacin,2.0,=,mg/L,MIC,synthetic,EUCAST,SYNTHETIC_ONLY,unknown,positive,unknown,synthetic_fixture,synthetic,,generated:153
SYNTH_00154,DEMO_A,P77,,Escherichia coli,FICTIONAL_A,2024-11-01,Homo sapiens,synthetic,meropenem,0.5,=,mg/L,MIC,synthetic,EUCAST,SYNTHETIC_ONLY,S,unknown,unknown,synthetic_fixture,synthetic,,generated:154
SYNTH_00154,DEMO_A,P77,,Escherichia coli,FICTIONAL_A,2024-11-01,Homo sapiens,synthetic,ceftazidime,1.0,=,mg/L,MIC,synthetic,EUCAST,SYNTHETIC_ONLY,unknown,unknown,unknown,synthetic_fixture,synthetic,,generated:154
SYNTH_00154,DEMO_A,P77,,Escherichia coli,FICTIONAL_A,2024-11-01,Homo sapiens,synthetic,gentamicin,1.0,=,mg/L,MIC,synthetic,EUCAST,SYNTHETIC_ONLY,unknown,unknown,unknown,synthetic_fixture,synthetic,,generated:154
SYNTH_00154,DEMO_A,P77,,Escherichia coli,FICTIONAL_A,2024-11-01,Homo sapiens,synthetic,amikacin,2.0,=,mg/L,MIC,synthetic,EUCAST,SYNTHETIC_ONLY,unknown,unknown,unknown,synthetic_fixture,synthetic,,generated:154
SYNTH_00155,DEMO_A,P77,,Klebsiella pneumoniae,FICTIONAL_A,2024-12-01,Homo sapiens,synthetic,meropenem,0.5,=,mg/L,MIC,synthetic,EUCAST,SYNTHETIC_ONLY,S,unknown,positive,synthetic_fixture,synthetic,,generated:155
SYNTH_00155,DEMO_A,P77,,Klebsiella pneumoniae,FICTIONAL_A,2024-12-01,Homo sapiens,synthetic,cefepime,2.0,=,mg/L,MIC,synthetic,EUCAST,SYNTHETIC_ONLY,unknown,unknown,positive,synthetic_fixture,synthetic,,generated:155
SYNTH_00155,DEMO_A,P77,,Klebsiella pneumoniae,FICTIONAL_A,2024-12-01,Homo sapiens,synthetic,ceftazidime,0.5,=,mg/L,MIC,synthetic,EUCAST,SYNTHETIC_ONLY,unknown,unknown,positive,synthetic_fixture,synthetic,,generated:155
SYNTH_00155,DEMO_A,P77,,Klebsiella pneumoniae,FICTIONAL_A,2024-12-01,Homo sapiens,synthetic,ciprofloxacin,1.0,=,mg/L,MIC,synthetic,EUCAST,SYNTHETIC_ONLY,unknown,unknown,positive,synthetic_fixture,synthetic,,generated:155
SYNTH_00155,DEMO_A,P77,,Klebsiella pneumoniae,FICTIONAL_A,2024-12-01,Homo sapiens,synthetic,gentamicin,4.0,=,mg/L,MIC,synthetic,EUCAST,SYNTHETIC_ONLY,unknown,unknown,positive,synthetic_fixture,synthetic,,generated:155
SYNTH_00155,DEMO_A,P77,,Klebsiella pneumoniae,FICTIONAL_A,2024-12-01,Homo sapiens,synthetic,amikacin,1.0,=,mg/L,MIC,synthetic,EUCAST,SYNTHETIC_ONLY,unknown,unknown,positive,synthetic_fixture,synthetic,,generated:155
SYNTH_00156,DEMO_A,P78,,Escherichia coli,FICTIONAL_A,2024-01-01,Homo sapiens,synthetic,meropenem,0.5,=,mg/L,MIC,synthetic,EUCAST,SYNTHETIC_ONLY,S,positive,unknown,synthetic_fixture,synthetic,,generated:156
SYNTH_00156,DEMO_A,P78,,Escherichia coli,FICTIONAL_A,2024-01-01,Homo sapiens,synthetic,cefepime,1.0,=,mg/L,MIC,synthetic,EUCAST,SYNTHETIC_ONLY,unknown,positive,unknown,synthetic_fixture,synthetic,,generated:156
SYNTH_00156,DEMO_A,P78,,Escherichia coli,FICTIONAL_A,2024-01-01,Homo sapiens,synthetic,ceftazidime,1.0,=,mg/L,MIC,synthetic,EUCAST,SYNTHETIC_ONLY,unknown,positive,unknown,synthetic_fixture,synthetic,,generated:156
SYNTH_00156,DEMO_A,P78,,Escherichia coli,FICTIONAL_A,2024-01-01,Homo sapiens,synthetic,ciprofloxacin,0.5,=,mg/L,MIC,synthetic,EUCAST,SYNTHETIC_ONLY,unknown,positive,unknown,synthetic_fixture,synthetic,,generated:156
SYNTH_00156,DEMO_A,P78,,Escherichia coli,FICTIONAL_A,2024-01-01,Homo sapiens,synthetic,amikacin,2.0,=,mg/L,MIC,synthetic,EUCAST,SYNTHETIC_ONLY,unknown,positive,unknown,synthetic_fixture,synthetic,,generated:156
SYNTH_00157,DEMO_A,P78,,Klebsiella pneumoniae,FICTIONAL_A,2024-02-01,Homo sapiens,synthetic,meropenem,0.5,=,mg/L,MIC,synthetic,EUCAST,SYNTHETIC_ONLY,S,unknown,unknown,synthetic_fixture,synthetic,,generated:157
SYNTH_00157,DEMO_A,P78,,Klebsiella pneumoniae,FICTIONAL_A,2024-02-01,Homo sapiens,synthetic,cefepime,0.25,=,mg/L,MIC,synthetic,EUCAST,SYNTHETIC_ONLY,unknown,unknown,unknown,synthetic_fixture,synthetic,,generated:157
SYNTH_00157,DEMO_A,P78,,Klebsiella pneumoniae,FICTIONAL_A,2024-02-01,Homo sapiens,synthetic,ceftazidime,0.25,=,mg/L,MIC,synthetic,EUCAST,SYNTHETIC_ONLY,unknown,unknown,unknown,synthetic_fixture,synthetic,,generated:157
SYNTH_00157,DEMO_A,P78,,Klebsiella pneumoniae,FICTIONAL_A,2024-02-01,Homo sapiens,synthetic,ciprofloxacin,1.0,=,mg/L,MIC,synthetic,EUCAST,SYNTHETIC_ONLY,unknown,unknown,unknown,synthetic_fixture,synthetic,,generated:157
SYNTH_00157,DEMO_A,P78,,Klebsiella pneumoniae,FICTIONAL_A,2024-02-01,Homo sapiens,synthetic,gentamicin,1.0,=,mg/L,MIC,synthetic,EUCAST,SYNTHETIC_ONLY,unknown,unknown,unknown,synthetic_fixture,synthetic,,generated:157
SYNTH_00157,DEMO_A,P78,,Klebsiella pneumoniae,FICTIONAL_A,2024-02-01,Homo sapiens,synthetic,amikacin,0.5,=,mg/L,MIC,synthetic,EUCAST,SYNTHETIC_ONLY,unknown,unknown,unknown,synthetic_fixture,synthetic,,generated:157
SYNTH_00158,DEMO_A,P79,,Escherichia coli,FICTIONAL_A,2024-03-01,Homo sapiens,synthetic,meropenem,8,=,mg/L,MIC,synthetic,EUCAST,SYNTHETIC_ONLY,R,unknown,unknown,synthetic_fixture,synthetic,,generated:158
SYNTH_00158,DEMO_A,P79,,Escherichia coli,FICTIONAL_A,2024-03-01,Homo sapiens,synthetic,cefepime,2.0,=,mg/L,MIC,synthetic,EUCAST,SYNTHETIC_ONLY,unknown,unknown,unknown,synthetic_fixture,synthetic,,generated:158
SYNTH_00158,DEMO_A,P79,,Escherichia coli,FICTIONAL_A,2024-03-01,Homo sapiens,synthetic,ceftazidime,0.5,=,mg/L,MIC,synthetic,EUCAST,SYNTHETIC_ONLY,unknown,unknown,unknown,synthetic_fixture,synthetic,,generated:158
SYNTH_00158,DEMO_A,P79,,Escherichia coli,FICTIONAL_A,2024-03-01,Homo sapiens,synthetic,ciprofloxacin,2.0,=,mg/L,MIC,synthetic,EUCAST,SYNTHETIC_ONLY,unknown,unknown,unknown,synthetic_fixture,synthetic,,generated:158
SYNTH_00158,DEMO_A,P79,,Escherichia coli,FICTIONAL_A,2024-03-01,Homo sapiens,synthetic,gentamicin,2.0,=,mg/L,MIC,synthetic,EUCAST,SYNTHETIC_ONLY,unknown,unknown,unknown,synthetic_fixture,synthetic,,generated:158
SYNTH_00158,DEMO_A,P79,,Escherichia coli,FICTIONAL_A,2024-03-01,Homo sapiens,synthetic,amikacin,8.0,=,mg/L,MIC,synthetic,EUCAST,SYNTHETIC_ONLY,unknown,unknown,unknown,synthetic_fixture,synthetic,,generated:158
SYNTH_00159,DEMO_A,P79,,Klebsiella pneumoniae,FICTIONAL_A,2024-04-01,Homo sapiens,synthetic,meropenem,8,=,mg/L,MIC,synthetic,EUCAST,SYNTHETIC_ONLY,R,positive,unknown,synthetic_fixture,synthetic,,generated:159
SYNTH_00159,DEMO_A,P79,,Klebsiella pneumoniae,FICTIONAL_A,2024-04-01,Homo sapiens,synthetic,cefepime,2.0,=,mg/L,MIC,synthetic,EUCAST,SYNTHETIC_ONLY,unknown,positive,unknown,synthetic_fixture,synthetic,,generated:159
SYNTH_00159,DEMO_A,P79,,Klebsiella pneumoniae,FICTIONAL_A,2024-04-01,Homo sapiens,synthetic,ceftazidime,4.0,=,mg/L,MIC,synthetic,EUCAST,SYNTHETIC_ONLY,unknown,positive,unknown,synthetic_fixture,synthetic,,generated:159
SYNTH_00159,DEMO_A,P79,,Klebsiella pneumoniae,FICTIONAL_A,2024-04-01,Homo sapiens,synthetic,ciprofloxacin,4.0,=,mg/L,MIC,synthetic,EUCAST,SYNTHETIC_ONLY,unknown,positive,unknown,synthetic_fixture,synthetic,,generated:159
SYNTH_00159,DEMO_A,P79,,Klebsiella pneumoniae,FICTIONAL_A,2024-04-01,Homo sapiens,synthetic,gentamicin,8.0,=,mg/L,MIC,synthetic,EUCAST,SYNTHETIC_ONLY,unknown,positive,unknown,synthetic_fixture,synthetic,,generated:159
SYNTH_00159,DEMO_A,P79,,Klebsiella pneumoniae,FICTIONAL_A,2024-04-01,Homo sapiens,synthetic,amikacin,4.0,=,mg/L,MIC,synthetic,EUCAST,SYNTHETIC_ONLY,unknown,positive,unknown,synthetic_fixture,synthetic,,generated:159
SYNTH_00160,DEMO_A,P80,,Escherichia coli,FICTIONAL_A,2024-05-01,Homo sapiens,synthetic,meropenem,8,=,mg/L,MIC,synthetic,EUCAST,SYNTHETIC_ONLY,R,unknown,positive,synthetic_fixture,synthetic,,generated:160
SYNTH_00160,DEMO_A,P80,,Escherichia coli,FICTIONAL_A,2024-05-01,Homo sapiens,synthetic,cefepime,2.0,=,mg/L,MIC,synthetic,EUCAST,SYNTHETIC_ONLY,unknown,unknown,positive,synthetic_fixture,synthetic,,generated:160
SYNTH_00160,DEMO_A,P80,,Escherichia coli,FICTIONAL_A,2024-05-01,Homo sapiens,synthetic,ceftazidime,2.0,=,mg/L,MIC,synthetic,EUCAST,SYNTHETIC_ONLY,unknown,unknown,positive,synthetic_fixture,synthetic,,generated:160
SYNTH_00160,DEMO_A,P80,,Escherichia coli,FICTIONAL_A,2024-05-01,Homo sapiens,synthetic,ciprofloxacin,2.0,=,mg/L,MIC,synthetic,EUCAST,SYNTHETIC_ONLY,unknown,unknown,positive,synthetic_fixture,synthetic,,generated:160
SYNTH_00160,DEMO_A,P80,,Escherichia coli,FICTIONAL_A,2024-05-01,Homo sapiens,synthetic,gentamicin,2.0,=,mg/L,MIC,synthetic,EUCAST,SYNTHETIC_ONLY,unknown,unknown,positive,synthetic_fixture,synthetic,,generated:160
SYNTH_00160,DEMO_A,P80,,Escherichia coli,FICTIONAL_A,2024-05-01,Homo sapiens,synthetic,amikacin,4.0,=,mg/L,MIC,synthetic,EUCAST,SYNTHETIC_ONLY,unknown,unknown,positive,synthetic_fixture,synthetic,,generated:160
SYNTH_00161,DEMO_A,P80,,Klebsiella pneumoniae,FICTIONAL_A,2024-06-01,Homo sapiens,synthetic,meropenem,0.5,=,mg/L,MIC,synthetic,EUCAST,SYNTHETIC_ONLY,S,unknown,unknown,synthetic_fixture,synthetic,,generated:161
SYNTH_00161,DEMO_A,P80,,Klebsiella pneumoniae,FICTIONAL_A,2024-06-01,Homo sapiens,synthetic,cefepime,0.5,=,mg/L,MIC,synthetic,EUCAST,SYNTHETIC_ONLY,unknown,unknown,unknown,synthetic_fixture,synthetic,,generated:161
SYNTH_00161,DEMO_A,P80,,Klebsiella pneumoniae,FICTIONAL_A,2024-06-01,Homo sapiens,synthetic,ceftazidime,1.0,=,mg/L,MIC,synthetic,EUCAST,SYNTHETIC_ONLY,unknown,unknown,unknown,synthetic_fixture,synthetic,,generated:161
SYNTH_00161,DEMO_A,P80,,Klebsiella pneumoniae,FICTIONAL_A,2024-06-01,Homo sapiens,synthetic,gentamicin,2.0,=,mg/L,MIC,synthetic,EUCAST,SYNTHETIC_ONLY,unknown,unknown,unknown,synthetic_fixture,synthetic,,generated:161
SYNTH_00161,DEMO_A,P80,,Klebsiella pneumoniae,FICTIONAL_A,2024-06-01,Homo sapiens,synthetic,amikacin,4.0,=,mg/L,MIC,synthetic,EUCAST,SYNTHETIC_ONLY,unknown,unknown,unknown,synthetic_fixture,synthetic,,generated:161
SYNTH_00162,DEMO_A,P81,,Escherichia coli,FICTIONAL_A,2024-07-01,Homo sapiens,synthetic,meropenem,8,=,mg/L,MIC,synthetic,EUCAST,SYNTHETIC_ONLY,R,positive,unknown,synthetic_fixture,synthetic,,generated:162
SYNTH_00162,DEMO_A,P81,,Escherichia coli,FICTIONAL_A,2024-07-01,Homo sapiens,synthetic,cefepime,2.0,=,mg/L,MIC,synthetic,EUCAST,SYNTHETIC_ONLY,unknown,positive,unknown,synthetic_fixture,synthetic,,generated:162
SYNTH_00162,DEMO_A,P81,,Escherichia coli,FICTIONAL_A,2024-07-01,Homo sapiens,synthetic,ceftazidime,2.0,=,mg/L,MIC,synthetic,EUCAST,SYNTHETIC_ONLY,unknown,positive,unknown,synthetic_fixture,synthetic,,generated:162
SYNTH_00162,DEMO_A,P81,,Escherichia coli,FICTIONAL_A,2024-07-01,Homo sapiens,synthetic,ciprofloxacin,4.0,=,mg/L,MIC,synthetic,EUCAST,SYNTHETIC_ONLY,unknown,positive,unknown,synthetic_fixture,synthetic,,generated:162
SYNTH_00162,DEMO_A,P81,,Escherichia coli,FICTIONAL_A,2024-07-01,Homo sapiens,synthetic,gentamicin,8.0,=,mg/L,MIC,synthetic,EUCAST,SYNTHETIC_ONLY,unknown,positive,unknown,synthetic_fixture,synthetic,,generated:162
SYNTH_00162,DEMO_A,P81,,Escherichia coli,FICTIONAL_A,2024-07-01,Homo sapiens,synthetic,amikacin,8.0,=,mg/L,MIC,synthetic,EUCAST,SYNTHETIC_ONLY,unknown,positive,unknown,synthetic_fixture,synthetic,,generated:162
SYNTH_00163,DEMO_A,P81,,Klebsiella pneumoniae,FICTIONAL_A,2024-08-01,Homo sapiens,synthetic,meropenem,0.5,=,mg/L,MIC,synthetic,EUCAST,SYNTHETIC_ONLY,S,unknown,unknown,synthetic_fixture,synthetic,,generated:163
SYNTH_00163,DEMO_A,P81,,Klebsiella pneumoniae,FICTIONAL_A,2024-08-01,Homo sapiens,synthetic,cefepime,1.0,=,mg/L,MIC,synthetic,EUCAST,SYNTHETIC_ONLY,unknown,unknown,unknown,synthetic_fixture,synthetic,,generated:163
SYNTH_00163,DEMO_A,P81,,Klebsiella pneumoniae,FICTIONAL_A,2024-08-01,Homo sapiens,synthetic,ceftazidime,4.0,=,mg/L,MIC,synthetic,EUCAST,SYNTHETIC_ONLY,unknown,unknown,unknown,synthetic_fixture,synthetic,,generated:163
SYNTH_00163,DEMO_A,P81,,Klebsiella pneumoniae,FICTIONAL_A,2024-08-01,Homo sapiens,synthetic,ciprofloxacin,2.0,=,mg/L,MIC,synthetic,EUCAST,SYNTHETIC_ONLY,unknown,unknown,unknown,synthetic_fixture,synthetic,,generated:163
SYNTH_00163,DEMO_A,P81,,Klebsiella pneumoniae,FICTIONAL_A,2024-08-01,Homo sapiens,synthetic,gentamicin,2.0,=,mg/L,MIC,synthetic,EUCAST,SYNTHETIC_ONLY,unknown,unknown,unknown,synthetic_fixture,synthetic,,generated:163
SYNTH_00163,DEMO_A,P81,,Klebsiella pneumoniae,FICTIONAL_A,2024-08-01,Homo sapiens,synthetic,amikacin,8.0,=,mg/L,MIC,synthetic,EUCAST,SYNTHETIC_ONLY,unknown,unknown,unknown,synthetic_fixture,synthetic,,generated:163
SYNTH_00164,DEMO_A,P82,,Escherichia coli,FICTIONAL_A,2024-09-01,Homo sapiens,synthetic,meropenem,8,=,mg/L,MIC,synthetic,EUCAST,SYNTHETIC_ONLY,R,unknown,unknown,synthetic_fixture,synthetic,,generated:164
SYNTH_00164,DEMO_A,P82,,Escherichia coli,FICTIONAL_A,2024-09-01,Homo sapiens,synthetic,cefepime,8.0,=,mg/L,MIC,synthetic,EUCAST,SYNTHETIC_ONLY,unknown,unknown,unknown,synthetic_fixture,synthetic,,generated:164
SYNTH_00164,DEMO_A,P82,,Escherichia coli,FICTIONAL_A,2024-09-01,Homo sapiens,synthetic,ceftazidime,4.0,=,mg/L,MIC,synthetic,EUCAST,SYNTHETIC_ONLY,unknown,unknown,unknown,synthetic_fixture,synthetic,,generated:164
SYNTH_00164,DEMO_A,P82,,Escherichia coli,FICTIONAL_A,2024-09-01,Homo sapiens,synthetic,gentamicin,8.0,=,mg/L,MIC,synthetic,EUCAST,SYNTHETIC_ONLY,unknown,unknown,unknown,synthetic_fixture,synthetic,,generated:164
SYNTH_00164,DEMO_A,P82,,Escherichia coli,FICTIONAL_A,2024-09-01,Homo sapiens,synthetic,amikacin,8.0,=,mg/L,MIC,synthetic,EUCAST,SYNTHETIC_ONLY,unknown,unknown,unknown,synthetic_fixture,synthetic,,generated:164
SYNTH_00165,DEMO_A,P82,,Klebsiella pneumoniae,FICTIONAL_A,2024-10-01,Homo sapiens,synthetic,meropenem,0.5,=,mg/L,MIC,synthetic,EUCAST,SYNTHETIC_ONLY,S,positive,positive,synthetic_fixture,synthetic,,generated:165
SYNTH_00165,DEMO_A,P82,,Klebsiella pneumoniae,FICTIONAL_A,2024-10-01,Homo sapiens,synthetic,cefepime,0.25,=,mg/L,MIC,synthetic,EUCAST,SYNTHETIC_ONLY,unknown,positive,positive,synthetic_fixture,synthetic,,generated:165
SYNTH_00165,DEMO_A,P82,,Klebsiella pneumoniae,FICTIONAL_A,2024-10-01,Homo sapiens,synthetic,ceftazidime,0.125,=,mg/L,MIC,synthetic,EUCAST,SYNTHETIC_ONLY,unknown,positive,positive,synthetic_fixture,synthetic,,generated:165
SYNTH_00165,DEMO_A,P82,,Klebsiella pneumoniae,FICTIONAL_A,2024-10-01,Homo sapiens,synthetic,gentamicin,0.5,=,mg/L,MIC,synthetic,EUCAST,SYNTHETIC_ONLY,unknown,positive,positive,synthetic_fixture,synthetic,,generated:165
SYNTH_00165,DEMO_A,P82,,Klebsiella pneumoniae,FICTIONAL_A,2024-10-01,Homo sapiens,synthetic,amikacin,2.0,=,mg/L,MIC,synthetic,EUCAST,SYNTHETIC_ONLY,unknown,positive,positive,synthetic_fixture,synthetic,,generated:165
SYNTH_00166,DEMO_A,P83,,Escherichia coli,FICTIONAL_A,2024-11-01,Homo sapiens,synthetic,meropenem,0.5,=,mg/L,MIC,synthetic,EUCAST,SYNTHETIC_ONLY,S,unknown,unknown,synthetic_fixture,synthetic,,generated:166
SYNTH_00166,DEMO_A,P83,,Escherichia coli,FICTIONAL_A,2024-11-01,Homo sapiens,synthetic,cefepime,1.0,=,mg/L,MIC,synthetic,EUCAST,SYNTHETIC_ONLY,unknown,unknown,unknown,synthetic_fixture,synthetic,,generated:166
SYNTH_00166,DEMO_A,P83,,Escherichia coli,FICTIONAL_A,2024-11-01,Homo sapiens,synthetic,ciprofloxacin,0.5,=,mg/L,MIC,synthetic,EUCAST,SYNTHETIC_ONLY,unknown,unknown,unknown,synthetic_fixture,synthetic,,generated:166
SYNTH_00166,DEMO_A,P83,,Escherichia coli,FICTIONAL_A,2024-11-01,Homo sapiens,synthetic,amikacin,2.0,=,mg/L,MIC,synthetic,EUCAST,SYNTHETIC_ONLY,unknown,unknown,unknown,synthetic_fixture,synthetic,,generated:166
SYNTH_00167,DEMO_A,P83,,Klebsiella pneumoniae,FICTIONAL_A,2024-12-01,Homo sapiens,synthetic,meropenem,0.5,=,mg/L,MIC,synthetic,EUCAST,SYNTHETIC_ONLY,S,unknown,unknown,synthetic_fixture,synthetic,,generated:167
SYNTH_00167,DEMO_A,P83,,Klebsiella pneumoniae,FICTIONAL_A,2024-12-01,Homo sapiens,synthetic,cefepime,2.0,=,mg/L,MIC,synthetic,EUCAST,SYNTHETIC_ONLY,unknown,unknown,unknown,synthetic_fixture,synthetic,,generated:167
SYNTH_00167,DEMO_A,P83,,Klebsiella pneumoniae,FICTIONAL_A,2024-12-01,Homo sapiens,synthetic,ceftazidime,4.0,=,mg/L,MIC,synthetic,EUCAST,SYNTHETIC_ONLY,unknown,unknown,unknown,synthetic_fixture,synthetic,,generated:167
SYNTH_00167,DEMO_A,P83,,Klebsiella pneumoniae,FICTIONAL_A,2024-12-01,Homo sapiens,synthetic,ciprofloxacin,2.0,=,mg/L,MIC,synthetic,EUCAST,SYNTHETIC_ONLY,unknown,unknown,unknown,synthetic_fixture,synthetic,,generated:167
SYNTH_00167,DEMO_A,P83,,Klebsiella pneumoniae,FICTIONAL_A,2024-12-01,Homo sapiens,synthetic,gentamicin,2.0,=,mg/L,MIC,synthetic,EUCAST,SYNTHETIC_ONLY,unknown,unknown,unknown,synthetic_fixture,synthetic,,generated:167
SYNTH_00167,DEMO_A,P83,,Klebsiella pneumoniae,FICTIONAL_A,2024-12-01,Homo sapiens,synthetic,amikacin,2.0,=,mg/L,MIC,synthetic,EUCAST,SYNTHETIC_ONLY,unknown,unknown,unknown,synthetic_fixture,synthetic,,generated:167
SYNTH_00168,DEMO_B,P84,,Escherichia coli,FICTIONAL_B,2024-01-01,Homo sapiens,synthetic,meropenem,0.5,=,mg/L,MIC,synthetic,EUCAST,SYNTHETIC_ONLY,S,positive,unknown,synthetic_fixture,synthetic,,generated:168
SYNTH_00168,DEMO_B,P84,,Escherichia coli,FICTIONAL_B,2024-01-01,Homo sapiens,synthetic,cefepime,2.0,=,mg/L,MIC,synthetic,EUCAST,SYNTHETIC_ONLY,unknown,positive,unknown,synthetic_fixture,synthetic,,generated:168
SYNTH_00168,DEMO_B,P84,,Escherichia coli,FICTIONAL_B,2024-01-01,Homo sapiens,synthetic,ceftazidime,2.0,=,mg/L,MIC,synthetic,EUCAST,SYNTHETIC_ONLY,unknown,positive,unknown,synthetic_fixture,synthetic,,generated:168
SYNTH_00168,DEMO_B,P84,,Escherichia coli,FICTIONAL_B,2024-01-01,Homo sapiens,synthetic,ciprofloxacin,8.0,=,mg/L,MIC,synthetic,EUCAST,SYNTHETIC_ONLY,unknown,positive,unknown,synthetic_fixture,synthetic,,generated:168
SYNTH_00168,DEMO_B,P84,,Escherichia coli,FICTIONAL_B,2024-01-01,Homo sapiens,synthetic,gentamicin,1.0,=,mg/L,MIC,synthetic,EUCAST,SYNTHETIC_ONLY,unknown,positive,unknown,synthetic_fixture,synthetic,,generated:168
SYNTH_00168,DEMO_B,P84,,Escherichia coli,FICTIONAL_B,2024-01-01,Homo sapiens,synthetic,amikacin,4.0,=,mg/L,MIC,synthetic,EUCAST,SYNTHETIC_ONLY,unknown,positive,unknown,synthetic_fixture,synthetic,,generated:168
SYNTH_00169,DEMO_B,P84,,Klebsiella pneumoniae,FICTIONAL_B,2024-02-01,Homo sapiens,synthetic,meropenem,8,=,mg/L,MIC,synthetic,EUCAST,SYNTHETIC_ONLY,R,unknown,unknown,synthetic_fixture,synthetic,,generated:169
SYNTH_00169,DEMO_B,P84,,Klebsiella pneumoniae,FICTIONAL_B,2024-02-01,Homo sapiens,synthetic,cefepime,2.0,=,mg/L,MIC,synthetic,EUCAST,SYNTHETIC_ONLY,unknown,unknown,unknown,synthetic_fixture,synthetic,,generated:169
SYNTH_00169,DEMO_B,P84,,Klebsiella pneumoniae,FICTIONAL_B,2024-02-01,Homo sapiens,synthetic,ceftazidime,2.0,=,mg/L,MIC,synthetic,EUCAST,SYNTHETIC_ONLY,unknown,unknown,unknown,synthetic_fixture,synthetic,,generated:169
SYNTH_00169,DEMO_B,P84,,Klebsiella pneumoniae,FICTIONAL_B,2024-02-01,Homo sapiens,synthetic,ciprofloxacin,2.0,=,mg/L,MIC,synthetic,EUCAST,SYNTHETIC_ONLY,unknown,unknown,unknown,synthetic_fixture,synthetic,,generated:169
SYNTH_00169,DEMO_B,P84,,Klebsiella pneumoniae,FICTIONAL_B,2024-02-01,Homo sapiens,synthetic,gentamicin,2.0,=,mg/L,MIC,synthetic,EUCAST,SYNTHETIC_ONLY,unknown,unknown,unknown,synthetic_fixture,synthetic,,generated:169
SYNTH_00169,DEMO_B,P84,,Klebsiella pneumoniae,FICTIONAL_B,2024-02-01,Homo sapiens,synthetic,amikacin,4.0,=,mg/L,MIC,synthetic,EUCAST,SYNTHETIC_ONLY,unknown,unknown,unknown,synthetic_fixture,synthetic,,generated:169
SYNTH_00170,DEMO_B,P85,,Escherichia coli,FICTIONAL_B,2024-03-01,Homo sapiens,synthetic,meropenem,0.5,=,mg/L,MIC,synthetic,EUCAST,SYNTHETIC_ONLY,S,unknown,positive,synthetic_fixture,synthetic,,generated:170
SYNTH_00170,DEMO_B,P85,,Escherichia coli,FICTIONAL_B,2024-03-01,Homo sapiens,synthetic,cefepime,0.125,=,mg/L,MIC,synthetic,EUCAST,SYNTHETIC_ONLY,unknown,unknown,positive,synthetic_fixture,synthetic,,generated:170
SYNTH_00170,DEMO_B,P85,,Escherichia coli,FICTIONAL_B,2024-03-01,Homo sapiens,synthetic,ceftazidime,0.5,=,mg/L,MIC,synthetic,EUCAST,SYNTHETIC_ONLY,unknown,unknown,positive,synthetic_fixture,synthetic,,generated:170
SYNTH_00170,DEMO_B,P85,,Escherichia coli,FICTIONAL_B,2024-03-01,Homo sapiens,synthetic,ciprofloxacin,0.25,=,mg/L,MIC,synthetic,EUCAST,SYNTHETIC_ONLY,unknown,unknown,positive,synthetic_fixture,synthetic,,generated:170
SYNTH_00170,DEMO_B,P85,,Escherichia coli,FICTIONAL_B,2024-03-01,Homo sapiens,synthetic,gentamicin,1.0,=,mg/L,MIC,synthetic,EUCAST,SYNTHETIC_ONLY,unknown,unknown,positive,synthetic_fixture,synthetic,,generated:170
SYNTH_00170,DEMO_B,P85,,Escherichia coli,FICTIONAL_B,2024-03-01,Homo sapiens,synthetic,amikacin,4.0,=,mg/L,MIC,synthetic,EUCAST,SYNTHETIC_ONLY,unknown,unknown,positive,synthetic_fixture,synthetic,,generated:170
SYNTH_00171,DEMO_B,P85,,Klebsiella pneumoniae,FICTIONAL_B,2024-04-01,Homo sapiens,synthetic,meropenem,0.5,=,mg/L,MIC,synthetic,EUCAST,SYNTHETIC_ONLY,S,positive,unknown,synthetic_fixture,synthetic,,generated:171
SYNTH_00171,DEMO_B,P85,,Klebsiella pneumoniae,FICTIONAL_B,2024-04-01,Homo sapiens,synthetic,cefepime,0.5,=,mg/L,MIC,synthetic,EUCAST,SYNTHETIC_ONLY,unknown,positive,unknown,synthetic_fixture,synthetic,,generated:171
SYNTH_00171,DEMO_B,P85,,Klebsiella pneumoniae,FICTIONAL_B,2024-04-01,Homo sapiens,synthetic,ceftazidime,0.5,=,mg/L,MIC,synthetic,EUCAST,SYNTHETIC_ONLY,unknown,positive,unknown,synthetic_fixture,synthetic,,generated:171
SYNTH_00171,DEMO_B,P85,,Klebsiella pneumoniae,FICTIONAL_B,2024-04-01,Homo sapiens,synthetic,ciprofloxacin,0.5,=,mg/L,MIC,synthetic,EUCAST,SYNTHETIC_ONLY,unknown,positive,unknown,synthetic_fixture,synthetic,,generated:171
SYNTH_00171,DEMO_B,P85,,Klebsiella pneumoniae,FICTIONAL_B,2024-04-01,Homo sapiens,synthetic,amikacin,2.0,=,mg/L,MIC,synthetic,EUCAST,SYNTHETIC_ONLY,unknown,positive,unknown,synthetic_fixture,synthetic,,generated:171
SYNTH_00172,DEMO_B,P86,,Escherichia coli,FICTIONAL_B,2024-05-01,Homo sapiens,synthetic,meropenem,0.5,=,mg/L,MIC,synthetic,EUCAST,SYNTHETIC_ONLY,S,unknown,unknown,synthetic_fixture,synthetic,,generated:172
SYNTH_00172,DEMO_B,P86,,Escherichia coli,FICTIONAL_B,2024-05-01,Homo sapiens,synthetic,cefepime,0.5,=,mg/L,MIC,synthetic,EUCAST,SYNTHETIC_ONLY,unknown,unknown,unknown,synthetic_fixture,synthetic,,generated:172
SYNTH_00172,DEMO_B,P86,,Escherichia coli,FICTIONAL_B,2024-05-01,Homo sapiens,synthetic,ciprofloxacin,0.5,=,mg/L,MIC,synthetic,EUCAST,SYNTHETIC_ONLY,unknown,unknown,unknown,synthetic_fixture,synthetic,,generated:172
SYNTH_00172,DEMO_B,P86,,Escherichia coli,FICTIONAL_B,2024-05-01,Homo sapiens,synthetic,gentamicin,0.5,=,mg/L,MIC,synthetic,EUCAST,SYNTHETIC_ONLY,unknown,unknown,unknown,synthetic_fixture,synthetic,,generated:172
SYNTH_00173,DEMO_B,P86,,Klebsiella pneumoniae,FICTIONAL_B,2024-06-01,Homo sapiens,synthetic,meropenem,8,=,mg/L,MIC,synthetic,EUCAST,SYNTHETIC_ONLY,R,unknown,unknown,synthetic_fixture,synthetic,,generated:173
SYNTH_00173,DEMO_B,P86,,Klebsiella pneumoniae,FICTIONAL_B,2024-06-01,Homo sapiens,synthetic,cefepime,2.0,=,mg/L,MIC,synthetic,EUCAST,SYNTHETIC_ONLY,unknown,unknown,unknown,synthetic_fixture,synthetic,,generated:173
SYNTH_00173,DEMO_B,P86,,Klebsiella pneumoniae,FICTIONAL_B,2024-06-01,Homo sapiens,synthetic,ceftazidime,4.0,=,mg/L,MIC,synthetic,EUCAST,SYNTHETIC_ONLY,unknown,unknown,unknown,synthetic_fixture,synthetic,,generated:173
SYNTH_00173,DEMO_B,P86,,Klebsiella pneumoniae,FICTIONAL_B,2024-06-01,Homo sapiens,synthetic,ciprofloxacin,4.0,=,mg/L,MIC,synthetic,EUCAST,SYNTHETIC_ONLY,unknown,unknown,unknown,synthetic_fixture,synthetic,,generated:173
SYNTH_00173,DEMO_B,P86,,Klebsiella pneumoniae,FICTIONAL_B,2024-06-01,Homo sapiens,synthetic,gentamicin,4.0,=,mg/L,MIC,synthetic,EUCAST,SYNTHETIC_ONLY,unknown,unknown,unknown,synthetic_fixture,synthetic,,generated:173
SYNTH_00173,DEMO_B,P86,,Klebsiella pneumoniae,FICTIONAL_B,2024-06-01,Homo sapiens,synthetic,amikacin,4.0,=,mg/L,MIC,synthetic,EUCAST,SYNTHETIC_ONLY,unknown,unknown,unknown,synthetic_fixture,synthetic,,generated:173
SYNTH_00174,DEMO_B,P87,,Escherichia coli,FICTIONAL_B,2024-07-01,Homo sapiens,synthetic,meropenem,8,=,mg/L,MIC,synthetic,EUCAST,SYNTHETIC_ONLY,R,positive,unknown,synthetic_fixture,synthetic,,generated:174
SYNTH_00174,DEMO_B,P87,,Escherichia coli,FICTIONAL_B,2024-07-01,Homo sapiens,synthetic,ceftazidime,2.0,=,mg/L,MIC,synthetic,EUCAST,SYNTHETIC_ONLY,unknown,positive,unknown,synthetic_fixture,synthetic,,generated:174
SYNTH_00174,DEMO_B,P87,,Escherichia coli,FICTIONAL_B,2024-07-01,Homo sapiens,synthetic,ciprofloxacin,4.0,=,mg/L,MIC,synthetic,EUCAST,SYNTHETIC_ONLY,unknown,positive,unknown,synthetic_fixture,synthetic,,generated:174
SYNTH_00174,DEMO_B,P87,,Escherichia coli,FICTIONAL_B,2024-07-01,Homo sapiens,synthetic,gentamicin,2.0,=,mg/L,MIC,synthetic,EUCAST,SYNTHETIC_ONLY,unknown,positive,unknown,synthetic_fixture,synthetic,,generated:174
SYNTH_00174,DEMO_B,P87,,Escherichia coli,FICTIONAL_B,2024-07-01,Homo sapiens,synthetic,amikacin,4.0,=,mg/L,MIC,synthetic,EUCAST,SYNTHETIC_ONLY,unknown,positive,unknown,synthetic_fixture,synthetic,,generated:174
SYNTH_00175,DEMO_B,P87,,Klebsiella pneumoniae,FICTIONAL_B,2024-08-01,Homo sapiens,synthetic,meropenem,0.5,=,mg/L,MIC,synthetic,EUCAST,SYNTHETIC_ONLY,S,unknown,positive,synthetic_fixture,synthetic,,generated:175
SYNTH_00175,DEMO_B,P87,,Klebsiella pneumoniae,FICTIONAL_B,2024-08-01,Homo sapiens,synthetic,cefepime,0.25,=,mg/L,MIC,synthetic,EUCAST,SYNTHETIC_ONLY,unknown,unknown,positive,synthetic_fixture,synthetic,,generated:175
SYNTH_00175,DEMO_B,P87,,Klebsiella pneumoniae,FICTIONAL_B,2024-08-01,Homo sapiens,synthetic,ceftazidime,1.0,=,mg/L,MIC,synthetic,EUCAST,SYNTHETIC_ONLY,unknown,unknown,positive,synthetic_fixture,synthetic,,generated:175
SYNTH_00175,DEMO_B,P87,,Klebsiella pneumoniae,FICTIONAL_B,2024-08-01,Homo sapiens,synthetic,ciprofloxacin,4.0,=,mg/L,MIC,synthetic,EUCAST,SYNTHETIC_ONLY,unknown,unknown,positive,synthetic_fixture,synthetic,,generated:175
SYNTH_00175,DEMO_B,P87,,Klebsiella pneumoniae,FICTIONAL_B,2024-08-01,Homo sapiens,synthetic,gentamicin,1.0,=,mg/L,MIC,synthetic,EUCAST,SYNTHETIC_ONLY,unknown,unknown,positive,synthetic_fixture,synthetic,,generated:175
SYNTH_00175,DEMO_B,P87,,Klebsiella pneumoniae,FICTIONAL_B,2024-08-01,Homo sapiens,synthetic,amikacin,4.0,=,mg/L,MIC,synthetic,EUCAST,SYNTHETIC_ONLY,unknown,unknown,positive,synthetic_fixture,synthetic,,generated:175
SYNTH_00176,DEMO_B,P88,,Escherichia coli,FICTIONAL_B,2024-09-01,Homo sapiens,synthetic,meropenem,8,=,mg/L,MIC,synthetic,EUCAST,SYNTHETIC_ONLY,R,unknown,unknown,synthetic_fixture,synthetic,,generated:176
SYNTH_00176,DEMO_B,P88,,Escherichia coli,FICTIONAL_B,2024-09-01,Homo sapiens,synthetic,cefepime,1.0,=,mg/L,MIC,synthetic,EUCAST,SYNTHETIC_ONLY,unknown,unknown,unknown,synthetic_fixture,synthetic,,generated:176
SYNTH_00176,DEMO_B,P88,,Escherichia coli,FICTIONAL_B,2024-09-01,Homo sapiens,synthetic,ciprofloxacin,2.0,=,mg/L,MIC,synthetic,EUCAST,SYNTHETIC_ONLY,unknown,unknown,unknown,synthetic_fixture,synthetic,,generated:176
SYNTH_00176,DEMO_B,P88,,Escherichia coli,FICTIONAL_B,2024-09-01,Homo sapiens,synthetic,gentamicin,2.0,=,mg/L,MIC,synthetic,EUCAST,SYNTHETIC_ONLY,unknown,unknown,unknown,synthetic_fixture,synthetic,,generated:176
SYNTH_00176,DEMO_B,P88,,Escherichia coli,FICTIONAL_B,2024-09-01,Homo sapiens,synthetic,amikacin,4.0,=,mg/L,MIC,synthetic,EUCAST,SYNTHETIC_ONLY,unknown,unknown,unknown,synthetic_fixture,synthetic,,generated:176
SYNTH_00177,DEMO_B,P88,,Klebsiella pneumoniae,FICTIONAL_B,2024-10-01,Homo sapiens,synthetic,meropenem,0.5,=,mg/L,MIC,synthetic,EUCAST,SYNTHETIC_ONLY,S,positive,unknown,synthetic_fixture,synthetic,,generated:177
SYNTH_00177,DEMO_B,P88,,Klebsiella pneumoniae,FICTIONAL_B,2024-10-01,Homo sapiens,synthetic,cefepime,0.0625,=,mg/L,MIC,synthetic,EUCAST,SYNTHETIC_ONLY,unknown,positive,unknown,synthetic_fixture,synthetic,,generated:177
SYNTH_00177,DEMO_B,P88,,Klebsiella pneumoniae,FICTIONAL_B,2024-10-01,Homo sapiens,synthetic,ceftazidime,0.5,=,mg/L,MIC,synthetic,EUCAST,SYNTHETIC_ONLY,unknown,positive,unknown,synthetic_fixture,synthetic,,generated:177
SYNTH_00177,DEMO_B,P88,,Klebsiella pneumoniae,FICTIONAL_B,2024-10-01,Homo sapiens,synthetic,ciprofloxacin,0.5,=,mg/L,MIC,synthetic,EUCAST,SYNTHETIC_ONLY,unknown,positive,unknown,synthetic_fixture,synthetic,,generated:177
SYNTH_00177,DEMO_B,P88,,Klebsiella pneumoniae,FICTIONAL_B,2024-10-01,Homo sapiens,synthetic,gentamicin,1.0,=,mg/L,MIC,synthetic,EUCAST,SYNTHETIC_ONLY,unknown,positive,unknown,synthetic_fixture,synthetic,,generated:177
SYNTH_00177,DEMO_B,P88,,Klebsiella pneumoniae,FICTIONAL_B,2024-10-01,Homo sapiens,synthetic,amikacin,4.0,=,mg/L,MIC,synthetic,EUCAST,SYNTHETIC_ONLY,unknown,positive,unknown,synthetic_fixture,synthetic,,generated:177
SYNTH_00178,DEMO_B,P89,,Escherichia coli,FICTIONAL_B,2024-11-01,Homo sapiens,synthetic,meropenem,8,=,mg/L,MIC,synthetic,EUCAST,SYNTHETIC_ONLY,R,unknown,unknown,synthetic_fixture,synthetic,,generated:178
SYNTH_00178,DEMO_B,P89,,Escherichia coli,FICTIONAL_B,2024-11-01,Homo sapiens,synthetic,cefepime,1.0,=,mg/L,MIC,synthetic,EUCAST,SYNTHETIC_ONLY,unknown,unknown,unknown,synthetic_fixture,synthetic,,generated:178
SYNTH_00178,DEMO_B,P89,,Escherichia coli,FICTIONAL_B,2024-11-01,Homo sapiens,synthetic,ceftazidime,2.0,=,mg/L,MIC,synthetic,EUCAST,SYNTHETIC_ONLY,unknown,unknown,unknown,synthetic_fixture,synthetic,,generated:178
SYNTH_00178,DEMO_B,P89,,Escherichia coli,FICTIONAL_B,2024-11-01,Homo sapiens,synthetic,ciprofloxacin,1.0,=,mg/L,MIC,synthetic,EUCAST,SYNTHETIC_ONLY,unknown,unknown,unknown,synthetic_fixture,synthetic,,generated:178
SYNTH_00178,DEMO_B,P89,,Escherichia coli,FICTIONAL_B,2024-11-01,Homo sapiens,synthetic,gentamicin,1.0,=,mg/L,MIC,synthetic,EUCAST,SYNTHETIC_ONLY,unknown,unknown,unknown,synthetic_fixture,synthetic,,generated:178
SYNTH_00178,DEMO_B,P89,,Escherichia coli,FICTIONAL_B,2024-11-01,Homo sapiens,synthetic,amikacin,4.0,=,mg/L,MIC,synthetic,EUCAST,SYNTHETIC_ONLY,unknown,unknown,unknown,synthetic_fixture,synthetic,,generated:178
SYNTH_00179,DEMO_B,P89,,Klebsiella pneumoniae,FICTIONAL_B,2024-12-01,Homo sapiens,synthetic,meropenem,0.5,=,mg/L,MIC,synthetic,EUCAST,SYNTHETIC_ONLY,S,unknown,unknown,synthetic_fixture,synthetic,,generated:179
SYNTH_00179,DEMO_B,P89,,Klebsiella pneumoniae,FICTIONAL_B,2024-12-01,Homo sapiens,synthetic,ceftazidime,4.0,=,mg/L,MIC,synthetic,EUCAST,SYNTHETIC_ONLY,unknown,unknown,unknown,synthetic_fixture,synthetic,,generated:179
SYNTH_00179,DEMO_B,P89,,Klebsiella pneumoniae,FICTIONAL_B,2024-12-01,Homo sapiens,synthetic,ciprofloxacin,2.0,=,mg/L,MIC,synthetic,EUCAST,SYNTHETIC_ONLY,unknown,unknown,unknown,synthetic_fixture,synthetic,,generated:179
SYNTH_00179,DEMO_B,P89,,Klebsiella pneumoniae,FICTIONAL_B,2024-12-01,Homo sapiens,synthetic,gentamicin,2.0,=,mg/L,MIC,synthetic,EUCAST,SYNTHETIC_ONLY,unknown,unknown,unknown,synthetic_fixture,synthetic,,generated:179
SYNTH_00179,DEMO_B,P89,,Klebsiella pneumoniae,FICTIONAL_B,2024-12-01,Homo sapiens,synthetic,amikacin,2.0,=,mg/L,MIC,synthetic,EUCAST,SYNTHETIC_ONLY,unknown,unknown,unknown,synthetic_fixture,synthetic,,generated:179
SYNTH_00180,DEMO_B,P90,,Escherichia coli,FICTIONAL_B,2024-01-01,Homo sapiens,synthetic,meropenem,0.5,=,mg/L,MIC,synthetic,EUCAST,SYNTHETIC_ONLY,S,positive,positive,synthetic_fixture,synthetic,,generated:180
SYNTH_00180,DEMO_B,P90,,Escherichia coli,FICTIONAL_B,2024-01-01,Homo sapiens,synthetic,cefepime,0.5,=,mg/L,MIC,synthetic,EUCAST,SYNTHETIC_ONLY,unknown,positive,positive,synthetic_fixture,synthetic,,generated:180
SYNTH_00180,DEMO_B,P90,,Escherichia coli,FICTIONAL_B,2024-01-01,Homo sapiens,synthetic,ceftazidime,0.5,=,mg/L,MIC,synthetic,EUCAST,SYNTHETIC_ONLY,unknown,positive,positive,synthetic_fixture,synthetic,,generated:180
SYNTH_00180,DEMO_B,P90,,Escherichia coli,FICTIONAL_B,2024-01-01,Homo sapiens,synthetic,ciprofloxacin,2.0,=,mg/L,MIC,synthetic,EUCAST,SYNTHETIC_ONLY,unknown,positive,positive,synthetic_fixture,synthetic,,generated:180
SYNTH_00180,DEMO_B,P90,,Escherichia coli,FICTIONAL_B,2024-01-01,Homo sapiens,synthetic,amikacin,2.0,=,mg/L,MIC,synthetic,EUCAST,SYNTHETIC_ONLY,unknown,positive,positive,synthetic_fixture,synthetic,,generated:180
SYNTH_00181,DEMO_B,P90,,Klebsiella pneumoniae,FICTIONAL_B,2024-02-01,Homo sapiens,synthetic,meropenem,0.5,=,mg/L,MIC,synthetic,EUCAST,SYNTHETIC_ONLY,S,unknown,unknown,synthetic_fixture,synthetic,,generated:181
SYNTH_00181,DEMO_B,P90,,Klebsiella pneumoniae,FICTIONAL_B,2024-02-01,Homo sapiens,synthetic,cefepime,0.5,=,mg/L,MIC,synthetic,EUCAST,SYNTHETIC_ONLY,unknown,unknown,unknown,synthetic_fixture,synthetic,,generated:181
SYNTH_00181,DEMO_B,P90,,Klebsiella pneumoniae,FICTIONAL_B,2024-02-01,Homo sapiens,synthetic,ciprofloxacin,0.5,=,mg/L,MIC,synthetic,EUCAST,SYNTHETIC_ONLY,unknown,unknown,unknown,synthetic_fixture,synthetic,,generated:181
SYNTH_00181,DEMO_B,P90,,Klebsiella pneumoniae,FICTIONAL_B,2024-02-01,Homo sapiens,synthetic,gentamicin,2.0,=,mg/L,MIC,synthetic,EUCAST,SYNTHETIC_ONLY,unknown,unknown,unknown,synthetic_fixture,synthetic,,generated:181
SYNTH_00181,DEMO_B,P90,,Klebsiella pneumoniae,FICTIONAL_B,2024-02-01,Homo sapiens,synthetic,amikacin,2.0,=,mg/L,MIC,synthetic,EUCAST,SYNTHETIC_ONLY,unknown,unknown,unknown,synthetic_fixture,synthetic,,generated:181
SYNTH_00182,DEMO_B,P91,,Escherichia coli,FICTIONAL_B,2024-03-01,Homo sapiens,synthetic,meropenem,8,=,mg/L,MIC,synthetic,EUCAST,SYNTHETIC_ONLY,R,unknown,unknown,synthetic_fixture,synthetic,,generated:182
SYNTH_00182,DEMO_B,P91,,Escherichia coli,FICTIONAL_B,2024-03-01,Homo sapiens,synthetic,cefepime,2.0,=,mg/L,MIC,synthetic,EUCAST,SYNTHETIC_ONLY,unknown,unknown,unknown,synthetic_fixture,synthetic,,generated:182
SYNTH_00182,DEMO_B,P91,,Escherichia coli,FICTIONAL_B,2024-03-01,Homo sapiens,synthetic,ceftazidime,4.0,=,mg/L,MIC,synthetic,EUCAST,SYNTHETIC_ONLY,unknown,unknown,unknown,synthetic_fixture,synthetic,,generated:182
SYNTH_00182,DEMO_B,P91,,Escherichia coli,FICTIONAL_B,2024-03-01,Homo sapiens,synthetic,ciprofloxacin,2.0,=,mg/L,MIC,synthetic,EUCAST,SYNTHETIC_ONLY,unknown,unknown,unknown,synthetic_fixture,synthetic,,generated:182
SYNTH_00182,DEMO_B,P91,,Escherichia coli,FICTIONAL_B,2024-03-01,Homo sapiens,synthetic,gentamicin,4.0,=,mg/L,MIC,synthetic,EUCAST,SYNTHETIC_ONLY,unknown,unknown,unknown,synthetic_fixture,synthetic,,generated:182
SYNTH_00182,DEMO_B,P91,,Escherichia coli,FICTIONAL_B,2024-03-01,Homo sapiens,synthetic,amikacin,8.0,=,mg/L,MIC,synthetic,EUCAST,SYNTHETIC_ONLY,unknown,unknown,unknown,synthetic_fixture,synthetic,,generated:182
SYNTH_00183,DEMO_B,P91,,Klebsiella pneumoniae,FICTIONAL_B,2024-04-01,Homo sapiens,synthetic,meropenem,8,=,mg/L,MIC,synthetic,EUCAST,SYNTHETIC_ONLY,R,positive,unknown,synthetic_fixture,synthetic,,generated:183
SYNTH_00183,DEMO_B,P91,,Klebsiella pneumoniae,FICTIONAL_B,2024-04-01,Homo sapiens,synthetic,cefepime,2.0,=,mg/L,MIC,synthetic,EUCAST,SYNTHETIC_ONLY,unknown,positive,unknown,synthetic_fixture,synthetic,,generated:183
SYNTH_00183,DEMO_B,P91,,Klebsiella pneumoniae,FICTIONAL_B,2024-04-01,Homo sapiens,synthetic,ceftazidime,1.0,=,mg/L,MIC,synthetic,EUCAST,SYNTHETIC_ONLY,unknown,positive,unknown,synthetic_fixture,synthetic,,generated:183
SYNTH_00183,DEMO_B,P91,,Klebsiella pneumoniae,FICTIONAL_B,2024-04-01,Homo sapiens,synthetic,gentamicin,4.0,=,mg/L,MIC,synthetic,EUCAST,SYNTHETIC_ONLY,unknown,positive,unknown,synthetic_fixture,synthetic,,generated:183
SYNTH_00184,DEMO_B,P92,,Escherichia coli,FICTIONAL_B,2024-05-01,Homo sapiens,synthetic,meropenem,0.5,=,mg/L,MIC,synthetic,EUCAST,SYNTHETIC_ONLY,S,unknown,unknown,synthetic_fixture,synthetic,,generated:184
SYNTH_00184,DEMO_B,P92,,Escherichia coli,FICTIONAL_B,2024-05-01,Homo sapiens,synthetic,cefepime,0.5,=,mg/L,MIC,synthetic,EUCAST,SYNTHETIC_ONLY,unknown,unknown,unknown,synthetic_fixture,synthetic,,generated:184
SYNTH_00184,DEMO_B,P92,,Escherichia coli,FICTIONAL_B,2024-05-01,Homo sapiens,synthetic,ceftazidime,0.5,=,mg/L,MIC,synthetic,EUCAST,SYNTHETIC_ONLY,unknown,unknown,unknown,synthetic_fixture,synthetic,,generated:184
SYNTH_00184,DEMO_B,P92,,Escherichia coli,FICTIONAL_B,2024-05-01,Homo sapiens,synthetic,gentamicin,2.0,=,mg/L,MIC,synthetic,EUCAST,SYNTHETIC_ONLY,unknown,unknown,unknown,synthetic_fixture,synthetic,,generated:184
SYNTH_00185,DEMO_B,P92,,Klebsiella pneumoniae,FICTIONAL_B,2024-06-01,Homo sapiens,synthetic,meropenem,8,=,mg/L,MIC,synthetic,EUCAST,SYNTHETIC_ONLY,R,unknown,positive,synthetic_fixture,synthetic,,generated:185
SYNTH_00185,DEMO_B,P92,,Klebsiella pneumoniae,FICTIONAL_B,2024-06-01,Homo sapiens,synthetic,cefepime,2.0,=,mg/L,MIC,synthetic,EUCAST,SYNTHETIC_ONLY,unknown,unknown,positive,synthetic_fixture,synthetic,,generated:185
SYNTH_00185,DEMO_B,P92,,Klebsiella pneumoniae,FICTIONAL_B,2024-06-01,Homo sapiens,synthetic,ceftazidime,2.0,=,mg/L,MIC,synthetic,EUCAST,SYNTHETIC_ONLY,unknown,unknown,positive,synthetic_fixture,synthetic,,generated:185
SYNTH_00185,DEMO_B,P92,,Klebsiella pneumoniae,FICTIONAL_B,2024-06-01,Homo sapiens,synthetic,ciprofloxacin,8.0,=,mg/L,MIC,synthetic,EUCAST,SYNTHETIC_ONLY,unknown,unknown,positive,synthetic_fixture,synthetic,,generated:185
SYNTH_00185,DEMO_B,P92,,Klebsiella pneumoniae,FICTIONAL_B,2024-06-01,Homo sapiens,synthetic,gentamicin,4.0,=,mg/L,MIC,synthetic,EUCAST,SYNTHETIC_ONLY,unknown,unknown,positive,synthetic_fixture,synthetic,,generated:185
SYNTH_00185,DEMO_B,P92,,Klebsiella pneumoniae,FICTIONAL_B,2024-06-01,Homo sapiens,synthetic,amikacin,8.0,=,mg/L,MIC,synthetic,EUCAST,SYNTHETIC_ONLY,unknown,unknown,positive,synthetic_fixture,synthetic,,generated:185
SYNTH_00186,DEMO_B,P93,,Escherichia coli,FICTIONAL_B,2024-07-01,Homo sapiens,synthetic,meropenem,0.5,=,mg/L,MIC,synthetic,EUCAST,SYNTHETIC_ONLY,S,positive,unknown,synthetic_fixture,synthetic,,generated:186
SYNTH_00186,DEMO_B,P93,,Escherichia coli,FICTIONAL_B,2024-07-01,Homo sapiens,synthetic,cefepime,0.5,=,mg/L,MIC,synthetic,EUCAST,SYNTHETIC_ONLY,unknown,positive,unknown,synthetic_fixture,synthetic,,generated:186
SYNTH_00186,DEMO_B,P93,,Escherichia coli,FICTIONAL_B,2024-07-01,Homo sapiens,synthetic,ceftazidime,4.0,=,mg/L,MIC,synthetic,EUCAST,SYNTHETIC_ONLY,unknown,positive,unknown,synthetic_fixture,synthetic,,generated:186
SYNTH_00186,DEMO_B,P93,,Escherichia coli,FICTIONAL_B,2024-07-01,Homo sapiens,synthetic,ciprofloxacin,8.0,=,mg/L,MIC,synthetic,EUCAST,SYNTHETIC_ONLY,unknown,positive,unknown,synthetic_fixture,synthetic,,generated:186
SYNTH_00186,DEMO_B,P93,,Escherichia coli,FICTIONAL_B,2024-07-01,Homo sapiens,synthetic,gentamicin,4.0,=,mg/L,MIC,synthetic,EUCAST,SYNTHETIC_ONLY,unknown,positive,unknown,synthetic_fixture,synthetic,,generated:186
SYNTH_00186,DEMO_B,P93,,Escherichia coli,FICTIONAL_B,2024-07-01,Homo sapiens,synthetic,amikacin,4.0,=,mg/L,MIC,synthetic,EUCAST,SYNTHETIC_ONLY,unknown,positive,unknown,synthetic_fixture,synthetic,,generated:186
SYNTH_00187,DEMO_B,P93,,Klebsiella pneumoniae,FICTIONAL_B,2024-08-01,Homo sapiens,synthetic,meropenem,8,=,mg/L,MIC,synthetic,EUCAST,SYNTHETIC_ONLY,R,unknown,unknown,synthetic_fixture,synthetic,,generated:187
SYNTH_00187,DEMO_B,P93,,Klebsiella pneumoniae,FICTIONAL_B,2024-08-01,Homo sapiens,synthetic,cefepime,4.0,=,mg/L,MIC,synthetic,EUCAST,SYNTHETIC_ONLY,unknown,unknown,unknown,synthetic_fixture,synthetic,,generated:187
SYNTH_00187,DEMO_B,P93,,Klebsiella pneumoniae,FICTIONAL_B,2024-08-01,Homo sapiens,synthetic,ceftazidime,1.0,=,mg/L,MIC,synthetic,EUCAST,SYNTHETIC_ONLY,unknown,unknown,unknown,synthetic_fixture,synthetic,,generated:187
SYNTH_00187,DEMO_B,P93,,Klebsiella pneumoniae,FICTIONAL_B,2024-08-01,Homo sapiens,synthetic,ciprofloxacin,4.0,=,mg/L,MIC,synthetic,EUCAST,SYNTHETIC_ONLY,unknown,unknown,unknown,synthetic_fixture,synthetic,,generated:187
SYNTH_00187,DEMO_B,P93,,Klebsiella pneumoniae,FICTIONAL_B,2024-08-01,Homo sapiens,synthetic,gentamicin,2.0,=,mg/L,MIC,synthetic,EUCAST,SYNTHETIC_ONLY,unknown,unknown,unknown,synthetic_fixture,synthetic,,generated:187
SYNTH_00187,DEMO_B,P93,,Klebsiella pneumoniae,FICTIONAL_B,2024-08-01,Homo sapiens,synthetic,amikacin,8.0,=,mg/L,MIC,synthetic,EUCAST,SYNTHETIC_ONLY,unknown,unknown,unknown,synthetic_fixture,synthetic,,generated:187
SYNTH_00188,DEMO_B,P94,,Escherichia coli,FICTIONAL_B,2024-09-01,Homo sapiens,synthetic,meropenem,0.5,=,mg/L,MIC,synthetic,EUCAST,SYNTHETIC_ONLY,S,unknown,unknown,synthetic_fixture,synthetic,,generated:188
SYNTH_00188,DEMO_B,P94,,Escherichia coli,FICTIONAL_B,2024-09-01,Homo sapiens,synthetic,cefepime,1.0,=,mg/L,MIC,synthetic,EUCAST,SYNTHETIC_ONLY,unknown,unknown,unknown,synthetic_fixture,synthetic,,generated:188
SYNTH_00188,DEMO_B,P94,,Escherichia coli,FICTIONAL_B,2024-09-01,Homo sapiens,synthetic,ceftazidime,0.5,=,mg/L,MIC,synthetic,EUCAST,SYNTHETIC_ONLY,unknown,unknown,unknown,synthetic_fixture,synthetic,,generated:188
SYNTH_00188,DEMO_B,P94,,Escherichia coli,FICTIONAL_B,2024-09-01,Homo sapiens,synthetic,ciprofloxacin,2.0,=,mg/L,MIC,synthetic,EUCAST,SYNTHETIC_ONLY,unknown,unknown,unknown,synthetic_fixture,synthetic,,generated:188
SYNTH_00188,DEMO_B,P94,,Escherichia coli,FICTIONAL_B,2024-09-01,Homo sapiens,synthetic,gentamicin,1.0,=,mg/L,MIC,synthetic,EUCAST,SYNTHETIC_ONLY,unknown,unknown,unknown,synthetic_fixture,synthetic,,generated:188
SYNTH_00188,DEMO_B,P94,,Escherichia coli,FICTIONAL_B,2024-09-01,Homo sapiens,synthetic,amikacin,2.0,=,mg/L,MIC,synthetic,EUCAST,SYNTHETIC_ONLY,unknown,unknown,unknown,synthetic_fixture,synthetic,,generated:188
SYNTH_00189,DEMO_B,P94,,Klebsiella pneumoniae,FICTIONAL_B,2024-10-01,Homo sapiens,synthetic,meropenem,0.5,=,mg/L,MIC,synthetic,EUCAST,SYNTHETIC_ONLY,S,positive,unknown,synthetic_fixture,synthetic,,generated:189
SYNTH_00189,DEMO_B,P94,,Klebsiella pneumoniae,FICTIONAL_B,2024-10-01,Homo sapiens,synthetic,cefepime,1.0,=,mg/L,MIC,synthetic,EUCAST,SYNTHETIC_ONLY,unknown,positive,unknown,synthetic_fixture,synthetic,,generated:189
SYNTH_00189,DEMO_B,P94,,Klebsiella pneumoniae,FICTIONAL_B,2024-10-01,Homo sapiens,synthetic,ceftazidime,2.0,=,mg/L,MIC,synthetic,EUCAST,SYNTHETIC_ONLY,unknown,positive,unknown,synthetic_fixture,synthetic,,generated:189
SYNTH_00189,DEMO_B,P94,,Klebsiella pneumoniae,FICTIONAL_B,2024-10-01,Homo sapiens,synthetic,ciprofloxacin,4.0,=,mg/L,MIC,synthetic,EUCAST,SYNTHETIC_ONLY,unknown,positive,unknown,synthetic_fixture,synthetic,,generated:189
SYNTH_00189,DEMO_B,P94,,Klebsiella pneumoniae,FICTIONAL_B,2024-10-01,Homo sapiens,synthetic,gentamicin,0.5,=,mg/L,MIC,synthetic,EUCAST,SYNTHETIC_ONLY,unknown,positive,unknown,synthetic_fixture,synthetic,,generated:189
SYNTH_00189,DEMO_B,P94,,Klebsiella pneumoniae,FICTIONAL_B,2024-10-01,Homo sapiens,synthetic,amikacin,2.0,=,mg/L,MIC,synthetic,EUCAST,SYNTHETIC_ONLY,unknown,positive,unknown,synthetic_fixture,synthetic,,generated:189
SYNTH_00190,DEMO_B,P95,,Escherichia coli,FICTIONAL_B,2024-11-01,Homo sapiens,synthetic,meropenem,0.5,=,mg/L,MIC,synthetic,EUCAST,SYNTHETIC_ONLY,S,unknown,positive,synthetic_fixture,synthetic,,generated:190
SYNTH_00190,DEMO_B,P95,,Escherichia coli,FICTIONAL_B,2024-11-01,Homo sapiens,synthetic,cefepime,0.25,=,mg/L,MIC,synthetic,EUCAST,SYNTHETIC_ONLY,unknown,unknown,positive,synthetic_fixture,synthetic,,generated:190
SYNTH_00190,DEMO_B,P95,,Escherichia coli,FICTIONAL_B,2024-11-01,Homo sapiens,synthetic,ceftazidime,1.0,=,mg/L,MIC,synthetic,EUCAST,SYNTHETIC_ONLY,unknown,unknown,positive,synthetic_fixture,synthetic,,generated:190
SYNTH_00190,DEMO_B,P95,,Escherichia coli,FICTIONAL_B,2024-11-01,Homo sapiens,synthetic,ciprofloxacin,2.0,=,mg/L,MIC,synthetic,EUCAST,SYNTHETIC_ONLY,unknown,unknown,positive,synthetic_fixture,synthetic,,generated:190
SYNTH_00190,DEMO_B,P95,,Escherichia coli,FICTIONAL_B,2024-11-01,Homo sapiens,synthetic,amikacin,16.0,=,mg/L,MIC,synthetic,EUCAST,SYNTHETIC_ONLY,unknown,unknown,positive,synthetic_fixture,synthetic,,generated:190
SYNTH_00191,DEMO_B,P95,,Klebsiella pneumoniae,FICTIONAL_B,2024-12-01,Homo sapiens,synthetic,meropenem,0.5,=,mg/L,MIC,synthetic,EUCAST,SYNTHETIC_ONLY,S,unknown,unknown,synthetic_fixture,synthetic,,generated:191
SYNTH_00191,DEMO_B,P95,,Klebsiella pneumoniae,FICTIONAL_B,2024-12-01,Homo sapiens,synthetic,cefepime,0.25,=,mg/L,MIC,synthetic,EUCAST,SYNTHETIC_ONLY,unknown,unknown,unknown,synthetic_fixture,synthetic,,generated:191
SYNTH_00191,DEMO_B,P95,,Klebsiella pneumoniae,FICTIONAL_B,2024-12-01,Homo sapiens,synthetic,ceftazidime,2.0,=,mg/L,MIC,synthetic,EUCAST,SYNTHETIC_ONLY,unknown,unknown,unknown,synthetic_fixture,synthetic,,generated:191
SYNTH_00191,DEMO_B,P95,,Klebsiella pneumoniae,FICTIONAL_B,2024-12-01,Homo sapiens,synthetic,ciprofloxacin,8.0,=,mg/L,MIC,synthetic,EUCAST,SYNTHETIC_ONLY,unknown,unknown,unknown,synthetic_fixture,synthetic,,generated:191
SYNTH_00191,DEMO_B,P95,,Klebsiella pneumoniae,FICTIONAL_B,2024-12-01,Homo sapiens,synthetic,gentamicin,4.0,=,mg/L,MIC,synthetic,EUCAST,SYNTHETIC_ONLY,unknown,unknown,unknown,synthetic_fixture,synthetic,,generated:191
SYNTH_00192,DEMO_B,P96,,Escherichia coli,FICTIONAL_B,2024-01-01,Homo sapiens,synthetic,meropenem,0.5,=,mg/L,MIC,synthetic,EUCAST,SYNTHETIC_ONLY,S,positive,unknown,synthetic_fixture,synthetic,,generated:192
SYNTH_00192,DEMO_B,P96,,Escherichia coli,FICTIONAL_B,2024-01-01,Homo sapiens,synthetic,cefepime,0.125,=,mg/L,MIC,synthetic,EUCAST,SYNTHETIC_ONLY,unknown,positive,unknown,synthetic_fixture,synthetic,,generated:192
SYNTH_00192,DEMO_B,P96,,Escherichia coli,FICTIONAL_B,2024-01-01,Homo sapiens,synthetic,ceftazidime,1.0,=,mg/L,MIC,synthetic,EUCAST,SYNTHETIC_ONLY,unknown,positive,unknown,synthetic_fixture,synthetic,,generated:192
SYNTH_00192,DEMO_B,P96,,Escherichia coli,FICTIONAL_B,2024-01-01,Homo sapiens,synthetic,ciprofloxacin,0.5,=,mg/L,MIC,synthetic,EUCAST,SYNTHETIC_ONLY,unknown,positive,unknown,synthetic_fixture,synthetic,,generated:192
SYNTH_00192,DEMO_B,P96,,Escherichia coli,FICTIONAL_B,2024-01-01,Homo sapiens,synthetic,gentamicin,2.0,=,mg/L,MIC,synthetic,EUCAST,SYNTHETIC_ONLY,unknown,positive,unknown,synthetic_fixture,synthetic,,generated:192
SYNTH_00192,DEMO_B,P96,,Escherichia coli,FICTIONAL_B,2024-01-01,Homo sapiens,synthetic,amikacin,4.0,=,mg/L,MIC,synthetic,EUCAST,SYNTHETIC_ONLY,unknown,positive,unknown,synthetic_fixture,synthetic,,generated:192
SYNTH_00193,DEMO_B,P96,,Klebsiella pneumoniae,FICTIONAL_B,2024-02-01,Homo sapiens,synthetic,meropenem,8,=,mg/L,MIC,synthetic,EUCAST,SYNTHETIC_ONLY,R,unknown,unknown,synthetic_fixture,synthetic,,generated:193
SYNTH_00193,DEMO_B,P96,,Klebsiella pneumoniae,FICTIONAL_B,2024-02-01,Homo sapiens,synthetic,cefepime,4.0,=,mg/L,MIC,synthetic,EUCAST,SYNTHETIC_ONLY,unknown,unknown,unknown,synthetic_fixture,synthetic,,generated:193
SYNTH_00193,DEMO_B,P96,,Klebsiella pneumoniae,FICTIONAL_B,2024-02-01,Homo sapiens,synthetic,ciprofloxacin,8.0,=,mg/L,MIC,synthetic,EUCAST,SYNTHETIC_ONLY,unknown,unknown,unknown,synthetic_fixture,synthetic,,generated:193
SYNTH_00193,DEMO_B,P96,,Klebsiella pneumoniae,FICTIONAL_B,2024-02-01,Homo sapiens,synthetic,gentamicin,16.0,=,mg/L,MIC,synthetic,EUCAST,SYNTHETIC_ONLY,unknown,unknown,unknown,synthetic_fixture,synthetic,,generated:193
SYNTH_00194,DEMO_B,P97,,Escherichia coli,FICTIONAL_B,2024-03-01,Homo sapiens,synthetic,meropenem,0.5,=,mg/L,MIC,synthetic,EUCAST,SYNTHETIC_ONLY,S,unknown,unknown,synthetic_fixture,synthetic,,generated:194
SYNTH_00194,DEMO_B,P97,,Escherichia coli,FICTIONAL_B,2024-03-01,Homo sapiens,synthetic,cefepime,0.5,=,mg/L,MIC,synthetic,EUCAST,SYNTHETIC_ONLY,unknown,unknown,unknown,synthetic_fixture,synthetic,,generated:194
SYNTH_00194,DEMO_B,P97,,Escherichia coli,FICTIONAL_B,2024-03-01,Homo sapiens,synthetic,ceftazidime,0.25,=,mg/L,MIC,synthetic,EUCAST,SYNTHETIC_ONLY,unknown,unknown,unknown,synthetic_fixture,synthetic,,generated:194
SYNTH_00194,DEMO_B,P97,,Escherichia coli,FICTIONAL_B,2024-03-01,Homo sapiens,synthetic,ciprofloxacin,1.0,=,mg/L,MIC,synthetic,EUCAST,SYNTHETIC_ONLY,unknown,unknown,unknown,synthetic_fixture,synthetic,,generated:194
SYNTH_00194,DEMO_B,P97,,Escherichia coli,FICTIONAL_B,2024-03-01,Homo sapiens,synthetic,gentamicin,1.0,=,mg/L,MIC,synthetic,EUCAST,SYNTHETIC_ONLY,unknown,unknown,unknown,synthetic_fixture,synthetic,,generated:194
SYNTH_00194,DEMO_B,P97,,Escherichia coli,FICTIONAL_B,2024-03-01,Homo sapiens,synthetic,amikacin,4.0,=,mg/L,MIC,synthetic,EUCAST,SYNTHETIC_ONLY,unknown,unknown,unknown,synthetic_fixture,synthetic,,generated:194
SYNTH_00195,DEMO_B,P97,,Klebsiella pneumoniae,FICTIONAL_B,2024-04-01,Homo sapiens,synthetic,meropenem,8,=,mg/L,MIC,synthetic,EUCAST,SYNTHETIC_ONLY,R,positive,positive,synthetic_fixture,synthetic,,generated:195
SYNTH_00195,DEMO_B,P97,,Klebsiella pneumoniae,FICTIONAL_B,2024-04-01,Homo sapiens,synthetic,cefepime,1.0,=,mg/L,MIC,synthetic,EUCAST,SYNTHETIC_ONLY,unknown,positive,positive,synthetic_fixture,synthetic,,generated:195
SYNTH_00195,DEMO_B,P97,,Klebsiella pneumoniae,FICTIONAL_B,2024-04-01,Homo sapiens,synthetic,ceftazidime,1.0,=,mg/L,MIC,synthetic,EUCAST,SYNTHETIC_ONLY,unknown,positive,positive,synthetic_fixture,synthetic,,generated:195
SYNTH_00195,DEMO_B,P97,,Klebsiella pneumoniae,FICTIONAL_B,2024-04-01,Homo sapiens,synthetic,ciprofloxacin,8.0,=,mg/L,MIC,synthetic,EUCAST,SYNTHETIC_ONLY,unknown,positive,positive,synthetic_fixture,synthetic,,generated:195
SYNTH_00195,DEMO_B,P97,,Klebsiella pneumoniae,FICTIONAL_B,2024-04-01,Homo sapiens,synthetic,gentamicin,2.0,=,mg/L,MIC,synthetic,EUCAST,SYNTHETIC_ONLY,unknown,positive,positive,synthetic_fixture,synthetic,,generated:195
SYNTH_00195,DEMO_B,P97,,Klebsiella pneumoniae,FICTIONAL_B,2024-04-01,Homo sapiens,synthetic,amikacin,4.0,=,mg/L,MIC,synthetic,EUCAST,SYNTHETIC_ONLY,unknown,positive,positive,synthetic_fixture,synthetic,,generated:195
SYNTH_00196,DEMO_B,P98,,Escherichia coli,FICTIONAL_B,2024-05-01,Homo sapiens,synthetic,meropenem,0.5,=,mg/L,MIC,synthetic,EUCAST,SYNTHETIC_ONLY,S,unknown,unknown,synthetic_fixture,synthetic,,generated:196
SYNTH_00196,DEMO_B,P98,,Escherichia coli,FICTIONAL_B,2024-05-01,Homo sapiens,synthetic,cefepime,0.25,=,mg/L,MIC,synthetic,EUCAST,SYNTHETIC_ONLY,unknown,unknown,unknown,synthetic_fixture,synthetic,,generated:196
SYNTH_00196,DEMO_B,P98,,Escherichia coli,FICTIONAL_B,2024-05-01,Homo sapiens,synthetic,ceftazidime,2.0,=,mg/L,MIC,synthetic,EUCAST,SYNTHETIC_ONLY,unknown,unknown,unknown,synthetic_fixture,synthetic,,generated:196
SYNTH_00196,DEMO_B,P98,,Escherichia coli,FICTIONAL_B,2024-05-01,Homo sapiens,synthetic,ciprofloxacin,1.0,=,mg/L,MIC,synthetic,EUCAST,SYNTHETIC_ONLY,unknown,unknown,unknown,synthetic_fixture,synthetic,,generated:196
SYNTH_00196,DEMO_B,P98,,Escherichia coli,FICTIONAL_B,2024-05-01,Homo sapiens,synthetic,gentamicin,1.0,=,mg/L,MIC,synthetic,EUCAST,SYNTHETIC_ONLY,unknown,unknown,unknown,synthetic_fixture,synthetic,,generated:196
SYNTH_00197,DEMO_B,P98,,Klebsiella pneumoniae,FICTIONAL_B,2024-06-01,Homo sapiens,synthetic,meropenem,8,=,mg/L,MIC,synthetic,EUCAST,SYNTHETIC_ONLY,R,unknown,unknown,synthetic_fixture,synthetic,,generated:197
SYNTH_00197,DEMO_B,P98,,Klebsiella pneumoniae,FICTIONAL_B,2024-06-01,Homo sapiens,synthetic,cefepime,4.0,=,mg/L,MIC,synthetic,EUCAST,SYNTHETIC_ONLY,unknown,unknown,unknown,synthetic_fixture,synthetic,,generated:197
SYNTH_00197,DEMO_B,P98,,Klebsiella pneumoniae,FICTIONAL_B,2024-06-01,Homo sapiens,synthetic,ceftazidime,8.0,=,mg/L,MIC,synthetic,EUCAST,SYNTHETIC_ONLY,unknown,unknown,unknown,synthetic_fixture,synthetic,,generated:197
SYNTH_00197,DEMO_B,P98,,Klebsiella pneumoniae,FICTIONAL_B,2024-06-01,Homo sapiens,synthetic,ciprofloxacin,4.0,=,mg/L,MIC,synthetic,EUCAST,SYNTHETIC_ONLY,unknown,unknown,unknown,synthetic_fixture,synthetic,,generated:197
SYNTH_00197,DEMO_B,P98,,Klebsiella pneumoniae,FICTIONAL_B,2024-06-01,Homo sapiens,synthetic,gentamicin,8.0,=,mg/L,MIC,synthetic,EUCAST,SYNTHETIC_ONLY,unknown,unknown,unknown,synthetic_fixture,synthetic,,generated:197
SYNTH_00197,DEMO_B,P98,,Klebsiella pneumoniae,FICTIONAL_B,2024-06-01,Homo sapiens,synthetic,amikacin,1.0,=,mg/L,MIC,synthetic,EUCAST,SYNTHETIC_ONLY,unknown,unknown,unknown,synthetic_fixture,synthetic,,generated:197
SYNTH_00198,DEMO_B,P99,,Escherichia coli,FICTIONAL_B,2024-07-01,Homo sapiens,synthetic,meropenem,0.5,=,mg/L,MIC,synthetic,EUCAST,SYNTHETIC_ONLY,S,positive,unknown,synthetic_fixture,synthetic,,generated:198
SYNTH_00198,DEMO_B,P99,,Escherichia coli,FICTIONAL_B,2024-07-01,Homo sapiens,synthetic,cefepime,1.0,=,mg/L,MIC,synthetic,EUCAST,SYNTHETIC_ONLY,unknown,positive,unknown,synthetic_fixture,synthetic,,generated:198
SYNTH_00198,DEMO_B,P99,,Escherichia coli,FICTIONAL_B,2024-07-01,Homo sapiens,synthetic,ceftazidime,1.0,=,mg/L,MIC,synthetic,EUCAST,SYNTHETIC_ONLY,unknown,positive,unknown,synthetic_fixture,synthetic,,generated:198
SYNTH_00198,DEMO_B,P99,,Escherichia coli,FICTIONAL_B,2024-07-01,Homo sapiens,synthetic,ciprofloxacin,0.5,=,mg/L,MIC,synthetic,EUCAST,SYNTHETIC_ONLY,unknown,positive,unknown,synthetic_fixture,synthetic,,generated:198
SYNTH_00198,DEMO_B,P99,,Escherichia coli,FICTIONAL_B,2024-07-01,Homo sapiens,synthetic,gentamicin,2.0,=,mg/L,MIC,synthetic,EUCAST,SYNTHETIC_ONLY,unknown,positive,unknown,synthetic_fixture,synthetic,,generated:198
SYNTH_00199,DEMO_B,P99,,Klebsiella pneumoniae,FICTIONAL_B,2024-08-01,Homo sapiens,synthetic,meropenem,8,=,mg/L,MIC,synthetic,EUCAST,SYNTHETIC_ONLY,R,unknown,unknown,synthetic_fixture,synthetic,,generated:199
SYNTH_00199,DEMO_B,P99,,Klebsiella pneumoniae,FICTIONAL_B,2024-08-01,Homo sapiens,synthetic,cefepime,0.25,=,mg/L,MIC,synthetic,EUCAST,SYNTHETIC_ONLY,unknown,unknown,unknown,synthetic_fixture,synthetic,,generated:199
SYNTH_00199,DEMO_B,P99,,Klebsiella pneumoniae,FICTIONAL_B,2024-08-01,Homo sapiens,synthetic,ceftazidime,8.0,=,mg/L,MIC,synthetic,EUCAST,SYNTHETIC_ONLY,unknown,unknown,unknown,synthetic_fixture,synthetic,,generated:199
SYNTH_00199,DEMO_B,P99,,Klebsiella pneumoniae,FICTIONAL_B,2024-08-01,Homo sapiens,synthetic,ciprofloxacin,1.0,=,mg/L,MIC,synthetic,EUCAST,SYNTHETIC_ONLY,unknown,unknown,unknown,synthetic_fixture,synthetic,,generated:199
SYNTH_00199,DEMO_B,P99,,Klebsiella pneumoniae,FICTIONAL_B,2024-08-01,Homo sapiens,synthetic,gentamicin,4.0,=,mg/L,MIC,synthetic,EUCAST,SYNTHETIC_ONLY,unknown,unknown,unknown,synthetic_fixture,synthetic,,generated:199
SYNTH_00199,DEMO_B,P99,,Klebsiella pneumoniae,FICTIONAL_B,2024-08-01,Homo sapiens,synthetic,amikacin,8.0,=,mg/L,MIC,synthetic,EUCAST,SYNTHETIC_ONLY,unknown,unknown,unknown,synthetic_fixture,synthetic,,generated:199
SYNTH_00200,DEMO_B,P100,,Escherichia coli,FICTIONAL_B,2024-09-01,Homo sapiens,synthetic,meropenem,8,=,mg/L,MIC,synthetic,EUCAST,SYNTHETIC_ONLY,R,unknown,positive,synthetic_fixture,synthetic,,generated:200
SYNTH_00200,DEMO_B,P100,,Escherichia coli,FICTIONAL_B,2024-09-01,Homo sapiens,synthetic,cefepime,8.0,=,mg/L,MIC,synthetic,EUCAST,SYNTHETIC_ONLY,unknown,unknown,positive,synthetic_fixture,synthetic,,generated:200
SYNTH_00200,DEMO_B,P100,,Escherichia coli,FICTIONAL_B,2024-09-01,Homo sapiens,synthetic,ceftazidime,0.5,=,mg/L,MIC,synthetic,EUCAST,SYNTHETIC_ONLY,unknown,unknown,positive,synthetic_fixture,synthetic,,generated:200
SYNTH_00200,DEMO_B,P100,,Escherichia coli,FICTIONAL_B,2024-09-01,Homo sapiens,synthetic,ciprofloxacin,8.0,=,mg/L,MIC,synthetic,EUCAST,SYNTHETIC_ONLY,unknown,unknown,positive,synthetic_fixture,synthetic,,generated:200
SYNTH_00200,DEMO_B,P100,,Escherichia coli,FICTIONAL_B,2024-09-01,Homo sapiens,synthetic,gentamicin,2.0,=,mg/L,MIC,synthetic,EUCAST,SYNTHETIC_ONLY,unknown,unknown,positive,synthetic_fixture,synthetic,,generated:200
SYNTH_00200,DEMO_B,P100,,Escherichia coli,FICTIONAL_B,2024-09-01,Homo sapiens,synthetic,amikacin,8.0,=,mg/L,MIC,synthetic,EUCAST,SYNTHETIC_ONLY,unknown,unknown,positive,synthetic_fixture,synthetic,,generated:200
SYNTH_00201,DEMO_B,P100,,Klebsiella pneumoniae,FICTIONAL_B,2024-10-01,Homo sapiens,synthetic,meropenem,8,=,mg/L,MIC,synthetic,EUCAST,SYNTHETIC_ONLY,R,positive,unknown,synthetic_fixture,synthetic,,generated:201
SYNTH_00201,DEMO_B,P100,,Klebsiella pneumoniae,FICTIONAL_B,2024-10-01,Homo sapiens,synthetic,gentamicin,2.0,=,mg/L,MIC,synthetic,EUCAST,SYNTHETIC_ONLY,unknown,positive,unknown,synthetic_fixture,synthetic,,generated:201
SYNTH_00201,DEMO_B,P100,,Klebsiella pneumoniae,FICTIONAL_B,2024-10-01,Homo sapiens,synthetic,amikacin,16.0,=,mg/L,MIC,synthetic,EUCAST,SYNTHETIC_ONLY,unknown,positive,unknown,synthetic_fixture,synthetic,,generated:201
SYNTH_00202,DEMO_B,P101,,Escherichia coli,FICTIONAL_B,2024-11-01,Homo sapiens,synthetic,meropenem,8,=,mg/L,MIC,synthetic,EUCAST,SYNTHETIC_ONLY,R,unknown,unknown,synthetic_fixture,synthetic,,generated:202
SYNTH_00202,DEMO_B,P101,,Escherichia coli,FICTIONAL_B,2024-11-01,Homo sapiens,synthetic,cefepime,2.0,=,mg/L,MIC,synthetic,EUCAST,SYNTHETIC_ONLY,unknown,unknown,unknown,synthetic_fixture,synthetic,,generated:202
SYNTH_00202,DEMO_B,P101,,Escherichia coli,FICTIONAL_B,2024-11-01,Homo sapiens,synthetic,ceftazidime,2.0,=,mg/L,MIC,synthetic,EUCAST,SYNTHETIC_ONLY,unknown,unknown,unknown,synthetic_fixture,synthetic,,generated:202
SYNTH_00202,DEMO_B,P101,,Escherichia coli,FICTIONAL_B,2024-11-01,Homo sapiens,synthetic,gentamicin,2.0,=,mg/L,MIC,synthetic,EUCAST,SYNTHETIC_ONLY,unknown,unknown,unknown,synthetic_fixture,synthetic,,generated:202
SYNTH_00202,DEMO_B,P101,,Escherichia coli,FICTIONAL_B,2024-11-01,Homo sapiens,synthetic,amikacin,4.0,=,mg/L,MIC,synthetic,EUCAST,SYNTHETIC_ONLY,unknown,unknown,unknown,synthetic_fixture,synthetic,,generated:202
SYNTH_00203,DEMO_B,P101,,Klebsiella pneumoniae,FICTIONAL_B,2024-12-01,Homo sapiens,synthetic,meropenem,0.5,=,mg/L,MIC,synthetic,EUCAST,SYNTHETIC_ONLY,S,unknown,unknown,synthetic_fixture,synthetic,,generated:203
SYNTH_00203,DEMO_B,P101,,Klebsiella pneumoniae,FICTIONAL_B,2024-12-01,Homo sapiens,synthetic,cefepime,0.5,=,mg/L,MIC,synthetic,EUCAST,SYNTHETIC_ONLY,unknown,unknown,unknown,synthetic_fixture,synthetic,,generated:203
SYNTH_00203,DEMO_B,P101,,Klebsiella pneumoniae,FICTIONAL_B,2024-12-01,Homo sapiens,synthetic,ceftazidime,2.0,=,mg/L,MIC,synthetic,EUCAST,SYNTHETIC_ONLY,unknown,unknown,unknown,synthetic_fixture,synthetic,,generated:203
SYNTH_00203,DEMO_B,P101,,Klebsiella pneumoniae,FICTIONAL_B,2024-12-01,Homo sapiens,synthetic,ciprofloxacin,2.0,=,mg/L,MIC,synthetic,EUCAST,SYNTHETIC_ONLY,unknown,unknown,unknown,synthetic_fixture,synthetic,,generated:203
SYNTH_00203,DEMO_B,P101,,Klebsiella pneumoniae,FICTIONAL_B,2024-12-01,Homo sapiens,synthetic,gentamicin,4.0,=,mg/L,MIC,synthetic,EUCAST,SYNTHETIC_ONLY,unknown,unknown,unknown,synthetic_fixture,synthetic,,generated:203
SYNTH_00203,DEMO_B,P101,,Klebsiella pneumoniae,FICTIONAL_B,2024-12-01,Homo sapiens,synthetic,amikacin,8.0,=,mg/L,MIC,synthetic,EUCAST,SYNTHETIC_ONLY,unknown,unknown,unknown,synthetic_fixture,synthetic,,generated:203
SYNTH_00204,DEMO_B,P102,,Escherichia coli,FICTIONAL_B,2024-01-01,Homo sapiens,synthetic,meropenem,8,=,mg/L,MIC,synthetic,EUCAST,SYNTHETIC_ONLY,R,positive,unknown,synthetic_fixture,synthetic,,generated:204
SYNTH_00204,DEMO_B,P102,,Escherichia coli,FICTIONAL_B,2024-01-01,Homo sapiens,synthetic,cefepime,0.5,=,mg/L,MIC,synthetic,EUCAST,SYNTHETIC_ONLY,unknown,positive,unknown,synthetic_fixture,synthetic,,generated:204
SYNTH_00204,DEMO_B,P102,,Escherichia coli,FICTIONAL_B,2024-01-01,Homo sapiens,synthetic,ceftazidime,2.0,=,mg/L,MIC,synthetic,EUCAST,SYNTHETIC_ONLY,unknown,positive,unknown,synthetic_fixture,synthetic,,generated:204
SYNTH_00204,DEMO_B,P102,,Escherichia coli,FICTIONAL_B,2024-01-01,Homo sapiens,synthetic,gentamicin,16.0,=,mg/L,MIC,synthetic,EUCAST,SYNTHETIC_ONLY,unknown,positive,unknown,synthetic_fixture,synthetic,,generated:204
SYNTH_00205,DEMO_B,P102,,Klebsiella pneumoniae,FICTIONAL_B,2024-02-01,Homo sapiens,synthetic,meropenem,8,=,mg/L,MIC,synthetic,EUCAST,SYNTHETIC_ONLY,R,unknown,positive,synthetic_fixture,synthetic,,generated:205
SYNTH_00205,DEMO_B,P102,,Klebsiella pneumoniae,FICTIONAL_B,2024-02-01,Homo sapiens,synthetic,cefepime,2.0,=,mg/L,MIC,synthetic,EUCAST,SYNTHETIC_ONLY,unknown,unknown,positive,synthetic_fixture,synthetic,,generated:205
SYNTH_00205,DEMO_B,P102,,Klebsiella pneumoniae,FICTIONAL_B,2024-02-01,Homo sapiens,synthetic,ceftazidime,2.0,=,mg/L,MIC,synthetic,EUCAST,SYNTHETIC_ONLY,unknown,unknown,positive,synthetic_fixture,synthetic,,generated:205
SYNTH_00205,DEMO_B,P102,,Klebsiella pneumoniae,FICTIONAL_B,2024-02-01,Homo sapiens,synthetic,ciprofloxacin,2.0,=,mg/L,MIC,synthetic,EUCAST,SYNTHETIC_ONLY,unknown,unknown,positive,synthetic_fixture,synthetic,,generated:205
SYNTH_00205,DEMO_B,P102,,Klebsiella pneumoniae,FICTIONAL_B,2024-02-01,Homo sapiens,synthetic,gentamicin,4.0,=,mg/L,MIC,synthetic,EUCAST,SYNTHETIC_ONLY,unknown,unknown,positive,synthetic_fixture,synthetic,,generated:205
SYNTH_00205,DEMO_B,P102,,Klebsiella pneumoniae,FICTIONAL_B,2024-02-01,Homo sapiens,synthetic,amikacin,8.0,=,mg/L,MIC,synthetic,EUCAST,SYNTHETIC_ONLY,unknown,unknown,positive,synthetic_fixture,synthetic,,generated:205
SYNTH_00206,DEMO_B,P103,,Escherichia coli,FICTIONAL_B,2024-03-01,Homo sapiens,synthetic,meropenem,8,=,mg/L,MIC,synthetic,EUCAST,SYNTHETIC_ONLY,R,unknown,unknown,synthetic_fixture,synthetic,,generated:206
SYNTH_00206,DEMO_B,P103,,Escherichia coli,FICTIONAL_B,2024-03-01,Homo sapiens,synthetic,cefepime,2.0,=,mg/L,MIC,synthetic,EUCAST,SYNTHETIC_ONLY,unknown,unknown,unknown,synthetic_fixture,synthetic,,generated:206
SYNTH_00206,DEMO_B,P103,,Escherichia coli,FICTIONAL_B,2024-03-01,Homo sapiens,synthetic,ceftazidime,0.5,=,mg/L,MIC,synthetic,EUCAST,SYNTHETIC_ONLY,unknown,unknown,unknown,synthetic_fixture,synthetic,,generated:206
SYNTH_00206,DEMO_B,P103,,Escherichia coli,FICTIONAL_B,2024-03-01,Homo sapiens,synthetic,ciprofloxacin,4.0,=,mg/L,MIC,synthetic,EUCAST,SYNTHETIC_ONLY,unknown,unknown,unknown,synthetic_fixture,synthetic,,generated:206
SYNTH_00206,DEMO_B,P103,,Escherichia coli,FICTIONAL_B,2024-03-01,Homo sapiens,synthetic,gentamicin,16.0,=,mg/L,MIC,synthetic,EUCAST,SYNTHETIC_ONLY,unknown,unknown,unknown,synthetic_fixture,synthetic,,generated:206
SYNTH_00206,DEMO_B,P103,,Escherichia coli,FICTIONAL_B,2024-03-01,Homo sapiens,synthetic,amikacin,2.0,=,mg/L,MIC,synthetic,EUCAST,SYNTHETIC_ONLY,unknown,unknown,unknown,synthetic_fixture,synthetic,,generated:206
SYNTH_00207,DEMO_B,P103,,Klebsiella pneumoniae,FICTIONAL_B,2024-04-01,Homo sapiens,synthetic,meropenem,0.5,=,mg/L,MIC,synthetic,EUCAST,SYNTHETIC_ONLY,S,positive,unknown,synthetic_fixture,synthetic,,generated:207
SYNTH_00207,DEMO_B,P103,,Klebsiella pneumoniae,FICTIONAL_B,2024-04-01,Homo sapiens,synthetic,cefepime,2.0,=,mg/L,MIC,synthetic,EUCAST,SYNTHETIC_ONLY,unknown,positive,unknown,synthetic_fixture,synthetic,,generated:207
SYNTH_00207,DEMO_B,P103,,Klebsiella pneumoniae,FICTIONAL_B,2024-04-01,Homo sapiens,synthetic,ceftazidime,1.0,=,mg/L,MIC,synthetic,EUCAST,SYNTHETIC_ONLY,unknown,positive,unknown,synthetic_fixture,synthetic,,generated:207
SYNTH_00207,DEMO_B,P103,,Klebsiella pneumoniae,FICTIONAL_B,2024-04-01,Homo sapiens,synthetic,gentamicin,1.0,=,mg/L,MIC,synthetic,EUCAST,SYNTHETIC_ONLY,unknown,positive,unknown,synthetic_fixture,synthetic,,generated:207
SYNTH_00207,DEMO_B,P103,,Klebsiella pneumoniae,FICTIONAL_B,2024-04-01,Homo sapiens,synthetic,amikacin,4.0,=,mg/L,MIC,synthetic,EUCAST,SYNTHETIC_ONLY,unknown,positive,unknown,synthetic_fixture,synthetic,,generated:207
SYNTH_00208,DEMO_B,P104,,Escherichia coli,FICTIONAL_B,2024-05-01,Homo sapiens,synthetic,meropenem,8,=,mg/L,MIC,synthetic,EUCAST,SYNTHETIC_ONLY,R,unknown,unknown,synthetic_fixture,synthetic,,generated:208
SYNTH_00208,DEMO_B,P104,,Escherichia coli,FICTIONAL_B,2024-05-01,Homo sapiens,synthetic,cefepime,4.0,=,mg/L,MIC,synthetic,EUCAST,SYNTHETIC_ONLY,unknown,unknown,unknown,synthetic_fixture,synthetic,,generated:208
SYNTH_00208,DEMO_B,P104,,Escherichia coli,FICTIONAL_B,2024-05-01,Homo sapiens,synthetic,ceftazidime,4.0,=,mg/L,MIC,synthetic,EUCAST,SYNTHETIC_ONLY,unknown,unknown,unknown,synthetic_fixture,synthetic,,generated:208
SYNTH_00208,DEMO_B,P104,,Escherichia coli,FICTIONAL_B,2024-05-01,Homo sapiens,synthetic,ciprofloxacin,4.0,=,mg/L,MIC,synthetic,EUCAST,SYNTHETIC_ONLY,unknown,unknown,unknown,synthetic_fixture,synthetic,,generated:208
SYNTH_00208,DEMO_B,P104,,Escherichia coli,FICTIONAL_B,2024-05-01,Homo sapiens,synthetic,gentamicin,2.0,=,mg/L,MIC,synthetic,EUCAST,SYNTHETIC_ONLY,unknown,unknown,unknown,synthetic_fixture,synthetic,,generated:208
SYNTH_00208,DEMO_B,P104,,Escherichia coli,FICTIONAL_B,2024-05-01,Homo sapiens,synthetic,amikacin,16.0,=,mg/L,MIC,synthetic,EUCAST,SYNTHETIC_ONLY,unknown,unknown,unknown,synthetic_fixture,synthetic,,generated:208
SYNTH_00209,DEMO_B,P104,,Klebsiella pneumoniae,FICTIONAL_B,2024-06-01,Homo sapiens,synthetic,meropenem,0.5,=,mg/L,MIC,synthetic,EUCAST,SYNTHETIC_ONLY,S,unknown,unknown,synthetic_fixture,synthetic,,generated:209
SYNTH_00209,DEMO_B,P104,,Klebsiella pneumoniae,FICTIONAL_B,2024-06-01,Homo sapiens,synthetic,cefepime,2.0,=,mg/L,MIC,synthetic,EUCAST,SYNTHETIC_ONLY,unknown,unknown,unknown,synthetic_fixture,synthetic,,generated:209
SYNTH_00209,DEMO_B,P104,,Klebsiella pneumoniae,FICTIONAL_B,2024-06-01,Homo sapiens,synthetic,ceftazidime,0.25,=,mg/L,MIC,synthetic,EUCAST,SYNTHETIC_ONLY,unknown,unknown,unknown,synthetic_fixture,synthetic,,generated:209
SYNTH_00209,DEMO_B,P104,,Klebsiella pneumoniae,FICTIONAL_B,2024-06-01,Homo sapiens,synthetic,ciprofloxacin,0.5,=,mg/L,MIC,synthetic,EUCAST,SYNTHETIC_ONLY,unknown,unknown,unknown,synthetic_fixture,synthetic,,generated:209
SYNTH_00209,DEMO_B,P104,,Klebsiella pneumoniae,FICTIONAL_B,2024-06-01,Homo sapiens,synthetic,gentamicin,1.0,=,mg/L,MIC,synthetic,EUCAST,SYNTHETIC_ONLY,unknown,unknown,unknown,synthetic_fixture,synthetic,,generated:209
SYNTH_00209,DEMO_B,P104,,Klebsiella pneumoniae,FICTIONAL_B,2024-06-01,Homo sapiens,synthetic,amikacin,2.0,=,mg/L,MIC,synthetic,EUCAST,SYNTHETIC_ONLY,unknown,unknown,unknown,synthetic_fixture,synthetic,,generated:209
SYNTH_00210,DEMO_B,P105,,Escherichia coli,FICTIONAL_B,2024-07-01,Homo sapiens,synthetic,meropenem,0.5,=,mg/L,MIC,synthetic,EUCAST,SYNTHETIC_ONLY,S,positive,positive,synthetic_fixture,synthetic,,generated:210
SYNTH_00210,DEMO_B,P105,,Escherichia coli,FICTIONAL_B,2024-07-01,Homo sapiens,synthetic,cefepime,0.5,=,mg/L,MIC,synthetic,EUCAST,SYNTHETIC_ONLY,unknown,positive,positive,synthetic_fixture,synthetic,,generated:210
SYNTH_00210,DEMO_B,P105,,Escherichia coli,FICTIONAL_B,2024-07-01,Homo sapiens,synthetic,ceftazidime,2.0,=,mg/L,MIC,synthetic,EUCAST,SYNTHETIC_ONLY,unknown,positive,positive,synthetic_fixture,synthetic,,generated:210
SYNTH_00210,DEMO_B,P105,,Escherichia coli,FICTIONAL_B,2024-07-01,Homo sapiens,synthetic,ciprofloxacin,1.0,=,mg/L,MIC,synthetic,EUCAST,SYNTHETIC_ONLY,unknown,positive,positive,synthetic_fixture,synthetic,,generated:210
SYNTH_00210,DEMO_B,P105,,Escherichia coli,FICTIONAL_B,2024-07-01,Homo sapiens,synthetic,gentamicin,4.0,=,mg/L,MIC,synthetic,EUCAST,SYNTHETIC_ONLY,unknown,positive,positive,synthetic_fixture,synthetic,,generated:210
SYNTH_00210,DEMO_B,P105,,Escherichia coli,FICTIONAL_B,2024-07-01,Homo sapiens,synthetic,amikacin,1.0,=,mg/L,MIC,synthetic,EUCAST,SYNTHETIC_ONLY,unknown,positive,positive,synthetic_fixture,synthetic,,generated:210
SYNTH_00211,DEMO_B,P105,,Klebsiella pneumoniae,FICTIONAL_B,2024-08-01,Homo sapiens,synthetic,meropenem,0.5,=,mg/L,MIC,synthetic,EUCAST,SYNTHETIC_ONLY,S,unknown,unknown,synthetic_fixture,synthetic,,generated:211
SYNTH_00211,DEMO_B,P105,,Klebsiella pneumoniae,FICTIONAL_B,2024-08-01,Homo sapiens,synthetic,cefepime,0.25,=,mg/L,MIC,synthetic,EUCAST,SYNTHETIC_ONLY,unknown,unknown,unknown,synthetic_fixture,synthetic,,generated:211
SYNTH_00211,DEMO_B,P105,,Klebsiella pneumoniae,FICTIONAL_B,2024-08-01,Homo sapiens,synthetic,ceftazidime,2.0,=,mg/L,MIC,synthetic,EUCAST,SYNTHETIC_ONLY,unknown,unknown,unknown,synthetic_fixture,synthetic,,generated:211
SYNTH_00211,DEMO_B,P105,,Klebsiella pneumoniae,FICTIONAL_B,2024-08-01,Homo sapiens,synthetic,ciprofloxacin,1.0,=,mg/L,MIC,synthetic,EUCAST,SYNTHETIC_ONLY,unknown,unknown,unknown,synthetic_fixture,synthetic,,generated:211
SYNTH_00211,DEMO_B,P105,,Klebsiella pneumoniae,FICTIONAL_B,2024-08-01,Homo sapiens,synthetic,gentamicin,4.0,=,mg/L,MIC,synthetic,EUCAST,SYNTHETIC_ONLY,unknown,unknown,unknown,synthetic_fixture,synthetic,,generated:211
SYNTH_00211,DEMO_B,P105,,Klebsiella pneumoniae,FICTIONAL_B,2024-08-01,Homo sapiens,synthetic,amikacin,1.0,=,mg/L,MIC,synthetic,EUCAST,SYNTHETIC_ONLY,unknown,unknown,unknown,synthetic_fixture,synthetic,,generated:211
SYNTH_00212,DEMO_B,P106,,Escherichia coli,FICTIONAL_B,2024-09-01,Homo sapiens,synthetic,meropenem,8,=,mg/L,MIC,synthetic,EUCAST,SYNTHETIC_ONLY,R,unknown,unknown,synthetic_fixture,synthetic,,generated:212
SYNTH_00212,DEMO_B,P106,,Escherichia coli,FICTIONAL_B,2024-09-01,Homo sapiens,synthetic,ceftazidime,2.0,=,mg/L,MIC,synthetic,EUCAST,SYNTHETIC_ONLY,unknown,unknown,unknown,synthetic_fixture,synthetic,,generated:212
SYNTH_00212,DEMO_B,P106,,Escherichia coli,FICTIONAL_B,2024-09-01,Homo sapiens,synthetic,ciprofloxacin,1.0,=,mg/L,MIC,synthetic,EUCAST,SYNTHETIC_ONLY,unknown,unknown,unknown,synthetic_fixture,synthetic,,generated:212
SYNTH_00212,DEMO_B,P106,,Escherichia coli,FICTIONAL_B,2024-09-01,Homo sapiens,synthetic,gentamicin,8.0,=,mg/L,MIC,synthetic,EUCAST,SYNTHETIC_ONLY,unknown,unknown,unknown,synthetic_fixture,synthetic,,generated:212
SYNTH_00212,DEMO_B,P106,,Escherichia coli,FICTIONAL_B,2024-09-01,Homo sapiens,synthetic,amikacin,8.0,=,mg/L,MIC,synthetic,EUCAST,SYNTHETIC_ONLY,unknown,unknown,unknown,synthetic_fixture,synthetic,,generated:212
SYNTH_00213,DEMO_B,P106,,Klebsiella pneumoniae,FICTIONAL_B,2024-10-01,Homo sapiens,synthetic,meropenem,0.5,=,mg/L,MIC,synthetic,EUCAST,SYNTHETIC_ONLY,S,positive,unknown,synthetic_fixture,synthetic,,generated:213
SYNTH_00213,DEMO_B,P106,,Klebsiella pneumoniae,FICTIONAL_B,2024-10-01,Homo sapiens,synthetic,cefepime,0.25,=,mg/L,MIC,synthetic,EUCAST,SYNTHETIC_ONLY,unknown,positive,unknown,synthetic_fixture,synthetic,,generated:213
SYNTH_00213,DEMO_B,P106,,Klebsiella pneumoniae,FICTIONAL_B,2024-10-01,Homo sapiens,synthetic,ceftazidime,0.25,=,mg/L,MIC,synthetic,EUCAST,SYNTHETIC_ONLY,unknown,positive,unknown,synthetic_fixture,synthetic,,generated:213
SYNTH_00213,DEMO_B,P106,,Klebsiella pneumoniae,FICTIONAL_B,2024-10-01,Homo sapiens,synthetic,ciprofloxacin,1.0,=,mg/L,MIC,synthetic,EUCAST,SYNTHETIC_ONLY,unknown,positive,unknown,synthetic_fixture,synthetic,,generated:213
SYNTH_00213,DEMO_B,P106,,Klebsiella pneumoniae,FICTIONAL_B,2024-10-01,Homo sapiens,synthetic,amikacin,2.0,=,mg/L,MIC,synthetic,EUCAST,SYNTHETIC_ONLY,unknown,positive,unknown,synthetic_fixture,synthetic,,generated:213
SYNTH_00214,DEMO_B,P107,,Escherichia coli,FICTIONAL_B,2024-11-01,Homo sapiens,synthetic,meropenem,0.5,=,mg/L,MIC,synthetic,EUCAST,SYNTHETIC_ONLY,S,unknown,unknown,synthetic_fixture,synthetic,,generated:214
SYNTH_00214,DEMO_B,P107,,Escherichia coli,FICTIONAL_B,2024-11-01,Homo sapiens,synthetic,cefepime,2.0,=,mg/L,MIC,synthetic,EUCAST,SYNTHETIC_ONLY,unknown,unknown,unknown,synthetic_fixture,synthetic,,generated:214
SYNTH_00214,DEMO_B,P107,,Escherichia coli,FICTIONAL_B,2024-11-01,Homo sapiens,synthetic,ceftazidime,2.0,=,mg/L,MIC,synthetic,EUCAST,SYNTHETIC_ONLY,unknown,unknown,unknown,synthetic_fixture,synthetic,,generated:214
SYNTH_00214,DEMO_B,P107,,Escherichia coli,FICTIONAL_B,2024-11-01,Homo sapiens,synthetic,ciprofloxacin,4.0,=,mg/L,MIC,synthetic,EUCAST,SYNTHETIC_ONLY,unknown,unknown,unknown,synthetic_fixture,synthetic,,generated:214
SYNTH_00214,DEMO_B,P107,,Escherichia coli,FICTIONAL_B,2024-11-01,Homo sapiens,synthetic,gentamicin,2.0,=,mg/L,MIC,synthetic,EUCAST,SYNTHETIC_ONLY,unknown,unknown,unknown,synthetic_fixture,synthetic,,generated:214
SYNTH_00215,DEMO_B,P107,,Klebsiella pneumoniae,FICTIONAL_B,2024-12-01,Homo sapiens,synthetic,meropenem,0.5,=,mg/L,MIC,synthetic,EUCAST,SYNTHETIC_ONLY,S,unknown,positive,synthetic_fixture,synthetic,,generated:215
SYNTH_00215,DEMO_B,P107,,Klebsiella pneumoniae,FICTIONAL_B,2024-12-01,Homo sapiens,synthetic,cefepime,2.0,=,mg/L,MIC,synthetic,EUCAST,SYNTHETIC_ONLY,unknown,unknown,positive,synthetic_fixture,synthetic,,generated:215
SYNTH_00215,DEMO_B,P107,,Klebsiella pneumoniae,FICTIONAL_B,2024-12-01,Homo sapiens,synthetic,ceftazidime,1.0,=,mg/L,MIC,synthetic,EUCAST,SYNTHETIC_ONLY,unknown,unknown,positive,synthetic_fixture,synthetic,,generated:215
SYNTH_00215,DEMO_B,P107,,Klebsiella pneumoniae,FICTIONAL_B,2024-12-01,Homo sapiens,synthetic,ciprofloxacin,1.0,=,mg/L,MIC,synthetic,EUCAST,SYNTHETIC_ONLY,unknown,unknown,positive,synthetic_fixture,synthetic,,generated:215
SYNTH_00215,DEMO_B,P107,,Klebsiella pneumoniae,FICTIONAL_B,2024-12-01,Homo sapiens,synthetic,gentamicin,2.0,=,mg/L,MIC,synthetic,EUCAST,SYNTHETIC_ONLY,unknown,unknown,positive,synthetic_fixture,synthetic,,generated:215
SYNTH_00215,DEMO_B,P107,,Klebsiella pneumoniae,FICTIONAL_B,2024-12-01,Homo sapiens,synthetic,amikacin,2.0,=,mg/L,MIC,synthetic,EUCAST,SYNTHETIC_ONLY,unknown,unknown,positive,synthetic_fixture,synthetic,,generated:215
SYNTH_00216,DEMO_B,P108,,Escherichia coli,FICTIONAL_B,2024-01-01,Homo sapiens,synthetic,meropenem,0.5,=,mg/L,MIC,synthetic,EUCAST,SYNTHETIC_ONLY,S,positive,unknown,synthetic_fixture,synthetic,,generated:216
SYNTH_00216,DEMO_B,P108,,Escherichia coli,FICTIONAL_B,2024-01-01,Homo sapiens,synthetic,cefepime,2.0,=,mg/L,MIC,synthetic,EUCAST,SYNTHETIC_ONLY,unknown,positive,unknown,synthetic_fixture,synthetic,,generated:216
SYNTH_00216,DEMO_B,P108,,Escherichia coli,FICTIONAL_B,2024-01-01,Homo sapiens,synthetic,ceftazidime,1.0,=,mg/L,MIC,synthetic,EUCAST,SYNTHETIC_ONLY,unknown,positive,unknown,synthetic_fixture,synthetic,,generated:216
SYNTH_00216,DEMO_B,P108,,Escherichia coli,FICTIONAL_B,2024-01-01,Homo sapiens,synthetic,ciprofloxacin,1.0,=,mg/L,MIC,synthetic,EUCAST,SYNTHETIC_ONLY,unknown,positive,unknown,synthetic_fixture,synthetic,,generated:216
SYNTH_00216,DEMO_B,P108,,Escherichia coli,FICTIONAL_B,2024-01-01,Homo sapiens,synthetic,gentamicin,4.0,=,mg/L,MIC,synthetic,EUCAST,SYNTHETIC_ONLY,unknown,positive,unknown,synthetic_fixture,synthetic,,generated:216
SYNTH_00216,DEMO_B,P108,,Escherichia coli,FICTIONAL_B,2024-01-01,Homo sapiens,synthetic,amikacin,4.0,=,mg/L,MIC,synthetic,EUCAST,SYNTHETIC_ONLY,unknown,positive,unknown,synthetic_fixture,synthetic,,generated:216
SYNTH_00217,DEMO_B,P108,,Klebsiella pneumoniae,FICTIONAL_B,2024-02-01,Homo sapiens,synthetic,meropenem,0.5,=,mg/L,MIC,synthetic,EUCAST,SYNTHETIC_ONLY,S,unknown,unknown,synthetic_fixture,synthetic,,generated:217
SYNTH_00217,DEMO_B,P108,,Klebsiella pneumoniae,FICTIONAL_B,2024-02-01,Homo sapiens,synthetic,cefepime,0.25,=,mg/L,MIC,synthetic,EUCAST,SYNTHETIC_ONLY,unknown,unknown,unknown,synthetic_fixture,synthetic,,generated:217
SYNTH_00217,DEMO_B,P108,,Klebsiella pneumoniae,FICTIONAL_B,2024-02-01,Homo sapiens,synthetic,ceftazidime,0.25,=,mg/L,MIC,synthetic,EUCAST,SYNTHETIC_ONLY,unknown,unknown,unknown,synthetic_fixture,synthetic,,generated:217
SYNTH_00217,DEMO_B,P108,,Klebsiella pneumoniae,FICTIONAL_B,2024-02-01,Homo sapiens,synthetic,ciprofloxacin,0.5,=,mg/L,MIC,synthetic,EUCAST,SYNTHETIC_ONLY,unknown,unknown,unknown,synthetic_fixture,synthetic,,generated:217
SYNTH_00217,DEMO_B,P108,,Klebsiella pneumoniae,FICTIONAL_B,2024-02-01,Homo sapiens,synthetic,amikacin,2.0,=,mg/L,MIC,synthetic,EUCAST,SYNTHETIC_ONLY,unknown,unknown,unknown,synthetic_fixture,synthetic,,generated:217
SYNTH_00218,DEMO_B,P109,,Escherichia coli,FICTIONAL_B,2024-03-01,Homo sapiens,synthetic,meropenem,8,=,mg/L,MIC,synthetic,EUCAST,SYNTHETIC_ONLY,R,unknown,unknown,synthetic_fixture,synthetic,,generated:218
SYNTH_00218,DEMO_B,P109,,Escherichia coli,FICTIONAL_B,2024-03-01,Homo sapiens,synthetic,cefepime,2.0,=,mg/L,MIC,synthetic,EUCAST,SYNTHETIC_ONLY,unknown,unknown,unknown,synthetic_fixture,synthetic,,generated:218
SYNTH_00218,DEMO_B,P109,,Escherichia coli,FICTIONAL_B,2024-03-01,Homo sapiens,synthetic,ceftazidime,4.0,=,mg/L,MIC,synthetic,EUCAST,SYNTHETIC_ONLY,unknown,unknown,unknown,synthetic_fixture,synthetic,,generated:218
SYNTH_00218,DEMO_B,P109,,Escherichia coli,FICTIONAL_B,2024-03-01,Homo sapiens,synthetic,ciprofloxacin,4.0,=,mg/L,MIC,synthetic,EUCAST,SYNTHETIC_ONLY,unknown,unknown,unknown,synthetic_fixture,synthetic,,generated:218
SYNTH_00218,DEMO_B,P109,,Escherichia coli,FICTIONAL_B,2024-03-01,Homo sapiens,synthetic,gentamicin,8.0,=,mg/L,MIC,synthetic,EUCAST,SYNTHETIC_ONLY,unknown,unknown,unknown,synthetic_fixture,synthetic,,generated:218
SYNTH_00218,DEMO_B,P109,,Escherichia coli,FICTIONAL_B,2024-03-01,Homo sapiens,synthetic,amikacin,4.0,=,mg/L,MIC,synthetic,EUCAST,SYNTHETIC_ONLY,unknown,unknown,unknown,synthetic_fixture,synthetic,,generated:218
SYNTH_00219,DEMO_B,P109,,Klebsiella pneumoniae,FICTIONAL_B,2024-04-01,Homo sapiens,synthetic,meropenem,0.5,=,mg/L,MIC,synthetic,EUCAST,SYNTHETIC_ONLY,S,positive,unknown,synthetic_fixture,synthetic,,generated:219
SYNTH_00219,DEMO_B,P109,,Klebsiella pneumoniae,FICTIONAL_B,2024-04-01,Homo sapiens,synthetic,cefepime,0.25,=,mg/L,MIC,synthetic,EUCAST,SYNTHETIC_ONLY,unknown,positive,unknown,synthetic_fixture,synthetic,,generated:219
SYNTH_00219,DEMO_B,P109,,Klebsiella pneumoniae,FICTIONAL_B,2024-04-01,Homo sapiens,synthetic,ceftazidime,1.0,=,mg/L,MIC,synthetic,EUCAST,SYNTHETIC_ONLY,unknown,positive,unknown,synthetic_fixture,synthetic,,generated:219
SYNTH_00219,DEMO_B,P109,,Klebsiella pneumoniae,FICTIONAL_B,2024-04-01,Homo sapiens,synthetic,gentamicin,2.0,=,mg/L,MIC,synthetic,EUCAST,SYNTHETIC_ONLY,unknown,positive,unknown,synthetic_fixture,synthetic,,generated:219
SYNTH_00219,DEMO_B,P109,,Klebsiella pneumoniae,FICTIONAL_B,2024-04-01,Homo sapiens,synthetic,amikacin,2.0,=,mg/L,MIC,synthetic,EUCAST,SYNTHETIC_ONLY,unknown,positive,unknown,synthetic_fixture,synthetic,,generated:219
SYNTH_00220,DEMO_B,P110,,Escherichia coli,FICTIONAL_B,2024-05-01,Homo sapiens,synthetic,meropenem,8,=,mg/L,MIC,synthetic,EUCAST,SYNTHETIC_ONLY,R,unknown,positive,synthetic_fixture,synthetic,,generated:220
SYNTH_00220,DEMO_B,P110,,Escherichia coli,FICTIONAL_B,2024-05-01,Homo sapiens,synthetic,ciprofloxacin,8.0,=,mg/L,MIC,synthetic,EUCAST,SYNTHETIC_ONLY,unknown,unknown,positive,synthetic_fixture,synthetic,,generated:220
SYNTH_00220,DEMO_B,P110,,Escherichia coli,FICTIONAL_B,2024-05-01,Homo sapiens,synthetic,amikacin,8.0,=,mg/L,MIC,synthetic,EUCAST,SYNTHETIC_ONLY,unknown,unknown,positive,synthetic_fixture,synthetic,,generated:220
SYNTH_00221,DEMO_B,P110,,Klebsiella pneumoniae,FICTIONAL_B,2024-06-01,Homo sapiens,synthetic,meropenem,8,=,mg/L,MIC,synthetic,EUCAST,SYNTHETIC_ONLY,R,unknown,unknown,synthetic_fixture,synthetic,,generated:221
SYNTH_00221,DEMO_B,P110,,Klebsiella pneumoniae,FICTIONAL_B,2024-06-01,Homo sapiens,synthetic,cefepime,2.0,=,mg/L,MIC,synthetic,EUCAST,SYNTHETIC_ONLY,unknown,unknown,unknown,synthetic_fixture,synthetic,,generated:221
SYNTH_00221,DEMO_B,P110,,Klebsiella pneumoniae,FICTIONAL_B,2024-06-01,Homo sapiens,synthetic,ceftazidime,4.0,=,mg/L,MIC,synthetic,EUCAST,SYNTHETIC_ONLY,unknown,unknown,unknown,synthetic_fixture,synthetic,,generated:221
SYNTH_00221,DEMO_B,P110,,Klebsiella pneumoniae,FICTIONAL_B,2024-06-01,Homo sapiens,synthetic,ciprofloxacin,16.0,=,mg/L,MIC,synthetic,EUCAST,SYNTHETIC_ONLY,unknown,unknown,unknown,synthetic_fixture,synthetic,,generated:221
SYNTH_00221,DEMO_B,P110,,Klebsiella pneumoniae,FICTIONAL_B,2024-06-01,Homo sapiens,synthetic,gentamicin,4.0,=,mg/L,MIC,synthetic,EUCAST,SYNTHETIC_ONLY,unknown,unknown,unknown,synthetic_fixture,synthetic,,generated:221
SYNTH_00221,DEMO_B,P110,,Klebsiella pneumoniae,FICTIONAL_B,2024-06-01,Homo sapiens,synthetic,amikacin,16.0,=,mg/L,MIC,synthetic,EUCAST,SYNTHETIC_ONLY,unknown,unknown,unknown,synthetic_fixture,synthetic,,generated:221
SYNTH_00222,DEMO_B,P111,,Escherichia coli,FICTIONAL_B,2024-07-01,Homo sapiens,synthetic,meropenem,8,=,mg/L,MIC,synthetic,EUCAST,SYNTHETIC_ONLY,R,positive,unknown,synthetic_fixture,synthetic,,generated:222
SYNTH_00222,DEMO_B,P111,,Escherichia coli,FICTIONAL_B,2024-07-01,Homo sapiens,synthetic,cefepime,1.0,=,mg/L,MIC,synthetic,EUCAST,SYNTHETIC_ONLY,unknown,positive,unknown,synthetic_fixture,synthetic,,generated:222
SYNTH_00222,DEMO_B,P111,,Escherichia coli,FICTIONAL_B,2024-07-01,Homo sapiens,synthetic,ceftazidime,1.0,=,mg/L,MIC,synthetic,EUCAST,SYNTHETIC_ONLY,unknown,positive,unknown,synthetic_fixture,synthetic,,generated:222
SYNTH_00222,DEMO_B,P111,,Escherichia coli,FICTIONAL_B,2024-07-01,Homo sapiens,synthetic,ciprofloxacin,1.0,=,mg/L,MIC,synthetic,EUCAST,SYNTHETIC_ONLY,unknown,positive,unknown,synthetic_fixture,synthetic,,generated:222
SYNTH_00222,DEMO_B,P111,,Escherichia coli,FICTIONAL_B,2024-07-01,Homo sapiens,synthetic,gentamicin,0.5,=,mg/L,MIC,synthetic,EUCAST,SYNTHETIC_ONLY,unknown,positive,unknown,synthetic_fixture,synthetic,,generated:222
SYNTH_00222,DEMO_B,P111,,Escherichia coli,FICTIONAL_B,2024-07-01,Homo sapiens,synthetic,amikacin,4.0,=,mg/L,MIC,synthetic,EUCAST,SYNTHETIC_ONLY,unknown,positive,unknown,synthetic_fixture,synthetic,,generated:222
SYNTH_00223,DEMO_B,P111,,Klebsiella pneumoniae,FICTIONAL_B,2024-08-01,Homo sapiens,synthetic,meropenem,8,=,mg/L,MIC,synthetic,EUCAST,SYNTHETIC_ONLY,R,unknown,unknown,synthetic_fixture,synthetic,,generated:223
SYNTH_00223,DEMO_B,P111,,Klebsiella pneumoniae,FICTIONAL_B,2024-08-01,Homo sapiens,synthetic,cefepime,2.0,=,mg/L,MIC,synthetic,EUCAST,SYNTHETIC_ONLY,unknown,unknown,unknown,synthetic_fixture,synthetic,,generated:223
SYNTH_00223,DEMO_B,P111,,Klebsiella pneumoniae,FICTIONAL_B,2024-08-01,Homo sapiens,synthetic,ceftazidime,1.0,=,mg/L,MIC,synthetic,EUCAST,SYNTHETIC_ONLY,unknown,unknown,unknown,synthetic_fixture,synthetic,,generated:223
SYNTH_00223,DEMO_B,P111,,Klebsiella pneumoniae,FICTIONAL_B,2024-08-01,Homo sapiens,synthetic,ciprofloxacin,8.0,=,mg/L,MIC,synthetic,EUCAST,SYNTHETIC_ONLY,unknown,unknown,unknown,synthetic_fixture,synthetic,,generated:223
SYNTH_00223,DEMO_B,P111,,Klebsiella pneumoniae,FICTIONAL_B,2024-08-01,Homo sapiens,synthetic,gentamicin,4.0,=,mg/L,MIC,synthetic,EUCAST,SYNTHETIC_ONLY,unknown,unknown,unknown,synthetic_fixture,synthetic,,generated:223
SYNTH_00223,DEMO_B,P111,,Klebsiella pneumoniae,FICTIONAL_B,2024-08-01,Homo sapiens,synthetic,amikacin,4.0,=,mg/L,MIC,synthetic,EUCAST,SYNTHETIC_ONLY,unknown,unknown,unknown,synthetic_fixture,synthetic,,generated:223
SYNTH_00224,DEMO_B,P112,,Escherichia coli,FICTIONAL_B,2024-09-01,Homo sapiens,synthetic,meropenem,0.5,=,mg/L,MIC,synthetic,EUCAST,SYNTHETIC_ONLY,S,unknown,unknown,synthetic_fixture,synthetic,,generated:224
SYNTH_00224,DEMO_B,P112,,Escherichia coli,FICTIONAL_B,2024-09-01,Homo sapiens,synthetic,cefepime,0.5,=,mg/L,MIC,synthetic,EUCAST,SYNTHETIC_ONLY,unknown,unknown,unknown,synthetic_fixture,synthetic,,generated:224
SYNTH_00224,DEMO_B,P112,,Escherichia coli,FICTIONAL_B,2024-09-01,Homo sapiens,synthetic,ceftazidime,2.0,=,mg/L,MIC,synthetic,EUCAST,SYNTHETIC_ONLY,unknown,unknown,unknown,synthetic_fixture,synthetic,,generated:224
SYNTH_00224,DEMO_B,P112,,Escherichia coli,FICTIONAL_B,2024-09-01,Homo sapiens,synthetic,ciprofloxacin,4.0,=,mg/L,MIC,synthetic,EUCAST,SYNTHETIC_ONLY,unknown,unknown,unknown,synthetic_fixture,synthetic,,generated:224
SYNTH_00224,DEMO_B,P112,,Escherichia coli,FICTIONAL_B,2024-09-01,Homo sapiens,synthetic,gentamicin,2.0,=,mg/L,MIC,synthetic,EUCAST,SYNTHETIC_ONLY,unknown,unknown,unknown,synthetic_fixture,synthetic,,generated:224
SYNTH_00224,DEMO_B,P112,,Escherichia coli,FICTIONAL_B,2024-09-01,Homo sapiens,synthetic,amikacin,8.0,=,mg/L,MIC,synthetic,EUCAST,SYNTHETIC_ONLY,unknown,unknown,unknown,synthetic_fixture,synthetic,,generated:224
SYNTH_00225,DEMO_B,P112,,Klebsiella pneumoniae,FICTIONAL_B,2024-10-01,Homo sapiens,synthetic,meropenem,8,=,mg/L,MIC,synthetic,EUCAST,SYNTHETIC_ONLY,R,positive,positive,synthetic_fixture,synthetic,,generated:225
SYNTH_00225,DEMO_B,P112,,Klebsiella pneumoniae,FICTIONAL_B,2024-10-01,Homo sapiens,synthetic,cefepime,4.0,=,mg/L,MIC,synthetic,EUCAST,SYNTHETIC_ONLY,unknown,positive,positive,synthetic_fixture,synthetic,,generated:225
SYNTH_00225,DEMO_B,P112,,Klebsiella pneumoniae,FICTIONAL_B,2024-10-01,Homo sapiens,synthetic,ceftazidime,4.0,=,mg/L,MIC,synthetic,EUCAST,SYNTHETIC_ONLY,unknown,positive,positive,synthetic_fixture,synthetic,,generated:225
SYNTH_00225,DEMO_B,P112,,Klebsiella pneumoniae,FICTIONAL_B,2024-10-01,Homo sapiens,synthetic,ciprofloxacin,8.0,=,mg/L,MIC,synthetic,EUCAST,SYNTHETIC_ONLY,unknown,positive,positive,synthetic_fixture,synthetic,,generated:225
SYNTH_00225,DEMO_B,P112,,Klebsiella pneumoniae,FICTIONAL_B,2024-10-01,Homo sapiens,synthetic,gentamicin,4.0,=,mg/L,MIC,synthetic,EUCAST,SYNTHETIC_ONLY,unknown,positive,positive,synthetic_fixture,synthetic,,generated:225
SYNTH_00225,DEMO_B,P112,,Klebsiella pneumoniae,FICTIONAL_B,2024-10-01,Homo sapiens,synthetic,amikacin,8.0,=,mg/L,MIC,synthetic,EUCAST,SYNTHETIC_ONLY,unknown,positive,positive,synthetic_fixture,synthetic,,generated:225
SYNTH_00226,DEMO_B,P113,,Escherichia coli,FICTIONAL_B,2024-11-01,Homo sapiens,synthetic,meropenem,0.5,=,mg/L,MIC,synthetic,EUCAST,SYNTHETIC_ONLY,S,unknown,unknown,synthetic_fixture,synthetic,,generated:226
SYNTH_00226,DEMO_B,P113,,Escherichia coli,FICTIONAL_B,2024-11-01,Homo sapiens,synthetic,cefepime,2.0,=,mg/L,MIC,synthetic,EUCAST,SYNTHETIC_ONLY,unknown,unknown,unknown,synthetic_fixture,synthetic,,generated:226
SYNTH_00226,DEMO_B,P113,,Escherichia coli,FICTIONAL_B,2024-11-01,Homo sapiens,synthetic,ceftazidime,2.0,=,mg/L,MIC,synthetic,EUCAST,SYNTHETIC_ONLY,unknown,unknown,unknown,synthetic_fixture,synthetic,,generated:226
SYNTH_00226,DEMO_B,P113,,Escherichia coli,FICTIONAL_B,2024-11-01,Homo sapiens,synthetic,ciprofloxacin,2.0,=,mg/L,MIC,synthetic,EUCAST,SYNTHETIC_ONLY,unknown,unknown,unknown,synthetic_fixture,synthetic,,generated:226
SYNTH_00226,DEMO_B,P113,,Escherichia coli,FICTIONAL_B,2024-11-01,Homo sapiens,synthetic,gentamicin,4.0,=,mg/L,MIC,synthetic,EUCAST,SYNTHETIC_ONLY,unknown,unknown,unknown,synthetic_fixture,synthetic,,generated:226
SYNTH_00226,DEMO_B,P113,,Escherichia coli,FICTIONAL_B,2024-11-01,Homo sapiens,synthetic,amikacin,8.0,=,mg/L,MIC,synthetic,EUCAST,SYNTHETIC_ONLY,unknown,unknown,unknown,synthetic_fixture,synthetic,,generated:226
SYNTH_00227,DEMO_B,P113,,Klebsiella pneumoniae,FICTIONAL_B,2024-12-01,Homo sapiens,synthetic,meropenem,8,=,mg/L,MIC,synthetic,EUCAST,SYNTHETIC_ONLY,R,unknown,unknown,synthetic_fixture,synthetic,,generated:227
SYNTH_00227,DEMO_B,P113,,Klebsiella pneumoniae,FICTIONAL_B,2024-12-01,Homo sapiens,synthetic,cefepime,4.0,=,mg/L,MIC,synthetic,EUCAST,SYNTHETIC_ONLY,unknown,unknown,unknown,synthetic_fixture,synthetic,,generated:227
SYNTH_00227,DEMO_B,P113,,Klebsiella pneumoniae,FICTIONAL_B,2024-12-01,Homo sapiens,synthetic,ceftazidime,2.0,=,mg/L,MIC,synthetic,EUCAST,SYNTHETIC_ONLY,unknown,unknown,unknown,synthetic_fixture,synthetic,,generated:227
SYNTH_00227,DEMO_B,P113,,Klebsiella pneumoniae,FICTIONAL_B,2024-12-01,Homo sapiens,synthetic,ciprofloxacin,1.0,=,mg/L,MIC,synthetic,EUCAST,SYNTHETIC_ONLY,unknown,unknown,unknown,synthetic_fixture,synthetic,,generated:227
SYNTH_00227,DEMO_B,P113,,Klebsiella pneumoniae,FICTIONAL_B,2024-12-01,Homo sapiens,synthetic,gentamicin,4.0,=,mg/L,MIC,synthetic,EUCAST,SYNTHETIC_ONLY,unknown,unknown,unknown,synthetic_fixture,synthetic,,generated:227
SYNTH_00227,DEMO_B,P113,,Klebsiella pneumoniae,FICTIONAL_B,2024-12-01,Homo sapiens,synthetic,amikacin,8.0,=,mg/L,MIC,synthetic,EUCAST,SYNTHETIC_ONLY,unknown,unknown,unknown,synthetic_fixture,synthetic,,generated:227
SYNTH_00228,DEMO_B,P114,,Escherichia coli,FICTIONAL_B,2024-01-01,Homo sapiens,synthetic,meropenem,8,=,mg/L,MIC,synthetic,EUCAST,SYNTHETIC_ONLY,R,positive,unknown,synthetic_fixture,synthetic,,generated:228
SYNTH_00228,DEMO_B,P114,,Escherichia coli,FICTIONAL_B,2024-01-01,Homo sapiens,synthetic,cefepime,1.0,=,mg/L,MIC,synthetic,EUCAST,SYNTHETIC_ONLY,unknown,positive,unknown,synthetic_fixture,synthetic,,generated:228
SYNTH_00228,DEMO_B,P114,,Escherichia coli,FICTIONAL_B,2024-01-01,Homo sapiens,synthetic,ceftazidime,0.5,=,mg/L,MIC,synthetic,EUCAST,SYNTHETIC_ONLY,unknown,positive,unknown,synthetic_fixture,synthetic,,generated:228
SYNTH_00228,DEMO_B,P114,,Escherichia coli,FICTIONAL_B,2024-01-01,Homo sapiens,synthetic,ciprofloxacin,1.0,=,mg/L,MIC,synthetic,EUCAST,SYNTHETIC_ONLY,unknown,positive,unknown,synthetic_fixture,synthetic,,generated:228
SYNTH_00228,DEMO_B,P114,,Escherichia coli,FICTIONAL_B,2024-01-01,Homo sapiens,synthetic,amikacin,1.0,=,mg/L,MIC,synthetic,EUCAST,SYNTHETIC_ONLY,unknown,positive,unknown,synthetic_fixture,synthetic,,generated:228
SYNTH_00229,DEMO_B,P114,,Klebsiella pneumoniae,FICTIONAL_B,2024-02-01,Homo sapiens,synthetic,meropenem,8,=,mg/L,MIC,synthetic,EUCAST,SYNTHETIC_ONLY,R,unknown,unknown,synthetic_fixture,synthetic,,generated:229
SYNTH_00229,DEMO_B,P114,,Klebsiella pneumoniae,FICTIONAL_B,2024-02-01,Homo sapiens,synthetic,cefepime,0.5,=,mg/L,MIC,synthetic,EUCAST,SYNTHETIC_ONLY,unknown,unknown,unknown,synthetic_fixture,synthetic,,generated:229
SYNTH_00229,DEMO_B,P114,,Klebsiella pneumoniae,FICTIONAL_B,2024-02-01,Homo sapiens,synthetic,ceftazidime,2.0,=,mg/L,MIC,synthetic,EUCAST,SYNTHETIC_ONLY,unknown,unknown,unknown,synthetic_fixture,synthetic,,generated:229
SYNTH_00229,DEMO_B,P114,,Klebsiella pneumoniae,FICTIONAL_B,2024-02-01,Homo sapiens,synthetic,ciprofloxacin,2.0,=,mg/L,MIC,synthetic,EUCAST,SYNTHETIC_ONLY,unknown,unknown,unknown,synthetic_fixture,synthetic,,generated:229
SYNTH_00229,DEMO_B,P114,,Klebsiella pneumoniae,FICTIONAL_B,2024-02-01,Homo sapiens,synthetic,gentamicin,2.0,=,mg/L,MIC,synthetic,EUCAST,SYNTHETIC_ONLY,unknown,unknown,unknown,synthetic_fixture,synthetic,,generated:229
SYNTH_00229,DEMO_B,P114,,Klebsiella pneumoniae,FICTIONAL_B,2024-02-01,Homo sapiens,synthetic,amikacin,16.0,=,mg/L,MIC,synthetic,EUCAST,SYNTHETIC_ONLY,unknown,unknown,unknown,synthetic_fixture,synthetic,,generated:229
SYNTH_00230,DEMO_B,P115,,Escherichia coli,FICTIONAL_B,2024-03-01,Homo sapiens,synthetic,meropenem,0.5,=,mg/L,MIC,synthetic,EUCAST,SYNTHETIC_ONLY,S,unknown,positive,synthetic_fixture,synthetic,,generated:230
SYNTH_00230,DEMO_B,P115,,Escherichia coli,FICTIONAL_B,2024-03-01,Homo sapiens,synthetic,cefepime,4.0,=,mg/L,MIC,synthetic,EUCAST,SYNTHETIC_ONLY,unknown,unknown,positive,synthetic_fixture,synthetic,,generated:230
SYNTH_00230,DEMO_B,P115,,Escherichia coli,FICTIONAL_B,2024-03-01,Homo sapiens,synthetic,ceftazidime,1.0,=,mg/L,MIC,synthetic,EUCAST,SYNTHETIC_ONLY,unknown,unknown,positive,synthetic_fixture,synthetic,,generated:230
SYNTH_00230,DEMO_B,P115,,Escherichia coli,FICTIONAL_B,2024-03-01,Homo sapiens,synthetic,ciprofloxacin,2.0,=,mg/L,MIC,synthetic,EUCAST,SYNTHETIC_ONLY,unknown,unknown,positive,synthetic_fixture,synthetic,,generated:230
SYNTH_00230,DEMO_B,P115,,Escherichia coli,FICTIONAL_B,2024-03-01,Homo sapiens,synthetic,gentamicin,4.0,=,mg/L,MIC,synthetic,EUCAST,SYNTHETIC_ONLY,unknown,unknown,positive,synthetic_fixture,synthetic,,generated:230
SYNTH_00230,DEMO_B,P115,,Escherichia coli,FICTIONAL_B,2024-03-01,Homo sapiens,synthetic,amikacin,8.0,=,mg/L,MIC,synthetic,EUCAST,SYNTHETIC_ONLY,unknown,unknown,positive,synthetic_fixture,synthetic,,generated:230
SYNTH_00231,DEMO_B,P115,,Klebsiella pneumoniae,FICTIONAL_B,2024-04-01,Homo sapiens,synthetic,meropenem,8,=,mg/L,MIC,synthetic,EUCAST,SYNTHETIC_ONLY,R,positive,unknown,synthetic_fixture,synthetic,,generated:231
SYNTH_00231,DEMO_B,P115,,Klebsiella pneumoniae,FICTIONAL_B,2024-04-01,Homo sapiens,synthetic,cefepime,4.0,=,mg/L,MIC,synthetic,EUCAST,SYNTHETIC_ONLY,unknown,positive,unknown,synthetic_fixture,synthetic,,generated:231
SYNTH_00231,DEMO_B,P115,,Klebsiella pneumoniae,FICTIONAL_B,2024-04-01,Homo sapiens,synthetic,ceftazidime,4.0,=,mg/L,MIC,synthetic,EUCAST,SYNTHETIC_ONLY,unknown,positive,unknown,synthetic_fixture,synthetic,,generated:231
SYNTH_00231,DEMO_B,P115,,Klebsiella pneumoniae,FICTIONAL_B,2024-04-01,Homo sapiens,synthetic,ciprofloxacin,2.0,=,mg/L,MIC,synthetic,EUCAST,SYNTHETIC_ONLY,unknown,positive,unknown,synthetic_fixture,synthetic,,generated:231
SYNTH_00231,DEMO_B,P115,,Klebsiella pneumoniae,FICTIONAL_B,2024-04-01,Homo sapiens,synthetic,gentamicin,16.0,=,mg/L,MIC,synthetic,EUCAST,SYNTHETIC_ONLY,unknown,positive,unknown,synthetic_fixture,synthetic,,generated:231
SYNTH_00231,DEMO_B,P115,,Klebsiella pneumoniae,FICTIONAL_B,2024-04-01,Homo sapiens,synthetic,amikacin,16.0,=,mg/L,MIC,synthetic,EUCAST,SYNTHETIC_ONLY,unknown,positive,unknown,synthetic_fixture,synthetic,,generated:231
SYNTH_00232,DEMO_B,P116,,Escherichia coli,FICTIONAL_B,2024-05-01,Homo sapiens,synthetic,meropenem,0.5,=,mg/L,MIC,synthetic,EUCAST,SYNTHETIC_ONLY,S,unknown,unknown,synthetic_fixture,synthetic,,generated:232
SYNTH_00232,DEMO_B,P116,,Escherichia coli,FICTIONAL_B,2024-05-01,Homo sapiens,synthetic,cefepime,0.25,=,mg/L,MIC,synthetic,EUCAST,SYNTHETIC_ONLY,unknown,unknown,unknown,synthetic_fixture,synthetic,,generated:232
SYNTH_00232,DEMO_B,P116,,Escherichia coli,FICTIONAL_B,2024-05-01,Homo sapiens,synthetic,ceftazidime,1.0,=,mg/L,MIC,synthetic,EUCAST,SYNTHETIC_ONLY,unknown,unknown,unknown,synthetic_fixture,synthetic,,generated:232
SYNTH_00232,DEMO_B,P116,,Escherichia coli,FICTIONAL_B,2024-05-01,Homo sapiens,synthetic,ciprofloxacin,1.0,=,mg/L,MIC,synthetic,EUCAST,SYNTHETIC_ONLY,unknown,unknown,unknown,synthetic_fixture,synthetic,,generated:232
SYNTH_00232,DEMO_B,P116,,Escherichia coli,FICTIONAL_B,2024-05-01,Homo sapiens,synthetic,gentamicin,2.0,=,mg/L,MIC,synthetic,EUCAST,SYNTHETIC_ONLY,unknown,unknown,unknown,synthetic_fixture,synthetic,,generated:232
SYNTH_00233,DEMO_B,P116,,Klebsiella pneumoniae,FICTIONAL_B,2024-06-01,Homo sapiens,synthetic,meropenem,0.5,=,mg/L,MIC,synthetic,EUCAST,SYNTHETIC_ONLY,S,unknown,unknown,synthetic_fixture,synthetic,,generated:233
SYNTH_00233,DEMO_B,P116,,Klebsiella pneumoniae,FICTIONAL_B,2024-06-01,Homo sapiens,synthetic,cefepime,0.25,=,mg/L,MIC,synthetic,EUCAST,SYNTHETIC_ONLY,unknown,unknown,unknown,synthetic_fixture,synthetic,,generated:233
SYNTH_00233,DEMO_B,P116,,Klebsiella pneumoniae,FICTIONAL_B,2024-06-01,Homo sapiens,synthetic,ceftazidime,0.5,=,mg/L,MIC,synthetic,EUCAST,SYNTHETIC_ONLY,unknown,unknown,unknown,synthetic_fixture,synthetic,,generated:233
SYNTH_00233,DEMO_B,P116,,Klebsiella pneumoniae,FICTIONAL_B,2024-06-01,Homo sapiens,synthetic,ciprofloxacin,1.0,=,mg/L,MIC,synthetic,EUCAST,SYNTHETIC_ONLY,unknown,unknown,unknown,synthetic_fixture,synthetic,,generated:233
SYNTH_00233,DEMO_B,P116,,Klebsiella pneumoniae,FICTIONAL_B,2024-06-01,Homo sapiens,synthetic,gentamicin,1.0,=,mg/L,MIC,synthetic,EUCAST,SYNTHETIC_ONLY,unknown,unknown,unknown,synthetic_fixture,synthetic,,generated:233
SYNTH_00233,DEMO_B,P116,,Klebsiella pneumoniae,FICTIONAL_B,2024-06-01,Homo sapiens,synthetic,amikacin,2.0,=,mg/L,MIC,synthetic,EUCAST,SYNTHETIC_ONLY,unknown,unknown,unknown,synthetic_fixture,synthetic,,generated:233
SYNTH_00234,DEMO_B,P117,,Escherichia coli,FICTIONAL_B,2024-07-01,Homo sapiens,synthetic,meropenem,0.5,=,mg/L,MIC,synthetic,EUCAST,SYNTHETIC_ONLY,S,positive,unknown,synthetic_fixture,synthetic,,generated:234
SYNTH_00234,DEMO_B,P117,,Escherichia coli,FICTIONAL_B,2024-07-01,Homo sapiens,synthetic,cefepime,0.5,=,mg/L,MIC,synthetic,EUCAST,SYNTHETIC_ONLY,unknown,positive,unknown,synthetic_fixture,synthetic,,generated:234
SYNTH_00234,DEMO_B,P117,,Escherichia coli,FICTIONAL_B,2024-07-01,Homo sapiens,synthetic,ceftazidime,1.0,=,mg/L,MIC,synthetic,EUCAST,SYNTHETIC_ONLY,unknown,positive,unknown,synthetic_fixture,synthetic,,generated:234
SYNTH_00234,DEMO_B,P117,,Escherichia coli,FICTIONAL_B,2024-07-01,Homo sapiens,synthetic,ciprofloxacin,4.0,=,mg/L,MIC,synthetic,EUCAST,SYNTHETIC_ONLY,unknown,positive,unknown,synthetic_fixture,synthetic,,generated:234
SYNTH_00234,DEMO_B,P117,,Escherichia coli,FICTIONAL_B,2024-07-01,Homo sapiens,synthetic,gentamicin,0.5,=,mg/L,MIC,synthetic,EUCAST,SYNTHETIC_ONLY,unknown,positive,unknown,synthetic_fixture,synthetic,,generated:234
SYNTH_00234,DEMO_B,P117,,Escherichia coli,FICTIONAL_B,2024-07-01,Homo sapiens,synthetic,amikacin,8.0,=,mg/L,MIC,synthetic,EUCAST,SYNTHETIC_ONLY,unknown,positive,unknown,synthetic_fixture,synthetic,,generated:234
SYNTH_00235,DEMO_B,P117,,Klebsiella pneumoniae,FICTIONAL_B,2024-08-01,Homo sapiens,synthetic,meropenem,8,=,mg/L,MIC,synthetic,EUCAST,SYNTHETIC_ONLY,R,unknown,positive,synthetic_fixture,synthetic,,generated:235
SYNTH_00235,DEMO_B,P117,,Klebsiella pneumoniae,FICTIONAL_B,2024-08-01,Homo sapiens,synthetic,cefepime,0.25,=,mg/L,MIC,synthetic,EUCAST,SYNTHETIC_ONLY,unknown,unknown,positive,synthetic_fixture,synthetic,,generated:235
SYNTH_00235,DEMO_B,P117,,Klebsiella pneumoniae,FICTIONAL_B,2024-08-01,Homo sapiens,synthetic,ceftazidime,0.5,=,mg/L,MIC,synthetic,EUCAST,SYNTHETIC_ONLY,unknown,unknown,positive,synthetic_fixture,synthetic,,generated:235
SYNTH_00235,DEMO_B,P117,,Klebsiella pneumoniae,FICTIONAL_B,2024-08-01,Homo sapiens,synthetic,gentamicin,0.5,=,mg/L,MIC,synthetic,EUCAST,SYNTHETIC_ONLY,unknown,unknown,positive,synthetic_fixture,synthetic,,generated:235
SYNTH_00235,DEMO_B,P117,,Klebsiella pneumoniae,FICTIONAL_B,2024-08-01,Homo sapiens,synthetic,amikacin,2.0,=,mg/L,MIC,synthetic,EUCAST,SYNTHETIC_ONLY,unknown,unknown,positive,synthetic_fixture,synthetic,,generated:235
SYNTH_00236,DEMO_B,P118,,Escherichia coli,FICTIONAL_B,2024-09-01,Homo sapiens,synthetic,meropenem,0.5,=,mg/L,MIC,synthetic,EUCAST,SYNTHETIC_ONLY,S,unknown,unknown,synthetic_fixture,synthetic,,generated:236
SYNTH_00236,DEMO_B,P118,,Escherichia coli,FICTIONAL_B,2024-09-01,Homo sapiens,synthetic,cefepime,2.0,=,mg/L,MIC,synthetic,EUCAST,SYNTHETIC_ONLY,unknown,unknown,unknown,synthetic_fixture,synthetic,,generated:236
SYNTH_00236,DEMO_B,P118,,Escherichia coli,FICTIONAL_B,2024-09-01,Homo sapiens,synthetic,ceftazidime,2.0,=,mg/L,MIC,synthetic,EUCAST,SYNTHETIC_ONLY,unknown,unknown,unknown,synthetic_fixture,synthetic,,generated:236
SYNTH_00236,DEMO_B,P118,,Escherichia coli,FICTIONAL_B,2024-09-01,Homo sapiens,synthetic,ciprofloxacin,1.0,=,mg/L,MIC,synthetic,EUCAST,SYNTHETIC_ONLY,unknown,unknown,unknown,synthetic_fixture,synthetic,,generated:236
SYNTH_00236,DEMO_B,P118,,Escherichia coli,FICTIONAL_B,2024-09-01,Homo sapiens,synthetic,gentamicin,1.0,=,mg/L,MIC,synthetic,EUCAST,SYNTHETIC_ONLY,unknown,unknown,unknown,synthetic_fixture,synthetic,,generated:236
SYNTH_00237,DEMO_B,P118,,Klebsiella pneumoniae,FICTIONAL_B,2024-10-01,Homo sapiens,synthetic,meropenem,8,=,mg/L,MIC,synthetic,EUCAST,SYNTHETIC_ONLY,R,positive,unknown,synthetic_fixture,synthetic,,generated:237
SYNTH_00237,DEMO_B,P118,,Klebsiella pneumoniae,FICTIONAL_B,2024-10-01,Homo sapiens,synthetic,cefepime,4.0,=,mg/L,MIC,synthetic,EUCAST,SYNTHETIC_ONLY,unknown,positive,unknown,synthetic_fixture,synthetic,,generated:237
SYNTH_00237,DEMO_B,P118,,Klebsiella pneumoniae,FICTIONAL_B,2024-10-01,Homo sapiens,synthetic,ceftazidime,4.0,=,mg/L,MIC,synthetic,EUCAST,SYNTHETIC_ONLY,unknown,positive,unknown,synthetic_fixture,synthetic,,generated:237
SYNTH_00237,DEMO_B,P118,,Klebsiella pneumoniae,FICTIONAL_B,2024-10-01,Homo sapiens,synthetic,ciprofloxacin,4.0,=,mg/L,MIC,synthetic,EUCAST,SYNTHETIC_ONLY,unknown,positive,unknown,synthetic_fixture,synthetic,,generated:237
SYNTH_00237,DEMO_B,P118,,Klebsiella pneumoniae,FICTIONAL_B,2024-10-01,Homo sapiens,synthetic,amikacin,4.0,=,mg/L,MIC,synthetic,EUCAST,SYNTHETIC_ONLY,unknown,positive,unknown,synthetic_fixture,synthetic,,generated:237
SYNTH_00238,DEMO_B,P119,,Escherichia coli,FICTIONAL_B,2024-11-01,Homo sapiens,synthetic,meropenem,0.5,=,mg/L,MIC,synthetic,EUCAST,SYNTHETIC_ONLY,S,unknown,unknown,synthetic_fixture,synthetic,,generated:238
SYNTH_00238,DEMO_B,P119,,Escherichia coli,FICTIONAL_B,2024-11-01,Homo sapiens,synthetic,cefepime,1.0,=,mg/L,MIC,synthetic,EUCAST,SYNTHETIC_ONLY,unknown,unknown,unknown,synthetic_fixture,synthetic,,generated:238
SYNTH_00238,DEMO_B,P119,,Escherichia coli,FICTIONAL_B,2024-11-01,Homo sapiens,synthetic,ceftazidime,0.5,=,mg/L,MIC,synthetic,EUCAST,SYNTHETIC_ONLY,unknown,unknown,unknown,synthetic_fixture,synthetic,,generated:238
SYNTH_00238,DEMO_B,P119,,Escherichia coli,FICTIONAL_B,2024-11-01,Homo sapiens,synthetic,ciprofloxacin,4.0,=,mg/L,MIC,synthetic,EUCAST,SYNTHETIC_ONLY,unknown,unknown,unknown,synthetic_fixture,synthetic,,generated:238
SYNTH_00238,DEMO_B,P119,,Escherichia coli,FICTIONAL_B,2024-11-01,Homo sapiens,synthetic,gentamicin,4.0,=,mg/L,MIC,synthetic,EUCAST,SYNTHETIC_ONLY,unknown,unknown,unknown,synthetic_fixture,synthetic,,generated:238
SYNTH_00238,DEMO_B,P119,,Escherichia coli,FICTIONAL_B,2024-11-01,Homo sapiens,synthetic,amikacin,4.0,=,mg/L,MIC,synthetic,EUCAST,SYNTHETIC_ONLY,unknown,unknown,unknown,synthetic_fixture,synthetic,,generated:238
SYNTH_00239,DEMO_B,P119,,Klebsiella pneumoniae,FICTIONAL_B,2024-12-01,Homo sapiens,synthetic,meropenem,0.5,=,mg/L,MIC,synthetic,EUCAST,SYNTHETIC_ONLY,S,unknown,unknown,synthetic_fixture,synthetic,,generated:239
SYNTH_00239,DEMO_B,P119,,Klebsiella pneumoniae,FICTIONAL_B,2024-12-01,Homo sapiens,synthetic,cefepime,0.25,=,mg/L,MIC,synthetic,EUCAST,SYNTHETIC_ONLY,unknown,unknown,unknown,synthetic_fixture,synthetic,,generated:239
SYNTH_00239,DEMO_B,P119,,Klebsiella pneumoniae,FICTIONAL_B,2024-12-01,Homo sapiens,synthetic,ceftazidime,0.25,=,mg/L,MIC,synthetic,EUCAST,SYNTHETIC_ONLY,unknown,unknown,unknown,synthetic_fixture,synthetic,,generated:239
SYNTH_00239,DEMO_B,P119,,Klebsiella pneumoniae,FICTIONAL_B,2024-12-01,Homo sapiens,synthetic,ciprofloxacin,1.0,=,mg/L,MIC,synthetic,EUCAST,SYNTHETIC_ONLY,unknown,unknown,unknown,synthetic_fixture,synthetic,,generated:239
SYNTH_00239,DEMO_B,P119,,Klebsiella pneumoniae,FICTIONAL_B,2024-12-01,Homo sapiens,synthetic,gentamicin,1.0,=,mg/L,MIC,synthetic,EUCAST,SYNTHETIC_ONLY,unknown,unknown,unknown,synthetic_fixture,synthetic,,generated:239
SYNTH_00239,DEMO_B,P119,,Klebsiella pneumoniae,FICTIONAL_B,2024-12-01,Homo sapiens,synthetic,amikacin,2.0,=,mg/L,MIC,synthetic,EUCAST,SYNTHETIC_ONLY,unknown,unknown,unknown,synthetic_fixture,synthetic,,generated:239
