isolate_id,source_id,source_row,species,country,region,hospital_id,patient_id,duplicate_group,collection_date,host,drug,measurement,operator,units,method,standard,standard_version,reported_sir,evidence_class,ndm,oxa48,mechanism_evidence
SAMN48952902,PRJNA1273658,S data 1!row4;published_id=AB026,Acinetobacter baumannii,India,Northern,,,,2023-05-26,human,meropenem,,,,reported AST,UNSPECIFIED_REPORTED,,R,measured_public,unknown,unknown,
SAMN48952902,PRJNA1273658,S data 1!row4;published_id=AB026,Acinetobacter baumannii,India,Northern,,,,2023-05-26,human,imipenem,,,,reported AST,UNSPECIFIED_REPORTED,,R,measured_public,unknown,unknown,
SAMN48952902,PRJNA1273658,S data 1!row4;published_id=AB026,Acinetobacter baumannii,India,Northern,,,,2023-05-26,human,cefepime,,,,reported AST,UNSPECIFIED_REPORTED,,R,measured_public,unknown,unknown,
SAMN48952902,PRJNA1273658,S data 1!row4;published_id=AB026,Acinetobacter baumannii,India,Northern,,,,2023-05-26,human,ceftazidime,,,,reported AST,UNSPECIFIED_REPORTED,,R,measured_public,unknown,unknown,
SAMN48952902,PRJNA1273658,S data 1!row4;published_id=AB026,Acinetobacter baumannii,India,Northern,,,,2023-05-26,human,ciprofloxacin,,,,reported AST,UNSPECIFIED_REPORTED,,R,measured_public,unknown,unknown,
SAMN48952902,PRJNA1273658,S data 1!row4;published_id=AB026,Acinetobacter baumannii,India,Northern,,,,2023-05-26,human,gentamicin,,,,reported AST,UNSPECIFIED_REPORTED,,R,measured_public,unknown,unknown,
SAMN48952902,PRJNA1273658,S data 1!row4;published_id=AB026,Acinetobacter baumannii,India,Northern,,,,2023-05-26,human,amikacin,,,,reported AST,UNSPECIFIED_REPORTED,,R,measured_public,unknown,unknown,
SAMN48952902,PRJNA1273658,S data 1!row4;published_id=AB026,Acinetobacter baumannii,India,Northern,,,,2023-05-26,human,colistin,,,,reported AST,UNSPECIFIED_REPORTED,,I,measured_public,unknown,unknown,
SAMN48952903,PRJNA1273658,S data 1!row5;published_id=AB038,Acinetobacter baumannii,India,Northern,,,,2023-06-11,human,meropenem,,,,reported AST,UNSPECIFIED_REPORTED,,R,measured_public,unknown,unknown,
SAMN48952903,PRJNA1273658,S data 1!row5;published_id=AB038,Acinetobacter baumannii,India,Northern,,,,2023-06-11,human,imipenem,,,,reported AST,UNSPECIFIED_REPORTED,,R,measured_public,unknown,unknown,
SAMN48952903,PRJNA1273658,S data 1!row5;published_id=AB038,Acinetobacter baumannii,India,Northern,,,,2023-06-11,human,cefepime,,,,reported AST,UNSPECIFIED_REPORTED,,R,measured_public,unknown,unknown,
SAMN48952903,PRJNA1273658,S data 1!row5;published_id=AB038,Acinetobacter baumannii,India,Northern,,,,2023-06-11,human,ceftazidime,,,,reported AST,UNSPECIFIED_REPORTED,,R,measured_public,unknown,unknown,
SAMN48952903,PRJNA1273658,S data 1!row5;published_id=AB038,Acinetobacter baumannii,India,Northern,,,,2023-06-11,human,ciprofloxacin,,,,reported AST,UNSPECIFIED_REPORTED,,R,measured_public,unknown,unknown,
SAMN48952903,PRJNA1273658,S data 1!row5;published_id=AB038,Acinetobacter baumannii,India,Northern,,,,2023-06-11,human,gentamicin,,,,reported AST,UNSPECIFIED_REPORTED,,R,measured_public,unknown,unknown,
SAMN48952903,PRJNA1273658,S data 1!row5;published_id=AB038,Acinetobacter baumannii,India,Northern,,,,2023-06-11,human,amikacin,,,,reported AST,UNSPECIFIED_REPORTED,,R,measured_public,unknown,unknown,
SAMN48952903,PRJNA1273658,S data 1!row5;published_id=AB038,Acinetobacter baumannii,India,Northern,,,,2023-06-11,human,colistin,,,,reported AST,UNSPECIFIED_REPORTED,,I,measured_public,unknown,unknown,
SAMN48952904,PRJNA1273658,S data 1!row6;published_id=AB056,Acinetobacter baumannii,India,Northern,,,,2023-09-21,human,meropenem,,,,reported AST,UNSPECIFIED_REPORTED,,R,measured_public,unknown,unknown,
SAMN48952904,PRJNA1273658,S data 1!row6;published_id=AB056,Acinetobacter baumannii,India,Northern,,,,2023-09-21,human,imipenem,,,,reported AST,UNSPECIFIED_REPORTED,,R,measured_public,unknown,unknown,
SAMN48952904,PRJNA1273658,S data 1!row6;published_id=AB056,Acinetobacter baumannii,India,Northern,,,,2023-09-21,human,cefepime,,,,reported AST,UNSPECIFIED_REPORTED,,R,measured_public,unknown,unknown,
SAMN48952904,PRJNA1273658,S data 1!row6;published_id=AB056,Acinetobacter baumannii,India,Northern,,,,2023-09-21,human,ceftazidime,,,,reported AST,UNSPECIFIED_REPORTED,,R,measured_public,unknown,unknown,
SAMN48952904,PRJNA1273658,S data 1!row6;published_id=AB056,Acinetobacter baumannii,India,Northern,,,,2023-09-21,human,ciprofloxacin,,,,reported AST,UNSPECIFIED_REPORTED,,R,measured_public,unknown,unknown,
SAMN48952904,PRJNA1273658,S data 1!row6;published_id=AB056,Acinetobacter baumannii,India,Northern,,,,2023-09-21,human,gentamicin,,,,reported AST,UNSPECIFIED_REPORTED,,R,measured_public,unknown,unknown,
SAMN48952904,PRJNA1273658,S data 1!row6;published_id=AB056,Acinetobacter baumannii,India,Northern,,,,2023-09-21,human,amikacin,,,,reported AST,UNSPECIFIED_REPORTED,,R,measured_public,unknown,unknown,
SAMN48952904,PRJNA1273658,S data 1!row6;published_id=AB056,Acinetobacter baumannii,India,Northern,,,,2023-09-21,human,colistin,,,,reported AST,UNSPECIFIED_REPORTED,,I,measured_public,unknown,unknown,
SAMN48952905,PRJNA1273658,S data 1!row7;published_id=AB061,Acinetobacter baumannii,India,Northern,,,,2023-09-09,human,meropenem,,,,reported AST,UNSPECIFIED_REPORTED,,R,measured_public,unknown,unknown,
SAMN48952905,PRJNA1273658,S data 1!row7;published_id=AB061,Acinetobacter baumannii,India,Northern,,,,2023-09-09,human,imipenem,,,,reported AST,UNSPECIFIED_REPORTED,,R,measured_public,unknown,unknown,
SAMN48952905,PRJNA1273658,S data 1!row7;published_id=AB061,Acinetobacter baumannii,India,Northern,,,,2023-09-09,human,cefepime,,,,reported AST,UNSPECIFIED_REPORTED,,R,measured_public,unknown,unknown,
SAMN48952905,PRJNA1273658,S data 1!row7;published_id=AB061,Acinetobacter baumannii,India,Northern,,,,2023-09-09,human,ceftazidime,,,,reported AST,UNSPECIFIED_REPORTED,,R,measured_public,unknown,unknown,
SAMN48952905,PRJNA1273658,S data 1!row7;published_id=AB061,Acinetobacter baumannii,India,Northern,,,,2023-09-09,human,ciprofloxacin,,,,reported AST,UNSPECIFIED_REPORTED,,R,measured_public,unknown,unknown,
SAMN48952905,PRJNA1273658,S data 1!row7;published_id=AB061,Acinetobacter baumannii,India,Northern,,,,2023-09-09,human,gentamicin,,,,reported AST,UNSPECIFIED_REPORTED,,R,measured_public,unknown,unknown,
SAMN48952905,PRJNA1273658,S data 1!row7;published_id=AB061,Acinetobacter baumannii,India,Northern,,,,2023-09-09,human,amikacin,,,,reported AST,UNSPECIFIED_REPORTED,,R,measured_public,unknown,unknown,
SAMN48952905,PRJNA1273658,S data 1!row7;published_id=AB061,Acinetobacter baumannii,India,Northern,,,,2023-09-09,human,colistin,,,,reported AST,UNSPECIFIED_REPORTED,,I,measured_public,unknown,unknown,
SAMN48952906,PRJNA1273658,S data 1!row8;published_id=AB072,Acinetobacter baumannii,India,Northern,,,,2023-09-12,human,meropenem,,,,reported AST,UNSPECIFIED_REPORTED,,R,measured_public,unknown,unknown,
SAMN48952906,PRJNA1273658,S data 1!row8;published_id=AB072,Acinetobacter baumannii,India,Northern,,,,2023-09-12,human,imipenem,,,,reported AST,UNSPECIFIED_REPORTED,,R,measured_public,unknown,unknown,
SAMN48952906,PRJNA1273658,S data 1!row8;published_id=AB072,Acinetobacter baumannii,India,Northern,,,,2023-09-12,human,cefepime,,,,reported AST,UNSPECIFIED_REPORTED,,R,measured_public,unknown,unknown,
SAMN48952906,PRJNA1273658,S data 1!row8;published_id=AB072,Acinetobacter baumannii,India,Northern,,,,2023-09-12,human,ceftazidime,,,,reported AST,UNSPECIFIED_REPORTED,,R,measured_public,unknown,unknown,
SAMN48952906,PRJNA1273658,S data 1!row8;published_id=AB072,Acinetobacter baumannii,India,Northern,,,,2023-09-12,human,ciprofloxacin,,,,reported AST,UNSPECIFIED_REPORTED,,R,measured_public,unknown,unknown,
SAMN48952906,PRJNA1273658,S data 1!row8;published_id=AB072,Acinetobacter baumannii,India,Northern,,,,2023-09-12,human,gentamicin,,,,reported AST,UNSPECIFIED_REPORTED,,R,measured_public,unknown,unknown,
SAMN48952906,PRJNA1273658,S data 1!row8;published_id=AB072,Acinetobacter baumannii,India,Northern,,,,2023-09-12,human,amikacin,,,,reported AST,UNSPECIFIED_REPORTED,,R,measured_public,unknown,unknown,
SAMN48952906,PRJNA1273658,S data 1!row8;published_id=AB072,Acinetobacter baumannii,India,Northern,,,,2023-09-12,human,colistin,,,,reported AST,UNSPECIFIED_REPORTED,,I,measured_public,unknown,unknown,
SAMN48952907,PRJNA1273658,S data 1!row9;published_id=AB073,Acinetobacter baumannii,India,Northern,,,,2023-09-16,human,meropenem,,,,reported AST,UNSPECIFIED_REPORTED,,R,measured_public,unknown,unknown,
SAMN48952907,PRJNA1273658,S data 1!row9;published_id=AB073,Acinetobacter baumannii,India,Northern,,,,2023-09-16,human,imipenem,,,,reported AST,UNSPECIFIED_REPORTED,,R,measured_public,unknown,unknown,
SAMN48952907,PRJNA1273658,S data 1!row9;published_id=AB073,Acinetobacter baumannii,India,Northern,,,,2023-09-16,human,cefepime,,,,reported AST,UNSPECIFIED_REPORTED,,R,measured_public,unknown,unknown,
SAMN48952907,PRJNA1273658,S data 1!row9;published_id=AB073,Acinetobacter baumannii,India,Northern,,,,2023-09-16,human,ceftazidime,,,,reported AST,UNSPECIFIED_REPORTED,,R,measured_public,unknown,unknown,
SAMN48952907,PRJNA1273658,S data 1!row9;published_id=AB073,Acinetobacter baumannii,India,Northern,,,,2023-09-16,human,ciprofloxacin,,,,reported AST,UNSPECIFIED_REPORTED,,R,measured_public,unknown,unknown,
SAMN48952907,PRJNA1273658,S data 1!row9;published_id=AB073,Acinetobacter baumannii,India,Northern,,,,2023-09-16,human,gentamicin,,,,reported AST,UNSPECIFIED_REPORTED,,S,measured_public,unknown,unknown,
SAMN48952907,PRJNA1273658,S data 1!row9;published_id=AB073,Acinetobacter baumannii,India,Northern,,,,2023-09-16,human,amikacin,,,,reported AST,UNSPECIFIED_REPORTED,,R,measured_public,unknown,unknown,
SAMN48952907,PRJNA1273658,S data 1!row9;published_id=AB073,Acinetobacter baumannii,India,Northern,,,,2023-09-16,human,colistin,,,,reported AST,UNSPECIFIED_REPORTED,,I,measured_public,unknown,unknown,
SAMN48952908,PRJNA1273658,S data 1!row10;published_id=AB076,Acinetobacter baumannii,India,Northern,,,,2023-10-16,human,meropenem,,,,reported AST,UNSPECIFIED_REPORTED,,R,measured_public,unknown,unknown,
SAMN48952908,PRJNA1273658,S data 1!row10;published_id=AB076,Acinetobacter baumannii,India,Northern,,,,2023-10-16,human,imipenem,,,,reported AST,UNSPECIFIED_REPORTED,,R,measured_public,unknown,unknown,
SAMN48952908,PRJNA1273658,S data 1!row10;published_id=AB076,Acinetobacter baumannii,India,Northern,,,,2023-10-16,human,cefepime,,,,reported AST,UNSPECIFIED_REPORTED,,R,measured_public,unknown,unknown,
SAMN48952908,PRJNA1273658,S data 1!row10;published_id=AB076,Acinetobacter baumannii,India,Northern,,,,2023-10-16,human,ceftazidime,,,,reported AST,UNSPECIFIED_REPORTED,,R,measured_public,unknown,unknown,
SAMN48952908,PRJNA1273658,S data 1!row10;published_id=AB076,Acinetobacter baumannii,India,Northern,,,,2023-10-16,human,ciprofloxacin,,,,reported AST,UNSPECIFIED_REPORTED,,R,measured_public,unknown,unknown,
SAMN48952908,PRJNA1273658,S data 1!row10;published_id=AB076,Acinetobacter baumannii,India,Northern,,,,2023-10-16,human,gentamicin,,,,reported AST,UNSPECIFIED_REPORTED,,R,measured_public,unknown,unknown,
SAMN48952908,PRJNA1273658,S data 1!row10;published_id=AB076,Acinetobacter baumannii,India,Northern,,,,2023-10-16,human,amikacin,,,,reported AST,UNSPECIFIED_REPORTED,,R,measured_public,unknown,unknown,
SAMN48952908,PRJNA1273658,S data 1!row10;published_id=AB076,Acinetobacter baumannii,India,Northern,,,,2023-10-16,human,colistin,,,,reported AST,UNSPECIFIED_REPORTED,,I,measured_public,unknown,unknown,
SAMN48952909,PRJNA1273658,S data 1!row11;published_id=AB095,Acinetobacter baumannii,India,Northern,,,,2022-09-21,human,meropenem,,,,reported AST,UNSPECIFIED_REPORTED,,R,measured_public,unknown,unknown,
SAMN48952909,PRJNA1273658,S data 1!row11;published_id=AB095,Acinetobacter baumannii,India,Northern,,,,2022-09-21,human,imipenem,,,,reported AST,UNSPECIFIED_REPORTED,,R,measured_public,unknown,unknown,
SAMN48952909,PRJNA1273658,S data 1!row11;published_id=AB095,Acinetobacter baumannii,India,Northern,,,,2022-09-21,human,cefepime,,,,reported AST,UNSPECIFIED_REPORTED,,R,measured_public,unknown,unknown,
SAMN48952909,PRJNA1273658,S data 1!row11;published_id=AB095,Acinetobacter baumannii,India,Northern,,,,2022-09-21,human,ceftazidime,,,,reported AST,UNSPECIFIED_REPORTED,,R,measured_public,unknown,unknown,
SAMN48952909,PRJNA1273658,S data 1!row11;published_id=AB095,Acinetobacter baumannii,India,Northern,,,,2022-09-21,human,ciprofloxacin,,,,reported AST,UNSPECIFIED_REPORTED,,R,measured_public,unknown,unknown,
SAMN48952909,PRJNA1273658,S data 1!row11;published_id=AB095,Acinetobacter baumannii,India,Northern,,,,2022-09-21,human,gentamicin,,,,reported AST,UNSPECIFIED_REPORTED,,R,measured_public,unknown,unknown,
SAMN48952909,PRJNA1273658,S data 1!row11;published_id=AB095,Acinetobacter baumannii,India,Northern,,,,2022-09-21,human,amikacin,,,,reported AST,UNSPECIFIED_REPORTED,,R,measured_public,unknown,unknown,
SAMN48952909,PRJNA1273658,S data 1!row11;published_id=AB095,Acinetobacter baumannii,India,Northern,,,,2022-09-21,human,colistin,,,,reported AST,UNSPECIFIED_REPORTED,,I,measured_public,unknown,unknown,
SAMN48952910,PRJNA1273658,S data 1!row12;published_id=AB099,Acinetobacter baumannii,India,Northern,,,,2023-09-16,human,meropenem,,,,reported AST,UNSPECIFIED_REPORTED,,R,measured_public,unknown,unknown,
SAMN48952910,PRJNA1273658,S data 1!row12;published_id=AB099,Acinetobacter baumannii,India,Northern,,,,2023-09-16,human,imipenem,,,,reported AST,UNSPECIFIED_REPORTED,,R,measured_public,unknown,unknown,
SAMN48952910,PRJNA1273658,S data 1!row12;published_id=AB099,Acinetobacter baumannii,India,Northern,,,,2023-09-16,human,cefepime,,,,reported AST,UNSPECIFIED_REPORTED,,R,measured_public,unknown,unknown,
SAMN48952910,PRJNA1273658,S data 1!row12;published_id=AB099,Acinetobacter baumannii,India,Northern,,,,2023-09-16,human,ceftazidime,,,,reported AST,UNSPECIFIED_REPORTED,,R,measured_public,unknown,unknown,
SAMN48952910,PRJNA1273658,S data 1!row12;published_id=AB099,Acinetobacter baumannii,India,Northern,,,,2023-09-16,human,ciprofloxacin,,,,reported AST,UNSPECIFIED_REPORTED,,R,measured_public,unknown,unknown,
SAMN48952910,PRJNA1273658,S data 1!row12;published_id=AB099,Acinetobacter baumannii,India,Northern,,,,2023-09-16,human,gentamicin,,,,reported AST,UNSPECIFIED_REPORTED,,R,measured_public,unknown,unknown,
SAMN48952910,PRJNA1273658,S data 1!row12;published_id=AB099,Acinetobacter baumannii,India,Northern,,,,2023-09-16,human,amikacin,,,,reported AST,UNSPECIFIED_REPORTED,,R,measured_public,unknown,unknown,
SAMN48952910,PRJNA1273658,S data 1!row12;published_id=AB099,Acinetobacter baumannii,India,Northern,,,,2023-09-16,human,colistin,,,,reported AST,UNSPECIFIED_REPORTED,,I,measured_public,unknown,unknown,
SAMN48952911,PRJNA1273658,S data 1!row13;published_id=AB110,Acinetobacter baumannii,India,Northern,,,,2023-01-04,human,meropenem,,,,reported AST,UNSPECIFIED_REPORTED,,R,measured_public,unknown,unknown,
SAMN48952911,PRJNA1273658,S data 1!row13;published_id=AB110,Acinetobacter baumannii,India,Northern,,,,2023-01-04,human,imipenem,,,,reported AST,UNSPECIFIED_REPORTED,,,measured_public,unknown,unknown,
SAMN48952911,PRJNA1273658,S data 1!row13;published_id=AB110,Acinetobacter baumannii,India,Northern,,,,2023-01-04,human,cefepime,,,,reported AST,UNSPECIFIED_REPORTED,,R,measured_public,unknown,unknown,
SAMN48952911,PRJNA1273658,S data 1!row13;published_id=AB110,Acinetobacter baumannii,India,Northern,,,,2023-01-04,human,ceftazidime,,,,reported AST,UNSPECIFIED_REPORTED,,R,measured_public,unknown,unknown,
SAMN48952911,PRJNA1273658,S data 1!row13;published_id=AB110,Acinetobacter baumannii,India,Northern,,,,2023-01-04,human,ciprofloxacin,,,,reported AST,UNSPECIFIED_REPORTED,,R,measured_public,unknown,unknown,
SAMN48952911,PRJNA1273658,S data 1!row13;published_id=AB110,Acinetobacter baumannii,India,Northern,,,,2023-01-04,human,gentamicin,,,,reported AST,UNSPECIFIED_REPORTED,,R,measured_public,unknown,unknown,
SAMN48952911,PRJNA1273658,S data 1!row13;published_id=AB110,Acinetobacter baumannii,India,Northern,,,,2023-01-04,human,amikacin,,,,reported AST,UNSPECIFIED_REPORTED,,R,measured_public,unknown,unknown,
SAMN48952911,PRJNA1273658,S data 1!row13;published_id=AB110,Acinetobacter baumannii,India,Northern,,,,2023-01-04,human,colistin,,,,reported AST,UNSPECIFIED_REPORTED,,I,measured_public,unknown,unknown,
SAMN48952912,PRJNA1273658,S data 1!row14;published_id=AB112,Acinetobacter baumannii,India,Northern,,,,2023-12-20,human,meropenem,,,,reported AST,UNSPECIFIED_REPORTED,,R,measured_public,unknown,unknown,
SAMN48952912,PRJNA1273658,S data 1!row14;published_id=AB112,Acinetobacter baumannii,India,Northern,,,,2023-12-20,human,imipenem,,,,reported AST,UNSPECIFIED_REPORTED,,,measured_public,unknown,unknown,
SAMN48952912,PRJNA1273658,S data 1!row14;published_id=AB112,Acinetobacter baumannii,India,Northern,,,,2023-12-20,human,cefepime,,,,reported AST,UNSPECIFIED_REPORTED,,R,measured_public,unknown,unknown,
SAMN48952912,PRJNA1273658,S data 1!row14;published_id=AB112,Acinetobacter baumannii,India,Northern,,,,2023-12-20,human,ceftazidime,,,,reported AST,UNSPECIFIED_REPORTED,,R,measured_public,unknown,unknown,
SAMN48952912,PRJNA1273658,S data 1!row14;published_id=AB112,Acinetobacter baumannii,India,Northern,,,,2023-12-20,human,ciprofloxacin,,,,reported AST,UNSPECIFIED_REPORTED,,R,measured_public,unknown,unknown,
SAMN48952912,PRJNA1273658,S data 1!row14;published_id=AB112,Acinetobacter baumannii,India,Northern,,,,2023-12-20,human,gentamicin,,,,reported AST,UNSPECIFIED_REPORTED,,R,measured_public,unknown,unknown,
SAMN48952912,PRJNA1273658,S data 1!row14;published_id=AB112,Acinetobacter baumannii,India,Northern,,,,2023-12-20,human,amikacin,,,,reported AST,UNSPECIFIED_REPORTED,,R,measured_public,unknown,unknown,
SAMN48952912,PRJNA1273658,S data 1!row14;published_id=AB112,Acinetobacter baumannii,India,Northern,,,,2023-12-20,human,colistin,,,,reported AST,UNSPECIFIED_REPORTED,,I,measured_public,unknown,unknown,
SAMN48952913,PRJNA1273658,S data 1!row15;published_id=AB114,Acinetobacter baumannii,India,Northern,,,,2023-12-26,human,meropenem,,,,reported AST,UNSPECIFIED_REPORTED,,R,measured_public,unknown,unknown,
SAMN48952913,PRJNA1273658,S data 1!row15;published_id=AB114,Acinetobacter baumannii,India,Northern,,,,2023-12-26,human,imipenem,,,,reported AST,UNSPECIFIED_REPORTED,,,measured_public,unknown,unknown,
SAMN48952913,PRJNA1273658,S data 1!row15;published_id=AB114,Acinetobacter baumannii,India,Northern,,,,2023-12-26,human,cefepime,,,,reported AST,UNSPECIFIED_REPORTED,,R,measured_public,unknown,unknown,
SAMN48952913,PRJNA1273658,S data 1!row15;published_id=AB114,Acinetobacter baumannii,India,Northern,,,,2023-12-26,human,ceftazidime,,,,reported AST,UNSPECIFIED_REPORTED,,R,measured_public,unknown,unknown,
SAMN48952913,PRJNA1273658,S data 1!row15;published_id=AB114,Acinetobacter baumannii,India,Northern,,,,2023-12-26,human,ciprofloxacin,,,,reported AST,UNSPECIFIED_REPORTED,,R,measured_public,unknown,unknown,
SAMN48952913,PRJNA1273658,S data 1!row15;published_id=AB114,Acinetobacter baumannii,India,Northern,,,,2023-12-26,human,gentamicin,,,,reported AST,UNSPECIFIED_REPORTED,,R,measured_public,unknown,unknown,
SAMN48952913,PRJNA1273658,S data 1!row15;published_id=AB114,Acinetobacter baumannii,India,Northern,,,,2023-12-26,human,amikacin,,,,reported AST,UNSPECIFIED_REPORTED,,R,measured_public,unknown,unknown,
SAMN48952913,PRJNA1273658,S data 1!row15;published_id=AB114,Acinetobacter baumannii,India,Northern,,,,2023-12-26,human,colistin,,,,reported AST,UNSPECIFIED_REPORTED,,I,measured_public,unknown,unknown,
SAMN48952914,PRJNA1273658,S data 1!row16;published_id=AB115,Acinetobacter baumannii,India,Northern,,,,2023-12-31,human,meropenem,,,,reported AST,UNSPECIFIED_REPORTED,,R,measured_public,unknown,unknown,
SAMN48952914,PRJNA1273658,S data 1!row16;published_id=AB115,Acinetobacter baumannii,India,Northern,,,,2023-12-31,human,imipenem,,,,reported AST,UNSPECIFIED_REPORTED,,,measured_public,unknown,unknown,
SAMN48952914,PRJNA1273658,S data 1!row16;published_id=AB115,Acinetobacter baumannii,India,Northern,,,,2023-12-31,human,cefepime,,,,reported AST,UNSPECIFIED_REPORTED,,I,measured_public,unknown,unknown,
SAMN48952914,PRJNA1273658,S data 1!row16;published_id=AB115,Acinetobacter baumannii,India,Northern,,,,2023-12-31,human,ceftazidime,,,,reported AST,UNSPECIFIED_REPORTED,,R,measured_public,unknown,unknown,
SAMN48952914,PRJNA1273658,S data 1!row16;published_id=AB115,Acinetobacter baumannii,India,Northern,,,,2023-12-31,human,ciprofloxacin,,,,reported AST,UNSPECIFIED_REPORTED,,R,measured_public,unknown,unknown,
SAMN48952914,PRJNA1273658,S data 1!row16;published_id=AB115,Acinetobacter baumannii,India,Northern,,,,2023-12-31,human,gentamicin,,,,reported AST,UNSPECIFIED_REPORTED,,R,measured_public,unknown,unknown,
SAMN48952914,PRJNA1273658,S data 1!row16;published_id=AB115,Acinetobacter baumannii,India,Northern,,,,2023-12-31,human,amikacin,,,,reported AST,UNSPECIFIED_REPORTED,,R,measured_public,unknown,unknown,
SAMN48952914,PRJNA1273658,S data 1!row16;published_id=AB115,Acinetobacter baumannii,India,Northern,,,,2023-12-31,human,colistin,,,,reported AST,UNSPECIFIED_REPORTED,,I,measured_public,unknown,unknown,
SAMN48952915,PRJNA1273658,S data 1!row17;published_id=AB116,Acinetobacter baumannii,India,Northern,,,,2023-12-31,human,meropenem,,,,reported AST,UNSPECIFIED_REPORTED,,R,measured_public,unknown,unknown,
SAMN48952915,PRJNA1273658,S data 1!row17;published_id=AB116,Acinetobacter baumannii,India,Northern,,,,2023-12-31,human,imipenem,,,,reported AST,UNSPECIFIED_REPORTED,,,measured_public,unknown,unknown,
SAMN48952915,PRJNA1273658,S data 1!row17;published_id=AB116,Acinetobacter baumannii,India,Northern,,,,2023-12-31,human,cefepime,,,,reported AST,UNSPECIFIED_REPORTED,,R,measured_public,unknown,unknown,
SAMN48952915,PRJNA1273658,S data 1!row17;published_id=AB116,Acinetobacter baumannii,India,Northern,,,,2023-12-31,human,ceftazidime,,,,reported AST,UNSPECIFIED_REPORTED,,R,measured_public,unknown,unknown,
SAMN48952915,PRJNA1273658,S data 1!row17;published_id=AB116,Acinetobacter baumannii,India,Northern,,,,2023-12-31,human,ciprofloxacin,,,,reported AST,UNSPECIFIED_REPORTED,,R,measured_public,unknown,unknown,
SAMN48952915,PRJNA1273658,S data 1!row17;published_id=AB116,Acinetobacter baumannii,India,Northern,,,,2023-12-31,human,gentamicin,,,,reported AST,UNSPECIFIED_REPORTED,,R,measured_public,unknown,unknown,
SAMN48952915,PRJNA1273658,S data 1!row17;published_id=AB116,Acinetobacter baumannii,India,Northern,,,,2023-12-31,human,amikacin,,,,reported AST,UNSPECIFIED_REPORTED,,R,measured_public,unknown,unknown,
SAMN48952915,PRJNA1273658,S data 1!row17;published_id=AB116,Acinetobacter baumannii,India,Northern,,,,2023-12-31,human,colistin,,,,reported AST,UNSPECIFIED_REPORTED,,I,measured_public,unknown,unknown,
SAMN48952916,PRJNA1273658,S data 1!row18;published_id=AB117,Acinetobacter baumannii,India,Northern,,,,2023-12-22,human,meropenem,,,,reported AST,UNSPECIFIED_REPORTED,,R,measured_public,unknown,unknown,
SAMN48952916,PRJNA1273658,S data 1!row18;published_id=AB117,Acinetobacter baumannii,India,Northern,,,,2023-12-22,human,imipenem,,,,reported AST,UNSPECIFIED_REPORTED,,,measured_public,unknown,unknown,
SAMN48952916,PRJNA1273658,S data 1!row18;published_id=AB117,Acinetobacter baumannii,India,Northern,,,,2023-12-22,human,cefepime,,,,reported AST,UNSPECIFIED_REPORTED,,R,measured_public,unknown,unknown,
SAMN48952916,PRJNA1273658,S data 1!row18;published_id=AB117,Acinetobacter baumannii,India,Northern,,,,2023-12-22,human,ceftazidime,,,,reported AST,UNSPECIFIED_REPORTED,,R,measured_public,unknown,unknown,
SAMN48952916,PRJNA1273658,S data 1!row18;published_id=AB117,Acinetobacter baumannii,India,Northern,,,,2023-12-22,human,ciprofloxacin,,,,reported AST,UNSPECIFIED_REPORTED,,R,measured_public,unknown,unknown,
SAMN48952916,PRJNA1273658,S data 1!row18;published_id=AB117,Acinetobacter baumannii,India,Northern,,,,2023-12-22,human,gentamicin,,,,reported AST,UNSPECIFIED_REPORTED,,R,measured_public,unknown,unknown,
SAMN48952916,PRJNA1273658,S data 1!row18;published_id=AB117,Acinetobacter baumannii,India,Northern,,,,2023-12-22,human,amikacin,,,,reported AST,UNSPECIFIED_REPORTED,,R,measured_public,unknown,unknown,
SAMN48952916,PRJNA1273658,S data 1!row18;published_id=AB117,Acinetobacter baumannii,India,Northern,,,,2023-12-22,human,colistin,,,,reported AST,UNSPECIFIED_REPORTED,,I,measured_public,unknown,unknown,
SAMN48952917,PRJNA1273658,S data 1!row19;published_id=AB134,Acinetobacter baumannii,India,Northern,,,,2024-01-15,human,meropenem,,,,reported AST,UNSPECIFIED_REPORTED,,R,measured_public,unknown,unknown,
SAMN48952917,PRJNA1273658,S data 1!row19;published_id=AB134,Acinetobacter baumannii,India,Northern,,,,2024-01-15,human,imipenem,,,,reported AST,UNSPECIFIED_REPORTED,,,measured_public,unknown,unknown,
SAMN48952917,PRJNA1273658,S data 1!row19;published_id=AB134,Acinetobacter baumannii,India,Northern,,,,2024-01-15,human,cefepime,,,,reported AST,UNSPECIFIED_REPORTED,,R,measured_public,unknown,unknown,
SAMN48952917,PRJNA1273658,S data 1!row19;published_id=AB134,Acinetobacter baumannii,India,Northern,,,,2024-01-15,human,ceftazidime,,,,reported AST,UNSPECIFIED_REPORTED,,R,measured_public,unknown,unknown,
SAMN48952917,PRJNA1273658,S data 1!row19;published_id=AB134,Acinetobacter baumannii,India,Northern,,,,2024-01-15,human,ciprofloxacin,,,,reported AST,UNSPECIFIED_REPORTED,,R,measured_public,unknown,unknown,
SAMN48952917,PRJNA1273658,S data 1!row19;published_id=AB134,Acinetobacter baumannii,India,Northern,,,,2024-01-15,human,gentamicin,,,,reported AST,UNSPECIFIED_REPORTED,,R,measured_public,unknown,unknown,
SAMN48952917,PRJNA1273658,S data 1!row19;published_id=AB134,Acinetobacter baumannii,India,Northern,,,,2024-01-15,human,amikacin,,,,reported AST,UNSPECIFIED_REPORTED,,R,measured_public,unknown,unknown,
SAMN48952917,PRJNA1273658,S data 1!row19;published_id=AB134,Acinetobacter baumannii,India,Northern,,,,2024-01-15,human,colistin,,,,reported AST,UNSPECIFIED_REPORTED,,I,measured_public,unknown,unknown,
SAMN48952918,PRJNA1273658,S data 1!row20;published_id=AB144,Acinetobacter baumannii,India,Northern,,,,2024-03-01,human,meropenem,,,,reported AST,UNSPECIFIED_REPORTED,,R,measured_public,unknown,unknown,
SAMN48952918,PRJNA1273658,S data 1!row20;published_id=AB144,Acinetobacter baumannii,India,Northern,,,,2024-03-01,human,imipenem,,,,reported AST,UNSPECIFIED_REPORTED,,,measured_public,unknown,unknown,
SAMN48952918,PRJNA1273658,S data 1!row20;published_id=AB144,Acinetobacter baumannii,India,Northern,,,,2024-03-01,human,cefepime,,,,reported AST,UNSPECIFIED_REPORTED,,R,measured_public,unknown,unknown,
SAMN48952918,PRJNA1273658,S data 1!row20;published_id=AB144,Acinetobacter baumannii,India,Northern,,,,2024-03-01,human,ceftazidime,,,,reported AST,UNSPECIFIED_REPORTED,,R,measured_public,unknown,unknown,
SAMN48952918,PRJNA1273658,S data 1!row20;published_id=AB144,Acinetobacter baumannii,India,Northern,,,,2024-03-01,human,ciprofloxacin,,,,reported AST,UNSPECIFIED_REPORTED,,R,measured_public,unknown,unknown,
SAMN48952918,PRJNA1273658,S data 1!row20;published_id=AB144,Acinetobacter baumannii,India,Northern,,,,2024-03-01,human,gentamicin,,,,reported AST,UNSPECIFIED_REPORTED,,R,measured_public,unknown,unknown,
SAMN48952918,PRJNA1273658,S data 1!row20;published_id=AB144,Acinetobacter baumannii,India,Northern,,,,2024-03-01,human,amikacin,,,,reported AST,UNSPECIFIED_REPORTED,,R,measured_public,unknown,unknown,
SAMN48952918,PRJNA1273658,S data 1!row20;published_id=AB144,Acinetobacter baumannii,India,Northern,,,,2024-03-01,human,colistin,,,,reported AST,UNSPECIFIED_REPORTED,,I,measured_public,unknown,unknown,
SAMN48952919,PRJNA1273658,S data 1!row21;published_id=AB145,Acinetobacter baumannii,India,Northern,,,,2024-01-26,human,meropenem,,,,reported AST,UNSPECIFIED_REPORTED,,R,measured_public,unknown,unknown,
SAMN48952919,PRJNA1273658,S data 1!row21;published_id=AB145,Acinetobacter baumannii,India,Northern,,,,2024-01-26,human,imipenem,,,,reported AST,UNSPECIFIED_REPORTED,,,measured_public,unknown,unknown,
SAMN48952919,PRJNA1273658,S data 1!row21;published_id=AB145,Acinetobacter baumannii,India,Northern,,,,2024-01-26,human,cefepime,,,,reported AST,UNSPECIFIED_REPORTED,,R,measured_public,unknown,unknown,
SAMN48952919,PRJNA1273658,S data 1!row21;published_id=AB145,Acinetobacter baumannii,India,Northern,,,,2024-01-26,human,ceftazidime,,,,reported AST,UNSPECIFIED_REPORTED,,R,measured_public,unknown,unknown,
SAMN48952919,PRJNA1273658,S data 1!row21;published_id=AB145,Acinetobacter baumannii,India,Northern,,,,2024-01-26,human,ciprofloxacin,,,,reported AST,UNSPECIFIED_REPORTED,,R,measured_public,unknown,unknown,
SAMN48952919,PRJNA1273658,S data 1!row21;published_id=AB145,Acinetobacter baumannii,India,Northern,,,,2024-01-26,human,gentamicin,,,,reported AST,UNSPECIFIED_REPORTED,,R,measured_public,unknown,unknown,
SAMN48952919,PRJNA1273658,S data 1!row21;published_id=AB145,Acinetobacter baumannii,India,Northern,,,,2024-01-26,human,amikacin,,,,reported AST,UNSPECIFIED_REPORTED,,R,measured_public,unknown,unknown,
SAMN48952919,PRJNA1273658,S data 1!row21;published_id=AB145,Acinetobacter baumannii,India,Northern,,,,2024-01-26,human,colistin,,,,reported AST,UNSPECIFIED_REPORTED,,I,measured_public,unknown,unknown,
SAMN48952920,PRJNA1273658,S data 1!row22;published_id=AB146,Acinetobacter baumannii,India,Northern,,,,2024-02-14,human,meropenem,,,,reported AST,UNSPECIFIED_REPORTED,,R,measured_public,unknown,unknown,
SAMN48952920,PRJNA1273658,S data 1!row22;published_id=AB146,Acinetobacter baumannii,India,Northern,,,,2024-02-14,human,imipenem,,,,reported AST,UNSPECIFIED_REPORTED,,,measured_public,unknown,unknown,
SAMN48952920,PRJNA1273658,S data 1!row22;published_id=AB146,Acinetobacter baumannii,India,Northern,,,,2024-02-14,human,cefepime,,,,reported AST,UNSPECIFIED_REPORTED,,R,measured_public,unknown,unknown,
SAMN48952920,PRJNA1273658,S data 1!row22;published_id=AB146,Acinetobacter baumannii,India,Northern,,,,2024-02-14,human,ceftazidime,,,,reported AST,UNSPECIFIED_REPORTED,,R,measured_public,unknown,unknown,
SAMN48952920,PRJNA1273658,S data 1!row22;published_id=AB146,Acinetobacter baumannii,India,Northern,,,,2024-02-14,human,ciprofloxacin,,,,reported AST,UNSPECIFIED_REPORTED,,R,measured_public,unknown,unknown,
SAMN48952920,PRJNA1273658,S data 1!row22;published_id=AB146,Acinetobacter baumannii,India,Northern,,,,2024-02-14,human,gentamicin,,,,reported AST,UNSPECIFIED_REPORTED,,R,measured_public,unknown,unknown,
SAMN48952920,PRJNA1273658,S data 1!row22;published_id=AB146,Acinetobacter baumannii,India,Northern,,,,2024-02-14,human,amikacin,,,,reported AST,UNSPECIFIED_REPORTED,,R,measured_public,unknown,unknown,
SAMN48952920,PRJNA1273658,S data 1!row22;published_id=AB146,Acinetobacter baumannii,India,Northern,,,,2024-02-14,human,colistin,,,,reported AST,UNSPECIFIED_REPORTED,,I,measured_public,unknown,unknown,
SAMN48952921,PRJNA1273658,S data 1!row23;published_id=AB147,Acinetobacter baumannii,India,Northern,,,,2024-01-30,human,meropenem,,,,reported AST,UNSPECIFIED_REPORTED,,R,measured_public,unknown,unknown,
SAMN48952921,PRJNA1273658,S data 1!row23;published_id=AB147,Acinetobacter baumannii,India,Northern,,,,2024-01-30,human,imipenem,,,,reported AST,UNSPECIFIED_REPORTED,,,measured_public,unknown,unknown,
SAMN48952921,PRJNA1273658,S data 1!row23;published_id=AB147,Acinetobacter baumannii,India,Northern,,,,2024-01-30,human,cefepime,,,,reported AST,UNSPECIFIED_REPORTED,,R,measured_public,unknown,unknown,
SAMN48952921,PRJNA1273658,S data 1!row23;published_id=AB147,Acinetobacter baumannii,India,Northern,,,,2024-01-30,human,ceftazidime,,,,reported AST,UNSPECIFIED_REPORTED,,R,measured_public,unknown,unknown,
SAMN48952921,PRJNA1273658,S data 1!row23;published_id=AB147,Acinetobacter baumannii,India,Northern,,,,2024-01-30,human,ciprofloxacin,,,,reported AST,UNSPECIFIED_REPORTED,,R,measured_public,unknown,unknown,
SAMN48952921,PRJNA1273658,S data 1!row23;published_id=AB147,Acinetobacter baumannii,India,Northern,,,,2024-01-30,human,gentamicin,,,,reported AST,UNSPECIFIED_REPORTED,,S,measured_public,unknown,unknown,
SAMN48952921,PRJNA1273658,S data 1!row23;published_id=AB147,Acinetobacter baumannii,India,Northern,,,,2024-01-30,human,amikacin,,,,reported AST,UNSPECIFIED_REPORTED,,R,measured_public,unknown,unknown,
SAMN48952921,PRJNA1273658,S data 1!row23;published_id=AB147,Acinetobacter baumannii,India,Northern,,,,2024-01-30,human,colistin,,,,reported AST,UNSPECIFIED_REPORTED,,I,measured_public,unknown,unknown,
SAMN48952922,PRJNA1273658,S data 1!row24;published_id=AB148,Acinetobacter baumannii,India,Northern,,,,2024-03-15,human,meropenem,,,,reported AST,UNSPECIFIED_REPORTED,,R,measured_public,unknown,unknown,
SAMN48952922,PRJNA1273658,S data 1!row24;published_id=AB148,Acinetobacter baumannii,India,Northern,,,,2024-03-15,human,imipenem,,,,reported AST,UNSPECIFIED_REPORTED,,,measured_public,unknown,unknown,
SAMN48952922,PRJNA1273658,S data 1!row24;published_id=AB148,Acinetobacter baumannii,India,Northern,,,,2024-03-15,human,cefepime,,,,reported AST,UNSPECIFIED_REPORTED,,R,measured_public,unknown,unknown,
SAMN48952922,PRJNA1273658,S data 1!row24;published_id=AB148,Acinetobacter baumannii,India,Northern,,,,2024-03-15,human,ceftazidime,,,,reported AST,UNSPECIFIED_REPORTED,,R,measured_public,unknown,unknown,
SAMN48952922,PRJNA1273658,S data 1!row24;published_id=AB148,Acinetobacter baumannii,India,Northern,,,,2024-03-15,human,ciprofloxacin,,,,reported AST,UNSPECIFIED_REPORTED,,R,measured_public,unknown,unknown,
SAMN48952922,PRJNA1273658,S data 1!row24;published_id=AB148,Acinetobacter baumannii,India,Northern,,,,2024-03-15,human,gentamicin,,,,reported AST,UNSPECIFIED_REPORTED,,R,measured_public,unknown,unknown,
SAMN48952922,PRJNA1273658,S data 1!row24;published_id=AB148,Acinetobacter baumannii,India,Northern,,,,2024-03-15,human,amikacin,,,,reported AST,UNSPECIFIED_REPORTED,,R,measured_public,unknown,unknown,
SAMN48952922,PRJNA1273658,S data 1!row24;published_id=AB148,Acinetobacter baumannii,India,Northern,,,,2024-03-15,human,colistin,,,,reported AST,UNSPECIFIED_REPORTED,,I,measured_public,unknown,unknown,
SAMN48952923,PRJNA1273658,S data 1!row25;published_id=AB149,Acinetobacter baumannii,India,Northern,,,,2024-02-15,human,meropenem,,,,reported AST,UNSPECIFIED_REPORTED,,R,measured_public,unknown,unknown,
SAMN48952923,PRJNA1273658,S data 1!row25;published_id=AB149,Acinetobacter baumannii,India,Northern,,,,2024-02-15,human,imipenem,,,,reported AST,UNSPECIFIED_REPORTED,,,measured_public,unknown,unknown,
SAMN48952923,PRJNA1273658,S data 1!row25;published_id=AB149,Acinetobacter baumannii,India,Northern,,,,2024-02-15,human,cefepime,,,,reported AST,UNSPECIFIED_REPORTED,,R,measured_public,unknown,unknown,
SAMN48952923,PRJNA1273658,S data 1!row25;published_id=AB149,Acinetobacter baumannii,India,Northern,,,,2024-02-15,human,ceftazidime,,,,reported AST,UNSPECIFIED_REPORTED,,R,measured_public,unknown,unknown,
SAMN48952923,PRJNA1273658,S data 1!row25;published_id=AB149,Acinetobacter baumannii,India,Northern,,,,2024-02-15,human,ciprofloxacin,,,,reported AST,UNSPECIFIED_REPORTED,,R,measured_public,unknown,unknown,
SAMN48952923,PRJNA1273658,S data 1!row25;published_id=AB149,Acinetobacter baumannii,India,Northern,,,,2024-02-15,human,gentamicin,,,,reported AST,UNSPECIFIED_REPORTED,,R,measured_public,unknown,unknown,
SAMN48952923,PRJNA1273658,S data 1!row25;published_id=AB149,Acinetobacter baumannii,India,Northern,,,,2024-02-15,human,amikacin,,,,reported AST,UNSPECIFIED_REPORTED,,R,measured_public,unknown,unknown,
SAMN48952923,PRJNA1273658,S data 1!row25;published_id=AB149,Acinetobacter baumannii,India,Northern,,,,2024-02-15,human,colistin,,,,reported AST,UNSPECIFIED_REPORTED,,I,measured_public,unknown,unknown,
SAMN48952924,PRJNA1273658,S data 1!row26;published_id=AB150,Acinetobacter baumannii,India,Northern,,,,2024-03-16,human,meropenem,,,,reported AST,UNSPECIFIED_REPORTED,,R,measured_public,unknown,unknown,
SAMN48952924,PRJNA1273658,S data 1!row26;published_id=AB150,Acinetobacter baumannii,India,Northern,,,,2024-03-16,human,imipenem,,,,reported AST,UNSPECIFIED_REPORTED,,,measured_public,unknown,unknown,
SAMN48952924,PRJNA1273658,S data 1!row26;published_id=AB150,Acinetobacter baumannii,India,Northern,,,,2024-03-16,human,cefepime,,,,reported AST,UNSPECIFIED_REPORTED,,R,measured_public,unknown,unknown,
SAMN48952924,PRJNA1273658,S data 1!row26;published_id=AB150,Acinetobacter baumannii,India,Northern,,,,2024-03-16,human,ceftazidime,,,,reported AST,UNSPECIFIED_REPORTED,,R,measured_public,unknown,unknown,
SAMN48952924,PRJNA1273658,S data 1!row26;published_id=AB150,Acinetobacter baumannii,India,Northern,,,,2024-03-16,human,ciprofloxacin,,,,reported AST,UNSPECIFIED_REPORTED,,R,measured_public,unknown,unknown,
SAMN48952924,PRJNA1273658,S data 1!row26;published_id=AB150,Acinetobacter baumannii,India,Northern,,,,2024-03-16,human,gentamicin,,,,reported AST,UNSPECIFIED_REPORTED,,R,measured_public,unknown,unknown,
SAMN48952924,PRJNA1273658,S data 1!row26;published_id=AB150,Acinetobacter baumannii,India,Northern,,,,2024-03-16,human,amikacin,,,,reported AST,UNSPECIFIED_REPORTED,,R,measured_public,unknown,unknown,
SAMN48952924,PRJNA1273658,S data 1!row26;published_id=AB150,Acinetobacter baumannii,India,Northern,,,,2024-03-16,human,colistin,,,,reported AST,UNSPECIFIED_REPORTED,,I,measured_public,unknown,unknown,
SAMN48952925,PRJNA1273658,S data 1!row27;published_id=AB165,Acinetobacter baumannii,India,Northern,,,,2024-04-18,human,meropenem,,,,reported AST,UNSPECIFIED_REPORTED,,R,measured_public,unknown,unknown,
SAMN48952925,PRJNA1273658,S data 1!row27;published_id=AB165,Acinetobacter baumannii,India,Northern,,,,2024-04-18,human,imipenem,,,,reported AST,UNSPECIFIED_REPORTED,,R,measured_public,unknown,unknown,
SAMN48952925,PRJNA1273658,S data 1!row27;published_id=AB165,Acinetobacter baumannii,India,Northern,,,,2024-04-18,human,cefepime,,,,reported AST,UNSPECIFIED_REPORTED,,R,measured_public,unknown,unknown,
SAMN48952925,PRJNA1273658,S data 1!row27;published_id=AB165,Acinetobacter baumannii,India,Northern,,,,2024-04-18,human,ceftazidime,,,,reported AST,UNSPECIFIED_REPORTED,,R,measured_public,unknown,unknown,
SAMN48952925,PRJNA1273658,S data 1!row27;published_id=AB165,Acinetobacter baumannii,India,Northern,,,,2024-04-18,human,ciprofloxacin,,,,reported AST,UNSPECIFIED_REPORTED,,R,measured_public,unknown,unknown,
SAMN48952925,PRJNA1273658,S data 1!row27;published_id=AB165,Acinetobacter baumannii,India,Northern,,,,2024-04-18,human,gentamicin,,,,reported AST,UNSPECIFIED_REPORTED,,R,measured_public,unknown,unknown,
SAMN48952925,PRJNA1273658,S data 1!row27;published_id=AB165,Acinetobacter baumannii,India,Northern,,,,2024-04-18,human,amikacin,,,,reported AST,UNSPECIFIED_REPORTED,,R,measured_public,unknown,unknown,
SAMN48952925,PRJNA1273658,S data 1!row27;published_id=AB165,Acinetobacter baumannii,India,Northern,,,,2024-04-18,human,colistin,,,,reported AST,UNSPECIFIED_REPORTED,,I,measured_public,unknown,unknown,
SAMN48952926,PRJNA1273658,S data 1!row28;published_id=AB166,Acinetobacter baumannii,India,Northern,,,,2024-04-18,human,meropenem,,,,reported AST,UNSPECIFIED_REPORTED,,,measured_public,unknown,unknown,
SAMN48952926,PRJNA1273658,S data 1!row28;published_id=AB166,Acinetobacter baumannii,India,Northern,,,,2024-04-18,human,imipenem,,,,reported AST,UNSPECIFIED_REPORTED,,R,measured_public,unknown,unknown,
SAMN48952926,PRJNA1273658,S data 1!row28;published_id=AB166,Acinetobacter baumannii,India,Northern,,,,2024-04-18,human,cefepime,,,,reported AST,UNSPECIFIED_REPORTED,,R,measured_public,unknown,unknown,
SAMN48952926,PRJNA1273658,S data 1!row28;published_id=AB166,Acinetobacter baumannii,India,Northern,,,,2024-04-18,human,ceftazidime,,,,reported AST,UNSPECIFIED_REPORTED,,R,measured_public,unknown,unknown,
SAMN48952926,PRJNA1273658,S data 1!row28;published_id=AB166,Acinetobacter baumannii,India,Northern,,,,2024-04-18,human,ciprofloxacin,,,,reported AST,UNSPECIFIED_REPORTED,,R,measured_public,unknown,unknown,
SAMN48952926,PRJNA1273658,S data 1!row28;published_id=AB166,Acinetobacter baumannii,India,Northern,,,,2024-04-18,human,gentamicin,,,,reported AST,UNSPECIFIED_REPORTED,,R,measured_public,unknown,unknown,
SAMN48952926,PRJNA1273658,S data 1!row28;published_id=AB166,Acinetobacter baumannii,India,Northern,,,,2024-04-18,human,amikacin,,,,reported AST,UNSPECIFIED_REPORTED,,R,measured_public,unknown,unknown,
SAMN48952926,PRJNA1273658,S data 1!row28;published_id=AB166,Acinetobacter baumannii,India,Northern,,,,2024-04-18,human,colistin,,,,reported AST,UNSPECIFIED_REPORTED,,I,measured_public,unknown,unknown,
SAMN48952927,PRJNA1273658,S data 1!row29;published_id=AB167,Acinetobacter baumannii,India,Northern,,,,2024-04-18,human,meropenem,,,,reported AST,UNSPECIFIED_REPORTED,,R,measured_public,unknown,unknown,
SAMN48952927,PRJNA1273658,S data 1!row29;published_id=AB167,Acinetobacter baumannii,India,Northern,,,,2024-04-18,human,imipenem,,,,reported AST,UNSPECIFIED_REPORTED,,R,measured_public,unknown,unknown,
SAMN48952927,PRJNA1273658,S data 1!row29;published_id=AB167,Acinetobacter baumannii,India,Northern,,,,2024-04-18,human,cefepime,,,,reported AST,UNSPECIFIED_REPORTED,,R,measured_public,unknown,unknown,
SAMN48952927,PRJNA1273658,S data 1!row29;published_id=AB167,Acinetobacter baumannii,India,Northern,,,,2024-04-18,human,ceftazidime,,,,reported AST,UNSPECIFIED_REPORTED,,R,measured_public,unknown,unknown,
SAMN48952927,PRJNA1273658,S data 1!row29;published_id=AB167,Acinetobacter baumannii,India,Northern,,,,2024-04-18,human,ciprofloxacin,,,,reported AST,UNSPECIFIED_REPORTED,,R,measured_public,unknown,unknown,
SAMN48952927,PRJNA1273658,S data 1!row29;published_id=AB167,Acinetobacter baumannii,India,Northern,,,,2024-04-18,human,gentamicin,,,,reported AST,UNSPECIFIED_REPORTED,,R,measured_public,unknown,unknown,
SAMN48952927,PRJNA1273658,S data 1!row29;published_id=AB167,Acinetobacter baumannii,India,Northern,,,,2024-04-18,human,amikacin,,,,reported AST,UNSPECIFIED_REPORTED,,R,measured_public,unknown,unknown,
SAMN48952927,PRJNA1273658,S data 1!row29;published_id=AB167,Acinetobacter baumannii,India,Northern,,,,2024-04-18,human,colistin,,,,reported AST,UNSPECIFIED_REPORTED,,I,measured_public,unknown,unknown,
SAMN48952928,PRJNA1273658,S data 1!row30;published_id=AB176,Acinetobacter baumannii,India,Northern,,,,2024-05-07,human,meropenem,,,,reported AST,UNSPECIFIED_REPORTED,,R,measured_public,unknown,unknown,
SAMN48952928,PRJNA1273658,S data 1!row30;published_id=AB176,Acinetobacter baumannii,India,Northern,,,,2024-05-07,human,imipenem,,,,reported AST,UNSPECIFIED_REPORTED,,R,measured_public,unknown,unknown,
SAMN48952928,PRJNA1273658,S data 1!row30;published_id=AB176,Acinetobacter baumannii,India,Northern,,,,2024-05-07,human,cefepime,,,,reported AST,UNSPECIFIED_REPORTED,,R,measured_public,unknown,unknown,
SAMN48952928,PRJNA1273658,S data 1!row30;published_id=AB176,Acinetobacter baumannii,India,Northern,,,,2024-05-07,human,ceftazidime,,,,reported AST,UNSPECIFIED_REPORTED,,R,measured_public,unknown,unknown,
SAMN48952928,PRJNA1273658,S data 1!row30;published_id=AB176,Acinetobacter baumannii,India,Northern,,,,2024-05-07,human,ciprofloxacin,,,,reported AST,UNSPECIFIED_REPORTED,,R,measured_public,unknown,unknown,
SAMN48952928,PRJNA1273658,S data 1!row30;published_id=AB176,Acinetobacter baumannii,India,Northern,,,,2024-05-07,human,gentamicin,,,,reported AST,UNSPECIFIED_REPORTED,,R,measured_public,unknown,unknown,
SAMN48952928,PRJNA1273658,S data 1!row30;published_id=AB176,Acinetobacter baumannii,India,Northern,,,,2024-05-07,human,amikacin,,,,reported AST,UNSPECIFIED_REPORTED,,R,measured_public,unknown,unknown,
SAMN48952928,PRJNA1273658,S data 1!row30;published_id=AB176,Acinetobacter baumannii,India,Northern,,,,2024-05-07,human,colistin,,,,reported AST,UNSPECIFIED_REPORTED,,I,measured_public,unknown,unknown,
SAMN48952929,PRJNA1273658,S data 1!row31;published_id=AB177,Acinetobacter baumannii,India,Northern,,,,2024-05-07,human,meropenem,,,,reported AST,UNSPECIFIED_REPORTED,,R,measured_public,unknown,unknown,
SAMN48952929,PRJNA1273658,S data 1!row31;published_id=AB177,Acinetobacter baumannii,India,Northern,,,,2024-05-07,human,imipenem,,,,reported AST,UNSPECIFIED_REPORTED,,R,measured_public,unknown,unknown,
SAMN48952929,PRJNA1273658,S data 1!row31;published_id=AB177,Acinetobacter baumannii,India,Northern,,,,2024-05-07,human,cefepime,,,,reported AST,UNSPECIFIED_REPORTED,,R,measured_public,unknown,unknown,
SAMN48952929,PRJNA1273658,S data 1!row31;published_id=AB177,Acinetobacter baumannii,India,Northern,,,,2024-05-07,human,ceftazidime,,,,reported AST,UNSPECIFIED_REPORTED,,R,measured_public,unknown,unknown,
SAMN48952929,PRJNA1273658,S data 1!row31;published_id=AB177,Acinetobacter baumannii,India,Northern,,,,2024-05-07,human,ciprofloxacin,,,,reported AST,UNSPECIFIED_REPORTED,,R,measured_public,unknown,unknown,
SAMN48952929,PRJNA1273658,S data 1!row31;published_id=AB177,Acinetobacter baumannii,India,Northern,,,,2024-05-07,human,gentamicin,,,,reported AST,UNSPECIFIED_REPORTED,,R,measured_public,unknown,unknown,
SAMN48952929,PRJNA1273658,S data 1!row31;published_id=AB177,Acinetobacter baumannii,India,Northern,,,,2024-05-07,human,amikacin,,,,reported AST,UNSPECIFIED_REPORTED,,R,measured_public,unknown,unknown,
SAMN48952929,PRJNA1273658,S data 1!row31;published_id=AB177,Acinetobacter baumannii,India,Northern,,,,2024-05-07,human,colistin,,,,reported AST,UNSPECIFIED_REPORTED,,I,measured_public,unknown,unknown,
SAMN48952930,PRJNA1273658,S data 1!row32;published_id=AB178,Acinetobacter baumannii,India,Northern,,,,2024-05-07,human,meropenem,,,,reported AST,UNSPECIFIED_REPORTED,,R,measured_public,unknown,unknown,
SAMN48952930,PRJNA1273658,S data 1!row32;published_id=AB178,Acinetobacter baumannii,India,Northern,,,,2024-05-07,human,imipenem,,,,reported AST,UNSPECIFIED_REPORTED,,R,measured_public,unknown,unknown,
SAMN48952930,PRJNA1273658,S data 1!row32;published_id=AB178,Acinetobacter baumannii,India,Northern,,,,2024-05-07,human,cefepime,,,,reported AST,UNSPECIFIED_REPORTED,,R,measured_public,unknown,unknown,
SAMN48952930,PRJNA1273658,S data 1!row32;published_id=AB178,Acinetobacter baumannii,India,Northern,,,,2024-05-07,human,ceftazidime,,,,reported AST,UNSPECIFIED_REPORTED,,R,measured_public,unknown,unknown,
SAMN48952930,PRJNA1273658,S data 1!row32;published_id=AB178,Acinetobacter baumannii,India,Northern,,,,2024-05-07,human,ciprofloxacin,,,,reported AST,UNSPECIFIED_REPORTED,,R,measured_public,unknown,unknown,
SAMN48952930,PRJNA1273658,S data 1!row32;published_id=AB178,Acinetobacter baumannii,India,Northern,,,,2024-05-07,human,gentamicin,,,,reported AST,UNSPECIFIED_REPORTED,,R,measured_public,unknown,unknown,
SAMN48952930,PRJNA1273658,S data 1!row32;published_id=AB178,Acinetobacter baumannii,India,Northern,,,,2024-05-07,human,amikacin,,,,reported AST,UNSPECIFIED_REPORTED,,R,measured_public,unknown,unknown,
SAMN48952930,PRJNA1273658,S data 1!row32;published_id=AB178,Acinetobacter baumannii,India,Northern,,,,2024-05-07,human,colistin,,,,reported AST,UNSPECIFIED_REPORTED,,I,measured_public,unknown,unknown,
SAMN48952931,PRJNA1273658,S data 1!row33;published_id=AB190,Acinetobacter baumannii,India,Northern,,,,2024-04-30,human,meropenem,,,,reported AST,UNSPECIFIED_REPORTED,,R,measured_public,unknown,unknown,
SAMN48952931,PRJNA1273658,S data 1!row33;published_id=AB190,Acinetobacter baumannii,India,Northern,,,,2024-04-30,human,imipenem,,,,reported AST,UNSPECIFIED_REPORTED,,R,measured_public,unknown,unknown,
SAMN48952931,PRJNA1273658,S data 1!row33;published_id=AB190,Acinetobacter baumannii,India,Northern,,,,2024-04-30,human,cefepime,,,,reported AST,UNSPECIFIED_REPORTED,,R,measured_public,unknown,unknown,
SAMN48952931,PRJNA1273658,S data 1!row33;published_id=AB190,Acinetobacter baumannii,India,Northern,,,,2024-04-30,human,ceftazidime,,,,reported AST,UNSPECIFIED_REPORTED,,R,measured_public,unknown,unknown,
SAMN48952931,PRJNA1273658,S data 1!row33;published_id=AB190,Acinetobacter baumannii,India,Northern,,,,2024-04-30,human,ciprofloxacin,,,,reported AST,UNSPECIFIED_REPORTED,,R,measured_public,unknown,unknown,
SAMN48952931,PRJNA1273658,S data 1!row33;published_id=AB190,Acinetobacter baumannii,India,Northern,,,,2024-04-30,human,gentamicin,,,,reported AST,UNSPECIFIED_REPORTED,,R,measured_public,unknown,unknown,
SAMN48952931,PRJNA1273658,S data 1!row33;published_id=AB190,Acinetobacter baumannii,India,Northern,,,,2024-04-30,human,amikacin,,,,reported AST,UNSPECIFIED_REPORTED,,R,measured_public,unknown,unknown,
SAMN48952931,PRJNA1273658,S data 1!row33;published_id=AB190,Acinetobacter baumannii,India,Northern,,,,2024-04-30,human,colistin,,,,reported AST,UNSPECIFIED_REPORTED,,I,measured_public,unknown,unknown,
SAMN48952932,PRJNA1273658,S data 1!row34;published_id=AB191,Acinetobacter baumannii,India,Northern,,,,2024-05-02,human,meropenem,,,,reported AST,UNSPECIFIED_REPORTED,,R,measured_public,unknown,unknown,
SAMN48952932,PRJNA1273658,S data 1!row34;published_id=AB191,Acinetobacter baumannii,India,Northern,,,,2024-05-02,human,imipenem,,,,reported AST,UNSPECIFIED_REPORTED,,R,measured_public,unknown,unknown,
SAMN48952932,PRJNA1273658,S data 1!row34;published_id=AB191,Acinetobacter baumannii,India,Northern,,,,2024-05-02,human,cefepime,,,,reported AST,UNSPECIFIED_REPORTED,,R,measured_public,unknown,unknown,
SAMN48952932,PRJNA1273658,S data 1!row34;published_id=AB191,Acinetobacter baumannii,India,Northern,,,,2024-05-02,human,ceftazidime,,,,reported AST,UNSPECIFIED_REPORTED,,R,measured_public,unknown,unknown,
SAMN48952932,PRJNA1273658,S data 1!row34;published_id=AB191,Acinetobacter baumannii,India,Northern,,,,2024-05-02,human,ciprofloxacin,,,,reported AST,UNSPECIFIED_REPORTED,,R,measured_public,unknown,unknown,
SAMN48952932,PRJNA1273658,S data 1!row34;published_id=AB191,Acinetobacter baumannii,India,Northern,,,,2024-05-02,human,gentamicin,,,,reported AST,UNSPECIFIED_REPORTED,,R,measured_public,unknown,unknown,
SAMN48952932,PRJNA1273658,S data 1!row34;published_id=AB191,Acinetobacter baumannii,India,Northern,,,,2024-05-02,human,amikacin,,,,reported AST,UNSPECIFIED_REPORTED,,R,measured_public,unknown,unknown,
SAMN48952932,PRJNA1273658,S data 1!row34;published_id=AB191,Acinetobacter baumannii,India,Northern,,,,2024-05-02,human,colistin,,,,reported AST,UNSPECIFIED_REPORTED,,I,measured_public,unknown,unknown,
SAMN48952933,PRJNA1273658,S data 1!row35;published_id=AB192,Acinetobacter baumannii,India,Northern,,,,2024-04-29,human,meropenem,,,,reported AST,UNSPECIFIED_REPORTED,,R,measured_public,unknown,unknown,
SAMN48952933,PRJNA1273658,S data 1!row35;published_id=AB192,Acinetobacter baumannii,India,Northern,,,,2024-04-29,human,imipenem,,,,reported AST,UNSPECIFIED_REPORTED,,R,measured_public,unknown,unknown,
SAMN48952933,PRJNA1273658,S data 1!row35;published_id=AB192,Acinetobacter baumannii,India,Northern,,,,2024-04-29,human,cefepime,,,,reported AST,UNSPECIFIED_REPORTED,,R,measured_public,unknown,unknown,
SAMN48952933,PRJNA1273658,S data 1!row35;published_id=AB192,Acinetobacter baumannii,India,Northern,,,,2024-04-29,human,ceftazidime,,,,reported AST,UNSPECIFIED_REPORTED,,R,measured_public,unknown,unknown,
SAMN48952933,PRJNA1273658,S data 1!row35;published_id=AB192,Acinetobacter baumannii,India,Northern,,,,2024-04-29,human,ciprofloxacin,,,,reported AST,UNSPECIFIED_REPORTED,,R,measured_public,unknown,unknown,
SAMN48952933,PRJNA1273658,S data 1!row35;published_id=AB192,Acinetobacter baumannii,India,Northern,,,,2024-04-29,human,gentamicin,,,,reported AST,UNSPECIFIED_REPORTED,,R,measured_public,unknown,unknown,
SAMN48952933,PRJNA1273658,S data 1!row35;published_id=AB192,Acinetobacter baumannii,India,Northern,,,,2024-04-29,human,amikacin,,,,reported AST,UNSPECIFIED_REPORTED,,R,measured_public,unknown,unknown,
SAMN48952933,PRJNA1273658,S data 1!row35;published_id=AB192,Acinetobacter baumannii,India,Northern,,,,2024-04-29,human,colistin,,,,reported AST,UNSPECIFIED_REPORTED,,I,measured_public,unknown,unknown,
SAMN48952934,PRJNA1273658,S data 1!row36;published_id=AB200,Acinetobacter baumannii,India,Northern,,,,2024-06-02,human,meropenem,,,,reported AST,UNSPECIFIED_REPORTED,,R,measured_public,unknown,unknown,
SAMN48952934,PRJNA1273658,S data 1!row36;published_id=AB200,Acinetobacter baumannii,India,Northern,,,,2024-06-02,human,imipenem,,,,reported AST,UNSPECIFIED_REPORTED,,R,measured_public,unknown,unknown,
SAMN48952934,PRJNA1273658,S data 1!row36;published_id=AB200,Acinetobacter baumannii,India,Northern,,,,2024-06-02,human,cefepime,,,,reported AST,UNSPECIFIED_REPORTED,,R,measured_public,unknown,unknown,
SAMN48952934,PRJNA1273658,S data 1!row36;published_id=AB200,Acinetobacter baumannii,India,Northern,,,,2024-06-02,human,ceftazidime,,,,reported AST,UNSPECIFIED_REPORTED,,R,measured_public,unknown,unknown,
SAMN48952934,PRJNA1273658,S data 1!row36;published_id=AB200,Acinetobacter baumannii,India,Northern,,,,2024-06-02,human,ciprofloxacin,,,,reported AST,UNSPECIFIED_REPORTED,,R,measured_public,unknown,unknown,
SAMN48952934,PRJNA1273658,S data 1!row36;published_id=AB200,Acinetobacter baumannii,India,Northern,,,,2024-06-02,human,gentamicin,,,,reported AST,UNSPECIFIED_REPORTED,,R,measured_public,unknown,unknown,
SAMN48952934,PRJNA1273658,S data 1!row36;published_id=AB200,Acinetobacter baumannii,India,Northern,,,,2024-06-02,human,amikacin,,,,reported AST,UNSPECIFIED_REPORTED,,R,measured_public,unknown,unknown,
SAMN48952934,PRJNA1273658,S data 1!row36;published_id=AB200,Acinetobacter baumannii,India,Northern,,,,2024-06-02,human,colistin,,,,reported AST,UNSPECIFIED_REPORTED,,I,measured_public,unknown,unknown,
SAMN48952935,PRJNA1273658,S data 1!row37;published_id=AB203,Acinetobacter baumannii,India,Northern,,,,2024-05-19,human,meropenem,,,,reported AST,UNSPECIFIED_REPORTED,,R,measured_public,unknown,unknown,
SAMN48952935,PRJNA1273658,S data 1!row37;published_id=AB203,Acinetobacter baumannii,India,Northern,,,,2024-05-19,human,imipenem,,,,reported AST,UNSPECIFIED_REPORTED,,R,measured_public,unknown,unknown,
SAMN48952935,PRJNA1273658,S data 1!row37;published_id=AB203,Acinetobacter baumannii,India,Northern,,,,2024-05-19,human,cefepime,,,,reported AST,UNSPECIFIED_REPORTED,,R,measured_public,unknown,unknown,
SAMN48952935,PRJNA1273658,S data 1!row37;published_id=AB203,Acinetobacter baumannii,India,Northern,,,,2024-05-19,human,ceftazidime,,,,reported AST,UNSPECIFIED_REPORTED,,R,measured_public,unknown,unknown,
SAMN48952935,PRJNA1273658,S data 1!row37;published_id=AB203,Acinetobacter baumannii,India,Northern,,,,2024-05-19,human,ciprofloxacin,,,,reported AST,UNSPECIFIED_REPORTED,,R,measured_public,unknown,unknown,
SAMN48952935,PRJNA1273658,S data 1!row37;published_id=AB203,Acinetobacter baumannii,India,Northern,,,,2024-05-19,human,gentamicin,,,,reported AST,UNSPECIFIED_REPORTED,,R,measured_public,unknown,unknown,
SAMN48952935,PRJNA1273658,S data 1!row37;published_id=AB203,Acinetobacter baumannii,India,Northern,,,,2024-05-19,human,amikacin,,,,reported AST,UNSPECIFIED_REPORTED,,R,measured_public,unknown,unknown,
SAMN48952935,PRJNA1273658,S data 1!row37;published_id=AB203,Acinetobacter baumannii,India,Northern,,,,2024-05-19,human,colistin,,,,reported AST,UNSPECIFIED_REPORTED,,I,measured_public,unknown,unknown,
SAMN48952936,PRJNA1273658,S data 1!row38;published_id=AB205,Acinetobacter baumannii,India,Northern,,,,2024-06-19,human,meropenem,,,,reported AST,UNSPECIFIED_REPORTED,,R,measured_public,unknown,unknown,
SAMN48952936,PRJNA1273658,S data 1!row38;published_id=AB205,Acinetobacter baumannii,India,Northern,,,,2024-06-19,human,imipenem,,,,reported AST,UNSPECIFIED_REPORTED,,R,measured_public,unknown,unknown,
SAMN48952936,PRJNA1273658,S data 1!row38;published_id=AB205,Acinetobacter baumannii,India,Northern,,,,2024-06-19,human,cefepime,,,,reported AST,UNSPECIFIED_REPORTED,,R,measured_public,unknown,unknown,
SAMN48952936,PRJNA1273658,S data 1!row38;published_id=AB205,Acinetobacter baumannii,India,Northern,,,,2024-06-19,human,ceftazidime,,,,reported AST,UNSPECIFIED_REPORTED,,R,measured_public,unknown,unknown,
SAMN48952936,PRJNA1273658,S data 1!row38;published_id=AB205,Acinetobacter baumannii,India,Northern,,,,2024-06-19,human,ciprofloxacin,,,,reported AST,UNSPECIFIED_REPORTED,,R,measured_public,unknown,unknown,
SAMN48952936,PRJNA1273658,S data 1!row38;published_id=AB205,Acinetobacter baumannii,India,Northern,,,,2024-06-19,human,gentamicin,,,,reported AST,UNSPECIFIED_REPORTED,,R,measured_public,unknown,unknown,
SAMN48952936,PRJNA1273658,S data 1!row38;published_id=AB205,Acinetobacter baumannii,India,Northern,,,,2024-06-19,human,amikacin,,,,reported AST,UNSPECIFIED_REPORTED,,I,measured_public,unknown,unknown,
SAMN48952936,PRJNA1273658,S data 1!row38;published_id=AB205,Acinetobacter baumannii,India,Northern,,,,2024-06-19,human,colistin,,,,reported AST,UNSPECIFIED_REPORTED,,I,measured_public,unknown,unknown,
SAMN48952937,PRJNA1273658,S data 1!row39;published_id=AB206,Acinetobacter baumannii,India,Northern,,,,2024-07-06,human,meropenem,,,,reported AST,UNSPECIFIED_REPORTED,,R,measured_public,unknown,unknown,
SAMN48952937,PRJNA1273658,S data 1!row39;published_id=AB206,Acinetobacter baumannii,India,Northern,,,,2024-07-06,human,imipenem,,,,reported AST,UNSPECIFIED_REPORTED,,R,measured_public,unknown,unknown,
SAMN48952937,PRJNA1273658,S data 1!row39;published_id=AB206,Acinetobacter baumannii,India,Northern,,,,2024-07-06,human,cefepime,,,,reported AST,UNSPECIFIED_REPORTED,,R,measured_public,unknown,unknown,
SAMN48952937,PRJNA1273658,S data 1!row39;published_id=AB206,Acinetobacter baumannii,India,Northern,,,,2024-07-06,human,ceftazidime,,,,reported AST,UNSPECIFIED_REPORTED,,R,measured_public,unknown,unknown,
SAMN48952937,PRJNA1273658,S data 1!row39;published_id=AB206,Acinetobacter baumannii,India,Northern,,,,2024-07-06,human,ciprofloxacin,,,,reported AST,UNSPECIFIED_REPORTED,,R,measured_public,unknown,unknown,
SAMN48952937,PRJNA1273658,S data 1!row39;published_id=AB206,Acinetobacter baumannii,India,Northern,,,,2024-07-06,human,gentamicin,,,,reported AST,UNSPECIFIED_REPORTED,,R,measured_public,unknown,unknown,
SAMN48952937,PRJNA1273658,S data 1!row39;published_id=AB206,Acinetobacter baumannii,India,Northern,,,,2024-07-06,human,amikacin,,,,reported AST,UNSPECIFIED_REPORTED,,R,measured_public,unknown,unknown,
SAMN48952937,PRJNA1273658,S data 1!row39;published_id=AB206,Acinetobacter baumannii,India,Northern,,,,2024-07-06,human,colistin,,,,reported AST,UNSPECIFIED_REPORTED,,I,measured_public,unknown,unknown,
SAMN48952938,PRJNA1273658,S data 1!row40;published_id=ABBN197,Acinetobacter baumannii,India,Western,,,,2024-07-13,human,meropenem,,,,reported AST,UNSPECIFIED_REPORTED,,R,measured_public,unknown,unknown,
SAMN48952938,PRJNA1273658,S data 1!row40;published_id=ABBN197,Acinetobacter baumannii,India,Western,,,,2024-07-13,human,imipenem,,,,reported AST,UNSPECIFIED_REPORTED,,R,measured_public,unknown,unknown,
SAMN48952938,PRJNA1273658,S data 1!row40;published_id=ABBN197,Acinetobacter baumannii,India,Western,,,,2024-07-13,human,cefepime,,,,reported AST,UNSPECIFIED_REPORTED,,R,measured_public,unknown,unknown,
SAMN48952938,PRJNA1273658,S data 1!row40;published_id=ABBN197,Acinetobacter baumannii,India,Western,,,,2024-07-13,human,ceftazidime,,,,reported AST,UNSPECIFIED_REPORTED,,R,measured_public,unknown,unknown,
SAMN48952938,PRJNA1273658,S data 1!row40;published_id=ABBN197,Acinetobacter baumannii,India,Western,,,,2024-07-13,human,ciprofloxacin,,,,reported AST,UNSPECIFIED_REPORTED,,R,measured_public,unknown,unknown,
SAMN48952938,PRJNA1273658,S data 1!row40;published_id=ABBN197,Acinetobacter baumannii,India,Western,,,,2024-07-13,human,gentamicin,,,,reported AST,UNSPECIFIED_REPORTED,,R,measured_public,unknown,unknown,
SAMN48952938,PRJNA1273658,S data 1!row40;published_id=ABBN197,Acinetobacter baumannii,India,Western,,,,2024-07-13,human,amikacin,,,,reported AST,UNSPECIFIED_REPORTED,,R,measured_public,unknown,unknown,
SAMN48952938,PRJNA1273658,S data 1!row40;published_id=ABBN197,Acinetobacter baumannii,India,Western,,,,2024-07-13,human,colistin,,,,reported AST,UNSPECIFIED_REPORTED,,S,measured_public,unknown,unknown,
SAMN48952939,PRJNA1273658,S data 1!row41;published_id=ABBN201,Acinetobacter baumannii,India,Western,,,,2024-06-22,human,meropenem,,,,reported AST,UNSPECIFIED_REPORTED,,R,measured_public,unknown,unknown,
SAMN48952939,PRJNA1273658,S data 1!row41;published_id=ABBN201,Acinetobacter baumannii,India,Western,,,,2024-06-22,human,imipenem,,,,reported AST,UNSPECIFIED_REPORTED,,R,measured_public,unknown,unknown,
SAMN48952939,PRJNA1273658,S data 1!row41;published_id=ABBN201,Acinetobacter baumannii,India,Western,,,,2024-06-22,human,cefepime,,,,reported AST,UNSPECIFIED_REPORTED,,R,measured_public,unknown,unknown,
SAMN48952939,PRJNA1273658,S data 1!row41;published_id=ABBN201,Acinetobacter baumannii,India,Western,,,,2024-06-22,human,ceftazidime,,,,reported AST,UNSPECIFIED_REPORTED,,R,measured_public,unknown,unknown,
SAMN48952939,PRJNA1273658,S data 1!row41;published_id=ABBN201,Acinetobacter baumannii,India,Western,,,,2024-06-22,human,ciprofloxacin,,,,reported AST,UNSPECIFIED_REPORTED,,R,measured_public,unknown,unknown,
SAMN48952939,PRJNA1273658,S data 1!row41;published_id=ABBN201,Acinetobacter baumannii,India,Western,,,,2024-06-22,human,gentamicin,,,,reported AST,UNSPECIFIED_REPORTED,,R,measured_public,unknown,unknown,
SAMN48952939,PRJNA1273658,S data 1!row41;published_id=ABBN201,Acinetobacter baumannii,India,Western,,,,2024-06-22,human,amikacin,,,,reported AST,UNSPECIFIED_REPORTED,,R,measured_public,unknown,unknown,
SAMN48952939,PRJNA1273658,S data 1!row41;published_id=ABBN201,Acinetobacter baumannii,India,Western,,,,2024-06-22,human,colistin,,,,reported AST,UNSPECIFIED_REPORTED,,S,measured_public,unknown,unknown,
SAMN48952940,PRJNA1273658,S data 1!row42;published_id=ABBN23,Acinetobacter baumannii,India,Western,,,,2023-02-14,human,meropenem,,,,reported AST,UNSPECIFIED_REPORTED,,R,measured_public,unknown,unknown,
SAMN48952940,PRJNA1273658,S data 1!row42;published_id=ABBN23,Acinetobacter baumannii,India,Western,,,,2023-02-14,human,imipenem,,,,reported AST,UNSPECIFIED_REPORTED,,R,measured_public,unknown,unknown,
SAMN48952940,PRJNA1273658,S data 1!row42;published_id=ABBN23,Acinetobacter baumannii,India,Western,,,,2023-02-14,human,cefepime,,,,reported AST,UNSPECIFIED_REPORTED,,R,measured_public,unknown,unknown,
SAMN48952940,PRJNA1273658,S data 1!row42;published_id=ABBN23,Acinetobacter baumannii,India,Western,,,,2023-02-14,human,ceftazidime,,,,reported AST,UNSPECIFIED_REPORTED,,R,measured_public,unknown,unknown,
SAMN48952940,PRJNA1273658,S data 1!row42;published_id=ABBN23,Acinetobacter baumannii,India,Western,,,,2023-02-14,human,ciprofloxacin,,,,reported AST,UNSPECIFIED_REPORTED,,R,measured_public,unknown,unknown,
SAMN48952940,PRJNA1273658,S data 1!row42;published_id=ABBN23,Acinetobacter baumannii,India,Western,,,,2023-02-14,human,gentamicin,,,,reported AST,UNSPECIFIED_REPORTED,,R,measured_public,unknown,unknown,
SAMN48952940,PRJNA1273658,S data 1!row42;published_id=ABBN23,Acinetobacter baumannii,India,Western,,,,2023-02-14,human,amikacin,,,,reported AST,UNSPECIFIED_REPORTED,,R,measured_public,unknown,unknown,
SAMN48952940,PRJNA1273658,S data 1!row42;published_id=ABBN23,Acinetobacter baumannii,India,Western,,,,2023-02-14,human,colistin,,,,reported AST,UNSPECIFIED_REPORTED,,S,measured_public,unknown,unknown,
SAMN48952941,PRJNA1273658,S data 1!row43;published_id=ABBN27,Acinetobacter baumannii,India,Western,,,,2023-02-24,human,meropenem,,,,reported AST,UNSPECIFIED_REPORTED,,R,measured_public,unknown,unknown,
SAMN48952941,PRJNA1273658,S data 1!row43;published_id=ABBN27,Acinetobacter baumannii,India,Western,,,,2023-02-24,human,imipenem,,,,reported AST,UNSPECIFIED_REPORTED,,R,measured_public,unknown,unknown,
SAMN48952941,PRJNA1273658,S data 1!row43;published_id=ABBN27,Acinetobacter baumannii,India,Western,,,,2023-02-24,human,cefepime,,,,reported AST,UNSPECIFIED_REPORTED,,R,measured_public,unknown,unknown,
SAMN48952941,PRJNA1273658,S data 1!row43;published_id=ABBN27,Acinetobacter baumannii,India,Western,,,,2023-02-24,human,ceftazidime,,,,reported AST,UNSPECIFIED_REPORTED,,R,measured_public,unknown,unknown,
SAMN48952941,PRJNA1273658,S data 1!row43;published_id=ABBN27,Acinetobacter baumannii,India,Western,,,,2023-02-24,human,ciprofloxacin,,,,reported AST,UNSPECIFIED_REPORTED,,R,measured_public,unknown,unknown,
SAMN48952941,PRJNA1273658,S data 1!row43;published_id=ABBN27,Acinetobacter baumannii,India,Western,,,,2023-02-24,human,gentamicin,,,,reported AST,UNSPECIFIED_REPORTED,,R,measured_public,unknown,unknown,
SAMN48952941,PRJNA1273658,S data 1!row43;published_id=ABBN27,Acinetobacter baumannii,India,Western,,,,2023-02-24,human,amikacin,,,,reported AST,UNSPECIFIED_REPORTED,,R,measured_public,unknown,unknown,
SAMN48952941,PRJNA1273658,S data 1!row43;published_id=ABBN27,Acinetobacter baumannii,India,Western,,,,2023-02-24,human,colistin,,,,reported AST,UNSPECIFIED_REPORTED,,S,measured_public,unknown,unknown,
SAMN48952942,PRJNA1273658,S data 1!row44;published_id=ABBN48,Acinetobacter baumannii,India,Western,,,,2023-06-13,human,meropenem,,,,reported AST,UNSPECIFIED_REPORTED,,R,measured_public,unknown,unknown,
SAMN48952942,PRJNA1273658,S data 1!row44;published_id=ABBN48,Acinetobacter baumannii,India,Western,,,,2023-06-13,human,imipenem,,,,reported AST,UNSPECIFIED_REPORTED,,R,measured_public,unknown,unknown,
SAMN48952942,PRJNA1273658,S data 1!row44;published_id=ABBN48,Acinetobacter baumannii,India,Western,,,,2023-06-13,human,cefepime,,,,reported AST,UNSPECIFIED_REPORTED,,R,measured_public,unknown,unknown,
SAMN48952942,PRJNA1273658,S data 1!row44;published_id=ABBN48,Acinetobacter baumannii,India,Western,,,,2023-06-13,human,ceftazidime,,,,reported AST,UNSPECIFIED_REPORTED,,R,measured_public,unknown,unknown,
SAMN48952942,PRJNA1273658,S data 1!row44;published_id=ABBN48,Acinetobacter baumannii,India,Western,,,,2023-06-13,human,ciprofloxacin,,,,reported AST,UNSPECIFIED_REPORTED,,R,measured_public,unknown,unknown,
SAMN48952942,PRJNA1273658,S data 1!row44;published_id=ABBN48,Acinetobacter baumannii,India,Western,,,,2023-06-13,human,gentamicin,,,,reported AST,UNSPECIFIED_REPORTED,,R,measured_public,unknown,unknown,
SAMN48952942,PRJNA1273658,S data 1!row44;published_id=ABBN48,Acinetobacter baumannii,India,Western,,,,2023-06-13,human,amikacin,,,,reported AST,UNSPECIFIED_REPORTED,,R,measured_public,unknown,unknown,
SAMN48952942,PRJNA1273658,S data 1!row44;published_id=ABBN48,Acinetobacter baumannii,India,Western,,,,2023-06-13,human,colistin,,,,reported AST,UNSPECIFIED_REPORTED,,S,measured_public,unknown,unknown,
SAMN48952943,PRJNA1273658,S data 1!row45;published_id=ABBN49,Acinetobacter baumannii,India,Western,,,,2023-06-10,human,meropenem,,,,reported AST,UNSPECIFIED_REPORTED,,R,measured_public,unknown,unknown,
SAMN48952943,PRJNA1273658,S data 1!row45;published_id=ABBN49,Acinetobacter baumannii,India,Western,,,,2023-06-10,human,imipenem,,,,reported AST,UNSPECIFIED_REPORTED,,R,measured_public,unknown,unknown,
SAMN48952943,PRJNA1273658,S data 1!row45;published_id=ABBN49,Acinetobacter baumannii,India,Western,,,,2023-06-10,human,cefepime,,,,reported AST,UNSPECIFIED_REPORTED,,R,measured_public,unknown,unknown,
SAMN48952943,PRJNA1273658,S data 1!row45;published_id=ABBN49,Acinetobacter baumannii,India,Western,,,,2023-06-10,human,ceftazidime,,,,reported AST,UNSPECIFIED_REPORTED,,R,measured_public,unknown,unknown,
SAMN48952943,PRJNA1273658,S data 1!row45;published_id=ABBN49,Acinetobacter baumannii,India,Western,,,,2023-06-10,human,ciprofloxacin,,,,reported AST,UNSPECIFIED_REPORTED,,R,measured_public,unknown,unknown,
SAMN48952943,PRJNA1273658,S data 1!row45;published_id=ABBN49,Acinetobacter baumannii,India,Western,,,,2023-06-10,human,gentamicin,,,,reported AST,UNSPECIFIED_REPORTED,,R,measured_public,unknown,unknown,
SAMN48952943,PRJNA1273658,S data 1!row45;published_id=ABBN49,Acinetobacter baumannii,India,Western,,,,2023-06-10,human,amikacin,,,,reported AST,UNSPECIFIED_REPORTED,,R,measured_public,unknown,unknown,
SAMN48952943,PRJNA1273658,S data 1!row45;published_id=ABBN49,Acinetobacter baumannii,India,Western,,,,2023-06-10,human,colistin,,,,reported AST,UNSPECIFIED_REPORTED,,S,measured_public,unknown,unknown,
SAMN48952944,PRJNA1273658,S data 1!row46;published_id=ABEN183,Acinetobacter baumannii,India,Western,,,,2024-06-27,human,meropenem,,,,reported AST,UNSPECIFIED_REPORTED,,R,measured_public,unknown,unknown,
SAMN48952944,PRJNA1273658,S data 1!row46;published_id=ABEN183,Acinetobacter baumannii,India,Western,,,,2024-06-27,human,imipenem,,,,reported AST,UNSPECIFIED_REPORTED,,R,measured_public,unknown,unknown,
SAMN48952944,PRJNA1273658,S data 1!row46;published_id=ABEN183,Acinetobacter baumannii,India,Western,,,,2024-06-27,human,cefepime,,,,reported AST,UNSPECIFIED_REPORTED,,R,measured_public,unknown,unknown,
SAMN48952944,PRJNA1273658,S data 1!row46;published_id=ABEN183,Acinetobacter baumannii,India,Western,,,,2024-06-27,human,ceftazidime,,,,reported AST,UNSPECIFIED_REPORTED,,R,measured_public,unknown,unknown,
SAMN48952944,PRJNA1273658,S data 1!row46;published_id=ABEN183,Acinetobacter baumannii,India,Western,,,,2024-06-27,human,ciprofloxacin,,,,reported AST,UNSPECIFIED_REPORTED,,R,measured_public,unknown,unknown,
SAMN48952944,PRJNA1273658,S data 1!row46;published_id=ABEN183,Acinetobacter baumannii,India,Western,,,,2024-06-27,human,gentamicin,,,,reported AST,UNSPECIFIED_REPORTED,,R,measured_public,unknown,unknown,
SAMN48952944,PRJNA1273658,S data 1!row46;published_id=ABEN183,Acinetobacter baumannii,India,Western,,,,2024-06-27,human,amikacin,,,,reported AST,UNSPECIFIED_REPORTED,,R,measured_public,unknown,unknown,
SAMN48952944,PRJNA1273658,S data 1!row46;published_id=ABEN183,Acinetobacter baumannii,India,Western,,,,2024-06-27,human,colistin,,,,reported AST,UNSPECIFIED_REPORTED,,S,measured_public,unknown,unknown,
SAMN48952945,PRJNA1273658,S data 1!row47;published_id=ABN1,Acinetobacter baumannii,India,Western,,,,2022-07-28,human,meropenem,,,,reported AST,UNSPECIFIED_REPORTED,,R,measured_public,unknown,unknown,
SAMN48952945,PRJNA1273658,S data 1!row47;published_id=ABN1,Acinetobacter baumannii,India,Western,,,,2022-07-28,human,imipenem,,,,reported AST,UNSPECIFIED_REPORTED,,R,measured_public,unknown,unknown,
SAMN48952945,PRJNA1273658,S data 1!row47;published_id=ABN1,Acinetobacter baumannii,India,Western,,,,2022-07-28,human,cefepime,,,,reported AST,UNSPECIFIED_REPORTED,,R,measured_public,unknown,unknown,
SAMN48952945,PRJNA1273658,S data 1!row47;published_id=ABN1,Acinetobacter baumannii,India,Western,,,,2022-07-28,human,ceftazidime,,,,reported AST,UNSPECIFIED_REPORTED,,R,measured_public,unknown,unknown,
SAMN48952945,PRJNA1273658,S data 1!row47;published_id=ABN1,Acinetobacter baumannii,India,Western,,,,2022-07-28,human,ciprofloxacin,,,,reported AST,UNSPECIFIED_REPORTED,,R,measured_public,unknown,unknown,
SAMN48952945,PRJNA1273658,S data 1!row47;published_id=ABN1,Acinetobacter baumannii,India,Western,,,,2022-07-28,human,gentamicin,,,,reported AST,UNSPECIFIED_REPORTED,,R,measured_public,unknown,unknown,
SAMN48952945,PRJNA1273658,S data 1!row47;published_id=ABN1,Acinetobacter baumannii,India,Western,,,,2022-07-28,human,amikacin,,,,reported AST,UNSPECIFIED_REPORTED,,R,measured_public,unknown,unknown,
SAMN48952945,PRJNA1273658,S data 1!row47;published_id=ABN1,Acinetobacter baumannii,India,Western,,,,2022-07-28,human,colistin,,,,reported AST,UNSPECIFIED_REPORTED,,S,measured_public,unknown,unknown,
SAMN48952946,PRJNA1273658,S data 1!row48;published_id=ABN28,Acinetobacter baumannii,India,Western,,,,2022-08-19,human,meropenem,,,,reported AST,UNSPECIFIED_REPORTED,,R,measured_public,unknown,unknown,
SAMN48952946,PRJNA1273658,S data 1!row48;published_id=ABN28,Acinetobacter baumannii,India,Western,,,,2022-08-19,human,imipenem,,,,reported AST,UNSPECIFIED_REPORTED,,R,measured_public,unknown,unknown,
SAMN48952946,PRJNA1273658,S data 1!row48;published_id=ABN28,Acinetobacter baumannii,India,Western,,,,2022-08-19,human,cefepime,,,,reported AST,UNSPECIFIED_REPORTED,,R,measured_public,unknown,unknown,
SAMN48952946,PRJNA1273658,S data 1!row48;published_id=ABN28,Acinetobacter baumannii,India,Western,,,,2022-08-19,human,ceftazidime,,,,reported AST,UNSPECIFIED_REPORTED,,R,measured_public,unknown,unknown,
SAMN48952946,PRJNA1273658,S data 1!row48;published_id=ABN28,Acinetobacter baumannii,India,Western,,,,2022-08-19,human,ciprofloxacin,,,,reported AST,UNSPECIFIED_REPORTED,,R,measured_public,unknown,unknown,
SAMN48952946,PRJNA1273658,S data 1!row48;published_id=ABN28,Acinetobacter baumannii,India,Western,,,,2022-08-19,human,gentamicin,,,,reported AST,UNSPECIFIED_REPORTED,,R,measured_public,unknown,unknown,
SAMN48952946,PRJNA1273658,S data 1!row48;published_id=ABN28,Acinetobacter baumannii,India,Western,,,,2022-08-19,human,amikacin,,,,reported AST,UNSPECIFIED_REPORTED,,R,measured_public,unknown,unknown,
SAMN48952946,PRJNA1273658,S data 1!row48;published_id=ABN28,Acinetobacter baumannii,India,Western,,,,2022-08-19,human,colistin,,,,reported AST,UNSPECIFIED_REPORTED,,S,measured_public,unknown,unknown,
SAMN48952947,PRJNA1273658,S data 1!row49;published_id=BC135,Burkholderia cepacia,India,Northern,,,,2024-02-02,human,meropenem,,,,reported AST,UNSPECIFIED_REPORTED,,S,measured_public,unknown,unknown,
SAMN48952947,PRJNA1273658,S data 1!row49;published_id=BC135,Burkholderia cepacia,India,Northern,,,,2024-02-02,human,imipenem,,,,reported AST,UNSPECIFIED_REPORTED,,,measured_public,unknown,unknown,
SAMN48952947,PRJNA1273658,S data 1!row49;published_id=BC135,Burkholderia cepacia,India,Northern,,,,2024-02-02,human,cefepime,,,,reported AST,UNSPECIFIED_REPORTED,,,measured_public,unknown,unknown,
SAMN48952947,PRJNA1273658,S data 1!row49;published_id=BC135,Burkholderia cepacia,India,Northern,,,,2024-02-02,human,ceftazidime,,,,reported AST,UNSPECIFIED_REPORTED,,S,measured_public,unknown,unknown,
SAMN48952947,PRJNA1273658,S data 1!row49;published_id=BC135,Burkholderia cepacia,India,Northern,,,,2024-02-02,human,ciprofloxacin,,,,reported AST,UNSPECIFIED_REPORTED,,,measured_public,unknown,unknown,
SAMN48952947,PRJNA1273658,S data 1!row49;published_id=BC135,Burkholderia cepacia,India,Northern,,,,2024-02-02,human,gentamicin,,,,reported AST,UNSPECIFIED_REPORTED,,,measured_public,unknown,unknown,
SAMN48952947,PRJNA1273658,S data 1!row49;published_id=BC135,Burkholderia cepacia,India,Northern,,,,2024-02-02,human,amikacin,,,,reported AST,UNSPECIFIED_REPORTED,,,measured_public,unknown,unknown,
SAMN48952947,PRJNA1273658,S data 1!row49;published_id=BC135,Burkholderia cepacia,India,Northern,,,,2024-02-02,human,colistin,,,,reported AST,UNSPECIFIED_REPORTED,,,measured_public,unknown,unknown,
SAMN48952948,PRJNA1273658,S data 1!row50;published_id=BC136,Burkholderia cepacia,India,Northern,,,,2024-02-01,human,meropenem,,,,reported AST,UNSPECIFIED_REPORTED,,S,measured_public,unknown,unknown,
SAMN48952948,PRJNA1273658,S data 1!row50;published_id=BC136,Burkholderia cepacia,India,Northern,,,,2024-02-01,human,imipenem,,,,reported AST,UNSPECIFIED_REPORTED,,,measured_public,unknown,unknown,
SAMN48952948,PRJNA1273658,S data 1!row50;published_id=BC136,Burkholderia cepacia,India,Northern,,,,2024-02-01,human,cefepime,,,,reported AST,UNSPECIFIED_REPORTED,,,measured_public,unknown,unknown,
SAMN48952948,PRJNA1273658,S data 1!row50;published_id=BC136,Burkholderia cepacia,India,Northern,,,,2024-02-01,human,ceftazidime,,,,reported AST,UNSPECIFIED_REPORTED,,R,measured_public,unknown,unknown,
SAMN48952948,PRJNA1273658,S data 1!row50;published_id=BC136,Burkholderia cepacia,India,Northern,,,,2024-02-01,human,ciprofloxacin,,,,reported AST,UNSPECIFIED_REPORTED,,,measured_public,unknown,unknown,
SAMN48952948,PRJNA1273658,S data 1!row50;published_id=BC136,Burkholderia cepacia,India,Northern,,,,2024-02-01,human,gentamicin,,,,reported AST,UNSPECIFIED_REPORTED,,,measured_public,unknown,unknown,
SAMN48952948,PRJNA1273658,S data 1!row50;published_id=BC136,Burkholderia cepacia,India,Northern,,,,2024-02-01,human,amikacin,,,,reported AST,UNSPECIFIED_REPORTED,,,measured_public,unknown,unknown,
SAMN48952948,PRJNA1273658,S data 1!row50;published_id=BC136,Burkholderia cepacia,India,Northern,,,,2024-02-01,human,colistin,,,,reported AST,UNSPECIFIED_REPORTED,,,measured_public,unknown,unknown,
SAMN48952949,PRJNA1273658,S data 1!row51;published_id=BC137,Burkholderia cepacia,India,Northern,,,,2024-01-29,human,meropenem,,,,reported AST,UNSPECIFIED_REPORTED,,S,measured_public,unknown,unknown,
SAMN48952949,PRJNA1273658,S data 1!row51;published_id=BC137,Burkholderia cepacia,India,Northern,,,,2024-01-29,human,imipenem,,,,reported AST,UNSPECIFIED_REPORTED,,,measured_public,unknown,unknown,
SAMN48952949,PRJNA1273658,S data 1!row51;published_id=BC137,Burkholderia cepacia,India,Northern,,,,2024-01-29,human,cefepime,,,,reported AST,UNSPECIFIED_REPORTED,,,measured_public,unknown,unknown,
SAMN48952949,PRJNA1273658,S data 1!row51;published_id=BC137,Burkholderia cepacia,India,Northern,,,,2024-01-29,human,ceftazidime,,,,reported AST,UNSPECIFIED_REPORTED,,S,measured_public,unknown,unknown,
SAMN48952949,PRJNA1273658,S data 1!row51;published_id=BC137,Burkholderia cepacia,India,Northern,,,,2024-01-29,human,ciprofloxacin,,,,reported AST,UNSPECIFIED_REPORTED,,,measured_public,unknown,unknown,
SAMN48952949,PRJNA1273658,S data 1!row51;published_id=BC137,Burkholderia cepacia,India,Northern,,,,2024-01-29,human,gentamicin,,,,reported AST,UNSPECIFIED_REPORTED,,,measured_public,unknown,unknown,
SAMN48952949,PRJNA1273658,S data 1!row51;published_id=BC137,Burkholderia cepacia,India,Northern,,,,2024-01-29,human,amikacin,,,,reported AST,UNSPECIFIED_REPORTED,,,measured_public,unknown,unknown,
SAMN48952949,PRJNA1273658,S data 1!row51;published_id=BC137,Burkholderia cepacia,India,Northern,,,,2024-01-29,human,colistin,,,,reported AST,UNSPECIFIED_REPORTED,,,measured_public,unknown,unknown,
SAMN48952950,PRJNA1273658,S data 1!row52;published_id=BC138,Burkholderia cepacia,India,Northern,,,,2024-02-06,human,meropenem,,,,reported AST,UNSPECIFIED_REPORTED,,R,measured_public,unknown,unknown,
SAMN48952950,PRJNA1273658,S data 1!row52;published_id=BC138,Burkholderia cepacia,India,Northern,,,,2024-02-06,human,imipenem,,,,reported AST,UNSPECIFIED_REPORTED,,,measured_public,unknown,unknown,
SAMN48952950,PRJNA1273658,S data 1!row52;published_id=BC138,Burkholderia cepacia,India,Northern,,,,2024-02-06,human,cefepime,,,,reported AST,UNSPECIFIED_REPORTED,,,measured_public,unknown,unknown,
SAMN48952950,PRJNA1273658,S data 1!row52;published_id=BC138,Burkholderia cepacia,India,Northern,,,,2024-02-06,human,ceftazidime,,,,reported AST,UNSPECIFIED_REPORTED,,R,measured_public,unknown,unknown,
SAMN48952950,PRJNA1273658,S data 1!row52;published_id=BC138,Burkholderia cepacia,India,Northern,,,,2024-02-06,human,ciprofloxacin,,,,reported AST,UNSPECIFIED_REPORTED,,,measured_public,unknown,unknown,
SAMN48952950,PRJNA1273658,S data 1!row52;published_id=BC138,Burkholderia cepacia,India,Northern,,,,2024-02-06,human,gentamicin,,,,reported AST,UNSPECIFIED_REPORTED,,,measured_public,unknown,unknown,
SAMN48952950,PRJNA1273658,S data 1!row52;published_id=BC138,Burkholderia cepacia,India,Northern,,,,2024-02-06,human,amikacin,,,,reported AST,UNSPECIFIED_REPORTED,,,measured_public,unknown,unknown,
SAMN48952950,PRJNA1273658,S data 1!row52;published_id=BC138,Burkholderia cepacia,India,Northern,,,,2024-02-06,human,colistin,,,,reported AST,UNSPECIFIED_REPORTED,,,measured_public,unknown,unknown,
SAMN48952951,PRJNA1273658,S data 1!row53;published_id=EBC139,Enterobacter cloacae,India,Northern,,,,2024-02-03,human,meropenem,,,,reported AST,UNSPECIFIED_REPORTED,,R,measured_public,unknown,unknown,
SAMN48952951,PRJNA1273658,S data 1!row53;published_id=EBC139,Enterobacter cloacae,India,Northern,,,,2024-02-03,human,imipenem,,,,reported AST,UNSPECIFIED_REPORTED,,,measured_public,unknown,unknown,
SAMN48952951,PRJNA1273658,S data 1!row53;published_id=EBC139,Enterobacter cloacae,India,Northern,,,,2024-02-03,human,cefepime,,,,reported AST,UNSPECIFIED_REPORTED,,R,measured_public,unknown,unknown,
SAMN48952951,PRJNA1273658,S data 1!row53;published_id=EBC139,Enterobacter cloacae,India,Northern,,,,2024-02-03,human,ceftazidime,,,,reported AST,UNSPECIFIED_REPORTED,,,measured_public,unknown,unknown,
SAMN48952951,PRJNA1273658,S data 1!row53;published_id=EBC139,Enterobacter cloacae,India,Northern,,,,2024-02-03,human,ciprofloxacin,,,,reported AST,UNSPECIFIED_REPORTED,,R,measured_public,unknown,unknown,
SAMN48952951,PRJNA1273658,S data 1!row53;published_id=EBC139,Enterobacter cloacae,India,Northern,,,,2024-02-03,human,gentamicin,,,,reported AST,UNSPECIFIED_REPORTED,,R,measured_public,unknown,unknown,
SAMN48952951,PRJNA1273658,S data 1!row53;published_id=EBC139,Enterobacter cloacae,India,Northern,,,,2024-02-03,human,amikacin,,,,reported AST,UNSPECIFIED_REPORTED,,R,measured_public,unknown,unknown,
SAMN48952951,PRJNA1273658,S data 1!row53;published_id=EBC139,Enterobacter cloacae,India,Northern,,,,2024-02-03,human,colistin,,,,reported AST,UNSPECIFIED_REPORTED,,R,measured_public,unknown,unknown,
SAMN48952952,PRJNA1273658,S data 1!row54;published_id=EBC140,Enterobacter cloacae,India,Northern,,,,2024-02-01,human,meropenem,,,,reported AST,UNSPECIFIED_REPORTED,,R,measured_public,unknown,unknown,
SAMN48952952,PRJNA1273658,S data 1!row54;published_id=EBC140,Enterobacter cloacae,India,Northern,,,,2024-02-01,human,imipenem,,,,reported AST,UNSPECIFIED_REPORTED,,,measured_public,unknown,unknown,
SAMN48952952,PRJNA1273658,S data 1!row54;published_id=EBC140,Enterobacter cloacae,India,Northern,,,,2024-02-01,human,cefepime,,,,reported AST,UNSPECIFIED_REPORTED,,R,measured_public,unknown,unknown,
SAMN48952952,PRJNA1273658,S data 1!row54;published_id=EBC140,Enterobacter cloacae,India,Northern,,,,2024-02-01,human,ceftazidime,,,,reported AST,UNSPECIFIED_REPORTED,,R,measured_public,unknown,unknown,
SAMN48952952,PRJNA1273658,S data 1!row54;published_id=EBC140,Enterobacter cloacae,India,Northern,,,,2024-02-01,human,ciprofloxacin,,,,reported AST,UNSPECIFIED_REPORTED,,R,measured_public,unknown,unknown,
SAMN48952952,PRJNA1273658,S data 1!row54;published_id=EBC140,Enterobacter cloacae,India,Northern,,,,2024-02-01,human,gentamicin,,,,reported AST,UNSPECIFIED_REPORTED,,R,measured_public,unknown,unknown,
SAMN48952952,PRJNA1273658,S data 1!row54;published_id=EBC140,Enterobacter cloacae,India,Northern,,,,2024-02-01,human,amikacin,,,,reported AST,UNSPECIFIED_REPORTED,,R,measured_public,unknown,unknown,
SAMN48952952,PRJNA1273658,S data 1!row54;published_id=EBC140,Enterobacter cloacae,India,Northern,,,,2024-02-01,human,colistin,,,,reported AST,UNSPECIFIED_REPORTED,,R,measured_public,unknown,unknown,
SAMN48952953,PRJNA1273658,S data 1!row55;published_id=EC001,Escherichia coli,India,Northern,,,,2023-05-18,human,meropenem,,,,reported AST,UNSPECIFIED_REPORTED,,S,measured_public,unknown,unknown,
SAMN48952953,PRJNA1273658,S data 1!row55;published_id=EC001,Escherichia coli,India,Northern,,,,2023-05-18,human,imipenem,,,,reported AST,UNSPECIFIED_REPORTED,,S,measured_public,unknown,unknown,
SAMN48952953,PRJNA1273658,S data 1!row55;published_id=EC001,Escherichia coli,India,Northern,,,,2023-05-18,human,cefepime,,,,reported AST,UNSPECIFIED_REPORTED,,R,measured_public,unknown,unknown,
SAMN48952953,PRJNA1273658,S data 1!row55;published_id=EC001,Escherichia coli,India,Northern,,,,2023-05-18,human,ceftazidime,,,,reported AST,UNSPECIFIED_REPORTED,,R,measured_public,unknown,unknown,
SAMN48952953,PRJNA1273658,S data 1!row55;published_id=EC001,Escherichia coli,India,Northern,,,,2023-05-18,human,ciprofloxacin,,,,reported AST,UNSPECIFIED_REPORTED,,R,measured_public,unknown,unknown,
SAMN48952953,PRJNA1273658,S data 1!row55;published_id=EC001,Escherichia coli,India,Northern,,,,2023-05-18,human,gentamicin,,,,reported AST,UNSPECIFIED_REPORTED,,R,measured_public,unknown,unknown,
SAMN48952953,PRJNA1273658,S data 1!row55;published_id=EC001,Escherichia coli,India,Northern,,,,2023-05-18,human,amikacin,,,,reported AST,UNSPECIFIED_REPORTED,,R,measured_public,unknown,unknown,
SAMN48952953,PRJNA1273658,S data 1!row55;published_id=EC001,Escherichia coli,India,Northern,,,,2023-05-18,human,colistin,,,,reported AST,UNSPECIFIED_REPORTED,,I,measured_public,unknown,unknown,
SAMN48952954,PRJNA1273658,S data 1!row56;published_id=EC003,Escherichia coli,India,Northern,,,,2023-05-17,human,meropenem,,,,reported AST,UNSPECIFIED_REPORTED,,S,measured_public,unknown,unknown,
SAMN48952954,PRJNA1273658,S data 1!row56;published_id=EC003,Escherichia coli,India,Northern,,,,2023-05-17,human,imipenem,,,,reported AST,UNSPECIFIED_REPORTED,,S,measured_public,unknown,unknown,
SAMN48952954,PRJNA1273658,S data 1!row56;published_id=EC003,Escherichia coli,India,Northern,,,,2023-05-17,human,cefepime,,,,reported AST,UNSPECIFIED_REPORTED,,R,measured_public,unknown,unknown,
SAMN48952954,PRJNA1273658,S data 1!row56;published_id=EC003,Escherichia coli,India,Northern,,,,2023-05-17,human,ceftazidime,,,,reported AST,UNSPECIFIED_REPORTED,,R,measured_public,unknown,unknown,
SAMN48952954,PRJNA1273658,S data 1!row56;published_id=EC003,Escherichia coli,India,Northern,,,,2023-05-17,human,ciprofloxacin,,,,reported AST,UNSPECIFIED_REPORTED,,R,measured_public,unknown,unknown,
SAMN48952954,PRJNA1273658,S data 1!row56;published_id=EC003,Escherichia coli,India,Northern,,,,2023-05-17,human,gentamicin,,,,reported AST,UNSPECIFIED_REPORTED,,R,measured_public,unknown,unknown,
SAMN48952954,PRJNA1273658,S data 1!row56;published_id=EC003,Escherichia coli,India,Northern,,,,2023-05-17,human,amikacin,,,,reported AST,UNSPECIFIED_REPORTED,,S,measured_public,unknown,unknown,
SAMN48952954,PRJNA1273658,S data 1!row56;published_id=EC003,Escherichia coli,India,Northern,,,,2023-05-17,human,colistin,,,,reported AST,UNSPECIFIED_REPORTED,,I,measured_public,unknown,unknown,
SAMN48952955,PRJNA1273658,S data 1!row57;published_id=EC004,Escherichia coli,India,Northern,,,,2023-05-16,human,meropenem,,,,reported AST,UNSPECIFIED_REPORTED,,S,measured_public,unknown,unknown,
SAMN48952955,PRJNA1273658,S data 1!row57;published_id=EC004,Escherichia coli,India,Northern,,,,2023-05-16,human,imipenem,,,,reported AST,UNSPECIFIED_REPORTED,,,measured_public,unknown,unknown,
SAMN48952955,PRJNA1273658,S data 1!row57;published_id=EC004,Escherichia coli,India,Northern,,,,2023-05-16,human,cefepime,,,,reported AST,UNSPECIFIED_REPORTED,,R,measured_public,unknown,unknown,
SAMN48952955,PRJNA1273658,S data 1!row57;published_id=EC004,Escherichia coli,India,Northern,,,,2023-05-16,human,ceftazidime,,,,reported AST,UNSPECIFIED_REPORTED,,R,measured_public,unknown,unknown,
SAMN48952955,PRJNA1273658,S data 1!row57;published_id=EC004,Escherichia coli,India,Northern,,,,2023-05-16,human,ciprofloxacin,,,,reported AST,UNSPECIFIED_REPORTED,,I,measured_public,unknown,unknown,
SAMN48952955,PRJNA1273658,S data 1!row57;published_id=EC004,Escherichia coli,India,Northern,,,,2023-05-16,human,gentamicin,,,,reported AST,UNSPECIFIED_REPORTED,,S,measured_public,unknown,unknown,
SAMN48952955,PRJNA1273658,S data 1!row57;published_id=EC004,Escherichia coli,India,Northern,,,,2023-05-16,human,amikacin,,,,reported AST,UNSPECIFIED_REPORTED,,S,measured_public,unknown,unknown,
SAMN48952955,PRJNA1273658,S data 1!row57;published_id=EC004,Escherichia coli,India,Northern,,,,2023-05-16,human,colistin,,,,reported AST,UNSPECIFIED_REPORTED,,I,measured_public,unknown,unknown,
SAMN48952956,PRJNA1273658,S data 1!row58;published_id=EC010,Escherichia coli,India,Northern,,,,2023-05-18,human,meropenem,,,,reported AST,UNSPECIFIED_REPORTED,,S,measured_public,unknown,unknown,
SAMN48952956,PRJNA1273658,S data 1!row58;published_id=EC010,Escherichia coli,India,Northern,,,,2023-05-18,human,imipenem,,,,reported AST,UNSPECIFIED_REPORTED,,S,measured_public,unknown,unknown,
SAMN48952956,PRJNA1273658,S data 1!row58;published_id=EC010,Escherichia coli,India,Northern,,,,2023-05-18,human,cefepime,,,,reported AST,UNSPECIFIED_REPORTED,,SDD,measured_public,unknown,unknown,
SAMN48952956,PRJNA1273658,S data 1!row58;published_id=EC010,Escherichia coli,India,Northern,,,,2023-05-18,human,ceftazidime,,,,reported AST,UNSPECIFIED_REPORTED,,R,measured_public,unknown,unknown,
SAMN48952956,PRJNA1273658,S data 1!row58;published_id=EC010,Escherichia coli,India,Northern,,,,2023-05-18,human,ciprofloxacin,,,,reported AST,UNSPECIFIED_REPORTED,,R,measured_public,unknown,unknown,
SAMN48952956,PRJNA1273658,S data 1!row58;published_id=EC010,Escherichia coli,India,Northern,,,,2023-05-18,human,gentamicin,,,,reported AST,UNSPECIFIED_REPORTED,,S,measured_public,unknown,unknown,
SAMN48952956,PRJNA1273658,S data 1!row58;published_id=EC010,Escherichia coli,India,Northern,,,,2023-05-18,human,amikacin,,,,reported AST,UNSPECIFIED_REPORTED,,S,measured_public,unknown,unknown,
SAMN48952956,PRJNA1273658,S data 1!row58;published_id=EC010,Escherichia coli,India,Northern,,,,2023-05-18,human,colistin,,,,reported AST,UNSPECIFIED_REPORTED,,I,measured_public,unknown,unknown,
SAMN48952957,PRJNA1273658,S data 1!row59;published_id=EC020,Escherichia coli,India,Northern,,,,2023-05-16,human,meropenem,,,,reported AST,UNSPECIFIED_REPORTED,,S,measured_public,unknown,unknown,
SAMN48952957,PRJNA1273658,S data 1!row59;published_id=EC020,Escherichia coli,India,Northern,,,,2023-05-16,human,imipenem,,,,reported AST,UNSPECIFIED_REPORTED,,S,measured_public,unknown,unknown,
SAMN48952957,PRJNA1273658,S data 1!row59;published_id=EC020,Escherichia coli,India,Northern,,,,2023-05-16,human,cefepime,,,,reported AST,UNSPECIFIED_REPORTED,,SDD,measured_public,unknown,unknown,
SAMN48952957,PRJNA1273658,S data 1!row59;published_id=EC020,Escherichia coli,India,Northern,,,,2023-05-16,human,ceftazidime,,,,reported AST,UNSPECIFIED_REPORTED,,R,measured_public,unknown,unknown,
SAMN48952957,PRJNA1273658,S data 1!row59;published_id=EC020,Escherichia coli,India,Northern,,,,2023-05-16,human,ciprofloxacin,,,,reported AST,UNSPECIFIED_REPORTED,,R,measured_public,unknown,unknown,
SAMN48952957,PRJNA1273658,S data 1!row59;published_id=EC020,Escherichia coli,India,Northern,,,,2023-05-16,human,gentamicin,,,,reported AST,UNSPECIFIED_REPORTED,,S,measured_public,unknown,unknown,
SAMN48952957,PRJNA1273658,S data 1!row59;published_id=EC020,Escherichia coli,India,Northern,,,,2023-05-16,human,amikacin,,,,reported AST,UNSPECIFIED_REPORTED,,S,measured_public,unknown,unknown,
SAMN48952957,PRJNA1273658,S data 1!row59;published_id=EC020,Escherichia coli,India,Northern,,,,2023-05-16,human,colistin,,,,reported AST,UNSPECIFIED_REPORTED,,I,measured_public,unknown,unknown,
SAMN48952958,PRJNA1273658,S data 1!row60;published_id=EC031,Escherichia coli,India,Northern,,,,2023-06-03,human,meropenem,,,,reported AST,UNSPECIFIED_REPORTED,,R,measured_public,unknown,unknown,
SAMN48952958,PRJNA1273658,S data 1!row60;published_id=EC031,Escherichia coli,India,Northern,,,,2023-06-03,human,imipenem,,,,reported AST,UNSPECIFIED_REPORTED,,R,measured_public,unknown,unknown,
SAMN48952958,PRJNA1273658,S data 1!row60;published_id=EC031,Escherichia coli,India,Northern,,,,2023-06-03,human,cefepime,,,,reported AST,UNSPECIFIED_REPORTED,,R,measured_public,unknown,unknown,
SAMN48952958,PRJNA1273658,S data 1!row60;published_id=EC031,Escherichia coli,India,Northern,,,,2023-06-03,human,ceftazidime,,,,reported AST,UNSPECIFIED_REPORTED,,R,measured_public,unknown,unknown,
SAMN48952958,PRJNA1273658,S data 1!row60;published_id=EC031,Escherichia coli,India,Northern,,,,2023-06-03,human,ciprofloxacin,,,,reported AST,UNSPECIFIED_REPORTED,,R,measured_public,unknown,unknown,
SAMN48952958,PRJNA1273658,S data 1!row60;published_id=EC031,Escherichia coli,India,Northern,,,,2023-06-03,human,gentamicin,,,,reported AST,UNSPECIFIED_REPORTED,,S,measured_public,unknown,unknown,
SAMN48952958,PRJNA1273658,S data 1!row60;published_id=EC031,Escherichia coli,India,Northern,,,,2023-06-03,human,amikacin,,,,reported AST,UNSPECIFIED_REPORTED,,S,measured_public,unknown,unknown,
SAMN48952958,PRJNA1273658,S data 1!row60;published_id=EC031,Escherichia coli,India,Northern,,,,2023-06-03,human,colistin,,,,reported AST,UNSPECIFIED_REPORTED,,I,measured_public,unknown,unknown,
SAMN48952959,PRJNA1273658,S data 1!row61;published_id=EC040,Escherichia coli,India,Northern,,,,2023-06-12,human,meropenem,,,,reported AST,UNSPECIFIED_REPORTED,,R,measured_public,unknown,unknown,
SAMN48952959,PRJNA1273658,S data 1!row61;published_id=EC040,Escherichia coli,India,Northern,,,,2023-06-12,human,imipenem,,,,reported AST,UNSPECIFIED_REPORTED,,R,measured_public,unknown,unknown,
SAMN48952959,PRJNA1273658,S data 1!row61;published_id=EC040,Escherichia coli,India,Northern,,,,2023-06-12,human,cefepime,,,,reported AST,UNSPECIFIED_REPORTED,,R,measured_public,unknown,unknown,
SAMN48952959,PRJNA1273658,S data 1!row61;published_id=EC040,Escherichia coli,India,Northern,,,,2023-06-12,human,ceftazidime,,,,reported AST,UNSPECIFIED_REPORTED,,R,measured_public,unknown,unknown,
SAMN48952959,PRJNA1273658,S data 1!row61;published_id=EC040,Escherichia coli,India,Northern,,,,2023-06-12,human,ciprofloxacin,,,,reported AST,UNSPECIFIED_REPORTED,,R,measured_public,unknown,unknown,
SAMN48952959,PRJNA1273658,S data 1!row61;published_id=EC040,Escherichia coli,India,Northern,,,,2023-06-12,human,gentamicin,,,,reported AST,UNSPECIFIED_REPORTED,,R,measured_public,unknown,unknown,
SAMN48952959,PRJNA1273658,S data 1!row61;published_id=EC040,Escherichia coli,India,Northern,,,,2023-06-12,human,amikacin,,,,reported AST,UNSPECIFIED_REPORTED,,R,measured_public,unknown,unknown,
SAMN48952959,PRJNA1273658,S data 1!row61;published_id=EC040,Escherichia coli,India,Northern,,,,2023-06-12,human,colistin,,,,reported AST,UNSPECIFIED_REPORTED,,I,measured_public,unknown,unknown,
SAMN48952960,PRJNA1273658,S data 1!row62;published_id=EC063,Escherichia coli,India,Northern,,,,2023-10-06,human,meropenem,,,,reported AST,UNSPECIFIED_REPORTED,,R,measured_public,unknown,unknown,
SAMN48952960,PRJNA1273658,S data 1!row62;published_id=EC063,Escherichia coli,India,Northern,,,,2023-10-06,human,imipenem,,,,reported AST,UNSPECIFIED_REPORTED,,R,measured_public,unknown,unknown,
SAMN48952960,PRJNA1273658,S data 1!row62;published_id=EC063,Escherichia coli,India,Northern,,,,2023-10-06,human,cefepime,,,,reported AST,UNSPECIFIED_REPORTED,,R,measured_public,unknown,unknown,
SAMN48952960,PRJNA1273658,S data 1!row62;published_id=EC063,Escherichia coli,India,Northern,,,,2023-10-06,human,ceftazidime,,,,reported AST,UNSPECIFIED_REPORTED,,R,measured_public,unknown,unknown,
SAMN48952960,PRJNA1273658,S data 1!row62;published_id=EC063,Escherichia coli,India,Northern,,,,2023-10-06,human,ciprofloxacin,,,,reported AST,UNSPECIFIED_REPORTED,,R,measured_public,unknown,unknown,
SAMN48952960,PRJNA1273658,S data 1!row62;published_id=EC063,Escherichia coli,India,Northern,,,,2023-10-06,human,gentamicin,,,,reported AST,UNSPECIFIED_REPORTED,,S,measured_public,unknown,unknown,
SAMN48952960,PRJNA1273658,S data 1!row62;published_id=EC063,Escherichia coli,India,Northern,,,,2023-10-06,human,amikacin,,,,reported AST,UNSPECIFIED_REPORTED,,S,measured_public,unknown,unknown,
SAMN48952960,PRJNA1273658,S data 1!row62;published_id=EC063,Escherichia coli,India,Northern,,,,2023-10-06,human,colistin,,,,reported AST,UNSPECIFIED_REPORTED,,I,measured_public,unknown,unknown,
SAMN48952961,PRJNA1273658,S data 1!row63;published_id=EC070,Escherichia coli,India,Northern,,,,2023-08-29,human,meropenem,,,,reported AST,UNSPECIFIED_REPORTED,,R,measured_public,unknown,unknown,
SAMN48952961,PRJNA1273658,S data 1!row63;published_id=EC070,Escherichia coli,India,Northern,,,,2023-08-29,human,imipenem,,,,reported AST,UNSPECIFIED_REPORTED,,R,measured_public,unknown,unknown,
SAMN48952961,PRJNA1273658,S data 1!row63;published_id=EC070,Escherichia coli,India,Northern,,,,2023-08-29,human,cefepime,,,,reported AST,UNSPECIFIED_REPORTED,,R,measured_public,unknown,unknown,
SAMN48952961,PRJNA1273658,S data 1!row63;published_id=EC070,Escherichia coli,India,Northern,,,,2023-08-29,human,ceftazidime,,,,reported AST,UNSPECIFIED_REPORTED,,R,measured_public,unknown,unknown,
SAMN48952961,PRJNA1273658,S data 1!row63;published_id=EC070,Escherichia coli,India,Northern,,,,2023-08-29,human,ciprofloxacin,,,,reported AST,UNSPECIFIED_REPORTED,,R,measured_public,unknown,unknown,
SAMN48952961,PRJNA1273658,S data 1!row63;published_id=EC070,Escherichia coli,India,Northern,,,,2023-08-29,human,gentamicin,,,,reported AST,UNSPECIFIED_REPORTED,,S,measured_public,unknown,unknown,
SAMN48952961,PRJNA1273658,S data 1!row63;published_id=EC070,Escherichia coli,India,Northern,,,,2023-08-29,human,amikacin,,,,reported AST,UNSPECIFIED_REPORTED,,S,measured_public,unknown,unknown,
SAMN48952961,PRJNA1273658,S data 1!row63;published_id=EC070,Escherichia coli,India,Northern,,,,2023-08-29,human,colistin,,,,reported AST,UNSPECIFIED_REPORTED,,I,measured_public,unknown,unknown,
SAMN48952962,PRJNA1273658,S data 1!row64;published_id=EC071,Escherichia coli,India,Northern,,,,2023-07-26,human,meropenem,,,,reported AST,UNSPECIFIED_REPORTED,,R,measured_public,unknown,unknown,
SAMN48952962,PRJNA1273658,S data 1!row64;published_id=EC071,Escherichia coli,India,Northern,,,,2023-07-26,human,imipenem,,,,reported AST,UNSPECIFIED_REPORTED,,R,measured_public,unknown,unknown,
SAMN48952962,PRJNA1273658,S data 1!row64;published_id=EC071,Escherichia coli,India,Northern,,,,2023-07-26,human,cefepime,,,,reported AST,UNSPECIFIED_REPORTED,,R,measured_public,unknown,unknown,
SAMN48952962,PRJNA1273658,S data 1!row64;published_id=EC071,Escherichia coli,India,Northern,,,,2023-07-26,human,ceftazidime,,,,reported AST,UNSPECIFIED_REPORTED,,R,measured_public,unknown,unknown,
SAMN48952962,PRJNA1273658,S data 1!row64;published_id=EC071,Escherichia coli,India,Northern,,,,2023-07-26,human,ciprofloxacin,,,,reported AST,UNSPECIFIED_REPORTED,,R,measured_public,unknown,unknown,
SAMN48952962,PRJNA1273658,S data 1!row64;published_id=EC071,Escherichia coli,India,Northern,,,,2023-07-26,human,gentamicin,,,,reported AST,UNSPECIFIED_REPORTED,,S,measured_public,unknown,unknown,
SAMN48952962,PRJNA1273658,S data 1!row64;published_id=EC071,Escherichia coli,India,Northern,,,,2023-07-26,human,amikacin,,,,reported AST,UNSPECIFIED_REPORTED,,S,measured_public,unknown,unknown,
SAMN48952962,PRJNA1273658,S data 1!row64;published_id=EC071,Escherichia coli,India,Northern,,,,2023-07-26,human,colistin,,,,reported AST,UNSPECIFIED_REPORTED,,I,measured_public,unknown,unknown,
SAMN48952963,PRJNA1273658,S data 1!row65;published_id=EC075,Escherichia coli,India,Northern,,,,2023-10-19,human,meropenem,,,,reported AST,UNSPECIFIED_REPORTED,,R,measured_public,unknown,unknown,
SAMN48952963,PRJNA1273658,S data 1!row65;published_id=EC075,Escherichia coli,India,Northern,,,,2023-10-19,human,imipenem,,,,reported AST,UNSPECIFIED_REPORTED,,R,measured_public,unknown,unknown,
SAMN48952963,PRJNA1273658,S data 1!row65;published_id=EC075,Escherichia coli,India,Northern,,,,2023-10-19,human,cefepime,,,,reported AST,UNSPECIFIED_REPORTED,,R,measured_public,unknown,unknown,
SAMN48952963,PRJNA1273658,S data 1!row65;published_id=EC075,Escherichia coli,India,Northern,,,,2023-10-19,human,ceftazidime,,,,reported AST,UNSPECIFIED_REPORTED,,R,measured_public,unknown,unknown,
SAMN48952963,PRJNA1273658,S data 1!row65;published_id=EC075,Escherichia coli,India,Northern,,,,2023-10-19,human,ciprofloxacin,,,,reported AST,UNSPECIFIED_REPORTED,,R,measured_public,unknown,unknown,
SAMN48952963,PRJNA1273658,S data 1!row65;published_id=EC075,Escherichia coli,India,Northern,,,,2023-10-19,human,gentamicin,,,,reported AST,UNSPECIFIED_REPORTED,,S,measured_public,unknown,unknown,
SAMN48952963,PRJNA1273658,S data 1!row65;published_id=EC075,Escherichia coli,India,Northern,,,,2023-10-19,human,amikacin,,,,reported AST,UNSPECIFIED_REPORTED,,S,measured_public,unknown,unknown,
SAMN48952963,PRJNA1273658,S data 1!row65;published_id=EC075,Escherichia coli,India,Northern,,,,2023-10-19,human,colistin,,,,reported AST,UNSPECIFIED_REPORTED,,I,measured_public,unknown,unknown,
SAMN48952964,PRJNA1273658,S data 1!row66;published_id=EC084,Escherichia coli,India,Northern,,,,2023-10-09,human,meropenem,,,,reported AST,UNSPECIFIED_REPORTED,,R,measured_public,unknown,unknown,
SAMN48952964,PRJNA1273658,S data 1!row66;published_id=EC084,Escherichia coli,India,Northern,,,,2023-10-09,human,imipenem,,,,reported AST,UNSPECIFIED_REPORTED,,R,measured_public,unknown,unknown,
SAMN48952964,PRJNA1273658,S data 1!row66;published_id=EC084,Escherichia coli,India,Northern,,,,2023-10-09,human,cefepime,,,,reported AST,UNSPECIFIED_REPORTED,,R,measured_public,unknown,unknown,
SAMN48952964,PRJNA1273658,S data 1!row66;published_id=EC084,Escherichia coli,India,Northern,,,,2023-10-09,human,ceftazidime,,,,reported AST,UNSPECIFIED_REPORTED,,R,measured_public,unknown,unknown,
SAMN48952964,PRJNA1273658,S data 1!row66;published_id=EC084,Escherichia coli,India,Northern,,,,2023-10-09,human,ciprofloxacin,,,,reported AST,UNSPECIFIED_REPORTED,,R,measured_public,unknown,unknown,
SAMN48952964,PRJNA1273658,S data 1!row66;published_id=EC084,Escherichia coli,India,Northern,,,,2023-10-09,human,gentamicin,,,,reported AST,UNSPECIFIED_REPORTED,,S,measured_public,unknown,unknown,
SAMN48952964,PRJNA1273658,S data 1!row66;published_id=EC084,Escherichia coli,India,Northern,,,,2023-10-09,human,amikacin,,,,reported AST,UNSPECIFIED_REPORTED,,S,measured_public,unknown,unknown,
SAMN48952964,PRJNA1273658,S data 1!row66;published_id=EC084,Escherichia coli,India,Northern,,,,2023-10-09,human,colistin,,,,reported AST,UNSPECIFIED_REPORTED,,I,measured_public,unknown,unknown,
SAMN48952965,PRJNA1273658,S data 1!row67;published_id=EC094,Escherichia coli,India,Northern,,,,2023-10-28,human,meropenem,,,,reported AST,UNSPECIFIED_REPORTED,,R,measured_public,unknown,unknown,
SAMN48952965,PRJNA1273658,S data 1!row67;published_id=EC094,Escherichia coli,India,Northern,,,,2023-10-28,human,imipenem,,,,reported AST,UNSPECIFIED_REPORTED,,R,measured_public,unknown,unknown,
SAMN48952965,PRJNA1273658,S data 1!row67;published_id=EC094,Escherichia coli,India,Northern,,,,2023-10-28,human,cefepime,,,,reported AST,UNSPECIFIED_REPORTED,,R,measured_public,unknown,unknown,
SAMN48952965,PRJNA1273658,S data 1!row67;published_id=EC094,Escherichia coli,India,Northern,,,,2023-10-28,human,ceftazidime,,,,reported AST,UNSPECIFIED_REPORTED,,R,measured_public,unknown,unknown,
SAMN48952965,PRJNA1273658,S data 1!row67;published_id=EC094,Escherichia coli,India,Northern,,,,2023-10-28,human,ciprofloxacin,,,,reported AST,UNSPECIFIED_REPORTED,,R,measured_public,unknown,unknown,
SAMN48952965,PRJNA1273658,S data 1!row67;published_id=EC094,Escherichia coli,India,Northern,,,,2023-10-28,human,gentamicin,,,,reported AST,UNSPECIFIED_REPORTED,,S,measured_public,unknown,unknown,
SAMN48952965,PRJNA1273658,S data 1!row67;published_id=EC094,Escherichia coli,India,Northern,,,,2023-10-28,human,amikacin,,,,reported AST,UNSPECIFIED_REPORTED,,S,measured_public,unknown,unknown,
SAMN48952965,PRJNA1273658,S data 1!row67;published_id=EC094,Escherichia coli,India,Northern,,,,2023-10-28,human,colistin,,,,reported AST,UNSPECIFIED_REPORTED,,I,measured_public,unknown,unknown,
SAMN48952966,PRJNA1273658,S data 1!row68;published_id=EC098,Escherichia coli,India,Northern,,,,2023-10-27,human,meropenem,,,,reported AST,UNSPECIFIED_REPORTED,,R,measured_public,unknown,unknown,
SAMN48952966,PRJNA1273658,S data 1!row68;published_id=EC098,Escherichia coli,India,Northern,,,,2023-10-27,human,imipenem,,,,reported AST,UNSPECIFIED_REPORTED,,R,measured_public,unknown,unknown,
SAMN48952966,PRJNA1273658,S data 1!row68;published_id=EC098,Escherichia coli,India,Northern,,,,2023-10-27,human,cefepime,,,,reported AST,UNSPECIFIED_REPORTED,,R,measured_public,unknown,unknown,
SAMN48952966,PRJNA1273658,S data 1!row68;published_id=EC098,Escherichia coli,India,Northern,,,,2023-10-27,human,ceftazidime,,,,reported AST,UNSPECIFIED_REPORTED,,R,measured_public,unknown,unknown,
SAMN48952966,PRJNA1273658,S data 1!row68;published_id=EC098,Escherichia coli,India,Northern,,,,2023-10-27,human,ciprofloxacin,,,,reported AST,UNSPECIFIED_REPORTED,,R,measured_public,unknown,unknown,
SAMN48952966,PRJNA1273658,S data 1!row68;published_id=EC098,Escherichia coli,India,Northern,,,,2023-10-27,human,gentamicin,,,,reported AST,UNSPECIFIED_REPORTED,,S,measured_public,unknown,unknown,
SAMN48952966,PRJNA1273658,S data 1!row68;published_id=EC098,Escherichia coli,India,Northern,,,,2023-10-27,human,amikacin,,,,reported AST,UNSPECIFIED_REPORTED,,S,measured_public,unknown,unknown,
SAMN48952966,PRJNA1273658,S data 1!row68;published_id=EC098,Escherichia coli,India,Northern,,,,2023-10-27,human,colistin,,,,reported AST,UNSPECIFIED_REPORTED,,I,measured_public,unknown,unknown,
SAMN48952967,PRJNA1273658,S data 1!row69;published_id=EC113,Escherichia coli,India,Northern,,,,2023-12-19,human,meropenem,,,,reported AST,UNSPECIFIED_REPORTED,,R,measured_public,unknown,unknown,
SAMN48952967,PRJNA1273658,S data 1!row69;published_id=EC113,Escherichia coli,India,Northern,,,,2023-12-19,human,imipenem,,,,reported AST,UNSPECIFIED_REPORTED,,,measured_public,unknown,unknown,
SAMN48952967,PRJNA1273658,S data 1!row69;published_id=EC113,Escherichia coli,India,Northern,,,,2023-12-19,human,cefepime,,,,reported AST,UNSPECIFIED_REPORTED,,R,measured_public,unknown,unknown,
SAMN48952967,PRJNA1273658,S data 1!row69;published_id=EC113,Escherichia coli,India,Northern,,,,2023-12-19,human,ceftazidime,,,,reported AST,UNSPECIFIED_REPORTED,,R,measured_public,unknown,unknown,
SAMN48952967,PRJNA1273658,S data 1!row69;published_id=EC113,Escherichia coli,India,Northern,,,,2023-12-19,human,ciprofloxacin,,,,reported AST,UNSPECIFIED_REPORTED,,R,measured_public,unknown,unknown,
SAMN48952967,PRJNA1273658,S data 1!row69;published_id=EC113,Escherichia coli,India,Northern,,,,2023-12-19,human,gentamicin,,,,reported AST,UNSPECIFIED_REPORTED,,R,measured_public,unknown,unknown,
SAMN48952967,PRJNA1273658,S data 1!row69;published_id=EC113,Escherichia coli,India,Northern,,,,2023-12-19,human,amikacin,,,,reported AST,UNSPECIFIED_REPORTED,,R,measured_public,unknown,unknown,
SAMN48952967,PRJNA1273658,S data 1!row69;published_id=EC113,Escherichia coli,India,Northern,,,,2023-12-19,human,colistin,,,,reported AST,UNSPECIFIED_REPORTED,,I,measured_public,unknown,unknown,
SAMN48952968,PRJNA1273658,S data 1!row70;published_id=EC119,Escherichia coli,India,Northern,,,,2024-01-08,human,meropenem,,,,reported AST,UNSPECIFIED_REPORTED,,R,measured_public,unknown,unknown,
SAMN48952968,PRJNA1273658,S data 1!row70;published_id=EC119,Escherichia coli,India,Northern,,,,2024-01-08,human,imipenem,,,,reported AST,UNSPECIFIED_REPORTED,,,measured_public,unknown,unknown,
SAMN48952968,PRJNA1273658,S data 1!row70;published_id=EC119,Escherichia coli,India,Northern,,,,2024-01-08,human,cefepime,,,,reported AST,UNSPECIFIED_REPORTED,,R,measured_public,unknown,unknown,
SAMN48952968,PRJNA1273658,S data 1!row70;published_id=EC119,Escherichia coli,India,Northern,,,,2024-01-08,human,ceftazidime,,,,reported AST,UNSPECIFIED_REPORTED,,R,measured_public,unknown,unknown,
SAMN48952968,PRJNA1273658,S data 1!row70;published_id=EC119,Escherichia coli,India,Northern,,,,2024-01-08,human,ciprofloxacin,,,,reported AST,UNSPECIFIED_REPORTED,,R,measured_public,unknown,unknown,
SAMN48952968,PRJNA1273658,S data 1!row70;published_id=EC119,Escherichia coli,India,Northern,,,,2024-01-08,human,gentamicin,,,,reported AST,UNSPECIFIED_REPORTED,,R,measured_public,unknown,unknown,
SAMN48952968,PRJNA1273658,S data 1!row70;published_id=EC119,Escherichia coli,India,Northern,,,,2024-01-08,human,amikacin,,,,reported AST,UNSPECIFIED_REPORTED,,R,measured_public,unknown,unknown,
SAMN48952968,PRJNA1273658,S data 1!row70;published_id=EC119,Escherichia coli,India,Northern,,,,2024-01-08,human,colistin,,,,reported AST,UNSPECIFIED_REPORTED,,I,measured_public,unknown,unknown,
SAMN48952969,PRJNA1273658,S data 1!row71;published_id=EC155,Escherichia coli,India,Northern,,,,2024-02-15,human,meropenem,,,,reported AST,UNSPECIFIED_REPORTED,,R,measured_public,unknown,unknown,
SAMN48952969,PRJNA1273658,S data 1!row71;published_id=EC155,Escherichia coli,India,Northern,,,,2024-02-15,human,imipenem,,,,reported AST,UNSPECIFIED_REPORTED,,R,measured_public,unknown,unknown,
SAMN48952969,PRJNA1273658,S data 1!row71;published_id=EC155,Escherichia coli,India,Northern,,,,2024-02-15,human,cefepime,,,,reported AST,UNSPECIFIED_REPORTED,,R,measured_public,unknown,unknown,
SAMN48952969,PRJNA1273658,S data 1!row71;published_id=EC155,Escherichia coli,India,Northern,,,,2024-02-15,human,ceftazidime,,,,reported AST,UNSPECIFIED_REPORTED,,R,measured_public,unknown,unknown,
SAMN48952969,PRJNA1273658,S data 1!row71;published_id=EC155,Escherichia coli,India,Northern,,,,2024-02-15,human,ciprofloxacin,,,,reported AST,UNSPECIFIED_REPORTED,,R,measured_public,unknown,unknown,
SAMN48952969,PRJNA1273658,S data 1!row71;published_id=EC155,Escherichia coli,India,Northern,,,,2024-02-15,human,gentamicin,,,,reported AST,UNSPECIFIED_REPORTED,,S,measured_public,unknown,unknown,
SAMN48952969,PRJNA1273658,S data 1!row71;published_id=EC155,Escherichia coli,India,Northern,,,,2024-02-15,human,amikacin,,,,reported AST,UNSPECIFIED_REPORTED,,R,measured_public,unknown,unknown,
SAMN48952969,PRJNA1273658,S data 1!row71;published_id=EC155,Escherichia coli,India,Northern,,,,2024-02-15,human,colistin,,,,reported AST,UNSPECIFIED_REPORTED,,I,measured_public,unknown,unknown,
SAMN48952970,PRJNA1273658,S data 1!row72;published_id=EC156,Escherichia coli,India,Northern,,,,2024-02-08,human,meropenem,,,,reported AST,UNSPECIFIED_REPORTED,,R,measured_public,unknown,unknown,
SAMN48952970,PRJNA1273658,S data 1!row72;published_id=EC156,Escherichia coli,India,Northern,,,,2024-02-08,human,imipenem,,,,reported AST,UNSPECIFIED_REPORTED,,R,measured_public,unknown,unknown,
SAMN48952970,PRJNA1273658,S data 1!row72;published_id=EC156,Escherichia coli,India,Northern,,,,2024-02-08,human,cefepime,,,,reported AST,UNSPECIFIED_REPORTED,,R,measured_public,unknown,unknown,
SAMN48952970,PRJNA1273658,S data 1!row72;published_id=EC156,Escherichia coli,India,Northern,,,,2024-02-08,human,ceftazidime,,,,reported AST,UNSPECIFIED_REPORTED,,R,measured_public,unknown,unknown,
SAMN48952970,PRJNA1273658,S data 1!row72;published_id=EC156,Escherichia coli,India,Northern,,,,2024-02-08,human,ciprofloxacin,,,,reported AST,UNSPECIFIED_REPORTED,,R,measured_public,unknown,unknown,
SAMN48952970,PRJNA1273658,S data 1!row72;published_id=EC156,Escherichia coli,India,Northern,,,,2024-02-08,human,gentamicin,,,,reported AST,UNSPECIFIED_REPORTED,,S,measured_public,unknown,unknown,
SAMN48952970,PRJNA1273658,S data 1!row72;published_id=EC156,Escherichia coli,India,Northern,,,,2024-02-08,human,amikacin,,,,reported AST,UNSPECIFIED_REPORTED,,S,measured_public,unknown,unknown,
SAMN48952970,PRJNA1273658,S data 1!row72;published_id=EC156,Escherichia coli,India,Northern,,,,2024-02-08,human,colistin,,,,reported AST,UNSPECIFIED_REPORTED,,I,measured_public,unknown,unknown,
SAMN48952971,PRJNA1273658,S data 1!row73;published_id=EC163,Escherichia coli,India,Northern,,,,2024-04-18,human,meropenem,,,,reported AST,UNSPECIFIED_REPORTED,,R,measured_public,unknown,unknown,
SAMN48952971,PRJNA1273658,S data 1!row73;published_id=EC163,Escherichia coli,India,Northern,,,,2024-04-18,human,imipenem,,,,reported AST,UNSPECIFIED_REPORTED,,R,measured_public,unknown,unknown,
SAMN48952971,PRJNA1273658,S data 1!row73;published_id=EC163,Escherichia coli,India,Northern,,,,2024-04-18,human,cefepime,,,,reported AST,UNSPECIFIED_REPORTED,,R,measured_public,unknown,unknown,
SAMN48952971,PRJNA1273658,S data 1!row73;published_id=EC163,Escherichia coli,India,Northern,,,,2024-04-18,human,ceftazidime,,,,reported AST,UNSPECIFIED_REPORTED,,R,measured_public,unknown,unknown,
SAMN48952971,PRJNA1273658,S data 1!row73;published_id=EC163,Escherichia coli,India,Northern,,,,2024-04-18,human,ciprofloxacin,,,,reported AST,UNSPECIFIED_REPORTED,,R,measured_public,unknown,unknown,
SAMN48952971,PRJNA1273658,S data 1!row73;published_id=EC163,Escherichia coli,India,Northern,,,,2024-04-18,human,gentamicin,,,,reported AST,UNSPECIFIED_REPORTED,,S,measured_public,unknown,unknown,
SAMN48952971,PRJNA1273658,S data 1!row73;published_id=EC163,Escherichia coli,India,Northern,,,,2024-04-18,human,amikacin,,,,reported AST,UNSPECIFIED_REPORTED,,S,measured_public,unknown,unknown,
SAMN48952971,PRJNA1273658,S data 1!row73;published_id=EC163,Escherichia coli,India,Northern,,,,2024-04-18,human,colistin,,,,reported AST,UNSPECIFIED_REPORTED,,I,measured_public,unknown,unknown,
SAMN48952972,PRJNA1273658,S data 1!row74;published_id=EC168,Escherichia coli,India,Northern,,,,2024-04-23,human,meropenem,,,,reported AST,UNSPECIFIED_REPORTED,,R,measured_public,unknown,unknown,
SAMN48952972,PRJNA1273658,S data 1!row74;published_id=EC168,Escherichia coli,India,Northern,,,,2024-04-23,human,imipenem,,,,reported AST,UNSPECIFIED_REPORTED,,R,measured_public,unknown,unknown,
SAMN48952972,PRJNA1273658,S data 1!row74;published_id=EC168,Escherichia coli,India,Northern,,,,2024-04-23,human,cefepime,,,,reported AST,UNSPECIFIED_REPORTED,,R,measured_public,unknown,unknown,
SAMN48952972,PRJNA1273658,S data 1!row74;published_id=EC168,Escherichia coli,India,Northern,,,,2024-04-23,human,ceftazidime,,,,reported AST,UNSPECIFIED_REPORTED,,R,measured_public,unknown,unknown,
SAMN48952972,PRJNA1273658,S data 1!row74;published_id=EC168,Escherichia coli,India,Northern,,,,2024-04-23,human,ciprofloxacin,,,,reported AST,UNSPECIFIED_REPORTED,,R,measured_public,unknown,unknown,
SAMN48952972,PRJNA1273658,S data 1!row74;published_id=EC168,Escherichia coli,India,Northern,,,,2024-04-23,human,gentamicin,,,,reported AST,UNSPECIFIED_REPORTED,,S,measured_public,unknown,unknown,
SAMN48952972,PRJNA1273658,S data 1!row74;published_id=EC168,Escherichia coli,India,Northern,,,,2024-04-23,human,amikacin,,,,reported AST,UNSPECIFIED_REPORTED,,S,measured_public,unknown,unknown,
SAMN48952972,PRJNA1273658,S data 1!row74;published_id=EC168,Escherichia coli,India,Northern,,,,2024-04-23,human,colistin,,,,reported AST,UNSPECIFIED_REPORTED,,I,measured_public,unknown,unknown,
SAMN48952973,PRJNA1273658,S data 1!row75;published_id=EC180,Escherichia coli,India,Northern,,,,2024-05-07,human,meropenem,,,,reported AST,UNSPECIFIED_REPORTED,,R,measured_public,unknown,unknown,
SAMN48952973,PRJNA1273658,S data 1!row75;published_id=EC180,Escherichia coli,India,Northern,,,,2024-05-07,human,imipenem,,,,reported AST,UNSPECIFIED_REPORTED,,R,measured_public,unknown,unknown,
SAMN48952973,PRJNA1273658,S data 1!row75;published_id=EC180,Escherichia coli,India,Northern,,,,2024-05-07,human,cefepime,,,,reported AST,UNSPECIFIED_REPORTED,,R,measured_public,unknown,unknown,
SAMN48952973,PRJNA1273658,S data 1!row75;published_id=EC180,Escherichia coli,India,Northern,,,,2024-05-07,human,ceftazidime,,,,reported AST,UNSPECIFIED_REPORTED,,R,measured_public,unknown,unknown,
SAMN48952973,PRJNA1273658,S data 1!row75;published_id=EC180,Escherichia coli,India,Northern,,,,2024-05-07,human,ciprofloxacin,,,,reported AST,UNSPECIFIED_REPORTED,,R,measured_public,unknown,unknown,
SAMN48952973,PRJNA1273658,S data 1!row75;published_id=EC180,Escherichia coli,India,Northern,,,,2024-05-07,human,gentamicin,,,,reported AST,UNSPECIFIED_REPORTED,,R,measured_public,unknown,unknown,
SAMN48952973,PRJNA1273658,S data 1!row75;published_id=EC180,Escherichia coli,India,Northern,,,,2024-05-07,human,amikacin,,,,reported AST,UNSPECIFIED_REPORTED,,R,measured_public,unknown,unknown,
SAMN48952973,PRJNA1273658,S data 1!row75;published_id=EC180,Escherichia coli,India,Northern,,,,2024-05-07,human,colistin,,,,reported AST,UNSPECIFIED_REPORTED,,I,measured_public,unknown,unknown,
SAMN48952974,PRJNA1273658,S data 1!row76;published_id=EC181,Escherichia coli,India,Northern,,,,2024-05-07,human,meropenem,,,,reported AST,UNSPECIFIED_REPORTED,,R,measured_public,unknown,unknown,
SAMN48952974,PRJNA1273658,S data 1!row76;published_id=EC181,Escherichia coli,India,Northern,,,,2024-05-07,human,imipenem,,,,reported AST,UNSPECIFIED_REPORTED,,R,measured_public,unknown,unknown,
SAMN48952974,PRJNA1273658,S data 1!row76;published_id=EC181,Escherichia coli,India,Northern,,,,2024-05-07,human,cefepime,,,,reported AST,UNSPECIFIED_REPORTED,,R,measured_public,unknown,unknown,
SAMN48952974,PRJNA1273658,S data 1!row76;published_id=EC181,Escherichia coli,India,Northern,,,,2024-05-07,human,ceftazidime,,,,reported AST,UNSPECIFIED_REPORTED,,R,measured_public,unknown,unknown,
SAMN48952974,PRJNA1273658,S data 1!row76;published_id=EC181,Escherichia coli,India,Northern,,,,2024-05-07,human,ciprofloxacin,,,,reported AST,UNSPECIFIED_REPORTED,,R,measured_public,unknown,unknown,
SAMN48952974,PRJNA1273658,S data 1!row76;published_id=EC181,Escherichia coli,India,Northern,,,,2024-05-07,human,gentamicin,,,,reported AST,UNSPECIFIED_REPORTED,,R,measured_public,unknown,unknown,
SAMN48952974,PRJNA1273658,S data 1!row76;published_id=EC181,Escherichia coli,India,Northern,,,,2024-05-07,human,amikacin,,,,reported AST,UNSPECIFIED_REPORTED,,S,measured_public,unknown,unknown,
SAMN48952974,PRJNA1273658,S data 1!row76;published_id=EC181,Escherichia coli,India,Northern,,,,2024-05-07,human,colistin,,,,reported AST,UNSPECIFIED_REPORTED,,I,measured_public,unknown,unknown,
SAMN48952975,PRJNA1273658,S data 1!row77;published_id=EC202,Escherichia coli,India,Northern,,,,2024-05-30,human,meropenem,,,,reported AST,UNSPECIFIED_REPORTED,,R,measured_public,unknown,unknown,
SAMN48952975,PRJNA1273658,S data 1!row77;published_id=EC202,Escherichia coli,India,Northern,,,,2024-05-30,human,imipenem,,,,reported AST,UNSPECIFIED_REPORTED,,R,measured_public,unknown,unknown,
SAMN48952975,PRJNA1273658,S data 1!row77;published_id=EC202,Escherichia coli,India,Northern,,,,2024-05-30,human,cefepime,,,,reported AST,UNSPECIFIED_REPORTED,,R,measured_public,unknown,unknown,
SAMN48952975,PRJNA1273658,S data 1!row77;published_id=EC202,Escherichia coli,India,Northern,,,,2024-05-30,human,ceftazidime,,,,reported AST,UNSPECIFIED_REPORTED,,R,measured_public,unknown,unknown,
SAMN48952975,PRJNA1273658,S data 1!row77;published_id=EC202,Escherichia coli,India,Northern,,,,2024-05-30,human,ciprofloxacin,,,,reported AST,UNSPECIFIED_REPORTED,,R,measured_public,unknown,unknown,
SAMN48952975,PRJNA1273658,S data 1!row77;published_id=EC202,Escherichia coli,India,Northern,,,,2024-05-30,human,gentamicin,,,,reported AST,UNSPECIFIED_REPORTED,,R,measured_public,unknown,unknown,
SAMN48952975,PRJNA1273658,S data 1!row77;published_id=EC202,Escherichia coli,India,Northern,,,,2024-05-30,human,amikacin,,,,reported AST,UNSPECIFIED_REPORTED,,S,measured_public,unknown,unknown,
SAMN48952975,PRJNA1273658,S data 1!row77;published_id=EC202,Escherichia coli,India,Northern,,,,2024-05-30,human,colistin,,,,reported AST,UNSPECIFIED_REPORTED,,I,measured_public,unknown,unknown,
SAMN48952976,PRJNA1273658,S data 1!row78;published_id=EC209,Escherichia coli,India,Northern,,,,2024-06-25,human,meropenem,,,,reported AST,UNSPECIFIED_REPORTED,,R,measured_public,unknown,unknown,
SAMN48952976,PRJNA1273658,S data 1!row78;published_id=EC209,Escherichia coli,India,Northern,,,,2024-06-25,human,imipenem,,,,reported AST,UNSPECIFIED_REPORTED,,R,measured_public,unknown,unknown,
SAMN48952976,PRJNA1273658,S data 1!row78;published_id=EC209,Escherichia coli,India,Northern,,,,2024-06-25,human,cefepime,,,,reported AST,UNSPECIFIED_REPORTED,,R,measured_public,unknown,unknown,
SAMN48952976,PRJNA1273658,S data 1!row78;published_id=EC209,Escherichia coli,India,Northern,,,,2024-06-25,human,ceftazidime,,,,reported AST,UNSPECIFIED_REPORTED,,R,measured_public,unknown,unknown,
SAMN48952976,PRJNA1273658,S data 1!row78;published_id=EC209,Escherichia coli,India,Northern,,,,2024-06-25,human,ciprofloxacin,,,,reported AST,UNSPECIFIED_REPORTED,,R,measured_public,unknown,unknown,
SAMN48952976,PRJNA1273658,S data 1!row78;published_id=EC209,Escherichia coli,India,Northern,,,,2024-06-25,human,gentamicin,,,,reported AST,UNSPECIFIED_REPORTED,,R,measured_public,unknown,unknown,
SAMN48952976,PRJNA1273658,S data 1!row78;published_id=EC209,Escherichia coli,India,Northern,,,,2024-06-25,human,amikacin,,,,reported AST,UNSPECIFIED_REPORTED,,I,measured_public,unknown,unknown,
SAMN48952976,PRJNA1273658,S data 1!row78;published_id=EC209,Escherichia coli,India,Northern,,,,2024-06-25,human,colistin,,,,reported AST,UNSPECIFIED_REPORTED,,I,measured_public,unknown,unknown,
SAMN48952977,PRJNA1273658,S data 1!row79;published_id=ECBN188,Escherichia coli,India,Western,,,,2024-06-28,human,meropenem,,,,reported AST,UNSPECIFIED_REPORTED,,R,measured_public,unknown,unknown,
SAMN48952977,PRJNA1273658,S data 1!row79;published_id=ECBN188,Escherichia coli,India,Western,,,,2024-06-28,human,imipenem,,,,reported AST,UNSPECIFIED_REPORTED,,R,measured_public,unknown,unknown,
SAMN48952977,PRJNA1273658,S data 1!row79;published_id=ECBN188,Escherichia coli,India,Western,,,,2024-06-28,human,cefepime,,,,reported AST,UNSPECIFIED_REPORTED,,R,measured_public,unknown,unknown,
SAMN48952977,PRJNA1273658,S data 1!row79;published_id=ECBN188,Escherichia coli,India,Western,,,,2024-06-28,human,ceftazidime,,,,reported AST,UNSPECIFIED_REPORTED,,R,measured_public,unknown,unknown,
SAMN48952977,PRJNA1273658,S data 1!row79;published_id=ECBN188,Escherichia coli,India,Western,,,,2024-06-28,human,ciprofloxacin,,,,reported AST,UNSPECIFIED_REPORTED,,R,measured_public,unknown,unknown,
SAMN48952977,PRJNA1273658,S data 1!row79;published_id=ECBN188,Escherichia coli,India,Western,,,,2024-06-28,human,gentamicin,,,,reported AST,UNSPECIFIED_REPORTED,,R,measured_public,unknown,unknown,
SAMN48952977,PRJNA1273658,S data 1!row79;published_id=ECBN188,Escherichia coli,India,Western,,,,2024-06-28,human,amikacin,,,,reported AST,UNSPECIFIED_REPORTED,,R,measured_public,unknown,unknown,
SAMN48952977,PRJNA1273658,S data 1!row79;published_id=ECBN188,Escherichia coli,India,Western,,,,2024-06-28,human,colistin,,,,reported AST,UNSPECIFIED_REPORTED,,S,measured_public,unknown,unknown,
SAMN48952978,PRJNA1273658,S data 1!row80;published_id=ECBN2,Escherichia coli,India,Western,,,,2022-11-16,human,meropenem,,,,reported AST,UNSPECIFIED_REPORTED,,R,measured_public,unknown,unknown,
SAMN48952978,PRJNA1273658,S data 1!row80;published_id=ECBN2,Escherichia coli,India,Western,,,,2022-11-16,human,imipenem,,,,reported AST,UNSPECIFIED_REPORTED,,R,measured_public,unknown,unknown,
SAMN48952978,PRJNA1273658,S data 1!row80;published_id=ECBN2,Escherichia coli,India,Western,,,,2022-11-16,human,cefepime,,,,reported AST,UNSPECIFIED_REPORTED,,R,measured_public,unknown,unknown,
SAMN48952978,PRJNA1273658,S data 1!row80;published_id=ECBN2,Escherichia coli,India,Western,,,,2022-11-16,human,ceftazidime,,,,reported AST,UNSPECIFIED_REPORTED,,R,measured_public,unknown,unknown,
SAMN48952978,PRJNA1273658,S data 1!row80;published_id=ECBN2,Escherichia coli,India,Western,,,,2022-11-16,human,ciprofloxacin,,,,reported AST,UNSPECIFIED_REPORTED,,R,measured_public,unknown,unknown,
SAMN48952978,PRJNA1273658,S data 1!row80;published_id=ECBN2,Escherichia coli,India,Western,,,,2022-11-16,human,gentamicin,,,,reported AST,UNSPECIFIED_REPORTED,,R,measured_public,unknown,unknown,
SAMN48952978,PRJNA1273658,S data 1!row80;published_id=ECBN2,Escherichia coli,India,Western,,,,2022-11-16,human,amikacin,,,,reported AST,UNSPECIFIED_REPORTED,,S,measured_public,unknown,unknown,
SAMN48952978,PRJNA1273658,S data 1!row80;published_id=ECBN2,Escherichia coli,India,Western,,,,2022-11-16,human,colistin,,,,reported AST,UNSPECIFIED_REPORTED,,S,measured_public,unknown,unknown,
SAMN48952979,PRJNA1273658,S data 1!row81;published_id=ECBN26,Escherichia coli,India,Western,,,,2023-02-24,human,meropenem,,,,reported AST,UNSPECIFIED_REPORTED,,R,measured_public,unknown,unknown,
SAMN48952979,PRJNA1273658,S data 1!row81;published_id=ECBN26,Escherichia coli,India,Western,,,,2023-02-24,human,imipenem,,,,reported AST,UNSPECIFIED_REPORTED,,R,measured_public,unknown,unknown,
SAMN48952979,PRJNA1273658,S data 1!row81;published_id=ECBN26,Escherichia coli,India,Western,,,,2023-02-24,human,cefepime,,,,reported AST,UNSPECIFIED_REPORTED,,R,measured_public,unknown,unknown,
SAMN48952979,PRJNA1273658,S data 1!row81;published_id=ECBN26,Escherichia coli,India,Western,,,,2023-02-24,human,ceftazidime,,,,reported AST,UNSPECIFIED_REPORTED,,R,measured_public,unknown,unknown,
SAMN48952979,PRJNA1273658,S data 1!row81;published_id=ECBN26,Escherichia coli,India,Western,,,,2023-02-24,human,ciprofloxacin,,,,reported AST,UNSPECIFIED_REPORTED,,R,measured_public,unknown,unknown,
SAMN48952979,PRJNA1273658,S data 1!row81;published_id=ECBN26,Escherichia coli,India,Western,,,,2023-02-24,human,gentamicin,,,,reported AST,UNSPECIFIED_REPORTED,,S,measured_public,unknown,unknown,
SAMN48952979,PRJNA1273658,S data 1!row81;published_id=ECBN26,Escherichia coli,India,Western,,,,2023-02-24,human,amikacin,,,,reported AST,UNSPECIFIED_REPORTED,,S,measured_public,unknown,unknown,
SAMN48952979,PRJNA1273658,S data 1!row81;published_id=ECBN26,Escherichia coli,India,Western,,,,2023-02-24,human,colistin,,,,reported AST,UNSPECIFIED_REPORTED,,S,measured_public,unknown,unknown,
SAMN48952980,PRJNA1273658,S data 1!row82;published_id=ECBN29,Escherichia coli,India,Western,,,,2023-03-02,human,meropenem,,,,reported AST,UNSPECIFIED_REPORTED,,R,measured_public,unknown,unknown,
SAMN48952980,PRJNA1273658,S data 1!row82;published_id=ECBN29,Escherichia coli,India,Western,,,,2023-03-02,human,imipenem,,,,reported AST,UNSPECIFIED_REPORTED,,R,measured_public,unknown,unknown,
SAMN48952980,PRJNA1273658,S data 1!row82;published_id=ECBN29,Escherichia coli,India,Western,,,,2023-03-02,human,cefepime,,,,reported AST,UNSPECIFIED_REPORTED,,R,measured_public,unknown,unknown,
SAMN48952980,PRJNA1273658,S data 1!row82;published_id=ECBN29,Escherichia coli,India,Western,,,,2023-03-02,human,ceftazidime,,,,reported AST,UNSPECIFIED_REPORTED,,R,measured_public,unknown,unknown,
SAMN48952980,PRJNA1273658,S data 1!row82;published_id=ECBN29,Escherichia coli,India,Western,,,,2023-03-02,human,ciprofloxacin,,,,reported AST,UNSPECIFIED_REPORTED,,R,measured_public,unknown,unknown,
SAMN48952980,PRJNA1273658,S data 1!row82;published_id=ECBN29,Escherichia coli,India,Western,,,,2023-03-02,human,gentamicin,,,,reported AST,UNSPECIFIED_REPORTED,,R,measured_public,unknown,unknown,
SAMN48952980,PRJNA1273658,S data 1!row82;published_id=ECBN29,Escherichia coli,India,Western,,,,2023-03-02,human,amikacin,,,,reported AST,UNSPECIFIED_REPORTED,,R,measured_public,unknown,unknown,
SAMN48952980,PRJNA1273658,S data 1!row82;published_id=ECBN29,Escherichia coli,India,Western,,,,2023-03-02,human,colistin,,,,reported AST,UNSPECIFIED_REPORTED,,S,measured_public,unknown,unknown,
SAMN48952981,PRJNA1273658,S data 1!row83;published_id=ECBN3,Escherichia coli,India,Western,,,,2022-11-25,human,meropenem,,,,reported AST,UNSPECIFIED_REPORTED,,R,measured_public,unknown,unknown,
SAMN48952981,PRJNA1273658,S data 1!row83;published_id=ECBN3,Escherichia coli,India,Western,,,,2022-11-25,human,imipenem,,,,reported AST,UNSPECIFIED_REPORTED,,R,measured_public,unknown,unknown,
SAMN48952981,PRJNA1273658,S data 1!row83;published_id=ECBN3,Escherichia coli,India,Western,,,,2022-11-25,human,cefepime,,,,reported AST,UNSPECIFIED_REPORTED,,R,measured_public,unknown,unknown,
SAMN48952981,PRJNA1273658,S data 1!row83;published_id=ECBN3,Escherichia coli,India,Western,,,,2022-11-25,human,ceftazidime,,,,reported AST,UNSPECIFIED_REPORTED,,R,measured_public,unknown,unknown,
SAMN48952981,PRJNA1273658,S data 1!row83;published_id=ECBN3,Escherichia coli,India,Western,,,,2022-11-25,human,ciprofloxacin,,,,reported AST,UNSPECIFIED_REPORTED,,R,measured_public,unknown,unknown,
SAMN48952981,PRJNA1273658,S data 1!row83;published_id=ECBN3,Escherichia coli,India,Western,,,,2022-11-25,human,gentamicin,,,,reported AST,UNSPECIFIED_REPORTED,,R,measured_public,unknown,unknown,
SAMN48952981,PRJNA1273658,S data 1!row83;published_id=ECBN3,Escherichia coli,India,Western,,,,2022-11-25,human,amikacin,,,,reported AST,UNSPECIFIED_REPORTED,,I,measured_public,unknown,unknown,
SAMN48952981,PRJNA1273658,S data 1!row83;published_id=ECBN3,Escherichia coli,India,Western,,,,2022-11-25,human,colistin,,,,reported AST,UNSPECIFIED_REPORTED,,S,measured_public,unknown,unknown,
SAMN48952982,PRJNA1273658,S data 1!row84;published_id=ECBN31,Escherichia coli,India,Western,,,,2023-04-02,human,meropenem,,,,reported AST,UNSPECIFIED_REPORTED,,R,measured_public,unknown,unknown,
SAMN48952982,PRJNA1273658,S data 1!row84;published_id=ECBN31,Escherichia coli,India,Western,,,,2023-04-02,human,imipenem,,,,reported AST,UNSPECIFIED_REPORTED,,R,measured_public,unknown,unknown,
SAMN48952982,PRJNA1273658,S data 1!row84;published_id=ECBN31,Escherichia coli,India,Western,,,,2023-04-02,human,cefepime,,,,reported AST,UNSPECIFIED_REPORTED,,R,measured_public,unknown,unknown,
SAMN48952982,PRJNA1273658,S data 1!row84;published_id=ECBN31,Escherichia coli,India,Western,,,,2023-04-02,human,ceftazidime,,,,reported AST,UNSPECIFIED_REPORTED,,R,measured_public,unknown,unknown,
SAMN48952982,PRJNA1273658,S data 1!row84;published_id=ECBN31,Escherichia coli,India,Western,,,,2023-04-02,human,ciprofloxacin,,,,reported AST,UNSPECIFIED_REPORTED,,R,measured_public,unknown,unknown,
SAMN48952982,PRJNA1273658,S data 1!row84;published_id=ECBN31,Escherichia coli,India,Western,,,,2023-04-02,human,gentamicin,,,,reported AST,UNSPECIFIED_REPORTED,,S,measured_public,unknown,unknown,
SAMN48952982,PRJNA1273658,S data 1!row84;published_id=ECBN31,Escherichia coli,India,Western,,,,2023-04-02,human,amikacin,,,,reported AST,UNSPECIFIED_REPORTED,,S,measured_public,unknown,unknown,
SAMN48952982,PRJNA1273658,S data 1!row84;published_id=ECBN31,Escherichia coli,India,Western,,,,2023-04-02,human,colistin,,,,reported AST,UNSPECIFIED_REPORTED,,S,measured_public,unknown,unknown,
SAMN48952983,PRJNA1273658,S data 1!row85;published_id=ECBN32,Escherichia coli,India,Western,,,,2023-04-02,human,meropenem,,,,reported AST,UNSPECIFIED_REPORTED,,R,measured_public,unknown,unknown,
SAMN48952983,PRJNA1273658,S data 1!row85;published_id=ECBN32,Escherichia coli,India,Western,,,,2023-04-02,human,imipenem,,,,reported AST,UNSPECIFIED_REPORTED,,R,measured_public,unknown,unknown,
SAMN48952983,PRJNA1273658,S data 1!row85;published_id=ECBN32,Escherichia coli,India,Western,,,,2023-04-02,human,cefepime,,,,reported AST,UNSPECIFIED_REPORTED,,R,measured_public,unknown,unknown,
SAMN48952983,PRJNA1273658,S data 1!row85;published_id=ECBN32,Escherichia coli,India,Western,,,,2023-04-02,human,ceftazidime,,,,reported AST,UNSPECIFIED_REPORTED,,R,measured_public,unknown,unknown,
SAMN48952983,PRJNA1273658,S data 1!row85;published_id=ECBN32,Escherichia coli,India,Western,,,,2023-04-02,human,ciprofloxacin,,,,reported AST,UNSPECIFIED_REPORTED,,R,measured_public,unknown,unknown,
SAMN48952983,PRJNA1273658,S data 1!row85;published_id=ECBN32,Escherichia coli,India,Western,,,,2023-04-02,human,gentamicin,,,,reported AST,UNSPECIFIED_REPORTED,,R,measured_public,unknown,unknown,
SAMN48952983,PRJNA1273658,S data 1!row85;published_id=ECBN32,Escherichia coli,India,Western,,,,2023-04-02,human,amikacin,,,,reported AST,UNSPECIFIED_REPORTED,,R,measured_public,unknown,unknown,
SAMN48952983,PRJNA1273658,S data 1!row85;published_id=ECBN32,Escherichia coli,India,Western,,,,2023-04-02,human,colistin,,,,reported AST,UNSPECIFIED_REPORTED,,S,measured_public,unknown,unknown,
SAMN48952984,PRJNA1273658,S data 1!row86;published_id=ECBN36,Escherichia coli,India,Western,,,,2023-05-05,human,meropenem,,,,reported AST,UNSPECIFIED_REPORTED,,R,measured_public,unknown,unknown,
SAMN48952984,PRJNA1273658,S data 1!row86;published_id=ECBN36,Escherichia coli,India,Western,,,,2023-05-05,human,imipenem,,,,reported AST,UNSPECIFIED_REPORTED,,R,measured_public,unknown,unknown,
SAMN48952984,PRJNA1273658,S data 1!row86;published_id=ECBN36,Escherichia coli,India,Western,,,,2023-05-05,human,cefepime,,,,reported AST,UNSPECIFIED_REPORTED,,R,measured_public,unknown,unknown,
SAMN48952984,PRJNA1273658,S data 1!row86;published_id=ECBN36,Escherichia coli,India,Western,,,,2023-05-05,human,ceftazidime,,,,reported AST,UNSPECIFIED_REPORTED,,R,measured_public,unknown,unknown,
SAMN48952984,PRJNA1273658,S data 1!row86;published_id=ECBN36,Escherichia coli,India,Western,,,,2023-05-05,human,ciprofloxacin,,,,reported AST,UNSPECIFIED_REPORTED,,R,measured_public,unknown,unknown,
SAMN48952984,PRJNA1273658,S data 1!row86;published_id=ECBN36,Escherichia coli,India,Western,,,,2023-05-05,human,gentamicin,,,,reported AST,UNSPECIFIED_REPORTED,,R,measured_public,unknown,unknown,
SAMN48952984,PRJNA1273658,S data 1!row86;published_id=ECBN36,Escherichia coli,India,Western,,,,2023-05-05,human,amikacin,,,,reported AST,UNSPECIFIED_REPORTED,,S,measured_public,unknown,unknown,
SAMN48952984,PRJNA1273658,S data 1!row86;published_id=ECBN36,Escherichia coli,India,Western,,,,2023-05-05,human,colistin,,,,reported AST,UNSPECIFIED_REPORTED,,S,measured_public,unknown,unknown,
SAMN48952985,PRJNA1273658,S data 1!row87;published_id=ECBN39,Escherichia coli,India,Western,,,,2023-05-26,human,meropenem,,,,reported AST,UNSPECIFIED_REPORTED,,R,measured_public,unknown,unknown,
SAMN48952985,PRJNA1273658,S data 1!row87;published_id=ECBN39,Escherichia coli,India,Western,,,,2023-05-26,human,imipenem,,,,reported AST,UNSPECIFIED_REPORTED,,R,measured_public,unknown,unknown,
SAMN48952985,PRJNA1273658,S data 1!row87;published_id=ECBN39,Escherichia coli,India,Western,,,,2023-05-26,human,cefepime,,,,reported AST,UNSPECIFIED_REPORTED,,R,measured_public,unknown,unknown,
SAMN48952985,PRJNA1273658,S data 1!row87;published_id=ECBN39,Escherichia coli,India,Western,,,,2023-05-26,human,ceftazidime,,,,reported AST,UNSPECIFIED_REPORTED,,R,measured_public,unknown,unknown,
SAMN48952985,PRJNA1273658,S data 1!row87;published_id=ECBN39,Escherichia coli,India,Western,,,,2023-05-26,human,ciprofloxacin,,,,reported AST,UNSPECIFIED_REPORTED,,R,measured_public,unknown,unknown,
SAMN48952985,PRJNA1273658,S data 1!row87;published_id=ECBN39,Escherichia coli,India,Western,,,,2023-05-26,human,gentamicin,,,,reported AST,UNSPECIFIED_REPORTED,,S,measured_public,unknown,unknown,
SAMN48952985,PRJNA1273658,S data 1!row87;published_id=ECBN39,Escherichia coli,India,Western,,,,2023-05-26,human,amikacin,,,,reported AST,UNSPECIFIED_REPORTED,,I,measured_public,unknown,unknown,
SAMN48952985,PRJNA1273658,S data 1!row87;published_id=ECBN39,Escherichia coli,India,Western,,,,2023-05-26,human,colistin,,,,reported AST,UNSPECIFIED_REPORTED,,S,measured_public,unknown,unknown,
SAMN48952986,PRJNA1273658,S data 1!row88;published_id=ECBN45,Escherichia coli,India,Western,,,,2023-06-09,human,meropenem,,,,reported AST,UNSPECIFIED_REPORTED,,R,measured_public,unknown,unknown,
SAMN48952986,PRJNA1273658,S data 1!row88;published_id=ECBN45,Escherichia coli,India,Western,,,,2023-06-09,human,imipenem,,,,reported AST,UNSPECIFIED_REPORTED,,R,measured_public,unknown,unknown,
SAMN48952986,PRJNA1273658,S data 1!row88;published_id=ECBN45,Escherichia coli,India,Western,,,,2023-06-09,human,cefepime,,,,reported AST,UNSPECIFIED_REPORTED,,R,measured_public,unknown,unknown,
SAMN48952986,PRJNA1273658,S data 1!row88;published_id=ECBN45,Escherichia coli,India,Western,,,,2023-06-09,human,ceftazidime,,,,reported AST,UNSPECIFIED_REPORTED,,R,measured_public,unknown,unknown,
SAMN48952986,PRJNA1273658,S data 1!row88;published_id=ECBN45,Escherichia coli,India,Western,,,,2023-06-09,human,ciprofloxacin,,,,reported AST,UNSPECIFIED_REPORTED,,R,measured_public,unknown,unknown,
SAMN48952986,PRJNA1273658,S data 1!row88;published_id=ECBN45,Escherichia coli,India,Western,,,,2023-06-09,human,gentamicin,,,,reported AST,UNSPECIFIED_REPORTED,,S,measured_public,unknown,unknown,
SAMN48952986,PRJNA1273658,S data 1!row88;published_id=ECBN45,Escherichia coli,India,Western,,,,2023-06-09,human,amikacin,,,,reported AST,UNSPECIFIED_REPORTED,,S,measured_public,unknown,unknown,
SAMN48952986,PRJNA1273658,S data 1!row88;published_id=ECBN45,Escherichia coli,India,Western,,,,2023-06-09,human,colistin,,,,reported AST,UNSPECIFIED_REPORTED,,S,measured_public,unknown,unknown,
SAMN48952987,PRJNA1273658,S data 1!row89;published_id=ECBN46,Escherichia coli,India,Western,,,,2023-06-07,human,meropenem,,,,reported AST,UNSPECIFIED_REPORTED,,R,measured_public,unknown,unknown,
SAMN48952987,PRJNA1273658,S data 1!row89;published_id=ECBN46,Escherichia coli,India,Western,,,,2023-06-07,human,imipenem,,,,reported AST,UNSPECIFIED_REPORTED,,R,measured_public,unknown,unknown,
SAMN48952987,PRJNA1273658,S data 1!row89;published_id=ECBN46,Escherichia coli,India,Western,,,,2023-06-07,human,cefepime,,,,reported AST,UNSPECIFIED_REPORTED,,R,measured_public,unknown,unknown,
SAMN48952987,PRJNA1273658,S data 1!row89;published_id=ECBN46,Escherichia coli,India,Western,,,,2023-06-07,human,ceftazidime,,,,reported AST,UNSPECIFIED_REPORTED,,R,measured_public,unknown,unknown,
SAMN48952987,PRJNA1273658,S data 1!row89;published_id=ECBN46,Escherichia coli,India,Western,,,,2023-06-07,human,ciprofloxacin,,,,reported AST,UNSPECIFIED_REPORTED,,R,measured_public,unknown,unknown,
SAMN48952987,PRJNA1273658,S data 1!row89;published_id=ECBN46,Escherichia coli,India,Western,,,,2023-06-07,human,gentamicin,,,,reported AST,UNSPECIFIED_REPORTED,,S,measured_public,unknown,unknown,
SAMN48952987,PRJNA1273658,S data 1!row89;published_id=ECBN46,Escherichia coli,India,Western,,,,2023-06-07,human,amikacin,,,,reported AST,UNSPECIFIED_REPORTED,,S,measured_public,unknown,unknown,
SAMN48952987,PRJNA1273658,S data 1!row89;published_id=ECBN46,Escherichia coli,India,Western,,,,2023-06-07,human,colistin,,,,reported AST,UNSPECIFIED_REPORTED,,S,measured_public,unknown,unknown,
SAMN48952988,PRJNA1273658,S data 1!row90;published_id=ECBN47,Escherichia coli,India,Western,,,,2023-06-09,human,meropenem,,,,reported AST,UNSPECIFIED_REPORTED,,S,measured_public,unknown,unknown,
SAMN48952988,PRJNA1273658,S data 1!row90;published_id=ECBN47,Escherichia coli,India,Western,,,,2023-06-09,human,imipenem,,,,reported AST,UNSPECIFIED_REPORTED,,S,measured_public,unknown,unknown,
SAMN48952988,PRJNA1273658,S data 1!row90;published_id=ECBN47,Escherichia coli,India,Western,,,,2023-06-09,human,cefepime,,,,reported AST,UNSPECIFIED_REPORTED,,R,measured_public,unknown,unknown,
SAMN48952988,PRJNA1273658,S data 1!row90;published_id=ECBN47,Escherichia coli,India,Western,,,,2023-06-09,human,ceftazidime,,,,reported AST,UNSPECIFIED_REPORTED,,R,measured_public,unknown,unknown,
SAMN48952988,PRJNA1273658,S data 1!row90;published_id=ECBN47,Escherichia coli,India,Western,,,,2023-06-09,human,ciprofloxacin,,,,reported AST,UNSPECIFIED_REPORTED,,R,measured_public,unknown,unknown,
SAMN48952988,PRJNA1273658,S data 1!row90;published_id=ECBN47,Escherichia coli,India,Western,,,,2023-06-09,human,gentamicin,,,,reported AST,UNSPECIFIED_REPORTED,,S,measured_public,unknown,unknown,
SAMN48952988,PRJNA1273658,S data 1!row90;published_id=ECBN47,Escherichia coli,India,Western,,,,2023-06-09,human,amikacin,,,,reported AST,UNSPECIFIED_REPORTED,,S,measured_public,unknown,unknown,
SAMN48952988,PRJNA1273658,S data 1!row90;published_id=ECBN47,Escherichia coli,India,Western,,,,2023-06-09,human,colistin,,,,reported AST,UNSPECIFIED_REPORTED,,S,measured_public,unknown,unknown,
SAMN48952989,PRJNA1273658,S data 1!row91;published_id=ECBN51,Escherichia coli,India,Western,,,,2023-06-17,human,meropenem,,,,reported AST,UNSPECIFIED_REPORTED,,R,measured_public,unknown,unknown,
SAMN48952989,PRJNA1273658,S data 1!row91;published_id=ECBN51,Escherichia coli,India,Western,,,,2023-06-17,human,imipenem,,,,reported AST,UNSPECIFIED_REPORTED,,R,measured_public,unknown,unknown,
SAMN48952989,PRJNA1273658,S data 1!row91;published_id=ECBN51,Escherichia coli,India,Western,,,,2023-06-17,human,cefepime,,,,reported AST,UNSPECIFIED_REPORTED,,R,measured_public,unknown,unknown,
SAMN48952989,PRJNA1273658,S data 1!row91;published_id=ECBN51,Escherichia coli,India,Western,,,,2023-06-17,human,ceftazidime,,,,reported AST,UNSPECIFIED_REPORTED,,R,measured_public,unknown,unknown,
SAMN48952989,PRJNA1273658,S data 1!row91;published_id=ECBN51,Escherichia coli,India,Western,,,,2023-06-17,human,ciprofloxacin,,,,reported AST,UNSPECIFIED_REPORTED,,R,measured_public,unknown,unknown,
SAMN48952989,PRJNA1273658,S data 1!row91;published_id=ECBN51,Escherichia coli,India,Western,,,,2023-06-17,human,gentamicin,,,,reported AST,UNSPECIFIED_REPORTED,,S,measured_public,unknown,unknown,
SAMN48952989,PRJNA1273658,S data 1!row91;published_id=ECBN51,Escherichia coli,India,Western,,,,2023-06-17,human,amikacin,,,,reported AST,UNSPECIFIED_REPORTED,,R,measured_public,unknown,unknown,
SAMN48952989,PRJNA1273658,S data 1!row91;published_id=ECBN51,Escherichia coli,India,Western,,,,2023-06-17,human,colistin,,,,reported AST,UNSPECIFIED_REPORTED,,S,measured_public,unknown,unknown,
SAMN48952990,PRJNA1273658,S data 1!row92;published_id=ECBN52,Escherichia coli,India,Western,,,,2023-06-17,human,meropenem,,,,reported AST,UNSPECIFIED_REPORTED,,R,measured_public,unknown,unknown,
SAMN48952990,PRJNA1273658,S data 1!row92;published_id=ECBN52,Escherichia coli,India,Western,,,,2023-06-17,human,imipenem,,,,reported AST,UNSPECIFIED_REPORTED,,R,measured_public,unknown,unknown,
SAMN48952990,PRJNA1273658,S data 1!row92;published_id=ECBN52,Escherichia coli,India,Western,,,,2023-06-17,human,cefepime,,,,reported AST,UNSPECIFIED_REPORTED,,R,measured_public,unknown,unknown,
SAMN48952990,PRJNA1273658,S data 1!row92;published_id=ECBN52,Escherichia coli,India,Western,,,,2023-06-17,human,ceftazidime,,,,reported AST,UNSPECIFIED_REPORTED,,R,measured_public,unknown,unknown,
SAMN48952990,PRJNA1273658,S data 1!row92;published_id=ECBN52,Escherichia coli,India,Western,,,,2023-06-17,human,ciprofloxacin,,,,reported AST,UNSPECIFIED_REPORTED,,R,measured_public,unknown,unknown,
SAMN48952990,PRJNA1273658,S data 1!row92;published_id=ECBN52,Escherichia coli,India,Western,,,,2023-06-17,human,gentamicin,,,,reported AST,UNSPECIFIED_REPORTED,,S,measured_public,unknown,unknown,
SAMN48952990,PRJNA1273658,S data 1!row92;published_id=ECBN52,Escherichia coli,India,Western,,,,2023-06-17,human,amikacin,,,,reported AST,UNSPECIFIED_REPORTED,,S,measured_public,unknown,unknown,
SAMN48952990,PRJNA1273658,S data 1!row92;published_id=ECBN52,Escherichia coli,India,Western,,,,2023-06-17,human,colistin,,,,reported AST,UNSPECIFIED_REPORTED,,S,measured_public,unknown,unknown,
SAMN48952991,PRJNA1273658,S data 1!row93;published_id=ECUN158,Escherichia coli,India,Western,,,,2024-06-09,human,meropenem,,,,reported AST,UNSPECIFIED_REPORTED,,R,measured_public,unknown,unknown,
SAMN48952991,PRJNA1273658,S data 1!row93;published_id=ECUN158,Escherichia coli,India,Western,,,,2024-06-09,human,imipenem,,,,reported AST,UNSPECIFIED_REPORTED,,R,measured_public,unknown,unknown,
SAMN48952991,PRJNA1273658,S data 1!row93;published_id=ECUN158,Escherichia coli,India,Western,,,,2024-06-09,human,cefepime,,,,reported AST,UNSPECIFIED_REPORTED,,R,measured_public,unknown,unknown,
SAMN48952991,PRJNA1273658,S data 1!row93;published_id=ECUN158,Escherichia coli,India,Western,,,,2024-06-09,human,ceftazidime,,,,reported AST,UNSPECIFIED_REPORTED,,R,measured_public,unknown,unknown,
SAMN48952991,PRJNA1273658,S data 1!row93;published_id=ECUN158,Escherichia coli,India,Western,,,,2024-06-09,human,ciprofloxacin,,,,reported AST,UNSPECIFIED_REPORTED,,R,measured_public,unknown,unknown,
SAMN48952991,PRJNA1273658,S data 1!row93;published_id=ECUN158,Escherichia coli,India,Western,,,,2024-06-09,human,gentamicin,,,,reported AST,UNSPECIFIED_REPORTED,,R,measured_public,unknown,unknown,
SAMN48952991,PRJNA1273658,S data 1!row93;published_id=ECUN158,Escherichia coli,India,Western,,,,2024-06-09,human,amikacin,,,,reported AST,UNSPECIFIED_REPORTED,,R,measured_public,unknown,unknown,
SAMN48952991,PRJNA1273658,S data 1!row93;published_id=ECUN158,Escherichia coli,India,Western,,,,2024-06-09,human,colistin,,,,reported AST,UNSPECIFIED_REPORTED,,S,measured_public,unknown,unknown,
SAMN48952992,PRJNA1273658,S data 1!row94;published_id=ECUN162,Escherichia coli,India,Western,,,,2024-05-27,human,meropenem,,,,reported AST,UNSPECIFIED_REPORTED,,R,measured_public,unknown,unknown,
SAMN48952992,PRJNA1273658,S data 1!row94;published_id=ECUN162,Escherichia coli,India,Western,,,,2024-05-27,human,imipenem,,,,reported AST,UNSPECIFIED_REPORTED,,R,measured_public,unknown,unknown,
SAMN48952992,PRJNA1273658,S data 1!row94;published_id=ECUN162,Escherichia coli,India,Western,,,,2024-05-27,human,cefepime,,,,reported AST,UNSPECIFIED_REPORTED,,R,measured_public,unknown,unknown,
SAMN48952992,PRJNA1273658,S data 1!row94;published_id=ECUN162,Escherichia coli,India,Western,,,,2024-05-27,human,ceftazidime,,,,reported AST,UNSPECIFIED_REPORTED,,R,measured_public,unknown,unknown,
SAMN48952992,PRJNA1273658,S data 1!row94;published_id=ECUN162,Escherichia coli,India,Western,,,,2024-05-27,human,ciprofloxacin,,,,reported AST,UNSPECIFIED_REPORTED,,R,measured_public,unknown,unknown,
SAMN48952992,PRJNA1273658,S data 1!row94;published_id=ECUN162,Escherichia coli,India,Western,,,,2024-05-27,human,gentamicin,,,,reported AST,UNSPECIFIED_REPORTED,,R,measured_public,unknown,unknown,
SAMN48952992,PRJNA1273658,S data 1!row94;published_id=ECUN162,Escherichia coli,India,Western,,,,2024-05-27,human,amikacin,,,,reported AST,UNSPECIFIED_REPORTED,,S,measured_public,unknown,unknown,
SAMN48952992,PRJNA1273658,S data 1!row94;published_id=ECUN162,Escherichia coli,India,Western,,,,2024-05-27,human,colistin,,,,reported AST,UNSPECIFIED_REPORTED,,S,measured_public,unknown,unknown,
SAMN48952993,PRJNA1273658,S data 1!row95;published_id=ECUN68,Escherichia coli,India,Western,,,,2023-06-28,human,meropenem,,,,reported AST,UNSPECIFIED_REPORTED,,R,measured_public,unknown,unknown,
SAMN48952993,PRJNA1273658,S data 1!row95;published_id=ECUN68,Escherichia coli,India,Western,,,,2023-06-28,human,imipenem,,,,reported AST,UNSPECIFIED_REPORTED,,R,measured_public,unknown,unknown,
SAMN48952993,PRJNA1273658,S data 1!row95;published_id=ECUN68,Escherichia coli,India,Western,,,,2023-06-28,human,cefepime,,,,reported AST,UNSPECIFIED_REPORTED,,R,measured_public,unknown,unknown,
SAMN48952993,PRJNA1273658,S data 1!row95;published_id=ECUN68,Escherichia coli,India,Western,,,,2023-06-28,human,ceftazidime,,,,reported AST,UNSPECIFIED_REPORTED,,R,measured_public,unknown,unknown,
SAMN48952993,PRJNA1273658,S data 1!row95;published_id=ECUN68,Escherichia coli,India,Western,,,,2023-06-28,human,ciprofloxacin,,,,reported AST,UNSPECIFIED_REPORTED,,R,measured_public,unknown,unknown,
SAMN48952993,PRJNA1273658,S data 1!row95;published_id=ECUN68,Escherichia coli,India,Western,,,,2023-06-28,human,gentamicin,,,,reported AST,UNSPECIFIED_REPORTED,,S,measured_public,unknown,unknown,
SAMN48952993,PRJNA1273658,S data 1!row95;published_id=ECUN68,Escherichia coli,India,Western,,,,2023-06-28,human,amikacin,,,,reported AST,UNSPECIFIED_REPORTED,,S,measured_public,unknown,unknown,
SAMN48952993,PRJNA1273658,S data 1!row95;published_id=ECUN68,Escherichia coli,India,Western,,,,2023-06-28,human,colistin,,,,reported AST,UNSPECIFIED_REPORTED,,S,measured_public,unknown,unknown,
SAMN48952994,PRJNA1273658,S data 1!row96;published_id=ECUN70,Escherichia coli,India,Western,,,,2023-07-03,human,meropenem,,,,reported AST,UNSPECIFIED_REPORTED,,R,measured_public,unknown,unknown,
SAMN48952994,PRJNA1273658,S data 1!row96;published_id=ECUN70,Escherichia coli,India,Western,,,,2023-07-03,human,imipenem,,,,reported AST,UNSPECIFIED_REPORTED,,R,measured_public,unknown,unknown,
SAMN48952994,PRJNA1273658,S data 1!row96;published_id=ECUN70,Escherichia coli,India,Western,,,,2023-07-03,human,cefepime,,,,reported AST,UNSPECIFIED_REPORTED,,R,measured_public,unknown,unknown,
SAMN48952994,PRJNA1273658,S data 1!row96;published_id=ECUN70,Escherichia coli,India,Western,,,,2023-07-03,human,ceftazidime,,,,reported AST,UNSPECIFIED_REPORTED,,R,measured_public,unknown,unknown,
SAMN48952994,PRJNA1273658,S data 1!row96;published_id=ECUN70,Escherichia coli,India,Western,,,,2023-07-03,human,ciprofloxacin,,,,reported AST,UNSPECIFIED_REPORTED,,R,measured_public,unknown,unknown,
SAMN48952994,PRJNA1273658,S data 1!row96;published_id=ECUN70,Escherichia coli,India,Western,,,,2023-07-03,human,gentamicin,,,,reported AST,UNSPECIFIED_REPORTED,,R,measured_public,unknown,unknown,
SAMN48952994,PRJNA1273658,S data 1!row96;published_id=ECUN70,Escherichia coli,India,Western,,,,2023-07-03,human,amikacin,,,,reported AST,UNSPECIFIED_REPORTED,,R,measured_public,unknown,unknown,
SAMN48952994,PRJNA1273658,S data 1!row96;published_id=ECUN70,Escherichia coli,India,Western,,,,2023-07-03,human,colistin,,,,reported AST,UNSPECIFIED_REPORTED,,S,measured_public,unknown,unknown,
SAMN48952995,PRJNA1273658,S data 1!row97;published_id=ECUN72,Escherichia coli,India,Western,,,,2023-07-05,human,meropenem,,,,reported AST,UNSPECIFIED_REPORTED,,R,measured_public,unknown,unknown,
SAMN48952995,PRJNA1273658,S data 1!row97;published_id=ECUN72,Escherichia coli,India,Western,,,,2023-07-05,human,imipenem,,,,reported AST,UNSPECIFIED_REPORTED,,R,measured_public,unknown,unknown,
SAMN48952995,PRJNA1273658,S data 1!row97;published_id=ECUN72,Escherichia coli,India,Western,,,,2023-07-05,human,cefepime,,,,reported AST,UNSPECIFIED_REPORTED,,R,measured_public,unknown,unknown,
SAMN48952995,PRJNA1273658,S data 1!row97;published_id=ECUN72,Escherichia coli,India,Western,,,,2023-07-05,human,ceftazidime,,,,reported AST,UNSPECIFIED_REPORTED,,R,measured_public,unknown,unknown,
SAMN48952995,PRJNA1273658,S data 1!row97;published_id=ECUN72,Escherichia coli,India,Western,,,,2023-07-05,human,ciprofloxacin,,,,reported AST,UNSPECIFIED_REPORTED,,R,measured_public,unknown,unknown,
SAMN48952995,PRJNA1273658,S data 1!row97;published_id=ECUN72,Escherichia coli,India,Western,,,,2023-07-05,human,gentamicin,,,,reported AST,UNSPECIFIED_REPORTED,,R,measured_public,unknown,unknown,
SAMN48952995,PRJNA1273658,S data 1!row97;published_id=ECUN72,Escherichia coli,India,Western,,,,2023-07-05,human,amikacin,,,,reported AST,UNSPECIFIED_REPORTED,,R,measured_public,unknown,unknown,
SAMN48952995,PRJNA1273658,S data 1!row97;published_id=ECUN72,Escherichia coli,India,Western,,,,2023-07-05,human,colistin,,,,reported AST,UNSPECIFIED_REPORTED,,S,measured_public,unknown,unknown,
SAMN48952996,PRJNA1273658,S data 1!row98;published_id=ECUN76,Escherichia coli,India,Western,,,,2023-07-04,human,meropenem,,,,reported AST,UNSPECIFIED_REPORTED,,R,measured_public,unknown,unknown,
SAMN48952996,PRJNA1273658,S data 1!row98;published_id=ECUN76,Escherichia coli,India,Western,,,,2023-07-04,human,imipenem,,,,reported AST,UNSPECIFIED_REPORTED,,R,measured_public,unknown,unknown,
SAMN48952996,PRJNA1273658,S data 1!row98;published_id=ECUN76,Escherichia coli,India,Western,,,,2023-07-04,human,cefepime,,,,reported AST,UNSPECIFIED_REPORTED,,R,measured_public,unknown,unknown,
SAMN48952996,PRJNA1273658,S data 1!row98;published_id=ECUN76,Escherichia coli,India,Western,,,,2023-07-04,human,ceftazidime,,,,reported AST,UNSPECIFIED_REPORTED,,R,measured_public,unknown,unknown,
SAMN48952996,PRJNA1273658,S data 1!row98;published_id=ECUN76,Escherichia coli,India,Western,,,,2023-07-04,human,ciprofloxacin,,,,reported AST,UNSPECIFIED_REPORTED,,R,measured_public,unknown,unknown,
SAMN48952996,PRJNA1273658,S data 1!row98;published_id=ECUN76,Escherichia coli,India,Western,,,,2023-07-04,human,gentamicin,,,,reported AST,UNSPECIFIED_REPORTED,,R,measured_public,unknown,unknown,
SAMN48952996,PRJNA1273658,S data 1!row98;published_id=ECUN76,Escherichia coli,India,Western,,,,2023-07-04,human,amikacin,,,,reported AST,UNSPECIFIED_REPORTED,,R,measured_public,unknown,unknown,
SAMN48952996,PRJNA1273658,S data 1!row98;published_id=ECUN76,Escherichia coli,India,Western,,,,2023-07-04,human,colistin,,,,reported AST,UNSPECIFIED_REPORTED,,S,measured_public,unknown,unknown,
SAMN48952997,PRJNA1273658,S data 1!row99;published_id=ECUN78,Escherichia coli,India,Western,,,,2023-07-18,human,meropenem,,,,reported AST,UNSPECIFIED_REPORTED,,R,measured_public,unknown,unknown,
SAMN48952997,PRJNA1273658,S data 1!row99;published_id=ECUN78,Escherichia coli,India,Western,,,,2023-07-18,human,imipenem,,,,reported AST,UNSPECIFIED_REPORTED,,R,measured_public,unknown,unknown,
SAMN48952997,PRJNA1273658,S data 1!row99;published_id=ECUN78,Escherichia coli,India,Western,,,,2023-07-18,human,cefepime,,,,reported AST,UNSPECIFIED_REPORTED,,R,measured_public,unknown,unknown,
SAMN48952997,PRJNA1273658,S data 1!row99;published_id=ECUN78,Escherichia coli,India,Western,,,,2023-07-18,human,ceftazidime,,,,reported AST,UNSPECIFIED_REPORTED,,R,measured_public,unknown,unknown,
SAMN48952997,PRJNA1273658,S data 1!row99;published_id=ECUN78,Escherichia coli,India,Western,,,,2023-07-18,human,ciprofloxacin,,,,reported AST,UNSPECIFIED_REPORTED,,R,measured_public,unknown,unknown,
SAMN48952997,PRJNA1273658,S data 1!row99;published_id=ECUN78,Escherichia coli,India,Western,,,,2023-07-18,human,gentamicin,,,,reported AST,UNSPECIFIED_REPORTED,,S,measured_public,unknown,unknown,
SAMN48952997,PRJNA1273658,S data 1!row99;published_id=ECUN78,Escherichia coli,India,Western,,,,2023-07-18,human,amikacin,,,,reported AST,UNSPECIFIED_REPORTED,,S,measured_public,unknown,unknown,
SAMN48952997,PRJNA1273658,S data 1!row99;published_id=ECUN78,Escherichia coli,India,Western,,,,2023-07-18,human,colistin,,,,reported AST,UNSPECIFIED_REPORTED,,S,measured_public,unknown,unknown,
SAMN48952998,PRJNA1273658,S data 1!row100;published_id=ECUN98,Escherichia coli,India,Western,,,,2023-11-27,human,meropenem,,,,reported AST,UNSPECIFIED_REPORTED,,R,measured_public,unknown,unknown,
SAMN48952998,PRJNA1273658,S data 1!row100;published_id=ECUN98,Escherichia coli,India,Western,,,,2023-11-27,human,imipenem,,,,reported AST,UNSPECIFIED_REPORTED,,R,measured_public,unknown,unknown,
SAMN48952998,PRJNA1273658,S data 1!row100;published_id=ECUN98,Escherichia coli,India,Western,,,,2023-11-27,human,cefepime,,,,reported AST,UNSPECIFIED_REPORTED,,R,measured_public,unknown,unknown,
SAMN48952998,PRJNA1273658,S data 1!row100;published_id=ECUN98,Escherichia coli,India,Western,,,,2023-11-27,human,ceftazidime,,,,reported AST,UNSPECIFIED_REPORTED,,R,measured_public,unknown,unknown,
SAMN48952998,PRJNA1273658,S data 1!row100;published_id=ECUN98,Escherichia coli,India,Western,,,,2023-11-27,human,ciprofloxacin,,,,reported AST,UNSPECIFIED_REPORTED,,R,measured_public,unknown,unknown,
SAMN48952998,PRJNA1273658,S data 1!row100;published_id=ECUN98,Escherichia coli,India,Western,,,,2023-11-27,human,gentamicin,,,,reported AST,UNSPECIFIED_REPORTED,,R,measured_public,unknown,unknown,
SAMN48952998,PRJNA1273658,S data 1!row100;published_id=ECUN98,Escherichia coli,India,Western,,,,2023-11-27,human,amikacin,,,,reported AST,UNSPECIFIED_REPORTED,,R,measured_public,unknown,unknown,
SAMN48952998,PRJNA1273658,S data 1!row100;published_id=ECUN98,Escherichia coli,India,Western,,,,2023-11-27,human,colistin,,,,reported AST,UNSPECIFIED_REPORTED,,S,measured_public,unknown,unknown,
SAMN48952999,PRJNA1273658,S data 1!row101;published_id=ECUN99,Escherichia coli,India,Western,,,,2023-11-25,human,meropenem,,,,reported AST,UNSPECIFIED_REPORTED,,R,measured_public,unknown,unknown,
SAMN48952999,PRJNA1273658,S data 1!row101;published_id=ECUN99,Escherichia coli,India,Western,,,,2023-11-25,human,imipenem,,,,reported AST,UNSPECIFIED_REPORTED,,R,measured_public,unknown,unknown,
SAMN48952999,PRJNA1273658,S data 1!row101;published_id=ECUN99,Escherichia coli,India,Western,,,,2023-11-25,human,cefepime,,,,reported AST,UNSPECIFIED_REPORTED,,R,measured_public,unknown,unknown,
SAMN48952999,PRJNA1273658,S data 1!row101;published_id=ECUN99,Escherichia coli,India,Western,,,,2023-11-25,human,ceftazidime,,,,reported AST,UNSPECIFIED_REPORTED,,R,measured_public,unknown,unknown,
SAMN48952999,PRJNA1273658,S data 1!row101;published_id=ECUN99,Escherichia coli,India,Western,,,,2023-11-25,human,ciprofloxacin,,,,reported AST,UNSPECIFIED_REPORTED,,R,measured_public,unknown,unknown,
SAMN48952999,PRJNA1273658,S data 1!row101;published_id=ECUN99,Escherichia coli,India,Western,,,,2023-11-25,human,gentamicin,,,,reported AST,UNSPECIFIED_REPORTED,,R,measured_public,unknown,unknown,
SAMN48952999,PRJNA1273658,S data 1!row101;published_id=ECUN99,Escherichia coli,India,Western,,,,2023-11-25,human,amikacin,,,,reported AST,UNSPECIFIED_REPORTED,,I,measured_public,unknown,unknown,
SAMN48952999,PRJNA1273658,S data 1!row101;published_id=ECUN99,Escherichia coli,India,Western,,,,2023-11-25,human,colistin,,,,reported AST,UNSPECIFIED_REPORTED,,S,measured_public,unknown,unknown,
SAMN48953000,PRJNA1273658,S data 1!row102;published_id=EFM048,Enterococci,India,Northern,,,,2022-09-21,human,meropenem,,,,reported AST,UNSPECIFIED_REPORTED,,,measured_public,unknown,unknown,
SAMN48953000,PRJNA1273658,S data 1!row102;published_id=EFM048,Enterococci,India,Northern,,,,2022-09-21,human,imipenem,,,,reported AST,UNSPECIFIED_REPORTED,,,measured_public,unknown,unknown,
SAMN48953000,PRJNA1273658,S data 1!row102;published_id=EFM048,Enterococci,India,Northern,,,,2022-09-21,human,cefepime,,,,reported AST,UNSPECIFIED_REPORTED,,,measured_public,unknown,unknown,
SAMN48953000,PRJNA1273658,S data 1!row102;published_id=EFM048,Enterococci,India,Northern,,,,2022-09-21,human,ceftazidime,,,,reported AST,UNSPECIFIED_REPORTED,,,measured_public,unknown,unknown,
SAMN48953000,PRJNA1273658,S data 1!row102;published_id=EFM048,Enterococci,India,Northern,,,,2022-09-21,human,ciprofloxacin,,,,reported AST,UNSPECIFIED_REPORTED,,R,measured_public,unknown,unknown,
SAMN48953000,PRJNA1273658,S data 1!row102;published_id=EFM048,Enterococci,India,Northern,,,,2022-09-21,human,gentamicin,,,,reported AST,UNSPECIFIED_REPORTED,,,measured_public,unknown,unknown,
SAMN48953000,PRJNA1273658,S data 1!row102;published_id=EFM048,Enterococci,India,Northern,,,,2022-09-21,human,amikacin,,,,reported AST,UNSPECIFIED_REPORTED,,,measured_public,unknown,unknown,
SAMN48953000,PRJNA1273658,S data 1!row102;published_id=EFM048,Enterococci,India,Northern,,,,2022-09-21,human,colistin,,,,reported AST,UNSPECIFIED_REPORTED,,,measured_public,unknown,unknown,
SAMN48953001,PRJNA1273658,S data 1!row103;published_id=EFM065,Enterococci,India,Northern,,,,2023-07-27,human,meropenem,,,,reported AST,UNSPECIFIED_REPORTED,,,measured_public,unknown,unknown,
SAMN48953001,PRJNA1273658,S data 1!row103;published_id=EFM065,Enterococci,India,Northern,,,,2023-07-27,human,imipenem,,,,reported AST,UNSPECIFIED_REPORTED,,,measured_public,unknown,unknown,
SAMN48953001,PRJNA1273658,S data 1!row103;published_id=EFM065,Enterococci,India,Northern,,,,2023-07-27,human,cefepime,,,,reported AST,UNSPECIFIED_REPORTED,,,measured_public,unknown,unknown,
SAMN48953001,PRJNA1273658,S data 1!row103;published_id=EFM065,Enterococci,India,Northern,,,,2023-07-27,human,ceftazidime,,,,reported AST,UNSPECIFIED_REPORTED,,,measured_public,unknown,unknown,
SAMN48953001,PRJNA1273658,S data 1!row103;published_id=EFM065,Enterococci,India,Northern,,,,2023-07-27,human,ciprofloxacin,,,,reported AST,UNSPECIFIED_REPORTED,,,measured_public,unknown,unknown,
SAMN48953001,PRJNA1273658,S data 1!row103;published_id=EFM065,Enterococci,India,Northern,,,,2023-07-27,human,gentamicin,,,,reported AST,UNSPECIFIED_REPORTED,,,measured_public,unknown,unknown,
SAMN48953001,PRJNA1273658,S data 1!row103;published_id=EFM065,Enterococci,India,Northern,,,,2023-07-27,human,amikacin,,,,reported AST,UNSPECIFIED_REPORTED,,,measured_public,unknown,unknown,
SAMN48953001,PRJNA1273658,S data 1!row103;published_id=EFM065,Enterococci,India,Northern,,,,2023-07-27,human,colistin,,,,reported AST,UNSPECIFIED_REPORTED,,,measured_public,unknown,unknown,
SAMN48953002,PRJNA1273658,S data 1!row104;published_id=EFM066,Enterococci,India,Northern,,,,2023-09-10,human,meropenem,,,,reported AST,UNSPECIFIED_REPORTED,,,measured_public,unknown,unknown,
SAMN48953002,PRJNA1273658,S data 1!row104;published_id=EFM066,Enterococci,India,Northern,,,,2023-09-10,human,imipenem,,,,reported AST,UNSPECIFIED_REPORTED,,,measured_public,unknown,unknown,
SAMN48953002,PRJNA1273658,S data 1!row104;published_id=EFM066,Enterococci,India,Northern,,,,2023-09-10,human,cefepime,,,,reported AST,UNSPECIFIED_REPORTED,,,measured_public,unknown,unknown,
SAMN48953002,PRJNA1273658,S data 1!row104;published_id=EFM066,Enterococci,India,Northern,,,,2023-09-10,human,ceftazidime,,,,reported AST,UNSPECIFIED_REPORTED,,,measured_public,unknown,unknown,
SAMN48953002,PRJNA1273658,S data 1!row104;published_id=EFM066,Enterococci,India,Northern,,,,2023-09-10,human,ciprofloxacin,,,,reported AST,UNSPECIFIED_REPORTED,,,measured_public,unknown,unknown,
SAMN48953002,PRJNA1273658,S data 1!row104;published_id=EFM066,Enterococci,India,Northern,,,,2023-09-10,human,gentamicin,,,,reported AST,UNSPECIFIED_REPORTED,,,measured_public,unknown,unknown,
SAMN48953002,PRJNA1273658,S data 1!row104;published_id=EFM066,Enterococci,India,Northern,,,,2023-09-10,human,amikacin,,,,reported AST,UNSPECIFIED_REPORTED,,,measured_public,unknown,unknown,
SAMN48953002,PRJNA1273658,S data 1!row104;published_id=EFM066,Enterococci,India,Northern,,,,2023-09-10,human,colistin,,,,reported AST,UNSPECIFIED_REPORTED,,,measured_public,unknown,unknown,
SAMN48953003,PRJNA1273658,S data 1!row105;published_id=EFM069,Enterococci,India,Northern,,,,2023-09-28,human,meropenem,,,,reported AST,UNSPECIFIED_REPORTED,,,measured_public,unknown,unknown,
SAMN48953003,PRJNA1273658,S data 1!row105;published_id=EFM069,Enterococci,India,Northern,,,,2023-09-28,human,imipenem,,,,reported AST,UNSPECIFIED_REPORTED,,,measured_public,unknown,unknown,
SAMN48953003,PRJNA1273658,S data 1!row105;published_id=EFM069,Enterococci,India,Northern,,,,2023-09-28,human,cefepime,,,,reported AST,UNSPECIFIED_REPORTED,,,measured_public,unknown,unknown,
SAMN48953003,PRJNA1273658,S data 1!row105;published_id=EFM069,Enterococci,India,Northern,,,,2023-09-28,human,ceftazidime,,,,reported AST,UNSPECIFIED_REPORTED,,,measured_public,unknown,unknown,
SAMN48953003,PRJNA1273658,S data 1!row105;published_id=EFM069,Enterococci,India,Northern,,,,2023-09-28,human,ciprofloxacin,,,,reported AST,UNSPECIFIED_REPORTED,,,measured_public,unknown,unknown,
SAMN48953003,PRJNA1273658,S data 1!row105;published_id=EFM069,Enterococci,India,Northern,,,,2023-09-28,human,gentamicin,,,,reported AST,UNSPECIFIED_REPORTED,,,measured_public,unknown,unknown,
SAMN48953003,PRJNA1273658,S data 1!row105;published_id=EFM069,Enterococci,India,Northern,,,,2023-09-28,human,amikacin,,,,reported AST,UNSPECIFIED_REPORTED,,,measured_public,unknown,unknown,
SAMN48953003,PRJNA1273658,S data 1!row105;published_id=EFM069,Enterococci,India,Northern,,,,2023-09-28,human,colistin,,,,reported AST,UNSPECIFIED_REPORTED,,,measured_public,unknown,unknown,
SAMN48953004,PRJNA1273658,S data 1!row106;published_id=EFM100,Enterococci,India,Northern,,,,2023-11-30,human,meropenem,,,,reported AST,UNSPECIFIED_REPORTED,,,measured_public,unknown,unknown,
SAMN48953004,PRJNA1273658,S data 1!row106;published_id=EFM100,Enterococci,India,Northern,,,,2023-11-30,human,imipenem,,,,reported AST,UNSPECIFIED_REPORTED,,,measured_public,unknown,unknown,
SAMN48953004,PRJNA1273658,S data 1!row106;published_id=EFM100,Enterococci,India,Northern,,,,2023-11-30,human,cefepime,,,,reported AST,UNSPECIFIED_REPORTED,,,measured_public,unknown,unknown,
SAMN48953004,PRJNA1273658,S data 1!row106;published_id=EFM100,Enterococci,India,Northern,,,,2023-11-30,human,ceftazidime,,,,reported AST,UNSPECIFIED_REPORTED,,,measured_public,unknown,unknown,
SAMN48953004,PRJNA1273658,S data 1!row106;published_id=EFM100,Enterococci,India,Northern,,,,2023-11-30,human,ciprofloxacin,,,,reported AST,UNSPECIFIED_REPORTED,,,measured_public,unknown,unknown,
SAMN48953004,PRJNA1273658,S data 1!row106;published_id=EFM100,Enterococci,India,Northern,,,,2023-11-30,human,gentamicin,,,,reported AST,UNSPECIFIED_REPORTED,,,measured_public,unknown,unknown,
SAMN48953004,PRJNA1273658,S data 1!row106;published_id=EFM100,Enterococci,India,Northern,,,,2023-11-30,human,amikacin,,,,reported AST,UNSPECIFIED_REPORTED,,,measured_public,unknown,unknown,
SAMN48953004,PRJNA1273658,S data 1!row106;published_id=EFM100,Enterococci,India,Northern,,,,2023-11-30,human,colistin,,,,reported AST,UNSPECIFIED_REPORTED,,,measured_public,unknown,unknown,
SAMN48953005,PRJNA1273658,S data 1!row107;published_id=EFM101,Enterococci,India,Northern,,,,2023-11-28,human,meropenem,,,,reported AST,UNSPECIFIED_REPORTED,,,measured_public,unknown,unknown,
SAMN48953005,PRJNA1273658,S data 1!row107;published_id=EFM101,Enterococci,India,Northern,,,,2023-11-28,human,imipenem,,,,reported AST,UNSPECIFIED_REPORTED,,,measured_public,unknown,unknown,
SAMN48953005,PRJNA1273658,S data 1!row107;published_id=EFM101,Enterococci,India,Northern,,,,2023-11-28,human,cefepime,,,,reported AST,UNSPECIFIED_REPORTED,,,measured_public,unknown,unknown,
SAMN48953005,PRJNA1273658,S data 1!row107;published_id=EFM101,Enterococci,India,Northern,,,,2023-11-28,human,ceftazidime,,,,reported AST,UNSPECIFIED_REPORTED,,,measured_public,unknown,unknown,
SAMN48953005,PRJNA1273658,S data 1!row107;published_id=EFM101,Enterococci,India,Northern,,,,2023-11-28,human,ciprofloxacin,,,,reported AST,UNSPECIFIED_REPORTED,,,measured_public,unknown,unknown,
SAMN48953005,PRJNA1273658,S data 1!row107;published_id=EFM101,Enterococci,India,Northern,,,,2023-11-28,human,gentamicin,,,,reported AST,UNSPECIFIED_REPORTED,,,measured_public,unknown,unknown,
SAMN48953005,PRJNA1273658,S data 1!row107;published_id=EFM101,Enterococci,India,Northern,,,,2023-11-28,human,amikacin,,,,reported AST,UNSPECIFIED_REPORTED,,,measured_public,unknown,unknown,
SAMN48953005,PRJNA1273658,S data 1!row107;published_id=EFM101,Enterococci,India,Northern,,,,2023-11-28,human,colistin,,,,reported AST,UNSPECIFIED_REPORTED,,,measured_public,unknown,unknown,
SAMN48953006,PRJNA1273658,S data 1!row108;published_id=EFM104,Enterococci,India,Northern,,,,2023-12-08,human,meropenem,,,,reported AST,UNSPECIFIED_REPORTED,,,measured_public,unknown,unknown,
SAMN48953006,PRJNA1273658,S data 1!row108;published_id=EFM104,Enterococci,India,Northern,,,,2023-12-08,human,imipenem,,,,reported AST,UNSPECIFIED_REPORTED,,,measured_public,unknown,unknown,
SAMN48953006,PRJNA1273658,S data 1!row108;published_id=EFM104,Enterococci,India,Northern,,,,2023-12-08,human,cefepime,,,,reported AST,UNSPECIFIED_REPORTED,,,measured_public,unknown,unknown,
SAMN48953006,PRJNA1273658,S data 1!row108;published_id=EFM104,Enterococci,India,Northern,,,,2023-12-08,human,ceftazidime,,,,reported AST,UNSPECIFIED_REPORTED,,,measured_public,unknown,unknown,
SAMN48953006,PRJNA1273658,S data 1!row108;published_id=EFM104,Enterococci,India,Northern,,,,2023-12-08,human,ciprofloxacin,,,,reported AST,UNSPECIFIED_REPORTED,,,measured_public,unknown,unknown,
SAMN48953006,PRJNA1273658,S data 1!row108;published_id=EFM104,Enterococci,India,Northern,,,,2023-12-08,human,gentamicin,,,,reported AST,UNSPECIFIED_REPORTED,,,measured_public,unknown,unknown,
SAMN48953006,PRJNA1273658,S data 1!row108;published_id=EFM104,Enterococci,India,Northern,,,,2023-12-08,human,amikacin,,,,reported AST,UNSPECIFIED_REPORTED,,,measured_public,unknown,unknown,
SAMN48953006,PRJNA1273658,S data 1!row108;published_id=EFM104,Enterococci,India,Northern,,,,2023-12-08,human,colistin,,,,reported AST,UNSPECIFIED_REPORTED,,,measured_public,unknown,unknown,
SAMN48953007,PRJNA1273658,S data 1!row109;published_id=EFM125,Enterococci,India,Northern,,,,2024-01-18,human,meropenem,,,,reported AST,UNSPECIFIED_REPORTED,,,measured_public,unknown,unknown,
SAMN48953007,PRJNA1273658,S data 1!row109;published_id=EFM125,Enterococci,India,Northern,,,,2024-01-18,human,imipenem,,,,reported AST,UNSPECIFIED_REPORTED,,,measured_public,unknown,unknown,
SAMN48953007,PRJNA1273658,S data 1!row109;published_id=EFM125,Enterococci,India,Northern,,,,2024-01-18,human,cefepime,,,,reported AST,UNSPECIFIED_REPORTED,,,measured_public,unknown,unknown,
SAMN48953007,PRJNA1273658,S data 1!row109;published_id=EFM125,Enterococci,India,Northern,,,,2024-01-18,human,ceftazidime,,,,reported AST,UNSPECIFIED_REPORTED,,,measured_public,unknown,unknown,
SAMN48953007,PRJNA1273658,S data 1!row109;published_id=EFM125,Enterococci,India,Northern,,,,2024-01-18,human,ciprofloxacin,,,,reported AST,UNSPECIFIED_REPORTED,,,measured_public,unknown,unknown,
SAMN48953007,PRJNA1273658,S data 1!row109;published_id=EFM125,Enterococci,India,Northern,,,,2024-01-18,human,gentamicin,,,,reported AST,UNSPECIFIED_REPORTED,,,measured_public,unknown,unknown,
SAMN48953007,PRJNA1273658,S data 1!row109;published_id=EFM125,Enterococci,India,Northern,,,,2024-01-18,human,amikacin,,,,reported AST,UNSPECIFIED_REPORTED,,,measured_public,unknown,unknown,
SAMN48953007,PRJNA1273658,S data 1!row109;published_id=EFM125,Enterococci,India,Northern,,,,2024-01-18,human,colistin,,,,reported AST,UNSPECIFIED_REPORTED,,,measured_public,unknown,unknown,
SAMN48953008,PRJNA1273658,S data 1!row110;published_id=EFM126,Enterococci,India,Northern,,,,2024-01-31,human,meropenem,,,,reported AST,UNSPECIFIED_REPORTED,,,measured_public,unknown,unknown,
SAMN48953008,PRJNA1273658,S data 1!row110;published_id=EFM126,Enterococci,India,Northern,,,,2024-01-31,human,imipenem,,,,reported AST,UNSPECIFIED_REPORTED,,,measured_public,unknown,unknown,
SAMN48953008,PRJNA1273658,S data 1!row110;published_id=EFM126,Enterococci,India,Northern,,,,2024-01-31,human,cefepime,,,,reported AST,UNSPECIFIED_REPORTED,,,measured_public,unknown,unknown,
SAMN48953008,PRJNA1273658,S data 1!row110;published_id=EFM126,Enterococci,India,Northern,,,,2024-01-31,human,ceftazidime,,,,reported AST,UNSPECIFIED_REPORTED,,,measured_public,unknown,unknown,
SAMN48953008,PRJNA1273658,S data 1!row110;published_id=EFM126,Enterococci,India,Northern,,,,2024-01-31,human,ciprofloxacin,,,,reported AST,UNSPECIFIED_REPORTED,,,measured_public,unknown,unknown,
SAMN48953008,PRJNA1273658,S data 1!row110;published_id=EFM126,Enterococci,India,Northern,,,,2024-01-31,human,gentamicin,,,,reported AST,UNSPECIFIED_REPORTED,,,measured_public,unknown,unknown,
SAMN48953008,PRJNA1273658,S data 1!row110;published_id=EFM126,Enterococci,India,Northern,,,,2024-01-31,human,amikacin,,,,reported AST,UNSPECIFIED_REPORTED,,,measured_public,unknown,unknown,
SAMN48953008,PRJNA1273658,S data 1!row110;published_id=EFM126,Enterococci,India,Northern,,,,2024-01-31,human,colistin,,,,reported AST,UNSPECIFIED_REPORTED,,,measured_public,unknown,unknown,
SAMN48953009,PRJNA1273658,S data 1!row111;published_id=EFM159,Enterococci,India,Northern,,,,2024-01-15,human,meropenem,,,,reported AST,UNSPECIFIED_REPORTED,,,measured_public,unknown,unknown,
SAMN48953009,PRJNA1273658,S data 1!row111;published_id=EFM159,Enterococci,India,Northern,,,,2024-01-15,human,imipenem,,,,reported AST,UNSPECIFIED_REPORTED,,,measured_public,unknown,unknown,
SAMN48953009,PRJNA1273658,S data 1!row111;published_id=EFM159,Enterococci,India,Northern,,,,2024-01-15,human,cefepime,,,,reported AST,UNSPECIFIED_REPORTED,,,measured_public,unknown,unknown,
SAMN48953009,PRJNA1273658,S data 1!row111;published_id=EFM159,Enterococci,India,Northern,,,,2024-01-15,human,ceftazidime,,,,reported AST,UNSPECIFIED_REPORTED,,,measured_public,unknown,unknown,
SAMN48953009,PRJNA1273658,S data 1!row111;published_id=EFM159,Enterococci,India,Northern,,,,2024-01-15,human,ciprofloxacin,,,,reported AST,UNSPECIFIED_REPORTED,,,measured_public,unknown,unknown,
SAMN48953009,PRJNA1273658,S data 1!row111;published_id=EFM159,Enterococci,India,Northern,,,,2024-01-15,human,gentamicin,,,,reported AST,UNSPECIFIED_REPORTED,,,measured_public,unknown,unknown,
SAMN48953009,PRJNA1273658,S data 1!row111;published_id=EFM159,Enterococci,India,Northern,,,,2024-01-15,human,amikacin,,,,reported AST,UNSPECIFIED_REPORTED,,,measured_public,unknown,unknown,
SAMN48953009,PRJNA1273658,S data 1!row111;published_id=EFM159,Enterococci,India,Northern,,,,2024-01-15,human,colistin,,,,reported AST,UNSPECIFIED_REPORTED,,,measured_public,unknown,unknown,
SAMN48953010,PRJNA1273658,S data 1!row112;published_id=EFM173,Enterococci,India,Northern,,,,2024-04-27,human,meropenem,,,,reported AST,UNSPECIFIED_REPORTED,,,measured_public,unknown,unknown,
SAMN48953010,PRJNA1273658,S data 1!row112;published_id=EFM173,Enterococci,India,Northern,,,,2024-04-27,human,imipenem,,,,reported AST,UNSPECIFIED_REPORTED,,,measured_public,unknown,unknown,
SAMN48953010,PRJNA1273658,S data 1!row112;published_id=EFM173,Enterococci,India,Northern,,,,2024-04-27,human,cefepime,,,,reported AST,UNSPECIFIED_REPORTED,,,measured_public,unknown,unknown,
SAMN48953010,PRJNA1273658,S data 1!row112;published_id=EFM173,Enterococci,India,Northern,,,,2024-04-27,human,ceftazidime,,,,reported AST,UNSPECIFIED_REPORTED,,,measured_public,unknown,unknown,
SAMN48953010,PRJNA1273658,S data 1!row112;published_id=EFM173,Enterococci,India,Northern,,,,2024-04-27,human,ciprofloxacin,,,,reported AST,UNSPECIFIED_REPORTED,,,measured_public,unknown,unknown,
SAMN48953010,PRJNA1273658,S data 1!row112;published_id=EFM173,Enterococci,India,Northern,,,,2024-04-27,human,gentamicin,,,,reported AST,UNSPECIFIED_REPORTED,,,measured_public,unknown,unknown,
SAMN48953010,PRJNA1273658,S data 1!row112;published_id=EFM173,Enterococci,India,Northern,,,,2024-04-27,human,amikacin,,,,reported AST,UNSPECIFIED_REPORTED,,,measured_public,unknown,unknown,
SAMN48953010,PRJNA1273658,S data 1!row112;published_id=EFM173,Enterococci,India,Northern,,,,2024-04-27,human,colistin,,,,reported AST,UNSPECIFIED_REPORTED,,,measured_public,unknown,unknown,
SAMN48953011,PRJNA1273658,S data 1!row113;published_id=EFM174,Enterococci,India,Northern,,,,2024-04-27,human,meropenem,,,,reported AST,UNSPECIFIED_REPORTED,,,measured_public,unknown,unknown,
SAMN48953011,PRJNA1273658,S data 1!row113;published_id=EFM174,Enterococci,India,Northern,,,,2024-04-27,human,imipenem,,,,reported AST,UNSPECIFIED_REPORTED,,,measured_public,unknown,unknown,
SAMN48953011,PRJNA1273658,S data 1!row113;published_id=EFM174,Enterococci,India,Northern,,,,2024-04-27,human,cefepime,,,,reported AST,UNSPECIFIED_REPORTED,,,measured_public,unknown,unknown,
SAMN48953011,PRJNA1273658,S data 1!row113;published_id=EFM174,Enterococci,India,Northern,,,,2024-04-27,human,ceftazidime,,,,reported AST,UNSPECIFIED_REPORTED,,,measured_public,unknown,unknown,
SAMN48953011,PRJNA1273658,S data 1!row113;published_id=EFM174,Enterococci,India,Northern,,,,2024-04-27,human,ciprofloxacin,,,,reported AST,UNSPECIFIED_REPORTED,,,measured_public,unknown,unknown,
SAMN48953011,PRJNA1273658,S data 1!row113;published_id=EFM174,Enterococci,India,Northern,,,,2024-04-27,human,gentamicin,,,,reported AST,UNSPECIFIED_REPORTED,,,measured_public,unknown,unknown,
SAMN48953011,PRJNA1273658,S data 1!row113;published_id=EFM174,Enterococci,India,Northern,,,,2024-04-27,human,amikacin,,,,reported AST,UNSPECIFIED_REPORTED,,,measured_public,unknown,unknown,
SAMN48953011,PRJNA1273658,S data 1!row113;published_id=EFM174,Enterococci,India,Northern,,,,2024-04-27,human,colistin,,,,reported AST,UNSPECIFIED_REPORTED,,,measured_public,unknown,unknown,
SAMN48953012,PRJNA1273658,S data 1!row114;published_id=EFP1,Enterococci,India,Western,,,,2022-07-28,human,meropenem,,,,reported AST,UNSPECIFIED_REPORTED,,,measured_public,unknown,unknown,
SAMN48953012,PRJNA1273658,S data 1!row114;published_id=EFP1,Enterococci,India,Western,,,,2022-07-28,human,imipenem,,,,reported AST,UNSPECIFIED_REPORTED,,,measured_public,unknown,unknown,
SAMN48953012,PRJNA1273658,S data 1!row114;published_id=EFP1,Enterococci,India,Western,,,,2022-07-28,human,cefepime,,,,reported AST,UNSPECIFIED_REPORTED,,,measured_public,unknown,unknown,
SAMN48953012,PRJNA1273658,S data 1!row114;published_id=EFP1,Enterococci,India,Western,,,,2022-07-28,human,ceftazidime,,,,reported AST,UNSPECIFIED_REPORTED,,,measured_public,unknown,unknown,
SAMN48953012,PRJNA1273658,S data 1!row114;published_id=EFP1,Enterococci,India,Western,,,,2022-07-28,human,ciprofloxacin,,,,reported AST,UNSPECIFIED_REPORTED,,,measured_public,unknown,unknown,
SAMN48953012,PRJNA1273658,S data 1!row114;published_id=EFP1,Enterococci,India,Western,,,,2022-07-28,human,gentamicin,,,,reported AST,UNSPECIFIED_REPORTED,,,measured_public,unknown,unknown,
SAMN48953012,PRJNA1273658,S data 1!row114;published_id=EFP1,Enterococci,India,Western,,,,2022-07-28,human,amikacin,,,,reported AST,UNSPECIFIED_REPORTED,,,measured_public,unknown,unknown,
SAMN48953012,PRJNA1273658,S data 1!row114;published_id=EFP1,Enterococci,India,Western,,,,2022-07-28,human,colistin,,,,reported AST,UNSPECIFIED_REPORTED,,,measured_public,unknown,unknown,
SAMN48953013,PRJNA1273658,S data 1!row115;published_id=EFP4,Enterococci,India,Western,,,,2022-08-04,human,meropenem,,,,reported AST,UNSPECIFIED_REPORTED,,,measured_public,unknown,unknown,
SAMN48953013,PRJNA1273658,S data 1!row115;published_id=EFP4,Enterococci,India,Western,,,,2022-08-04,human,imipenem,,,,reported AST,UNSPECIFIED_REPORTED,,,measured_public,unknown,unknown,
SAMN48953013,PRJNA1273658,S data 1!row115;published_id=EFP4,Enterococci,India,Western,,,,2022-08-04,human,cefepime,,,,reported AST,UNSPECIFIED_REPORTED,,,measured_public,unknown,unknown,
SAMN48953013,PRJNA1273658,S data 1!row115;published_id=EFP4,Enterococci,India,Western,,,,2022-08-04,human,ceftazidime,,,,reported AST,UNSPECIFIED_REPORTED,,,measured_public,unknown,unknown,
SAMN48953013,PRJNA1273658,S data 1!row115;published_id=EFP4,Enterococci,India,Western,,,,2022-08-04,human,ciprofloxacin,,,,reported AST,UNSPECIFIED_REPORTED,,,measured_public,unknown,unknown,
SAMN48953013,PRJNA1273658,S data 1!row115;published_id=EFP4,Enterococci,India,Western,,,,2022-08-04,human,gentamicin,,,,reported AST,UNSPECIFIED_REPORTED,,,measured_public,unknown,unknown,
SAMN48953013,PRJNA1273658,S data 1!row115;published_id=EFP4,Enterococci,India,Western,,,,2022-08-04,human,amikacin,,,,reported AST,UNSPECIFIED_REPORTED,,,measured_public,unknown,unknown,
SAMN48953013,PRJNA1273658,S data 1!row115;published_id=EFP4,Enterococci,India,Western,,,,2022-08-04,human,colistin,,,,reported AST,UNSPECIFIED_REPORTED,,,measured_public,unknown,unknown,
SAMN48953014,PRJNA1273658,S data 1!row116;published_id=EFP5,Enterococci,India,Western,,,,2022-08-05,human,meropenem,,,,reported AST,UNSPECIFIED_REPORTED,,,measured_public,unknown,unknown,
SAMN48953014,PRJNA1273658,S data 1!row116;published_id=EFP5,Enterococci,India,Western,,,,2022-08-05,human,imipenem,,,,reported AST,UNSPECIFIED_REPORTED,,,measured_public,unknown,unknown,
SAMN48953014,PRJNA1273658,S data 1!row116;published_id=EFP5,Enterococci,India,Western,,,,2022-08-05,human,cefepime,,,,reported AST,UNSPECIFIED_REPORTED,,,measured_public,unknown,unknown,
SAMN48953014,PRJNA1273658,S data 1!row116;published_id=EFP5,Enterococci,India,Western,,,,2022-08-05,human,ceftazidime,,,,reported AST,UNSPECIFIED_REPORTED,,,measured_public,unknown,unknown,
SAMN48953014,PRJNA1273658,S data 1!row116;published_id=EFP5,Enterococci,India,Western,,,,2022-08-05,human,ciprofloxacin,,,,reported AST,UNSPECIFIED_REPORTED,,,measured_public,unknown,unknown,
SAMN48953014,PRJNA1273658,S data 1!row116;published_id=EFP5,Enterococci,India,Western,,,,2022-08-05,human,gentamicin,,,,reported AST,UNSPECIFIED_REPORTED,,,measured_public,unknown,unknown,
SAMN48953014,PRJNA1273658,S data 1!row116;published_id=EFP5,Enterococci,India,Western,,,,2022-08-05,human,amikacin,,,,reported AST,UNSPECIFIED_REPORTED,,,measured_public,unknown,unknown,
SAMN48953014,PRJNA1273658,S data 1!row116;published_id=EFP5,Enterococci,India,Western,,,,2022-08-05,human,colistin,,,,reported AST,UNSPECIFIED_REPORTED,,,measured_public,unknown,unknown,
SAMN48953015,PRJNA1273658,S data 1!row117;published_id=EFP6,Enterococci,India,Western,,,,2022-08-06,human,meropenem,,,,reported AST,UNSPECIFIED_REPORTED,,,measured_public,unknown,unknown,
SAMN48953015,PRJNA1273658,S data 1!row117;published_id=EFP6,Enterococci,India,Western,,,,2022-08-06,human,imipenem,,,,reported AST,UNSPECIFIED_REPORTED,,,measured_public,unknown,unknown,
SAMN48953015,PRJNA1273658,S data 1!row117;published_id=EFP6,Enterococci,India,Western,,,,2022-08-06,human,cefepime,,,,reported AST,UNSPECIFIED_REPORTED,,,measured_public,unknown,unknown,
SAMN48953015,PRJNA1273658,S data 1!row117;published_id=EFP6,Enterococci,India,Western,,,,2022-08-06,human,ceftazidime,,,,reported AST,UNSPECIFIED_REPORTED,,,measured_public,unknown,unknown,
SAMN48953015,PRJNA1273658,S data 1!row117;published_id=EFP6,Enterococci,India,Western,,,,2022-08-06,human,ciprofloxacin,,,,reported AST,UNSPECIFIED_REPORTED,,,measured_public,unknown,unknown,
SAMN48953015,PRJNA1273658,S data 1!row117;published_id=EFP6,Enterococci,India,Western,,,,2022-08-06,human,gentamicin,,,,reported AST,UNSPECIFIED_REPORTED,,,measured_public,unknown,unknown,
SAMN48953015,PRJNA1273658,S data 1!row117;published_id=EFP6,Enterococci,India,Western,,,,2022-08-06,human,amikacin,,,,reported AST,UNSPECIFIED_REPORTED,,,measured_public,unknown,unknown,
SAMN48953015,PRJNA1273658,S data 1!row117;published_id=EFP6,Enterococci,India,Western,,,,2022-08-06,human,colistin,,,,reported AST,UNSPECIFIED_REPORTED,,,measured_public,unknown,unknown,
SAMN48953016,PRJNA1273658,S data 1!row118;published_id=EFUP119,Enterococci,India,Western,,,,2024-01-21,human,meropenem,,,,reported AST,UNSPECIFIED_REPORTED,,,measured_public,unknown,unknown,
SAMN48953016,PRJNA1273658,S data 1!row118;published_id=EFUP119,Enterococci,India,Western,,,,2024-01-21,human,imipenem,,,,reported AST,UNSPECIFIED_REPORTED,,,measured_public,unknown,unknown,
SAMN48953016,PRJNA1273658,S data 1!row118;published_id=EFUP119,Enterococci,India,Western,,,,2024-01-21,human,cefepime,,,,reported AST,UNSPECIFIED_REPORTED,,,measured_public,unknown,unknown,
SAMN48953016,PRJNA1273658,S data 1!row118;published_id=EFUP119,Enterococci,India,Western,,,,2024-01-21,human,ceftazidime,,,,reported AST,UNSPECIFIED_REPORTED,,,measured_public,unknown,unknown,
SAMN48953016,PRJNA1273658,S data 1!row118;published_id=EFUP119,Enterococci,India,Western,,,,2024-01-21,human,ciprofloxacin,,,,reported AST,UNSPECIFIED_REPORTED,,R,measured_public,unknown,unknown,
SAMN48953016,PRJNA1273658,S data 1!row118;published_id=EFUP119,Enterococci,India,Western,,,,2024-01-21,human,gentamicin,,,,reported AST,UNSPECIFIED_REPORTED,,,measured_public,unknown,unknown,
SAMN48953016,PRJNA1273658,S data 1!row118;published_id=EFUP119,Enterococci,India,Western,,,,2024-01-21,human,amikacin,,,,reported AST,UNSPECIFIED_REPORTED,,,measured_public,unknown,unknown,
SAMN48953016,PRJNA1273658,S data 1!row118;published_id=EFUP119,Enterococci,India,Western,,,,2024-01-21,human,colistin,,,,reported AST,UNSPECIFIED_REPORTED,,,measured_public,unknown,unknown,
SAMN48953017,PRJNA1273658,S data 1!row119;published_id=ESPUP117,Enterococci,India,Western,,,,2024-01-07,human,meropenem,,,,reported AST,UNSPECIFIED_REPORTED,,,measured_public,unknown,unknown,
SAMN48953017,PRJNA1273658,S data 1!row119;published_id=ESPUP117,Enterococci,India,Western,,,,2024-01-07,human,imipenem,,,,reported AST,UNSPECIFIED_REPORTED,,,measured_public,unknown,unknown,
SAMN48953017,PRJNA1273658,S data 1!row119;published_id=ESPUP117,Enterococci,India,Western,,,,2024-01-07,human,cefepime,,,,reported AST,UNSPECIFIED_REPORTED,,,measured_public,unknown,unknown,
SAMN48953017,PRJNA1273658,S data 1!row119;published_id=ESPUP117,Enterococci,India,Western,,,,2024-01-07,human,ceftazidime,,,,reported AST,UNSPECIFIED_REPORTED,,,measured_public,unknown,unknown,
SAMN48953017,PRJNA1273658,S data 1!row119;published_id=ESPUP117,Enterococci,India,Western,,,,2024-01-07,human,ciprofloxacin,,,,reported AST,UNSPECIFIED_REPORTED,,R,measured_public,unknown,unknown,
SAMN48953017,PRJNA1273658,S data 1!row119;published_id=ESPUP117,Enterococci,India,Western,,,,2024-01-07,human,gentamicin,,,,reported AST,UNSPECIFIED_REPORTED,,,measured_public,unknown,unknown,
SAMN48953017,PRJNA1273658,S data 1!row119;published_id=ESPUP117,Enterococci,India,Western,,,,2024-01-07,human,amikacin,,,,reported AST,UNSPECIFIED_REPORTED,,,measured_public,unknown,unknown,
SAMN48953017,PRJNA1273658,S data 1!row119;published_id=ESPUP117,Enterococci,India,Western,,,,2024-01-07,human,colistin,,,,reported AST,UNSPECIFIED_REPORTED,,,measured_public,unknown,unknown,
SAMN48953018,PRJNA1273658,S data 1!row120;published_id=ESPUP118,Enterococci,India,Western,,,,2024-01-22,human,meropenem,,,,reported AST,UNSPECIFIED_REPORTED,,,measured_public,unknown,unknown,
SAMN48953018,PRJNA1273658,S data 1!row120;published_id=ESPUP118,Enterococci,India,Western,,,,2024-01-22,human,imipenem,,,,reported AST,UNSPECIFIED_REPORTED,,,measured_public,unknown,unknown,
SAMN48953018,PRJNA1273658,S data 1!row120;published_id=ESPUP118,Enterococci,India,Western,,,,2024-01-22,human,cefepime,,,,reported AST,UNSPECIFIED_REPORTED,,,measured_public,unknown,unknown,
SAMN48953018,PRJNA1273658,S data 1!row120;published_id=ESPUP118,Enterococci,India,Western,,,,2024-01-22,human,ceftazidime,,,,reported AST,UNSPECIFIED_REPORTED,,,measured_public,unknown,unknown,
SAMN48953018,PRJNA1273658,S data 1!row120;published_id=ESPUP118,Enterococci,India,Western,,,,2024-01-22,human,ciprofloxacin,,,,reported AST,UNSPECIFIED_REPORTED,,R,measured_public,unknown,unknown,
SAMN48953018,PRJNA1273658,S data 1!row120;published_id=ESPUP118,Enterococci,India,Western,,,,2024-01-22,human,gentamicin,,,,reported AST,UNSPECIFIED_REPORTED,,,measured_public,unknown,unknown,
SAMN48953018,PRJNA1273658,S data 1!row120;published_id=ESPUP118,Enterococci,India,Western,,,,2024-01-22,human,amikacin,,,,reported AST,UNSPECIFIED_REPORTED,,,measured_public,unknown,unknown,
SAMN48953018,PRJNA1273658,S data 1!row120;published_id=ESPUP118,Enterococci,India,Western,,,,2024-01-22,human,colistin,,,,reported AST,UNSPECIFIED_REPORTED,,,measured_public,unknown,unknown,
SAMN48953019,PRJNA1273658,S data 1!row121;published_id=KP005,Klebsiella pneumoniae,India,Northern,,,,2023-05-18,human,meropenem,,,,reported AST,UNSPECIFIED_REPORTED,,S,measured_public,unknown,unknown,
SAMN48953019,PRJNA1273658,S data 1!row121;published_id=KP005,Klebsiella pneumoniae,India,Northern,,,,2023-05-18,human,imipenem,,,,reported AST,UNSPECIFIED_REPORTED,,S,measured_public,unknown,unknown,
SAMN48953019,PRJNA1273658,S data 1!row121;published_id=KP005,Klebsiella pneumoniae,India,Northern,,,,2023-05-18,human,cefepime,,,,reported AST,UNSPECIFIED_REPORTED,,R,measured_public,unknown,unknown,
SAMN48953019,PRJNA1273658,S data 1!row121;published_id=KP005,Klebsiella pneumoniae,India,Northern,,,,2023-05-18,human,ceftazidime,,,,reported AST,UNSPECIFIED_REPORTED,,R,measured_public,unknown,unknown,
SAMN48953019,PRJNA1273658,S data 1!row121;published_id=KP005,Klebsiella pneumoniae,India,Northern,,,,2023-05-18,human,ciprofloxacin,,,,reported AST,UNSPECIFIED_REPORTED,,R,measured_public,unknown,unknown,
SAMN48953019,PRJNA1273658,S data 1!row121;published_id=KP005,Klebsiella pneumoniae,India,Northern,,,,2023-05-18,human,gentamicin,,,,reported AST,UNSPECIFIED_REPORTED,,R,measured_public,unknown,unknown,
SAMN48953019,PRJNA1273658,S data 1!row121;published_id=KP005,Klebsiella pneumoniae,India,Northern,,,,2023-05-18,human,amikacin,,,,reported AST,UNSPECIFIED_REPORTED,,R,measured_public,unknown,unknown,
SAMN48953019,PRJNA1273658,S data 1!row121;published_id=KP005,Klebsiella pneumoniae,India,Northern,,,,2023-05-18,human,colistin,,,,reported AST,UNSPECIFIED_REPORTED,,I,measured_public,unknown,unknown,
SAMN48953020,PRJNA1273658,S data 1!row122;published_id=KP009,Klebsiella pneumoniae,India,Northern,,,,2023-05-17,human,meropenem,,,,reported AST,UNSPECIFIED_REPORTED,,R,measured_public,unknown,unknown,
SAMN48953020,PRJNA1273658,S data 1!row122;published_id=KP009,Klebsiella pneumoniae,India,Northern,,,,2023-05-17,human,imipenem,,,,reported AST,UNSPECIFIED_REPORTED,,R,measured_public,unknown,unknown,
SAMN48953020,PRJNA1273658,S data 1!row122;published_id=KP009,Klebsiella pneumoniae,India,Northern,,,,2023-05-17,human,cefepime,,,,reported AST,UNSPECIFIED_REPORTED,,R,measured_public,unknown,unknown,
SAMN48953020,PRJNA1273658,S data 1!row122;published_id=KP009,Klebsiella pneumoniae,India,Northern,,,,2023-05-17,human,ceftazidime,,,,reported AST,UNSPECIFIED_REPORTED,,R,measured_public,unknown,unknown,
SAMN48953020,PRJNA1273658,S data 1!row122;published_id=KP009,Klebsiella pneumoniae,India,Northern,,,,2023-05-17,human,ciprofloxacin,,,,reported AST,UNSPECIFIED_REPORTED,,R,measured_public,unknown,unknown,
SAMN48953020,PRJNA1273658,S data 1!row122;published_id=KP009,Klebsiella pneumoniae,India,Northern,,,,2023-05-17,human,gentamicin,,,,reported AST,UNSPECIFIED_REPORTED,,R,measured_public,unknown,unknown,
SAMN48953020,PRJNA1273658,S data 1!row122;published_id=KP009,Klebsiella pneumoniae,India,Northern,,,,2023-05-17,human,amikacin,,,,reported AST,UNSPECIFIED_REPORTED,,R,measured_public,unknown,unknown,
SAMN48953020,PRJNA1273658,S data 1!row122;published_id=KP009,Klebsiella pneumoniae,India,Northern,,,,2023-05-17,human,colistin,,,,reported AST,UNSPECIFIED_REPORTED,,I,measured_public,unknown,unknown,
SAMN48953021,PRJNA1273658,S data 1!row123;published_id=KP018,Klebsiella pneumoniae,India,Northern,,,,2023-05-15,human,meropenem,,,,reported AST,UNSPECIFIED_REPORTED,,R,measured_public,unknown,unknown,
SAMN48953021,PRJNA1273658,S data 1!row123;published_id=KP018,Klebsiella pneumoniae,India,Northern,,,,2023-05-15,human,imipenem,,,,reported AST,UNSPECIFIED_REPORTED,,R,measured_public,unknown,unknown,
SAMN48953021,PRJNA1273658,S data 1!row123;published_id=KP018,Klebsiella pneumoniae,India,Northern,,,,2023-05-15,human,cefepime,,,,reported AST,UNSPECIFIED_REPORTED,,R,measured_public,unknown,unknown,
SAMN48953021,PRJNA1273658,S data 1!row123;published_id=KP018,Klebsiella pneumoniae,India,Northern,,,,2023-05-15,human,ceftazidime,,,,reported AST,UNSPECIFIED_REPORTED,,R,measured_public,unknown,unknown,
SAMN48953021,PRJNA1273658,S data 1!row123;published_id=KP018,Klebsiella pneumoniae,India,Northern,,,,2023-05-15,human,ciprofloxacin,,,,reported AST,UNSPECIFIED_REPORTED,,R,measured_public,unknown,unknown,
SAMN48953021,PRJNA1273658,S data 1!row123;published_id=KP018,Klebsiella pneumoniae,India,Northern,,,,2023-05-15,human,gentamicin,,,,reported AST,UNSPECIFIED_REPORTED,,R,measured_public,unknown,unknown,
SAMN48953021,PRJNA1273658,S data 1!row123;published_id=KP018,Klebsiella pneumoniae,India,Northern,,,,2023-05-15,human,amikacin,,,,reported AST,UNSPECIFIED_REPORTED,,R,measured_public,unknown,unknown,
SAMN48953021,PRJNA1273658,S data 1!row123;published_id=KP018,Klebsiella pneumoniae,India,Northern,,,,2023-05-15,human,colistin,,,,reported AST,UNSPECIFIED_REPORTED,,S,measured_public,unknown,unknown,
SAMN48953022,PRJNA1273658,S data 1!row124;published_id=KP021,Klebsiella pneumoniae,India,Northern,,,,2022-12-04,human,meropenem,,,,reported AST,UNSPECIFIED_REPORTED,,R,measured_public,unknown,unknown,
SAMN48953022,PRJNA1273658,S data 1!row124;published_id=KP021,Klebsiella pneumoniae,India,Northern,,,,2022-12-04,human,imipenem,,,,reported AST,UNSPECIFIED_REPORTED,,R,measured_public,unknown,unknown,
SAMN48953022,PRJNA1273658,S data 1!row124;published_id=KP021,Klebsiella pneumoniae,India,Northern,,,,2022-12-04,human,cefepime,,,,reported AST,UNSPECIFIED_REPORTED,,R,measured_public,unknown,unknown,
SAMN48953022,PRJNA1273658,S data 1!row124;published_id=KP021,Klebsiella pneumoniae,India,Northern,,,,2022-12-04,human,ceftazidime,,,,reported AST,UNSPECIFIED_REPORTED,,R,measured_public,unknown,unknown,
SAMN48953022,PRJNA1273658,S data 1!row124;published_id=KP021,Klebsiella pneumoniae,India,Northern,,,,2022-12-04,human,ciprofloxacin,,,,reported AST,UNSPECIFIED_REPORTED,,R,measured_public,unknown,unknown,
SAMN48953022,PRJNA1273658,S data 1!row124;published_id=KP021,Klebsiella pneumoniae,India,Northern,,,,2022-12-04,human,gentamicin,,,,reported AST,UNSPECIFIED_REPORTED,,R,measured_public,unknown,unknown,
SAMN48953022,PRJNA1273658,S data 1!row124;published_id=KP021,Klebsiella pneumoniae,India,Northern,,,,2022-12-04,human,amikacin,,,,reported AST,UNSPECIFIED_REPORTED,,R,measured_public,unknown,unknown,
SAMN48953022,PRJNA1273658,S data 1!row124;published_id=KP021,Klebsiella pneumoniae,India,Northern,,,,2022-12-04,human,colistin,,,,reported AST,UNSPECIFIED_REPORTED,,R,measured_public,unknown,unknown,
SAMN48953023,PRJNA1273658,S data 1!row125;published_id=KP022,Klebsiella pneumoniae,India,Northern,,,,2023-05-25,human,meropenem,,,,reported AST,UNSPECIFIED_REPORTED,,R,measured_public,unknown,unknown,
SAMN48953023,PRJNA1273658,S data 1!row125;published_id=KP022,Klebsiella pneumoniae,India,Northern,,,,2023-05-25,human,imipenem,,,,reported AST,UNSPECIFIED_REPORTED,,R,measured_public,unknown,unknown,
SAMN48953023,PRJNA1273658,S data 1!row125;published_id=KP022,Klebsiella pneumoniae,India,Northern,,,,2023-05-25,human,cefepime,,,,reported AST,UNSPECIFIED_REPORTED,,R,measured_public,unknown,unknown,
SAMN48953023,PRJNA1273658,S data 1!row125;published_id=KP022,Klebsiella pneumoniae,India,Northern,,,,2023-05-25,human,ceftazidime,,,,reported AST,UNSPECIFIED_REPORTED,,R,measured_public,unknown,unknown,
SAMN48953023,PRJNA1273658,S data 1!row125;published_id=KP022,Klebsiella pneumoniae,India,Northern,,,,2023-05-25,human,ciprofloxacin,,,,reported AST,UNSPECIFIED_REPORTED,,R,measured_public,unknown,unknown,
SAMN48953023,PRJNA1273658,S data 1!row125;published_id=KP022,Klebsiella pneumoniae,India,Northern,,,,2023-05-25,human,gentamicin,,,,reported AST,UNSPECIFIED_REPORTED,,R,measured_public,unknown,unknown,
SAMN48953023,PRJNA1273658,S data 1!row125;published_id=KP022,Klebsiella pneumoniae,India,Northern,,,,2023-05-25,human,amikacin,,,,reported AST,UNSPECIFIED_REPORTED,,R,measured_public,unknown,unknown,
SAMN48953023,PRJNA1273658,S data 1!row125;published_id=KP022,Klebsiella pneumoniae,India,Northern,,,,2023-05-25,human,colistin,,,,reported AST,UNSPECIFIED_REPORTED,,R,measured_public,unknown,unknown,
SAMN48953024,PRJNA1273658,S data 1!row126;published_id=KP023,Klebsiella pneumoniae,India,Northern,,,,2023-05-29,human,meropenem,,,,reported AST,UNSPECIFIED_REPORTED,,R,measured_public,unknown,unknown,
SAMN48953024,PRJNA1273658,S data 1!row126;published_id=KP023,Klebsiella pneumoniae,India,Northern,,,,2023-05-29,human,imipenem,,,,reported AST,UNSPECIFIED_REPORTED,,R,measured_public,unknown,unknown,
SAMN48953024,PRJNA1273658,S data 1!row126;published_id=KP023,Klebsiella pneumoniae,India,Northern,,,,2023-05-29,human,cefepime,,,,reported AST,UNSPECIFIED_REPORTED,,R,measured_public,unknown,unknown,
SAMN48953024,PRJNA1273658,S data 1!row126;published_id=KP023,Klebsiella pneumoniae,India,Northern,,,,2023-05-29,human,ceftazidime,,,,reported AST,UNSPECIFIED_REPORTED,,R,measured_public,unknown,unknown,
SAMN48953024,PRJNA1273658,S data 1!row126;published_id=KP023,Klebsiella pneumoniae,India,Northern,,,,2023-05-29,human,ciprofloxacin,,,,reported AST,UNSPECIFIED_REPORTED,,R,measured_public,unknown,unknown,
SAMN48953024,PRJNA1273658,S data 1!row126;published_id=KP023,Klebsiella pneumoniae,India,Northern,,,,2023-05-29,human,gentamicin,,,,reported AST,UNSPECIFIED_REPORTED,,R,measured_public,unknown,unknown,
SAMN48953024,PRJNA1273658,S data 1!row126;published_id=KP023,Klebsiella pneumoniae,India,Northern,,,,2023-05-29,human,amikacin,,,,reported AST,UNSPECIFIED_REPORTED,,R,measured_public,unknown,unknown,
SAMN48953024,PRJNA1273658,S data 1!row126;published_id=KP023,Klebsiella pneumoniae,India,Northern,,,,2023-05-29,human,colistin,,,,reported AST,UNSPECIFIED_REPORTED,,R,measured_public,unknown,unknown,
SAMN48953025,PRJNA1273658,S data 1!row127;published_id=KP024,Klebsiella pneumoniae,India,Northern,,,,2023-05-26,human,meropenem,,,,reported AST,UNSPECIFIED_REPORTED,,R,measured_public,unknown,unknown,
SAMN48953025,PRJNA1273658,S data 1!row127;published_id=KP024,Klebsiella pneumoniae,India,Northern,,,,2023-05-26,human,imipenem,,,,reported AST,UNSPECIFIED_REPORTED,,R,measured_public,unknown,unknown,
SAMN48953025,PRJNA1273658,S data 1!row127;published_id=KP024,Klebsiella pneumoniae,India,Northern,,,,2023-05-26,human,cefepime,,,,reported AST,UNSPECIFIED_REPORTED,,R,measured_public,unknown,unknown,
SAMN48953025,PRJNA1273658,S data 1!row127;published_id=KP024,Klebsiella pneumoniae,India,Northern,,,,2023-05-26,human,ceftazidime,,,,reported AST,UNSPECIFIED_REPORTED,,R,measured_public,unknown,unknown,
SAMN48953025,PRJNA1273658,S data 1!row127;published_id=KP024,Klebsiella pneumoniae,India,Northern,,,,2023-05-26,human,ciprofloxacin,,,,reported AST,UNSPECIFIED_REPORTED,,R,measured_public,unknown,unknown,
SAMN48953025,PRJNA1273658,S data 1!row127;published_id=KP024,Klebsiella pneumoniae,India,Northern,,,,2023-05-26,human,gentamicin,,,,reported AST,UNSPECIFIED_REPORTED,,R,measured_public,unknown,unknown,
SAMN48953025,PRJNA1273658,S data 1!row127;published_id=KP024,Klebsiella pneumoniae,India,Northern,,,,2023-05-26,human,amikacin,,,,reported AST,UNSPECIFIED_REPORTED,,R,measured_public,unknown,unknown,
SAMN48953025,PRJNA1273658,S data 1!row127;published_id=KP024,Klebsiella pneumoniae,India,Northern,,,,2023-05-26,human,colistin,,,,reported AST,UNSPECIFIED_REPORTED,,I,measured_public,unknown,unknown,
SAMN48953026,PRJNA1273658,S data 1!row128;published_id=KP025,Klebsiella pneumoniae,India,Northern,,,,2023-05-26,human,meropenem,,,,reported AST,UNSPECIFIED_REPORTED,,R,measured_public,unknown,unknown,
SAMN48953026,PRJNA1273658,S data 1!row128;published_id=KP025,Klebsiella pneumoniae,India,Northern,,,,2023-05-26,human,imipenem,,,,reported AST,UNSPECIFIED_REPORTED,,R,measured_public,unknown,unknown,
SAMN48953026,PRJNA1273658,S data 1!row128;published_id=KP025,Klebsiella pneumoniae,India,Northern,,,,2023-05-26,human,cefepime,,,,reported AST,UNSPECIFIED_REPORTED,,R,measured_public,unknown,unknown,
SAMN48953026,PRJNA1273658,S data 1!row128;published_id=KP025,Klebsiella pneumoniae,India,Northern,,,,2023-05-26,human,ceftazidime,,,,reported AST,UNSPECIFIED_REPORTED,,R,measured_public,unknown,unknown,
SAMN48953026,PRJNA1273658,S data 1!row128;published_id=KP025,Klebsiella pneumoniae,India,Northern,,,,2023-05-26,human,ciprofloxacin,,,,reported AST,UNSPECIFIED_REPORTED,,R,measured_public,unknown,unknown,
SAMN48953026,PRJNA1273658,S data 1!row128;published_id=KP025,Klebsiella pneumoniae,India,Northern,,,,2023-05-26,human,gentamicin,,,,reported AST,UNSPECIFIED_REPORTED,,R,measured_public,unknown,unknown,
SAMN48953026,PRJNA1273658,S data 1!row128;published_id=KP025,Klebsiella pneumoniae,India,Northern,,,,2023-05-26,human,amikacin,,,,reported AST,UNSPECIFIED_REPORTED,,R,measured_public,unknown,unknown,
SAMN48953026,PRJNA1273658,S data 1!row128;published_id=KP025,Klebsiella pneumoniae,India,Northern,,,,2023-05-26,human,colistin,,,,reported AST,UNSPECIFIED_REPORTED,,I,measured_public,unknown,unknown,
SAMN48953027,PRJNA1273658,S data 1!row129;published_id=KP029,Klebsiella pneumoniae,India,Northern,,,,2023-06-03,human,meropenem,,,,reported AST,UNSPECIFIED_REPORTED,,R,measured_public,unknown,unknown,
SAMN48953027,PRJNA1273658,S data 1!row129;published_id=KP029,Klebsiella pneumoniae,India,Northern,,,,2023-06-03,human,imipenem,,,,reported AST,UNSPECIFIED_REPORTED,,R,measured_public,unknown,unknown,
SAMN48953027,PRJNA1273658,S data 1!row129;published_id=KP029,Klebsiella pneumoniae,India,Northern,,,,2023-06-03,human,cefepime,,,,reported AST,UNSPECIFIED_REPORTED,,R,measured_public,unknown,unknown,
SAMN48953027,PRJNA1273658,S data 1!row129;published_id=KP029,Klebsiella pneumoniae,India,Northern,,,,2023-06-03,human,ceftazidime,,,,reported AST,UNSPECIFIED_REPORTED,,R,measured_public,unknown,unknown,
SAMN48953027,PRJNA1273658,S data 1!row129;published_id=KP029,Klebsiella pneumoniae,India,Northern,,,,2023-06-03,human,ciprofloxacin,,,,reported AST,UNSPECIFIED_REPORTED,,R,measured_public,unknown,unknown,
SAMN48953027,PRJNA1273658,S data 1!row129;published_id=KP029,Klebsiella pneumoniae,India,Northern,,,,2023-06-03,human,gentamicin,,,,reported AST,UNSPECIFIED_REPORTED,,R,measured_public,unknown,unknown,
SAMN48953027,PRJNA1273658,S data 1!row129;published_id=KP029,Klebsiella pneumoniae,India,Northern,,,,2023-06-03,human,amikacin,,,,reported AST,UNSPECIFIED_REPORTED,,R,measured_public,unknown,unknown,
SAMN48953027,PRJNA1273658,S data 1!row129;published_id=KP029,Klebsiella pneumoniae,India,Northern,,,,2023-06-03,human,colistin,,,,reported AST,UNSPECIFIED_REPORTED,,I,measured_public,unknown,unknown,
SAMN48953028,PRJNA1273658,S data 1!row130;published_id=KP030,Klebsiella pneumoniae,India,Northern,,,,2023-06-03,human,meropenem,,,,reported AST,UNSPECIFIED_REPORTED,,R,measured_public,unknown,unknown,
SAMN48953028,PRJNA1273658,S data 1!row130;published_id=KP030,Klebsiella pneumoniae,India,Northern,,,,2023-06-03,human,imipenem,,,,reported AST,UNSPECIFIED_REPORTED,,R,measured_public,unknown,unknown,
SAMN48953028,PRJNA1273658,S data 1!row130;published_id=KP030,Klebsiella pneumoniae,India,Northern,,,,2023-06-03,human,cefepime,,,,reported AST,UNSPECIFIED_REPORTED,,R,measured_public,unknown,unknown,
SAMN48953028,PRJNA1273658,S data 1!row130;published_id=KP030,Klebsiella pneumoniae,India,Northern,,,,2023-06-03,human,ceftazidime,,,,reported AST,UNSPECIFIED_REPORTED,,R,measured_public,unknown,unknown,
SAMN48953028,PRJNA1273658,S data 1!row130;published_id=KP030,Klebsiella pneumoniae,India,Northern,,,,2023-06-03,human,ciprofloxacin,,,,reported AST,UNSPECIFIED_REPORTED,,R,measured_public,unknown,unknown,
SAMN48953028,PRJNA1273658,S data 1!row130;published_id=KP030,Klebsiella pneumoniae,India,Northern,,,,2023-06-03,human,gentamicin,,,,reported AST,UNSPECIFIED_REPORTED,,R,measured_public,unknown,unknown,
SAMN48953028,PRJNA1273658,S data 1!row130;published_id=KP030,Klebsiella pneumoniae,India,Northern,,,,2023-06-03,human,amikacin,,,,reported AST,UNSPECIFIED_REPORTED,,R,measured_public,unknown,unknown,
SAMN48953028,PRJNA1273658,S data 1!row130;published_id=KP030,Klebsiella pneumoniae,India,Northern,,,,2023-06-03,human,colistin,,,,reported AST,UNSPECIFIED_REPORTED,,I,measured_public,unknown,unknown,
SAMN48953029,PRJNA1273658,S data 1!row131;published_id=KP033,Klebsiella pneumoniae,India,Northern,,,,2023-06-02,human,meropenem,,,,reported AST,UNSPECIFIED_REPORTED,,R,measured_public,unknown,unknown,
SAMN48953029,PRJNA1273658,S data 1!row131;published_id=KP033,Klebsiella pneumoniae,India,Northern,,,,2023-06-02,human,imipenem,,,,reported AST,UNSPECIFIED_REPORTED,,R,measured_public,unknown,unknown,
SAMN48953029,PRJNA1273658,S data 1!row131;published_id=KP033,Klebsiella pneumoniae,India,Northern,,,,2023-06-02,human,cefepime,,,,reported AST,UNSPECIFIED_REPORTED,,R,measured_public,unknown,unknown,
SAMN48953029,PRJNA1273658,S data 1!row131;published_id=KP033,Klebsiella pneumoniae,India,Northern,,,,2023-06-02,human,ceftazidime,,,,reported AST,UNSPECIFIED_REPORTED,,R,measured_public,unknown,unknown,
SAMN48953029,PRJNA1273658,S data 1!row131;published_id=KP033,Klebsiella pneumoniae,India,Northern,,,,2023-06-02,human,ciprofloxacin,,,,reported AST,UNSPECIFIED_REPORTED,,R,measured_public,unknown,unknown,
SAMN48953029,PRJNA1273658,S data 1!row131;published_id=KP033,Klebsiella pneumoniae,India,Northern,,,,2023-06-02,human,gentamicin,,,,reported AST,UNSPECIFIED_REPORTED,,R,measured_public,unknown,unknown,
SAMN48953029,PRJNA1273658,S data 1!row131;published_id=KP033,Klebsiella pneumoniae,India,Northern,,,,2023-06-02,human,amikacin,,,,reported AST,UNSPECIFIED_REPORTED,,R,measured_public,unknown,unknown,
SAMN48953029,PRJNA1273658,S data 1!row131;published_id=KP033,Klebsiella pneumoniae,India,Northern,,,,2023-06-02,human,colistin,,,,reported AST,UNSPECIFIED_REPORTED,,I,measured_public,unknown,unknown,
SAMN48953030,PRJNA1273658,S data 1!row132;published_id=KP034,Klebsiella pneumoniae,India,Northern,,,,2023-06-03,human,meropenem,,,,reported AST,UNSPECIFIED_REPORTED,,R,measured_public,unknown,unknown,
SAMN48953030,PRJNA1273658,S data 1!row132;published_id=KP034,Klebsiella pneumoniae,India,Northern,,,,2023-06-03,human,imipenem,,,,reported AST,UNSPECIFIED_REPORTED,,R,measured_public,unknown,unknown,
SAMN48953030,PRJNA1273658,S data 1!row132;published_id=KP034,Klebsiella pneumoniae,India,Northern,,,,2023-06-03,human,cefepime,,,,reported AST,UNSPECIFIED_REPORTED,,R,measured_public,unknown,unknown,
SAMN48953030,PRJNA1273658,S data 1!row132;published_id=KP034,Klebsiella pneumoniae,India,Northern,,,,2023-06-03,human,ceftazidime,,,,reported AST,UNSPECIFIED_REPORTED,,R,measured_public,unknown,unknown,
SAMN48953030,PRJNA1273658,S data 1!row132;published_id=KP034,Klebsiella pneumoniae,India,Northern,,,,2023-06-03,human,ciprofloxacin,,,,reported AST,UNSPECIFIED_REPORTED,,R,measured_public,unknown,unknown,
SAMN48953030,PRJNA1273658,S data 1!row132;published_id=KP034,Klebsiella pneumoniae,India,Northern,,,,2023-06-03,human,gentamicin,,,,reported AST,UNSPECIFIED_REPORTED,,R,measured_public,unknown,unknown,
SAMN48953030,PRJNA1273658,S data 1!row132;published_id=KP034,Klebsiella pneumoniae,India,Northern,,,,2023-06-03,human,amikacin,,,,reported AST,UNSPECIFIED_REPORTED,,R,measured_public,unknown,unknown,
SAMN48953030,PRJNA1273658,S data 1!row132;published_id=KP034,Klebsiella pneumoniae,India,Northern,,,,2023-06-03,human,colistin,,,,reported AST,UNSPECIFIED_REPORTED,,I,measured_public,unknown,unknown,
SAMN48953031,PRJNA1273658,S data 1!row133;published_id=KP037,Klebsiella pneumoniae,India,Northern,,,,2023-06-06,human,meropenem,,,,reported AST,UNSPECIFIED_REPORTED,,R,measured_public,unknown,unknown,
SAMN48953031,PRJNA1273658,S data 1!row133;published_id=KP037,Klebsiella pneumoniae,India,Northern,,,,2023-06-06,human,imipenem,,,,reported AST,UNSPECIFIED_REPORTED,,R,measured_public,unknown,unknown,
SAMN48953031,PRJNA1273658,S data 1!row133;published_id=KP037,Klebsiella pneumoniae,India,Northern,,,,2023-06-06,human,cefepime,,,,reported AST,UNSPECIFIED_REPORTED,,R,measured_public,unknown,unknown,
SAMN48953031,PRJNA1273658,S data 1!row133;published_id=KP037,Klebsiella pneumoniae,India,Northern,,,,2023-06-06,human,ceftazidime,,,,reported AST,UNSPECIFIED_REPORTED,,R,measured_public,unknown,unknown,
SAMN48953031,PRJNA1273658,S data 1!row133;published_id=KP037,Klebsiella pneumoniae,India,Northern,,,,2023-06-06,human,ciprofloxacin,,,,reported AST,UNSPECIFIED_REPORTED,,R,measured_public,unknown,unknown,
SAMN48953031,PRJNA1273658,S data 1!row133;published_id=KP037,Klebsiella pneumoniae,India,Northern,,,,2023-06-06,human,gentamicin,,,,reported AST,UNSPECIFIED_REPORTED,,R,measured_public,unknown,unknown,
SAMN48953031,PRJNA1273658,S data 1!row133;published_id=KP037,Klebsiella pneumoniae,India,Northern,,,,2023-06-06,human,amikacin,,,,reported AST,UNSPECIFIED_REPORTED,,R,measured_public,unknown,unknown,
SAMN48953031,PRJNA1273658,S data 1!row133;published_id=KP037,Klebsiella pneumoniae,India,Northern,,,,2023-06-06,human,colistin,,,,reported AST,UNSPECIFIED_REPORTED,,R,measured_public,unknown,unknown,
SAMN48953032,PRJNA1273658,S data 1!row134;published_id=KP039,Klebsiella pneumoniae,India,Northern,,,,2023-09-05,human,meropenem,,,,reported AST,UNSPECIFIED_REPORTED,,R,measured_public,unknown,unknown,
SAMN48953032,PRJNA1273658,S data 1!row134;published_id=KP039,Klebsiella pneumoniae,India,Northern,,,,2023-09-05,human,imipenem,,,,reported AST,UNSPECIFIED_REPORTED,,R,measured_public,unknown,unknown,
SAMN48953032,PRJNA1273658,S data 1!row134;published_id=KP039,Klebsiella pneumoniae,India,Northern,,,,2023-09-05,human,cefepime,,,,reported AST,UNSPECIFIED_REPORTED,,R,measured_public,unknown,unknown,
SAMN48953032,PRJNA1273658,S data 1!row134;published_id=KP039,Klebsiella pneumoniae,India,Northern,,,,2023-09-05,human,ceftazidime,,,,reported AST,UNSPECIFIED_REPORTED,,R,measured_public,unknown,unknown,
SAMN48953032,PRJNA1273658,S data 1!row134;published_id=KP039,Klebsiella pneumoniae,India,Northern,,,,2023-09-05,human,ciprofloxacin,,,,reported AST,UNSPECIFIED_REPORTED,,R,measured_public,unknown,unknown,
SAMN48953032,PRJNA1273658,S data 1!row134;published_id=KP039,Klebsiella pneumoniae,India,Northern,,,,2023-09-05,human,gentamicin,,,,reported AST,UNSPECIFIED_REPORTED,,R,measured_public,unknown,unknown,
SAMN48953032,PRJNA1273658,S data 1!row134;published_id=KP039,Klebsiella pneumoniae,India,Northern,,,,2023-09-05,human,amikacin,,,,reported AST,UNSPECIFIED_REPORTED,,R,measured_public,unknown,unknown,
SAMN48953032,PRJNA1273658,S data 1!row134;published_id=KP039,Klebsiella pneumoniae,India,Northern,,,,2023-09-05,human,colistin,,,,reported AST,UNSPECIFIED_REPORTED,,R,measured_public,unknown,unknown,
SAMN48953033,PRJNA1273658,S data 1!row135;published_id=KP047,Klebsiella pneumoniae,India,Northern,,,,2022-08-01,human,meropenem,,,,reported AST,UNSPECIFIED_REPORTED,,R,measured_public,unknown,unknown,
SAMN48953033,PRJNA1273658,S data 1!row135;published_id=KP047,Klebsiella pneumoniae,India,Northern,,,,2022-08-01,human,imipenem,,,,reported AST,UNSPECIFIED_REPORTED,,R,measured_public,unknown,unknown,
SAMN48953033,PRJNA1273658,S data 1!row135;published_id=KP047,Klebsiella pneumoniae,India,Northern,,,,2022-08-01,human,cefepime,,,,reported AST,UNSPECIFIED_REPORTED,,R,measured_public,unknown,unknown,
SAMN48953033,PRJNA1273658,S data 1!row135;published_id=KP047,Klebsiella pneumoniae,India,Northern,,,,2022-08-01,human,ceftazidime,,,,reported AST,UNSPECIFIED_REPORTED,,R,measured_public,unknown,unknown,
SAMN48953033,PRJNA1273658,S data 1!row135;published_id=KP047,Klebsiella pneumoniae,India,Northern,,,,2022-08-01,human,ciprofloxacin,,,,reported AST,UNSPECIFIED_REPORTED,,R,measured_public,unknown,unknown,
SAMN48953033,PRJNA1273658,S data 1!row135;published_id=KP047,Klebsiella pneumoniae,India,Northern,,,,2022-08-01,human,gentamicin,,,,reported AST,UNSPECIFIED_REPORTED,,R,measured_public,unknown,unknown,
SAMN48953033,PRJNA1273658,S data 1!row135;published_id=KP047,Klebsiella pneumoniae,India,Northern,,,,2022-08-01,human,amikacin,,,,reported AST,UNSPECIFIED_REPORTED,,I,measured_public,unknown,unknown,
SAMN48953033,PRJNA1273658,S data 1!row135;published_id=KP047,Klebsiella pneumoniae,India,Northern,,,,2022-08-01,human,colistin,,,,reported AST,UNSPECIFIED_REPORTED,,R,measured_public,unknown,unknown,
SAMN48953034,PRJNA1273658,S data 1!row136;published_id=KP049,Klebsiella pneumoniae,India,Northern,,,,2023-09-11,human,meropenem,,,,reported AST,UNSPECIFIED_REPORTED,,R,measured_public,unknown,unknown,
SAMN48953034,PRJNA1273658,S data 1!row136;published_id=KP049,Klebsiella pneumoniae,India,Northern,,,,2023-09-11,human,imipenem,,,,reported AST,UNSPECIFIED_REPORTED,,R,measured_public,unknown,unknown,
SAMN48953034,PRJNA1273658,S data 1!row136;published_id=KP049,Klebsiella pneumoniae,India,Northern,,,,2023-09-11,human,cefepime,,,,reported AST,UNSPECIFIED_REPORTED,,R,measured_public,unknown,unknown,
SAMN48953034,PRJNA1273658,S data 1!row136;published_id=KP049,Klebsiella pneumoniae,India,Northern,,,,2023-09-11,human,ceftazidime,,,,reported AST,UNSPECIFIED_REPORTED,,R,measured_public,unknown,unknown,
SAMN48953034,PRJNA1273658,S data 1!row136;published_id=KP049,Klebsiella pneumoniae,India,Northern,,,,2023-09-11,human,ciprofloxacin,,,,reported AST,UNSPECIFIED_REPORTED,,R,measured_public,unknown,unknown,
SAMN48953034,PRJNA1273658,S data 1!row136;published_id=KP049,Klebsiella pneumoniae,India,Northern,,,,2023-09-11,human,gentamicin,,,,reported AST,UNSPECIFIED_REPORTED,,R,measured_public,unknown,unknown,
SAMN48953034,PRJNA1273658,S data 1!row136;published_id=KP049,Klebsiella pneumoniae,India,Northern,,,,2023-09-11,human,amikacin,,,,reported AST,UNSPECIFIED_REPORTED,,R,measured_public,unknown,unknown,
SAMN48953034,PRJNA1273658,S data 1!row136;published_id=KP049,Klebsiella pneumoniae,India,Northern,,,,2023-09-11,human,colistin,,,,reported AST,UNSPECIFIED_REPORTED,,R,measured_public,unknown,unknown,
SAMN48953035,PRJNA1273658,S data 1!row137;published_id=KP050,Klebsiella pneumoniae,India,Northern,,,,2023-09-20,human,meropenem,,,,reported AST,UNSPECIFIED_REPORTED,,R,measured_public,unknown,unknown,
SAMN48953035,PRJNA1273658,S data 1!row137;published_id=KP050,Klebsiella pneumoniae,India,Northern,,,,2023-09-20,human,imipenem,,,,reported AST,UNSPECIFIED_REPORTED,,R,measured_public,unknown,unknown,
SAMN48953035,PRJNA1273658,S data 1!row137;published_id=KP050,Klebsiella pneumoniae,India,Northern,,,,2023-09-20,human,cefepime,,,,reported AST,UNSPECIFIED_REPORTED,,R,measured_public,unknown,unknown,
SAMN48953035,PRJNA1273658,S data 1!row137;published_id=KP050,Klebsiella pneumoniae,India,Northern,,,,2023-09-20,human,ceftazidime,,,,reported AST,UNSPECIFIED_REPORTED,,R,measured_public,unknown,unknown,
SAMN48953035,PRJNA1273658,S data 1!row137;published_id=KP050,Klebsiella pneumoniae,India,Northern,,,,2023-09-20,human,ciprofloxacin,,,,reported AST,UNSPECIFIED_REPORTED,,R,measured_public,unknown,unknown,
SAMN48953035,PRJNA1273658,S data 1!row137;published_id=KP050,Klebsiella pneumoniae,India,Northern,,,,2023-09-20,human,gentamicin,,,,reported AST,UNSPECIFIED_REPORTED,,R,measured_public,unknown,unknown,
SAMN48953035,PRJNA1273658,S data 1!row137;published_id=KP050,Klebsiella pneumoniae,India,Northern,,,,2023-09-20,human,amikacin,,,,reported AST,UNSPECIFIED_REPORTED,,R,measured_public,unknown,unknown,
SAMN48953035,PRJNA1273658,S data 1!row137;published_id=KP050,Klebsiella pneumoniae,India,Northern,,,,2023-09-20,human,colistin,,,,reported AST,UNSPECIFIED_REPORTED,,I,measured_public,unknown,unknown,
SAMN48953036,PRJNA1273658,S data 1!row138;published_id=KP051,Klebsiella pneumoniae,India,Northern,,,,2023-09-23,human,meropenem,,,,reported AST,UNSPECIFIED_REPORTED,,R,measured_public,unknown,unknown,
SAMN48953036,PRJNA1273658,S data 1!row138;published_id=KP051,Klebsiella pneumoniae,India,Northern,,,,2023-09-23,human,imipenem,,,,reported AST,UNSPECIFIED_REPORTED,,R,measured_public,unknown,unknown,
SAMN48953036,PRJNA1273658,S data 1!row138;published_id=KP051,Klebsiella pneumoniae,India,Northern,,,,2023-09-23,human,cefepime,,,,reported AST,UNSPECIFIED_REPORTED,,SDD,measured_public,unknown,unknown,
SAMN48953036,PRJNA1273658,S data 1!row138;published_id=KP051,Klebsiella pneumoniae,India,Northern,,,,2023-09-23,human,ceftazidime,,,,reported AST,UNSPECIFIED_REPORTED,,R,measured_public,unknown,unknown,
SAMN48953036,PRJNA1273658,S data 1!row138;published_id=KP051,Klebsiella pneumoniae,India,Northern,,,,2023-09-23,human,ciprofloxacin,,,,reported AST,UNSPECIFIED_REPORTED,,R,measured_public,unknown,unknown,
SAMN48953036,PRJNA1273658,S data 1!row138;published_id=KP051,Klebsiella pneumoniae,India,Northern,,,,2023-09-23,human,gentamicin,,,,reported AST,UNSPECIFIED_REPORTED,,R,measured_public,unknown,unknown,
SAMN48953036,PRJNA1273658,S data 1!row138;published_id=KP051,Klebsiella pneumoniae,India,Northern,,,,2023-09-23,human,amikacin,,,,reported AST,UNSPECIFIED_REPORTED,,R,measured_public,unknown,unknown,
SAMN48953036,PRJNA1273658,S data 1!row138;published_id=KP051,Klebsiella pneumoniae,India,Northern,,,,2023-09-23,human,colistin,,,,reported AST,UNSPECIFIED_REPORTED,,I,measured_public,unknown,unknown,
SAMN48953037,PRJNA1273658,S data 1!row139;published_id=KP052,Klebsiella pneumoniae,India,Northern,,,,2023-06-08,human,meropenem,,,,reported AST,UNSPECIFIED_REPORTED,,R,measured_public,unknown,unknown,
SAMN48953037,PRJNA1273658,S data 1!row139;published_id=KP052,Klebsiella pneumoniae,India,Northern,,,,2023-06-08,human,imipenem,,,,reported AST,UNSPECIFIED_REPORTED,,R,measured_public,unknown,unknown,
SAMN48953037,PRJNA1273658,S data 1!row139;published_id=KP052,Klebsiella pneumoniae,India,Northern,,,,2023-06-08,human,cefepime,,,,reported AST,UNSPECIFIED_REPORTED,,R,measured_public,unknown,unknown,
SAMN48953037,PRJNA1273658,S data 1!row139;published_id=KP052,Klebsiella pneumoniae,India,Northern,,,,2023-06-08,human,ceftazidime,,,,reported AST,UNSPECIFIED_REPORTED,,R,measured_public,unknown,unknown,
SAMN48953037,PRJNA1273658,S data 1!row139;published_id=KP052,Klebsiella pneumoniae,India,Northern,,,,2023-06-08,human,ciprofloxacin,,,,reported AST,UNSPECIFIED_REPORTED,,R,measured_public,unknown,unknown,
SAMN48953037,PRJNA1273658,S data 1!row139;published_id=KP052,Klebsiella pneumoniae,India,Northern,,,,2023-06-08,human,gentamicin,,,,reported AST,UNSPECIFIED_REPORTED,,R,measured_public,unknown,unknown,
SAMN48953037,PRJNA1273658,S data 1!row139;published_id=KP052,Klebsiella pneumoniae,India,Northern,,,,2023-06-08,human,amikacin,,,,reported AST,UNSPECIFIED_REPORTED,,R,measured_public,unknown,unknown,
SAMN48953037,PRJNA1273658,S data 1!row139;published_id=KP052,Klebsiella pneumoniae,India,Northern,,,,2023-06-08,human,colistin,,,,reported AST,UNSPECIFIED_REPORTED,,R,measured_public,unknown,unknown,
SAMN48953038,PRJNA1273658,S data 1!row140;published_id=KP053,Klebsiella pneumoniae,India,Northern,,,,2023-06-08,human,meropenem,,,,reported AST,UNSPECIFIED_REPORTED,,R,measured_public,unknown,unknown,
SAMN48953038,PRJNA1273658,S data 1!row140;published_id=KP053,Klebsiella pneumoniae,India,Northern,,,,2023-06-08,human,imipenem,,,,reported AST,UNSPECIFIED_REPORTED,,R,measured_public,unknown,unknown,
SAMN48953038,PRJNA1273658,S data 1!row140;published_id=KP053,Klebsiella pneumoniae,India,Northern,,,,2023-06-08,human,cefepime,,,,reported AST,UNSPECIFIED_REPORTED,,R,measured_public,unknown,unknown,
SAMN48953038,PRJNA1273658,S data 1!row140;published_id=KP053,Klebsiella pneumoniae,India,Northern,,,,2023-06-08,human,ceftazidime,,,,reported AST,UNSPECIFIED_REPORTED,,R,measured_public,unknown,unknown,
SAMN48953038,PRJNA1273658,S data 1!row140;published_id=KP053,Klebsiella pneumoniae,India,Northern,,,,2023-06-08,human,ciprofloxacin,,,,reported AST,UNSPECIFIED_REPORTED,,R,measured_public,unknown,unknown,
SAMN48953038,PRJNA1273658,S data 1!row140;published_id=KP053,Klebsiella pneumoniae,India,Northern,,,,2023-06-08,human,gentamicin,,,,reported AST,UNSPECIFIED_REPORTED,,S,measured_public,unknown,unknown,
SAMN48953038,PRJNA1273658,S data 1!row140;published_id=KP053,Klebsiella pneumoniae,India,Northern,,,,2023-06-08,human,amikacin,,,,reported AST,UNSPECIFIED_REPORTED,,S,measured_public,unknown,unknown,
SAMN48953038,PRJNA1273658,S data 1!row140;published_id=KP053,Klebsiella pneumoniae,India,Northern,,,,2023-06-08,human,colistin,,,,reported AST,UNSPECIFIED_REPORTED,,R,measured_public,unknown,unknown,
SAMN48953039,PRJNA1273658,S data 1!row141;published_id=KP054,Klebsiella pneumoniae,India,Northern,,,,2023-09-27,human,meropenem,,,,reported AST,UNSPECIFIED_REPORTED,,R,measured_public,unknown,unknown,
SAMN48953039,PRJNA1273658,S data 1!row141;published_id=KP054,Klebsiella pneumoniae,India,Northern,,,,2023-09-27,human,imipenem,,,,reported AST,UNSPECIFIED_REPORTED,,R,measured_public,unknown,unknown,
SAMN48953039,PRJNA1273658,S data 1!row141;published_id=KP054,Klebsiella pneumoniae,India,Northern,,,,2023-09-27,human,cefepime,,,,reported AST,UNSPECIFIED_REPORTED,,R,measured_public,unknown,unknown,
SAMN48953039,PRJNA1273658,S data 1!row141;published_id=KP054,Klebsiella pneumoniae,India,Northern,,,,2023-09-27,human,ceftazidime,,,,reported AST,UNSPECIFIED_REPORTED,,R,measured_public,unknown,unknown,
SAMN48953039,PRJNA1273658,S data 1!row141;published_id=KP054,Klebsiella pneumoniae,India,Northern,,,,2023-09-27,human,ciprofloxacin,,,,reported AST,UNSPECIFIED_REPORTED,,R,measured_public,unknown,unknown,
SAMN48953039,PRJNA1273658,S data 1!row141;published_id=KP054,Klebsiella pneumoniae,India,Northern,,,,2023-09-27,human,gentamicin,,,,reported AST,UNSPECIFIED_REPORTED,,S,measured_public,unknown,unknown,
SAMN48953039,PRJNA1273658,S data 1!row141;published_id=KP054,Klebsiella pneumoniae,India,Northern,,,,2023-09-27,human,amikacin,,,,reported AST,UNSPECIFIED_REPORTED,,S,measured_public,unknown,unknown,
SAMN48953039,PRJNA1273658,S data 1!row141;published_id=KP054,Klebsiella pneumoniae,India,Northern,,,,2023-09-27,human,colistin,,,,reported AST,UNSPECIFIED_REPORTED,,R,measured_public,unknown,unknown,
SAMN48953040,PRJNA1273658,S data 1!row142;published_id=KP055,Klebsiella pneumoniae,India,Northern,,,,2023-09-20,human,meropenem,,,,reported AST,UNSPECIFIED_REPORTED,,R,measured_public,unknown,unknown,
SAMN48953040,PRJNA1273658,S data 1!row142;published_id=KP055,Klebsiella pneumoniae,India,Northern,,,,2023-09-20,human,imipenem,,,,reported AST,UNSPECIFIED_REPORTED,,R,measured_public,unknown,unknown,
SAMN48953040,PRJNA1273658,S data 1!row142;published_id=KP055,Klebsiella pneumoniae,India,Northern,,,,2023-09-20,human,cefepime,,,,reported AST,UNSPECIFIED_REPORTED,,R,measured_public,unknown,unknown,
SAMN48953040,PRJNA1273658,S data 1!row142;published_id=KP055,Klebsiella pneumoniae,India,Northern,,,,2023-09-20,human,ceftazidime,,,,reported AST,UNSPECIFIED_REPORTED,,R,measured_public,unknown,unknown,
SAMN48953040,PRJNA1273658,S data 1!row142;published_id=KP055,Klebsiella pneumoniae,India,Northern,,,,2023-09-20,human,ciprofloxacin,,,,reported AST,UNSPECIFIED_REPORTED,,R,measured_public,unknown,unknown,
SAMN48953040,PRJNA1273658,S data 1!row142;published_id=KP055,Klebsiella pneumoniae,India,Northern,,,,2023-09-20,human,gentamicin,,,,reported AST,UNSPECIFIED_REPORTED,,R,measured_public,unknown,unknown,
SAMN48953040,PRJNA1273658,S data 1!row142;published_id=KP055,Klebsiella pneumoniae,India,Northern,,,,2023-09-20,human,amikacin,,,,reported AST,UNSPECIFIED_REPORTED,,R,measured_public,unknown,unknown,
SAMN48953040,PRJNA1273658,S data 1!row142;published_id=KP055,Klebsiella pneumoniae,India,Northern,,,,2023-09-20,human,colistin,,,,reported AST,UNSPECIFIED_REPORTED,,R,measured_public,unknown,unknown,
SAMN48953041,PRJNA1273658,S data 1!row143;published_id=KP062,Klebsiella pneumoniae,India,Northern,,,,2023-10-02,human,meropenem,,,,reported AST,UNSPECIFIED_REPORTED,,R,measured_public,unknown,unknown,
SAMN48953041,PRJNA1273658,S data 1!row143;published_id=KP062,Klebsiella pneumoniae,India,Northern,,,,2023-10-02,human,imipenem,,,,reported AST,UNSPECIFIED_REPORTED,,R,measured_public,unknown,unknown,
SAMN48953041,PRJNA1273658,S data 1!row143;published_id=KP062,Klebsiella pneumoniae,India,Northern,,,,2023-10-02,human,cefepime,,,,reported AST,UNSPECIFIED_REPORTED,,R,measured_public,unknown,unknown,
SAMN48953041,PRJNA1273658,S data 1!row143;published_id=KP062,Klebsiella pneumoniae,India,Northern,,,,2023-10-02,human,ceftazidime,,,,reported AST,UNSPECIFIED_REPORTED,,R,measured_public,unknown,unknown,
SAMN48953041,PRJNA1273658,S data 1!row143;published_id=KP062,Klebsiella pneumoniae,India,Northern,,,,2023-10-02,human,ciprofloxacin,,,,reported AST,UNSPECIFIED_REPORTED,,R,measured_public,unknown,unknown,
SAMN48953041,PRJNA1273658,S data 1!row143;published_id=KP062,Klebsiella pneumoniae,India,Northern,,,,2023-10-02,human,gentamicin,,,,reported AST,UNSPECIFIED_REPORTED,,R,measured_public,unknown,unknown,
SAMN48953041,PRJNA1273658,S data 1!row143;published_id=KP062,Klebsiella pneumoniae,India,Northern,,,,2023-10-02,human,amikacin,,,,reported AST,UNSPECIFIED_REPORTED,,R,measured_public,unknown,unknown,
SAMN48953041,PRJNA1273658,S data 1!row143;published_id=KP062,Klebsiella pneumoniae,India,Northern,,,,2023-10-02,human,colistin,,,,reported AST,UNSPECIFIED_REPORTED,,R,measured_public,unknown,unknown,
SAMN48953042,PRJNA1273658,S data 1!row144;published_id=KP079,Klebsiella pneumoniae,India,Northern,,,,2023-10-15,human,meropenem,,,,reported AST,UNSPECIFIED_REPORTED,,R,measured_public,unknown,unknown,
SAMN48953042,PRJNA1273658,S data 1!row144;published_id=KP079,Klebsiella pneumoniae,India,Northern,,,,2023-10-15,human,imipenem,,,,reported AST,UNSPECIFIED_REPORTED,,R,measured_public,unknown,unknown,
SAMN48953042,PRJNA1273658,S data 1!row144;published_id=KP079,Klebsiella pneumoniae,India,Northern,,,,2023-10-15,human,cefepime,,,,reported AST,UNSPECIFIED_REPORTED,,R,measured_public,unknown,unknown,
SAMN48953042,PRJNA1273658,S data 1!row144;published_id=KP079,Klebsiella pneumoniae,India,Northern,,,,2023-10-15,human,ceftazidime,,,,reported AST,UNSPECIFIED_REPORTED,,R,measured_public,unknown,unknown,
SAMN48953042,PRJNA1273658,S data 1!row144;published_id=KP079,Klebsiella pneumoniae,India,Northern,,,,2023-10-15,human,ciprofloxacin,,,,reported AST,UNSPECIFIED_REPORTED,,R,measured_public,unknown,unknown,
SAMN48953042,PRJNA1273658,S data 1!row144;published_id=KP079,Klebsiella pneumoniae,India,Northern,,,,2023-10-15,human,gentamicin,,,,reported AST,UNSPECIFIED_REPORTED,,R,measured_public,unknown,unknown,
SAMN48953042,PRJNA1273658,S data 1!row144;published_id=KP079,Klebsiella pneumoniae,India,Northern,,,,2023-10-15,human,amikacin,,,,reported AST,UNSPECIFIED_REPORTED,,R,measured_public,unknown,unknown,
SAMN48953042,PRJNA1273658,S data 1!row144;published_id=KP079,Klebsiella pneumoniae,India,Northern,,,,2023-10-15,human,colistin,,,,reported AST,UNSPECIFIED_REPORTED,,I,measured_public,unknown,unknown,
SAMN48953043,PRJNA1273658,S data 1!row145;published_id=KP080,Klebsiella pneumoniae,India,Northern,,,,2023-10-22,human,meropenem,,,,reported AST,UNSPECIFIED_REPORTED,,R,measured_public,unknown,unknown,
SAMN48953043,PRJNA1273658,S data 1!row145;published_id=KP080,Klebsiella pneumoniae,India,Northern,,,,2023-10-22,human,imipenem,,,,reported AST,UNSPECIFIED_REPORTED,,R,measured_public,unknown,unknown,
SAMN48953043,PRJNA1273658,S data 1!row145;published_id=KP080,Klebsiella pneumoniae,India,Northern,,,,2023-10-22,human,cefepime,,,,reported AST,UNSPECIFIED_REPORTED,,R,measured_public,unknown,unknown,
SAMN48953043,PRJNA1273658,S data 1!row145;published_id=KP080,Klebsiella pneumoniae,India,Northern,,,,2023-10-22,human,ceftazidime,,,,reported AST,UNSPECIFIED_REPORTED,,R,measured_public,unknown,unknown,
SAMN48953043,PRJNA1273658,S data 1!row145;published_id=KP080,Klebsiella pneumoniae,India,Northern,,,,2023-10-22,human,ciprofloxacin,,,,reported AST,UNSPECIFIED_REPORTED,,R,measured_public,unknown,unknown,
SAMN48953043,PRJNA1273658,S data 1!row145;published_id=KP080,Klebsiella pneumoniae,India,Northern,,,,2023-10-22,human,gentamicin,,,,reported AST,UNSPECIFIED_REPORTED,,R,measured_public,unknown,unknown,
SAMN48953043,PRJNA1273658,S data 1!row145;published_id=KP080,Klebsiella pneumoniae,India,Northern,,,,2023-10-22,human,amikacin,,,,reported AST,UNSPECIFIED_REPORTED,,R,measured_public,unknown,unknown,
SAMN48953043,PRJNA1273658,S data 1!row145;published_id=KP080,Klebsiella pneumoniae,India,Northern,,,,2023-10-22,human,colistin,,,,reported AST,UNSPECIFIED_REPORTED,,R,measured_public,unknown,unknown,
SAMN48953044,PRJNA1273658,S data 1!row146;published_id=KP081,Klebsiella pneumoniae,India,Northern,,,,2023-10-21,human,meropenem,,,,reported AST,UNSPECIFIED_REPORTED,,R,measured_public,unknown,unknown,
SAMN48953044,PRJNA1273658,S data 1!row146;published_id=KP081,Klebsiella pneumoniae,India,Northern,,,,2023-10-21,human,imipenem,,,,reported AST,UNSPECIFIED_REPORTED,,R,measured_public,unknown,unknown,
SAMN48953044,PRJNA1273658,S data 1!row146;published_id=KP081,Klebsiella pneumoniae,India,Northern,,,,2023-10-21,human,cefepime,,,,reported AST,UNSPECIFIED_REPORTED,,R,measured_public,unknown,unknown,
SAMN48953044,PRJNA1273658,S data 1!row146;published_id=KP081,Klebsiella pneumoniae,India,Northern,,,,2023-10-21,human,ceftazidime,,,,reported AST,UNSPECIFIED_REPORTED,,R,measured_public,unknown,unknown,
SAMN48953044,PRJNA1273658,S data 1!row146;published_id=KP081,Klebsiella pneumoniae,India,Northern,,,,2023-10-21,human,ciprofloxacin,,,,reported AST,UNSPECIFIED_REPORTED,,R,measured_public,unknown,unknown,
SAMN48953044,PRJNA1273658,S data 1!row146;published_id=KP081,Klebsiella pneumoniae,India,Northern,,,,2023-10-21,human,gentamicin,,,,reported AST,UNSPECIFIED_REPORTED,,S,measured_public,unknown,unknown,
SAMN48953044,PRJNA1273658,S data 1!row146;published_id=KP081,Klebsiella pneumoniae,India,Northern,,,,2023-10-21,human,amikacin,,,,reported AST,UNSPECIFIED_REPORTED,,R,measured_public,unknown,unknown,
SAMN48953044,PRJNA1273658,S data 1!row146;published_id=KP081,Klebsiella pneumoniae,India,Northern,,,,2023-10-21,human,colistin,,,,reported AST,UNSPECIFIED_REPORTED,,I,measured_public,unknown,unknown,
SAMN48953045,PRJNA1273658,S data 1!row147;published_id=KP085,Klebsiella pneumoniae,India,Northern,,,,2023-10-18,human,meropenem,,,,reported AST,UNSPECIFIED_REPORTED,,R,measured_public,unknown,unknown,
SAMN48953045,PRJNA1273658,S data 1!row147;published_id=KP085,Klebsiella pneumoniae,India,Northern,,,,2023-10-18,human,imipenem,,,,reported AST,UNSPECIFIED_REPORTED,,R,measured_public,unknown,unknown,
SAMN48953045,PRJNA1273658,S data 1!row147;published_id=KP085,Klebsiella pneumoniae,India,Northern,,,,2023-10-18,human,cefepime,,,,reported AST,UNSPECIFIED_REPORTED,,R,measured_public,unknown,unknown,
SAMN48953045,PRJNA1273658,S data 1!row147;published_id=KP085,Klebsiella pneumoniae,India,Northern,,,,2023-10-18,human,ceftazidime,,,,reported AST,UNSPECIFIED_REPORTED,,R,measured_public,unknown,unknown,
SAMN48953045,PRJNA1273658,S data 1!row147;published_id=KP085,Klebsiella pneumoniae,India,Northern,,,,2023-10-18,human,ciprofloxacin,,,,reported AST,UNSPECIFIED_REPORTED,,R,measured_public,unknown,unknown,
SAMN48953045,PRJNA1273658,S data 1!row147;published_id=KP085,Klebsiella pneumoniae,India,Northern,,,,2023-10-18,human,gentamicin,,,,reported AST,UNSPECIFIED_REPORTED,,R,measured_public,unknown,unknown,
SAMN48953045,PRJNA1273658,S data 1!row147;published_id=KP085,Klebsiella pneumoniae,India,Northern,,,,2023-10-18,human,amikacin,,,,reported AST,UNSPECIFIED_REPORTED,,R,measured_public,unknown,unknown,
SAMN48953045,PRJNA1273658,S data 1!row147;published_id=KP085,Klebsiella pneumoniae,India,Northern,,,,2023-10-18,human,colistin,,,,reported AST,UNSPECIFIED_REPORTED,,I,measured_public,unknown,unknown,
SAMN48953046,PRJNA1273658,S data 1!row148;published_id=KP086,Klebsiella pneumoniae,India,Northern,,,,2023-10-20,human,meropenem,,,,reported AST,UNSPECIFIED_REPORTED,,R,measured_public,unknown,unknown,
SAMN48953046,PRJNA1273658,S data 1!row148;published_id=KP086,Klebsiella pneumoniae,India,Northern,,,,2023-10-20,human,imipenem,,,,reported AST,UNSPECIFIED_REPORTED,,R,measured_public,unknown,unknown,
SAMN48953046,PRJNA1273658,S data 1!row148;published_id=KP086,Klebsiella pneumoniae,India,Northern,,,,2023-10-20,human,cefepime,,,,reported AST,UNSPECIFIED_REPORTED,,R,measured_public,unknown,unknown,
SAMN48953046,PRJNA1273658,S data 1!row148;published_id=KP086,Klebsiella pneumoniae,India,Northern,,,,2023-10-20,human,ceftazidime,,,,reported AST,UNSPECIFIED_REPORTED,,R,measured_public,unknown,unknown,
SAMN48953046,PRJNA1273658,S data 1!row148;published_id=KP086,Klebsiella pneumoniae,India,Northern,,,,2023-10-20,human,ciprofloxacin,,,,reported AST,UNSPECIFIED_REPORTED,,R,measured_public,unknown,unknown,
SAMN48953046,PRJNA1273658,S data 1!row148;published_id=KP086,Klebsiella pneumoniae,India,Northern,,,,2023-10-20,human,gentamicin,,,,reported AST,UNSPECIFIED_REPORTED,,R,measured_public,unknown,unknown,
SAMN48953046,PRJNA1273658,S data 1!row148;published_id=KP086,Klebsiella pneumoniae,India,Northern,,,,2023-10-20,human,amikacin,,,,reported AST,UNSPECIFIED_REPORTED,,R,measured_public,unknown,unknown,
SAMN48953046,PRJNA1273658,S data 1!row148;published_id=KP086,Klebsiella pneumoniae,India,Northern,,,,2023-10-20,human,colistin,,,,reported AST,UNSPECIFIED_REPORTED,,I,measured_public,unknown,unknown,
SAMN48953047,PRJNA1273658,S data 1!row149;published_id=KP087,Klebsiella pneumoniae,India,Northern,,,,2023-07-25,human,meropenem,,,,reported AST,UNSPECIFIED_REPORTED,,R,measured_public,unknown,unknown,
SAMN48953047,PRJNA1273658,S data 1!row149;published_id=KP087,Klebsiella pneumoniae,India,Northern,,,,2023-07-25,human,imipenem,,,,reported AST,UNSPECIFIED_REPORTED,,R,measured_public,unknown,unknown,
SAMN48953047,PRJNA1273658,S data 1!row149;published_id=KP087,Klebsiella pneumoniae,India,Northern,,,,2023-07-25,human,cefepime,,,,reported AST,UNSPECIFIED_REPORTED,,R,measured_public,unknown,unknown,
SAMN48953047,PRJNA1273658,S data 1!row149;published_id=KP087,Klebsiella pneumoniae,India,Northern,,,,2023-07-25,human,ceftazidime,,,,reported AST,UNSPECIFIED_REPORTED,,R,measured_public,unknown,unknown,
SAMN48953047,PRJNA1273658,S data 1!row149;published_id=KP087,Klebsiella pneumoniae,India,Northern,,,,2023-07-25,human,ciprofloxacin,,,,reported AST,UNSPECIFIED_REPORTED,,R,measured_public,unknown,unknown,
SAMN48953047,PRJNA1273658,S data 1!row149;published_id=KP087,Klebsiella pneumoniae,India,Northern,,,,2023-07-25,human,gentamicin,,,,reported AST,UNSPECIFIED_REPORTED,,R,measured_public,unknown,unknown,
SAMN48953047,PRJNA1273658,S data 1!row149;published_id=KP087,Klebsiella pneumoniae,India,Northern,,,,2023-07-25,human,amikacin,,,,reported AST,UNSPECIFIED_REPORTED,,R,measured_public,unknown,unknown,
SAMN48953047,PRJNA1273658,S data 1!row149;published_id=KP087,Klebsiella pneumoniae,India,Northern,,,,2023-07-25,human,colistin,,,,reported AST,UNSPECIFIED_REPORTED,,I,measured_public,unknown,unknown,
SAMN48953048,PRJNA1273658,S data 1!row150;published_id=KP088,Klebsiella pneumoniae,India,Northern,,,,2023-07-27,human,meropenem,,,,reported AST,UNSPECIFIED_REPORTED,,R,measured_public,unknown,unknown,
SAMN48953048,PRJNA1273658,S data 1!row150;published_id=KP088,Klebsiella pneumoniae,India,Northern,,,,2023-07-27,human,imipenem,,,,reported AST,UNSPECIFIED_REPORTED,,R,measured_public,unknown,unknown,
SAMN48953048,PRJNA1273658,S data 1!row150;published_id=KP088,Klebsiella pneumoniae,India,Northern,,,,2023-07-27,human,cefepime,,,,reported AST,UNSPECIFIED_REPORTED,,R,measured_public,unknown,unknown,
SAMN48953048,PRJNA1273658,S data 1!row150;published_id=KP088,Klebsiella pneumoniae,India,Northern,,,,2023-07-27,human,ceftazidime,,,,reported AST,UNSPECIFIED_REPORTED,,R,measured_public,unknown,unknown,
SAMN48953048,PRJNA1273658,S data 1!row150;published_id=KP088,Klebsiella pneumoniae,India,Northern,,,,2023-07-27,human,ciprofloxacin,,,,reported AST,UNSPECIFIED_REPORTED,,R,measured_public,unknown,unknown,
SAMN48953048,PRJNA1273658,S data 1!row150;published_id=KP088,Klebsiella pneumoniae,India,Northern,,,,2023-07-27,human,gentamicin,,,,reported AST,UNSPECIFIED_REPORTED,,R,measured_public,unknown,unknown,
SAMN48953048,PRJNA1273658,S data 1!row150;published_id=KP088,Klebsiella pneumoniae,India,Northern,,,,2023-07-27,human,amikacin,,,,reported AST,UNSPECIFIED_REPORTED,,R,measured_public,unknown,unknown,
SAMN48953048,PRJNA1273658,S data 1!row150;published_id=KP088,Klebsiella pneumoniae,India,Northern,,,,2023-07-27,human,colistin,,,,reported AST,UNSPECIFIED_REPORTED,,I,measured_public,unknown,unknown,
SAMN48953049,PRJNA1273658,S data 1!row151;published_id=KP089,Klebsiella pneumoniae,India,Northern,,,,2023-07-31,human,meropenem,,,,reported AST,UNSPECIFIED_REPORTED,,R,measured_public,unknown,unknown,
SAMN48953049,PRJNA1273658,S data 1!row151;published_id=KP089,Klebsiella pneumoniae,India,Northern,,,,2023-07-31,human,imipenem,,,,reported AST,UNSPECIFIED_REPORTED,,R,measured_public,unknown,unknown,
SAMN48953049,PRJNA1273658,S data 1!row151;published_id=KP089,Klebsiella pneumoniae,India,Northern,,,,2023-07-31,human,cefepime,,,,reported AST,UNSPECIFIED_REPORTED,,R,measured_public,unknown,unknown,
SAMN48953049,PRJNA1273658,S data 1!row151;published_id=KP089,Klebsiella pneumoniae,India,Northern,,,,2023-07-31,human,ceftazidime,,,,reported AST,UNSPECIFIED_REPORTED,,R,measured_public,unknown,unknown,
SAMN48953049,PRJNA1273658,S data 1!row151;published_id=KP089,Klebsiella pneumoniae,India,Northern,,,,2023-07-31,human,ciprofloxacin,,,,reported AST,UNSPECIFIED_REPORTED,,R,measured_public,unknown,unknown,
SAMN48953049,PRJNA1273658,S data 1!row151;published_id=KP089,Klebsiella pneumoniae,India,Northern,,,,2023-07-31,human,gentamicin,,,,reported AST,UNSPECIFIED_REPORTED,,R,measured_public,unknown,unknown,
SAMN48953049,PRJNA1273658,S data 1!row151;published_id=KP089,Klebsiella pneumoniae,India,Northern,,,,2023-07-31,human,amikacin,,,,reported AST,UNSPECIFIED_REPORTED,,R,measured_public,unknown,unknown,
SAMN48953049,PRJNA1273658,S data 1!row151;published_id=KP089,Klebsiella pneumoniae,India,Northern,,,,2023-07-31,human,colistin,,,,reported AST,UNSPECIFIED_REPORTED,,I,measured_public,unknown,unknown,
SAMN48953050,PRJNA1273658,S data 1!row152;published_id=KP090,Klebsiella pneumoniae,India,Northern,,,,2023-10-20,human,meropenem,,,,reported AST,UNSPECIFIED_REPORTED,,R,measured_public,unknown,unknown,
SAMN48953050,PRJNA1273658,S data 1!row152;published_id=KP090,Klebsiella pneumoniae,India,Northern,,,,2023-10-20,human,imipenem,,,,reported AST,UNSPECIFIED_REPORTED,,R,measured_public,unknown,unknown,
SAMN48953050,PRJNA1273658,S data 1!row152;published_id=KP090,Klebsiella pneumoniae,India,Northern,,,,2023-10-20,human,cefepime,,,,reported AST,UNSPECIFIED_REPORTED,,R,measured_public,unknown,unknown,
SAMN48953050,PRJNA1273658,S data 1!row152;published_id=KP090,Klebsiella pneumoniae,India,Northern,,,,2023-10-20,human,ceftazidime,,,,reported AST,UNSPECIFIED_REPORTED,,R,measured_public,unknown,unknown,
SAMN48953050,PRJNA1273658,S data 1!row152;published_id=KP090,Klebsiella pneumoniae,India,Northern,,,,2023-10-20,human,ciprofloxacin,,,,reported AST,UNSPECIFIED_REPORTED,,R,measured_public,unknown,unknown,
SAMN48953050,PRJNA1273658,S data 1!row152;published_id=KP090,Klebsiella pneumoniae,India,Northern,,,,2023-10-20,human,gentamicin,,,,reported AST,UNSPECIFIED_REPORTED,,S,measured_public,unknown,unknown,
SAMN48953050,PRJNA1273658,S data 1!row152;published_id=KP090,Klebsiella pneumoniae,India,Northern,,,,2023-10-20,human,amikacin,,,,reported AST,UNSPECIFIED_REPORTED,,R,measured_public,unknown,unknown,
SAMN48953050,PRJNA1273658,S data 1!row152;published_id=KP090,Klebsiella pneumoniae,India,Northern,,,,2023-10-20,human,colistin,,,,reported AST,UNSPECIFIED_REPORTED,,I,measured_public,unknown,unknown,
SAMN48953051,PRJNA1273658,S data 1!row153;published_id=KP091,Klebsiella pneumoniae,India,Northern,,,,2023-10-24,human,meropenem,,,,reported AST,UNSPECIFIED_REPORTED,,R,measured_public,unknown,unknown,
SAMN48953051,PRJNA1273658,S data 1!row153;published_id=KP091,Klebsiella pneumoniae,India,Northern,,,,2023-10-24,human,imipenem,,,,reported AST,UNSPECIFIED_REPORTED,,R,measured_public,unknown,unknown,
SAMN48953051,PRJNA1273658,S data 1!row153;published_id=KP091,Klebsiella pneumoniae,India,Northern,,,,2023-10-24,human,cefepime,,,,reported AST,UNSPECIFIED_REPORTED,,R,measured_public,unknown,unknown,
SAMN48953051,PRJNA1273658,S data 1!row153;published_id=KP091,Klebsiella pneumoniae,India,Northern,,,,2023-10-24,human,ceftazidime,,,,reported AST,UNSPECIFIED_REPORTED,,R,measured_public,unknown,unknown,
SAMN48953051,PRJNA1273658,S data 1!row153;published_id=KP091,Klebsiella pneumoniae,India,Northern,,,,2023-10-24,human,ciprofloxacin,,,,reported AST,UNSPECIFIED_REPORTED,,R,measured_public,unknown,unknown,
SAMN48953051,PRJNA1273658,S data 1!row153;published_id=KP091,Klebsiella pneumoniae,India,Northern,,,,2023-10-24,human,gentamicin,,,,reported AST,UNSPECIFIED_REPORTED,,R,measured_public,unknown,unknown,
SAMN48953051,PRJNA1273658,S data 1!row153;published_id=KP091,Klebsiella pneumoniae,India,Northern,,,,2023-10-24,human,amikacin,,,,reported AST,UNSPECIFIED_REPORTED,,R,measured_public,unknown,unknown,
SAMN48953051,PRJNA1273658,S data 1!row153;published_id=KP091,Klebsiella pneumoniae,India,Northern,,,,2023-10-24,human,colistin,,,,reported AST,UNSPECIFIED_REPORTED,,I,measured_public,unknown,unknown,
SAMN48953052,PRJNA1273658,S data 1!row154;published_id=KP093,Klebsiella pneumoniae,India,Northern,,,,2023-10-28,human,meropenem,,,,reported AST,UNSPECIFIED_REPORTED,,R,measured_public,unknown,unknown,
SAMN48953052,PRJNA1273658,S data 1!row154;published_id=KP093,Klebsiella pneumoniae,India,Northern,,,,2023-10-28,human,imipenem,,,,reported AST,UNSPECIFIED_REPORTED,,R,measured_public,unknown,unknown,
SAMN48953052,PRJNA1273658,S data 1!row154;published_id=KP093,Klebsiella pneumoniae,India,Northern,,,,2023-10-28,human,cefepime,,,,reported AST,UNSPECIFIED_REPORTED,,R,measured_public,unknown,unknown,
SAMN48953052,PRJNA1273658,S data 1!row154;published_id=KP093,Klebsiella pneumoniae,India,Northern,,,,2023-10-28,human,ceftazidime,,,,reported AST,UNSPECIFIED_REPORTED,,R,measured_public,unknown,unknown,
SAMN48953052,PRJNA1273658,S data 1!row154;published_id=KP093,Klebsiella pneumoniae,India,Northern,,,,2023-10-28,human,ciprofloxacin,,,,reported AST,UNSPECIFIED_REPORTED,,R,measured_public,unknown,unknown,
SAMN48953052,PRJNA1273658,S data 1!row154;published_id=KP093,Klebsiella pneumoniae,India,Northern,,,,2023-10-28,human,gentamicin,,,,reported AST,UNSPECIFIED_REPORTED,,R,measured_public,unknown,unknown,
SAMN48953052,PRJNA1273658,S data 1!row154;published_id=KP093,Klebsiella pneumoniae,India,Northern,,,,2023-10-28,human,amikacin,,,,reported AST,UNSPECIFIED_REPORTED,,R,measured_public,unknown,unknown,
SAMN48953052,PRJNA1273658,S data 1!row154;published_id=KP093,Klebsiella pneumoniae,India,Northern,,,,2023-10-28,human,colistin,,,,reported AST,UNSPECIFIED_REPORTED,,I,measured_public,unknown,unknown,
SAMN48953053,PRJNA1273658,S data 1!row155;published_id=KP169,Klebsiella pneumoniae,India,Northern,,,,2024-04-23,human,meropenem,,,,reported AST,UNSPECIFIED_REPORTED,,R,measured_public,unknown,unknown,
SAMN48953053,PRJNA1273658,S data 1!row155;published_id=KP169,Klebsiella pneumoniae,India,Northern,,,,2024-04-23,human,imipenem,,,,reported AST,UNSPECIFIED_REPORTED,,R,measured_public,unknown,unknown,
SAMN48953053,PRJNA1273658,S data 1!row155;published_id=KP169,Klebsiella pneumoniae,India,Northern,,,,2024-04-23,human,cefepime,,,,reported AST,UNSPECIFIED_REPORTED,,R,measured_public,unknown,unknown,
SAMN48953053,PRJNA1273658,S data 1!row155;published_id=KP169,Klebsiella pneumoniae,India,Northern,,,,2024-04-23,human,ceftazidime,,,,reported AST,UNSPECIFIED_REPORTED,,R,measured_public,unknown,unknown,
SAMN48953053,PRJNA1273658,S data 1!row155;published_id=KP169,Klebsiella pneumoniae,India,Northern,,,,2024-04-23,human,ciprofloxacin,,,,reported AST,UNSPECIFIED_REPORTED,,R,measured_public,unknown,unknown,
SAMN48953053,PRJNA1273658,S data 1!row155;published_id=KP169,Klebsiella pneumoniae,India,Northern,,,,2024-04-23,human,gentamicin,,,,reported AST,UNSPECIFIED_REPORTED,,R,measured_public,unknown,unknown,
SAMN48953053,PRJNA1273658,S data 1!row155;published_id=KP169,Klebsiella pneumoniae,India,Northern,,,,2024-04-23,human,amikacin,,,,reported AST,UNSPECIFIED_REPORTED,,R,measured_public,unknown,unknown,
SAMN48953053,PRJNA1273658,S data 1!row155;published_id=KP169,Klebsiella pneumoniae,India,Northern,,,,2024-04-23,human,colistin,,,,reported AST,UNSPECIFIED_REPORTED,,I,measured_public,unknown,unknown,
SAMN48953054,PRJNA1273658,S data 1!row156;published_id=KP201,Klebsiella pneumoniae,India,Northern,,,,2024-05-30,human,meropenem,,,,reported AST,UNSPECIFIED_REPORTED,,R,measured_public,unknown,unknown,
SAMN48953054,PRJNA1273658,S data 1!row156;published_id=KP201,Klebsiella pneumoniae,India,Northern,,,,2024-05-30,human,imipenem,,,,reported AST,UNSPECIFIED_REPORTED,,R,measured_public,unknown,unknown,
SAMN48953054,PRJNA1273658,S data 1!row156;published_id=KP201,Klebsiella pneumoniae,India,Northern,,,,2024-05-30,human,cefepime,,,,reported AST,UNSPECIFIED_REPORTED,,R,measured_public,unknown,unknown,
SAMN48953054,PRJNA1273658,S data 1!row156;published_id=KP201,Klebsiella pneumoniae,India,Northern,,,,2024-05-30,human,ceftazidime,,,,reported AST,UNSPECIFIED_REPORTED,,R,measured_public,unknown,unknown,
SAMN48953054,PRJNA1273658,S data 1!row156;published_id=KP201,Klebsiella pneumoniae,India,Northern,,,,2024-05-30,human,ciprofloxacin,,,,reported AST,UNSPECIFIED_REPORTED,,R,measured_public,unknown,unknown,
SAMN48953054,PRJNA1273658,S data 1!row156;published_id=KP201,Klebsiella pneumoniae,India,Northern,,,,2024-05-30,human,gentamicin,,,,reported AST,UNSPECIFIED_REPORTED,,R,measured_public,unknown,unknown,
SAMN48953054,PRJNA1273658,S data 1!row156;published_id=KP201,Klebsiella pneumoniae,India,Northern,,,,2024-05-30,human,amikacin,,,,reported AST,UNSPECIFIED_REPORTED,,R,measured_public,unknown,unknown,
SAMN48953054,PRJNA1273658,S data 1!row156;published_id=KP201,Klebsiella pneumoniae,India,Northern,,,,2024-05-30,human,colistin,,,,reported AST,UNSPECIFIED_REPORTED,,I,measured_public,unknown,unknown,
SAMN48953055,PRJNA1273658,S data 1!row157;published_id=KP208,Klebsiella pneumoniae,India,Northern,,,,2024-05-17,human,meropenem,,,,reported AST,UNSPECIFIED_REPORTED,,R,measured_public,unknown,unknown,
SAMN48953055,PRJNA1273658,S data 1!row157;published_id=KP208,Klebsiella pneumoniae,India,Northern,,,,2024-05-17,human,imipenem,,,,reported AST,UNSPECIFIED_REPORTED,,R,measured_public,unknown,unknown,
SAMN48953055,PRJNA1273658,S data 1!row157;published_id=KP208,Klebsiella pneumoniae,India,Northern,,,,2024-05-17,human,cefepime,,,,reported AST,UNSPECIFIED_REPORTED,,R,measured_public,unknown,unknown,
SAMN48953055,PRJNA1273658,S data 1!row157;published_id=KP208,Klebsiella pneumoniae,India,Northern,,,,2024-05-17,human,ceftazidime,,,,reported AST,UNSPECIFIED_REPORTED,,R,measured_public,unknown,unknown,
SAMN48953055,PRJNA1273658,S data 1!row157;published_id=KP208,Klebsiella pneumoniae,India,Northern,,,,2024-05-17,human,ciprofloxacin,,,,reported AST,UNSPECIFIED_REPORTED,,R,measured_public,unknown,unknown,
SAMN48953055,PRJNA1273658,S data 1!row157;published_id=KP208,Klebsiella pneumoniae,India,Northern,,,,2024-05-17,human,gentamicin,,,,reported AST,UNSPECIFIED_REPORTED,,S,measured_public,unknown,unknown,
SAMN48953055,PRJNA1273658,S data 1!row157;published_id=KP208,Klebsiella pneumoniae,India,Northern,,,,2024-05-17,human,amikacin,,,,reported AST,UNSPECIFIED_REPORTED,,S,measured_public,unknown,unknown,
SAMN48953055,PRJNA1273658,S data 1!row157;published_id=KP208,Klebsiella pneumoniae,India,Northern,,,,2024-05-17,human,colistin,,,,reported AST,UNSPECIFIED_REPORTED,,I,measured_public,unknown,unknown,
SAMN48953056,PRJNA1273658,S data 1!row158;published_id=KP210,Klebsiella pneumoniae,India,Northern,,,,2024-07-05,human,meropenem,,,,reported AST,UNSPECIFIED_REPORTED,,R,measured_public,unknown,unknown,
SAMN48953056,PRJNA1273658,S data 1!row158;published_id=KP210,Klebsiella pneumoniae,India,Northern,,,,2024-07-05,human,imipenem,,,,reported AST,UNSPECIFIED_REPORTED,,R,measured_public,unknown,unknown,
SAMN48953056,PRJNA1273658,S data 1!row158;published_id=KP210,Klebsiella pneumoniae,India,Northern,,,,2024-07-05,human,cefepime,,,,reported AST,UNSPECIFIED_REPORTED,,R,measured_public,unknown,unknown,
SAMN48953056,PRJNA1273658,S data 1!row158;published_id=KP210,Klebsiella pneumoniae,India,Northern,,,,2024-07-05,human,ceftazidime,,,,reported AST,UNSPECIFIED_REPORTED,,R,measured_public,unknown,unknown,
SAMN48953056,PRJNA1273658,S data 1!row158;published_id=KP210,Klebsiella pneumoniae,India,Northern,,,,2024-07-05,human,ciprofloxacin,,,,reported AST,UNSPECIFIED_REPORTED,,R,measured_public,unknown,unknown,
SAMN48953056,PRJNA1273658,S data 1!row158;published_id=KP210,Klebsiella pneumoniae,India,Northern,,,,2024-07-05,human,gentamicin,,,,reported AST,UNSPECIFIED_REPORTED,,R,measured_public,unknown,unknown,
SAMN48953056,PRJNA1273658,S data 1!row158;published_id=KP210,Klebsiella pneumoniae,India,Northern,,,,2024-07-05,human,amikacin,,,,reported AST,UNSPECIFIED_REPORTED,,R,measured_public,unknown,unknown,
SAMN48953056,PRJNA1273658,S data 1!row158;published_id=KP210,Klebsiella pneumoniae,India,Northern,,,,2024-07-05,human,colistin,,,,reported AST,UNSPECIFIED_REPORTED,,I,measured_public,unknown,unknown,
SAMN48953057,PRJNA1273658,S data 1!row159;published_id=KPBN17,Klebsiella pneumoniae,India,Western,,,,2023-02-20,human,meropenem,,,,reported AST,UNSPECIFIED_REPORTED,,R,measured_public,unknown,unknown,
SAMN48953057,PRJNA1273658,S data 1!row159;published_id=KPBN17,Klebsiella pneumoniae,India,Western,,,,2023-02-20,human,imipenem,,,,reported AST,UNSPECIFIED_REPORTED,,R,measured_public,unknown,unknown,
SAMN48953057,PRJNA1273658,S data 1!row159;published_id=KPBN17,Klebsiella pneumoniae,India,Western,,,,2023-02-20,human,cefepime,,,,reported AST,UNSPECIFIED_REPORTED,,R,measured_public,unknown,unknown,
SAMN48953057,PRJNA1273658,S data 1!row159;published_id=KPBN17,Klebsiella pneumoniae,India,Western,,,,2023-02-20,human,ceftazidime,,,,reported AST,UNSPECIFIED_REPORTED,,R,measured_public,unknown,unknown,
SAMN48953057,PRJNA1273658,S data 1!row159;published_id=KPBN17,Klebsiella pneumoniae,India,Western,,,,2023-02-20,human,ciprofloxacin,,,,reported AST,UNSPECIFIED_REPORTED,,R,measured_public,unknown,unknown,
SAMN48953057,PRJNA1273658,S data 1!row159;published_id=KPBN17,Klebsiella pneumoniae,India,Western,,,,2023-02-20,human,gentamicin,,,,reported AST,UNSPECIFIED_REPORTED,,R,measured_public,unknown,unknown,
SAMN48953057,PRJNA1273658,S data 1!row159;published_id=KPBN17,Klebsiella pneumoniae,India,Western,,,,2023-02-20,human,amikacin,,,,reported AST,UNSPECIFIED_REPORTED,,I,measured_public,unknown,unknown,
SAMN48953057,PRJNA1273658,S data 1!row159;published_id=KPBN17,Klebsiella pneumoniae,India,Western,,,,2023-02-20,human,colistin,,,,reported AST,UNSPECIFIED_REPORTED,,S,measured_public,unknown,unknown,
SAMN48953058,PRJNA1273658,S data 1!row160;published_id=KPBN19,Klebsiella pneumoniae,India,Western,,,,2023-02-20,human,meropenem,,,,reported AST,UNSPECIFIED_REPORTED,,R,measured_public,unknown,unknown,
SAMN48953058,PRJNA1273658,S data 1!row160;published_id=KPBN19,Klebsiella pneumoniae,India,Western,,,,2023-02-20,human,imipenem,,,,reported AST,UNSPECIFIED_REPORTED,,R,measured_public,unknown,unknown,
SAMN48953058,PRJNA1273658,S data 1!row160;published_id=KPBN19,Klebsiella pneumoniae,India,Western,,,,2023-02-20,human,cefepime,,,,reported AST,UNSPECIFIED_REPORTED,,R,measured_public,unknown,unknown,
SAMN48953058,PRJNA1273658,S data 1!row160;published_id=KPBN19,Klebsiella pneumoniae,India,Western,,,,2023-02-20,human,ceftazidime,,,,reported AST,UNSPECIFIED_REPORTED,,R,measured_public,unknown,unknown,
SAMN48953058,PRJNA1273658,S data 1!row160;published_id=KPBN19,Klebsiella pneumoniae,India,Western,,,,2023-02-20,human,ciprofloxacin,,,,reported AST,UNSPECIFIED_REPORTED,,R,measured_public,unknown,unknown,
SAMN48953058,PRJNA1273658,S data 1!row160;published_id=KPBN19,Klebsiella pneumoniae,India,Western,,,,2023-02-20,human,gentamicin,,,,reported AST,UNSPECIFIED_REPORTED,,R,measured_public,unknown,unknown,
SAMN48953058,PRJNA1273658,S data 1!row160;published_id=KPBN19,Klebsiella pneumoniae,India,Western,,,,2023-02-20,human,amikacin,,,,reported AST,UNSPECIFIED_REPORTED,,I,measured_public,unknown,unknown,
SAMN48953058,PRJNA1273658,S data 1!row160;published_id=KPBN19,Klebsiella pneumoniae,India,Western,,,,2023-02-20,human,colistin,,,,reported AST,UNSPECIFIED_REPORTED,,S,measured_public,unknown,unknown,
SAMN48953059,PRJNA1273658,S data 1!row161;published_id=KPBN20,Klebsiella pneumoniae,India,Western,,,,2023-02-19,human,meropenem,,,,reported AST,UNSPECIFIED_REPORTED,,R,measured_public,unknown,unknown,
SAMN48953059,PRJNA1273658,S data 1!row161;published_id=KPBN20,Klebsiella pneumoniae,India,Western,,,,2023-02-19,human,imipenem,,,,reported AST,UNSPECIFIED_REPORTED,,R,measured_public,unknown,unknown,
SAMN48953059,PRJNA1273658,S data 1!row161;published_id=KPBN20,Klebsiella pneumoniae,India,Western,,,,2023-02-19,human,cefepime,,,,reported AST,UNSPECIFIED_REPORTED,,R,measured_public,unknown,unknown,
SAMN48953059,PRJNA1273658,S data 1!row161;published_id=KPBN20,Klebsiella pneumoniae,India,Western,,,,2023-02-19,human,ceftazidime,,,,reported AST,UNSPECIFIED_REPORTED,,R,measured_public,unknown,unknown,
SAMN48953059,PRJNA1273658,S data 1!row161;published_id=KPBN20,Klebsiella pneumoniae,India,Western,,,,2023-02-19,human,ciprofloxacin,,,,reported AST,UNSPECIFIED_REPORTED,,R,measured_public,unknown,unknown,
SAMN48953059,PRJNA1273658,S data 1!row161;published_id=KPBN20,Klebsiella pneumoniae,India,Western,,,,2023-02-19,human,gentamicin,,,,reported AST,UNSPECIFIED_REPORTED,,R,measured_public,unknown,unknown,
SAMN48953059,PRJNA1273658,S data 1!row161;published_id=KPBN20,Klebsiella pneumoniae,India,Western,,,,2023-02-19,human,amikacin,,,,reported AST,UNSPECIFIED_REPORTED,,I,measured_public,unknown,unknown,
SAMN48953059,PRJNA1273658,S data 1!row161;published_id=KPBN20,Klebsiella pneumoniae,India,Western,,,,2023-02-19,human,colistin,,,,reported AST,UNSPECIFIED_REPORTED,,S,measured_public,unknown,unknown,
SAMN48953060,PRJNA1273658,S data 1!row162;published_id=KPBN21,Klebsiella pneumoniae,India,Western,,,,2023-02-15,human,meropenem,,,,reported AST,UNSPECIFIED_REPORTED,,R,measured_public,unknown,unknown,
SAMN48953060,PRJNA1273658,S data 1!row162;published_id=KPBN21,Klebsiella pneumoniae,India,Western,,,,2023-02-15,human,imipenem,,,,reported AST,UNSPECIFIED_REPORTED,,R,measured_public,unknown,unknown,
SAMN48953060,PRJNA1273658,S data 1!row162;published_id=KPBN21,Klebsiella pneumoniae,India,Western,,,,2023-02-15,human,cefepime,,,,reported AST,UNSPECIFIED_REPORTED,,R,measured_public,unknown,unknown,
SAMN48953060,PRJNA1273658,S data 1!row162;published_id=KPBN21,Klebsiella pneumoniae,India,Western,,,,2023-02-15,human,ceftazidime,,,,reported AST,UNSPECIFIED_REPORTED,,R,measured_public,unknown,unknown,
SAMN48953060,PRJNA1273658,S data 1!row162;published_id=KPBN21,Klebsiella pneumoniae,India,Western,,,,2023-02-15,human,ciprofloxacin,,,,reported AST,UNSPECIFIED_REPORTED,,R,measured_public,unknown,unknown,
SAMN48953060,PRJNA1273658,S data 1!row162;published_id=KPBN21,Klebsiella pneumoniae,India,Western,,,,2023-02-15,human,gentamicin,,,,reported AST,UNSPECIFIED_REPORTED,,I,measured_public,unknown,unknown,
SAMN48953060,PRJNA1273658,S data 1!row162;published_id=KPBN21,Klebsiella pneumoniae,India,Western,,,,2023-02-15,human,amikacin,,,,reported AST,UNSPECIFIED_REPORTED,,I,measured_public,unknown,unknown,
SAMN48953060,PRJNA1273658,S data 1!row162;published_id=KPBN21,Klebsiella pneumoniae,India,Western,,,,2023-02-15,human,colistin,,,,reported AST,UNSPECIFIED_REPORTED,,S,measured_public,unknown,unknown,
SAMN48953061,PRJNA1273658,S data 1!row163;published_id=KPBN22,Klebsiella pneumoniae,India,Western,,,,2023-02-16,human,meropenem,,,,reported AST,UNSPECIFIED_REPORTED,,R,measured_public,unknown,unknown,
SAMN48953061,PRJNA1273658,S data 1!row163;published_id=KPBN22,Klebsiella pneumoniae,India,Western,,,,2023-02-16,human,imipenem,,,,reported AST,UNSPECIFIED_REPORTED,,R,measured_public,unknown,unknown,
SAMN48953061,PRJNA1273658,S data 1!row163;published_id=KPBN22,Klebsiella pneumoniae,India,Western,,,,2023-02-16,human,cefepime,,,,reported AST,UNSPECIFIED_REPORTED,,R,measured_public,unknown,unknown,
SAMN48953061,PRJNA1273658,S data 1!row163;published_id=KPBN22,Klebsiella pneumoniae,India,Western,,,,2023-02-16,human,ceftazidime,,,,reported AST,UNSPECIFIED_REPORTED,,R,measured_public,unknown,unknown,
SAMN48953061,PRJNA1273658,S data 1!row163;published_id=KPBN22,Klebsiella pneumoniae,India,Western,,,,2023-02-16,human,ciprofloxacin,,,,reported AST,UNSPECIFIED_REPORTED,,R,measured_public,unknown,unknown,
SAMN48953061,PRJNA1273658,S data 1!row163;published_id=KPBN22,Klebsiella pneumoniae,India,Western,,,,2023-02-16,human,gentamicin,,,,reported AST,UNSPECIFIED_REPORTED,,I,measured_public,unknown,unknown,
SAMN48953061,PRJNA1273658,S data 1!row163;published_id=KPBN22,Klebsiella pneumoniae,India,Western,,,,2023-02-16,human,amikacin,,,,reported AST,UNSPECIFIED_REPORTED,,I,measured_public,unknown,unknown,
SAMN48953061,PRJNA1273658,S data 1!row163;published_id=KPBN22,Klebsiella pneumoniae,India,Western,,,,2023-02-16,human,colistin,,,,reported AST,UNSPECIFIED_REPORTED,,S,measured_public,unknown,unknown,
SAMN48953062,PRJNA1273658,S data 1!row164;published_id=KPBN24,Klebsiella pneumoniae,India,Western,,,,2023-02-12,human,meropenem,,,,reported AST,UNSPECIFIED_REPORTED,,R,measured_public,unknown,unknown,
SAMN48953062,PRJNA1273658,S data 1!row164;published_id=KPBN24,Klebsiella pneumoniae,India,Western,,,,2023-02-12,human,imipenem,,,,reported AST,UNSPECIFIED_REPORTED,,R,measured_public,unknown,unknown,
SAMN48953062,PRJNA1273658,S data 1!row164;published_id=KPBN24,Klebsiella pneumoniae,India,Western,,,,2023-02-12,human,cefepime,,,,reported AST,UNSPECIFIED_REPORTED,,R,measured_public,unknown,unknown,
SAMN48953062,PRJNA1273658,S data 1!row164;published_id=KPBN24,Klebsiella pneumoniae,India,Western,,,,2023-02-12,human,ceftazidime,,,,reported AST,UNSPECIFIED_REPORTED,,R,measured_public,unknown,unknown,
SAMN48953062,PRJNA1273658,S data 1!row164;published_id=KPBN24,Klebsiella pneumoniae,India,Western,,,,2023-02-12,human,ciprofloxacin,,,,reported AST,UNSPECIFIED_REPORTED,,R,measured_public,unknown,unknown,
SAMN48953062,PRJNA1273658,S data 1!row164;published_id=KPBN24,Klebsiella pneumoniae,India,Western,,,,2023-02-12,human,gentamicin,,,,reported AST,UNSPECIFIED_REPORTED,,R,measured_public,unknown,unknown,
SAMN48953062,PRJNA1273658,S data 1!row164;published_id=KPBN24,Klebsiella pneumoniae,India,Western,,,,2023-02-12,human,amikacin,,,,reported AST,UNSPECIFIED_REPORTED,,I,measured_public,unknown,unknown,
SAMN48953062,PRJNA1273658,S data 1!row164;published_id=KPBN24,Klebsiella pneumoniae,India,Western,,,,2023-02-12,human,colistin,,,,reported AST,UNSPECIFIED_REPORTED,,S,measured_public,unknown,unknown,
SAMN48953063,PRJNA1273658,S data 1!row165;published_id=KPBN30,Klebsiella pneumoniae,India,Western,,,,2023-03-03,human,meropenem,,,,reported AST,UNSPECIFIED_REPORTED,,R,measured_public,unknown,unknown,
SAMN48953063,PRJNA1273658,S data 1!row165;published_id=KPBN30,Klebsiella pneumoniae,India,Western,,,,2023-03-03,human,imipenem,,,,reported AST,UNSPECIFIED_REPORTED,,R,measured_public,unknown,unknown,
SAMN48953063,PRJNA1273658,S data 1!row165;published_id=KPBN30,Klebsiella pneumoniae,India,Western,,,,2023-03-03,human,cefepime,,,,reported AST,UNSPECIFIED_REPORTED,,R,measured_public,unknown,unknown,
SAMN48953063,PRJNA1273658,S data 1!row165;published_id=KPBN30,Klebsiella pneumoniae,India,Western,,,,2023-03-03,human,ceftazidime,,,,reported AST,UNSPECIFIED_REPORTED,,R,measured_public,unknown,unknown,
SAMN48953063,PRJNA1273658,S data 1!row165;published_id=KPBN30,Klebsiella pneumoniae,India,Western,,,,2023-03-03,human,ciprofloxacin,,,,reported AST,UNSPECIFIED_REPORTED,,R,measured_public,unknown,unknown,
SAMN48953063,PRJNA1273658,S data 1!row165;published_id=KPBN30,Klebsiella pneumoniae,India,Western,,,,2023-03-03,human,gentamicin,,,,reported AST,UNSPECIFIED_REPORTED,,R,measured_public,unknown,unknown,
SAMN48953063,PRJNA1273658,S data 1!row165;published_id=KPBN30,Klebsiella pneumoniae,India,Western,,,,2023-03-03,human,amikacin,,,,reported AST,UNSPECIFIED_REPORTED,,I,measured_public,unknown,unknown,
SAMN48953063,PRJNA1273658,S data 1!row165;published_id=KPBN30,Klebsiella pneumoniae,India,Western,,,,2023-03-03,human,colistin,,,,reported AST,UNSPECIFIED_REPORTED,,S,measured_public,unknown,unknown,
SAMN48953064,PRJNA1273658,S data 1!row166;published_id=KPBN35,Klebsiella pneumoniae,India,Western,,,,2023-04-30,human,meropenem,,,,reported AST,UNSPECIFIED_REPORTED,,R,measured_public,unknown,unknown,
SAMN48953064,PRJNA1273658,S data 1!row166;published_id=KPBN35,Klebsiella pneumoniae,India,Western,,,,2023-04-30,human,imipenem,,,,reported AST,UNSPECIFIED_REPORTED,,R,measured_public,unknown,unknown,
SAMN48953064,PRJNA1273658,S data 1!row166;published_id=KPBN35,Klebsiella pneumoniae,India,Western,,,,2023-04-30,human,cefepime,,,,reported AST,UNSPECIFIED_REPORTED,,R,measured_public,unknown,unknown,
SAMN48953064,PRJNA1273658,S data 1!row166;published_id=KPBN35,Klebsiella pneumoniae,India,Western,,,,2023-04-30,human,ceftazidime,,,,reported AST,UNSPECIFIED_REPORTED,,R,measured_public,unknown,unknown,
SAMN48953064,PRJNA1273658,S data 1!row166;published_id=KPBN35,Klebsiella pneumoniae,India,Western,,,,2023-04-30,human,ciprofloxacin,,,,reported AST,UNSPECIFIED_REPORTED,,R,measured_public,unknown,unknown,
SAMN48953064,PRJNA1273658,S data 1!row166;published_id=KPBN35,Klebsiella pneumoniae,India,Western,,,,2023-04-30,human,gentamicin,,,,reported AST,UNSPECIFIED_REPORTED,,S,measured_public,unknown,unknown,
SAMN48953064,PRJNA1273658,S data 1!row166;published_id=KPBN35,Klebsiella pneumoniae,India,Western,,,,2023-04-30,human,amikacin,,,,reported AST,UNSPECIFIED_REPORTED,,S,measured_public,unknown,unknown,
SAMN48953064,PRJNA1273658,S data 1!row166;published_id=KPBN35,Klebsiella pneumoniae,India,Western,,,,2023-04-30,human,colistin,,,,reported AST,UNSPECIFIED_REPORTED,,S,measured_public,unknown,unknown,
SAMN48953065,PRJNA1273658,S data 1!row167;published_id=KPBN37,Klebsiella pneumoniae,India,Western,,,,2023-05-07,human,meropenem,,,,reported AST,UNSPECIFIED_REPORTED,,R,measured_public,unknown,unknown,
SAMN48953065,PRJNA1273658,S data 1!row167;published_id=KPBN37,Klebsiella pneumoniae,India,Western,,,,2023-05-07,human,imipenem,,,,reported AST,UNSPECIFIED_REPORTED,,R,measured_public,unknown,unknown,
SAMN48953065,PRJNA1273658,S data 1!row167;published_id=KPBN37,Klebsiella pneumoniae,India,Western,,,,2023-05-07,human,cefepime,,,,reported AST,UNSPECIFIED_REPORTED,,R,measured_public,unknown,unknown,
SAMN48953065,PRJNA1273658,S data 1!row167;published_id=KPBN37,Klebsiella pneumoniae,India,Western,,,,2023-05-07,human,ceftazidime,,,,reported AST,UNSPECIFIED_REPORTED,,R,measured_public,unknown,unknown,
SAMN48953065,PRJNA1273658,S data 1!row167;published_id=KPBN37,Klebsiella pneumoniae,India,Western,,,,2023-05-07,human,ciprofloxacin,,,,reported AST,UNSPECIFIED_REPORTED,,R,measured_public,unknown,unknown,
SAMN48953065,PRJNA1273658,S data 1!row167;published_id=KPBN37,Klebsiella pneumoniae,India,Western,,,,2023-05-07,human,gentamicin,,,,reported AST,UNSPECIFIED_REPORTED,,S,measured_public,unknown,unknown,
SAMN48953065,PRJNA1273658,S data 1!row167;published_id=KPBN37,Klebsiella pneumoniae,India,Western,,,,2023-05-07,human,amikacin,,,,reported AST,UNSPECIFIED_REPORTED,,S,measured_public,unknown,unknown,
SAMN48953065,PRJNA1273658,S data 1!row167;published_id=KPBN37,Klebsiella pneumoniae,India,Western,,,,2023-05-07,human,colistin,,,,reported AST,UNSPECIFIED_REPORTED,,S,measured_public,unknown,unknown,
SAMN48953066,PRJNA1273658,S data 1!row168;published_id=KPBN38,Klebsiella pneumoniae,India,Western,,,,2023-05-01,human,meropenem,,,,reported AST,UNSPECIFIED_REPORTED,,R,measured_public,unknown,unknown,
SAMN48953066,PRJNA1273658,S data 1!row168;published_id=KPBN38,Klebsiella pneumoniae,India,Western,,,,2023-05-01,human,imipenem,,,,reported AST,UNSPECIFIED_REPORTED,,R,measured_public,unknown,unknown,
SAMN48953066,PRJNA1273658,S data 1!row168;published_id=KPBN38,Klebsiella pneumoniae,India,Western,,,,2023-05-01,human,cefepime,,,,reported AST,UNSPECIFIED_REPORTED,,R,measured_public,unknown,unknown,
SAMN48953066,PRJNA1273658,S data 1!row168;published_id=KPBN38,Klebsiella pneumoniae,India,Western,,,,2023-05-01,human,ceftazidime,,,,reported AST,UNSPECIFIED_REPORTED,,R,measured_public,unknown,unknown,
SAMN48953066,PRJNA1273658,S data 1!row168;published_id=KPBN38,Klebsiella pneumoniae,India,Western,,,,2023-05-01,human,ciprofloxacin,,,,reported AST,UNSPECIFIED_REPORTED,,R,measured_public,unknown,unknown,
SAMN48953066,PRJNA1273658,S data 1!row168;published_id=KPBN38,Klebsiella pneumoniae,India,Western,,,,2023-05-01,human,gentamicin,,,,reported AST,UNSPECIFIED_REPORTED,,R,measured_public,unknown,unknown,
SAMN48953066,PRJNA1273658,S data 1!row168;published_id=KPBN38,Klebsiella pneumoniae,India,Western,,,,2023-05-01,human,amikacin,,,,reported AST,UNSPECIFIED_REPORTED,,R,measured_public,unknown,unknown,
SAMN48953066,PRJNA1273658,S data 1!row168;published_id=KPBN38,Klebsiella pneumoniae,India,Western,,,,2023-05-01,human,colistin,,,,reported AST,UNSPECIFIED_REPORTED,,S,measured_public,unknown,unknown,
SAMN48953067,PRJNA1273658,S data 1!row169;published_id=KPBN40,Klebsiella pneumoniae,India,Western,,,,2023-06-03,human,meropenem,,,,reported AST,UNSPECIFIED_REPORTED,,R,measured_public,unknown,unknown,
SAMN48953067,PRJNA1273658,S data 1!row169;published_id=KPBN40,Klebsiella pneumoniae,India,Western,,,,2023-06-03,human,imipenem,,,,reported AST,UNSPECIFIED_REPORTED,,R,measured_public,unknown,unknown,
SAMN48953067,PRJNA1273658,S data 1!row169;published_id=KPBN40,Klebsiella pneumoniae,India,Western,,,,2023-06-03,human,cefepime,,,,reported AST,UNSPECIFIED_REPORTED,,R,measured_public,unknown,unknown,
SAMN48953067,PRJNA1273658,S data 1!row169;published_id=KPBN40,Klebsiella pneumoniae,India,Western,,,,2023-06-03,human,ceftazidime,,,,reported AST,UNSPECIFIED_REPORTED,,R,measured_public,unknown,unknown,
SAMN48953067,PRJNA1273658,S data 1!row169;published_id=KPBN40,Klebsiella pneumoniae,India,Western,,,,2023-06-03,human,ciprofloxacin,,,,reported AST,UNSPECIFIED_REPORTED,,R,measured_public,unknown,unknown,
SAMN48953067,PRJNA1273658,S data 1!row169;published_id=KPBN40,Klebsiella pneumoniae,India,Western,,,,2023-06-03,human,gentamicin,,,,reported AST,UNSPECIFIED_REPORTED,,R,measured_public,unknown,unknown,
SAMN48953067,PRJNA1273658,S data 1!row169;published_id=KPBN40,Klebsiella pneumoniae,India,Western,,,,2023-06-03,human,amikacin,,,,reported AST,UNSPECIFIED_REPORTED,,R,measured_public,unknown,unknown,
SAMN48953067,PRJNA1273658,S data 1!row169;published_id=KPBN40,Klebsiella pneumoniae,India,Western,,,,2023-06-03,human,colistin,,,,reported AST,UNSPECIFIED_REPORTED,,S,measured_public,unknown,unknown,
SAMN48953068,PRJNA1273658,S data 1!row170;published_id=KPBN41,Klebsiella pneumoniae,India,Western,,,,2023-05-31,human,meropenem,,,,reported AST,UNSPECIFIED_REPORTED,,R,measured_public,unknown,unknown,
SAMN48953068,PRJNA1273658,S data 1!row170;published_id=KPBN41,Klebsiella pneumoniae,India,Western,,,,2023-05-31,human,imipenem,,,,reported AST,UNSPECIFIED_REPORTED,,R,measured_public,unknown,unknown,
SAMN48953068,PRJNA1273658,S data 1!row170;published_id=KPBN41,Klebsiella pneumoniae,India,Western,,,,2023-05-31,human,cefepime,,,,reported AST,UNSPECIFIED_REPORTED,,R,measured_public,unknown,unknown,
SAMN48953068,PRJNA1273658,S data 1!row170;published_id=KPBN41,Klebsiella pneumoniae,India,Western,,,,2023-05-31,human,ceftazidime,,,,reported AST,UNSPECIFIED_REPORTED,,R,measured_public,unknown,unknown,
SAMN48953068,PRJNA1273658,S data 1!row170;published_id=KPBN41,Klebsiella pneumoniae,India,Western,,,,2023-05-31,human,ciprofloxacin,,,,reported AST,UNSPECIFIED_REPORTED,,R,measured_public,unknown,unknown,
SAMN48953068,PRJNA1273658,S data 1!row170;published_id=KPBN41,Klebsiella pneumoniae,India,Western,,,,2023-05-31,human,gentamicin,,,,reported AST,UNSPECIFIED_REPORTED,,R,measured_public,unknown,unknown,
SAMN48953068,PRJNA1273658,S data 1!row170;published_id=KPBN41,Klebsiella pneumoniae,India,Western,,,,2023-05-31,human,amikacin,,,,reported AST,UNSPECIFIED_REPORTED,,R,measured_public,unknown,unknown,
SAMN48953068,PRJNA1273658,S data 1!row170;published_id=KPBN41,Klebsiella pneumoniae,India,Western,,,,2023-05-31,human,colistin,,,,reported AST,UNSPECIFIED_REPORTED,,S,measured_public,unknown,unknown,
SAMN48953069,PRJNA1273658,S data 1!row171;published_id=KPBN42,Klebsiella pneumoniae,India,Western,,,,2023-06-04,human,meropenem,,,,reported AST,UNSPECIFIED_REPORTED,,R,measured_public,unknown,unknown,
SAMN48953069,PRJNA1273658,S data 1!row171;published_id=KPBN42,Klebsiella pneumoniae,India,Western,,,,2023-06-04,human,imipenem,,,,reported AST,UNSPECIFIED_REPORTED,,R,measured_public,unknown,unknown,
SAMN48953069,PRJNA1273658,S data 1!row171;published_id=KPBN42,Klebsiella pneumoniae,India,Western,,,,2023-06-04,human,cefepime,,,,reported AST,UNSPECIFIED_REPORTED,,R,measured_public,unknown,unknown,
SAMN48953069,PRJNA1273658,S data 1!row171;published_id=KPBN42,Klebsiella pneumoniae,India,Western,,,,2023-06-04,human,ceftazidime,,,,reported AST,UNSPECIFIED_REPORTED,,R,measured_public,unknown,unknown,
SAMN48953069,PRJNA1273658,S data 1!row171;published_id=KPBN42,Klebsiella pneumoniae,India,Western,,,,2023-06-04,human,ciprofloxacin,,,,reported AST,UNSPECIFIED_REPORTED,,R,measured_public,unknown,unknown,
SAMN48953069,PRJNA1273658,S data 1!row171;published_id=KPBN42,Klebsiella pneumoniae,India,Western,,,,2023-06-04,human,gentamicin,,,,reported AST,UNSPECIFIED_REPORTED,,R,measured_public,unknown,unknown,
SAMN48953069,PRJNA1273658,S data 1!row171;published_id=KPBN42,Klebsiella pneumoniae,India,Western,,,,2023-06-04,human,amikacin,,,,reported AST,UNSPECIFIED_REPORTED,,S,measured_public,unknown,unknown,
SAMN48953069,PRJNA1273658,S data 1!row171;published_id=KPBN42,Klebsiella pneumoniae,India,Western,,,,2023-06-04,human,colistin,,,,reported AST,UNSPECIFIED_REPORTED,,S,measured_public,unknown,unknown,
SAMN48953070,PRJNA1273658,S data 1!row172;published_id=KPBN71,Klebsiella pneumoniae,India,Western,,,,2023-07-02,human,meropenem,,,,reported AST,UNSPECIFIED_REPORTED,,R,measured_public,unknown,unknown,
SAMN48953070,PRJNA1273658,S data 1!row172;published_id=KPBN71,Klebsiella pneumoniae,India,Western,,,,2023-07-02,human,imipenem,,,,reported AST,UNSPECIFIED_REPORTED,,R,measured_public,unknown,unknown,
SAMN48953070,PRJNA1273658,S data 1!row172;published_id=KPBN71,Klebsiella pneumoniae,India,Western,,,,2023-07-02,human,cefepime,,,,reported AST,UNSPECIFIED_REPORTED,,R,measured_public,unknown,unknown,
SAMN48953070,PRJNA1273658,S data 1!row172;published_id=KPBN71,Klebsiella pneumoniae,India,Western,,,,2023-07-02,human,ceftazidime,,,,reported AST,UNSPECIFIED_REPORTED,,R,measured_public,unknown,unknown,
SAMN48953070,PRJNA1273658,S data 1!row172;published_id=KPBN71,Klebsiella pneumoniae,India,Western,,,,2023-07-02,human,ciprofloxacin,,,,reported AST,UNSPECIFIED_REPORTED,,R,measured_public,unknown,unknown,
SAMN48953070,PRJNA1273658,S data 1!row172;published_id=KPBN71,Klebsiella pneumoniae,India,Western,,,,2023-07-02,human,gentamicin,,,,reported AST,UNSPECIFIED_REPORTED,,R,measured_public,unknown,unknown,
SAMN48953070,PRJNA1273658,S data 1!row172;published_id=KPBN71,Klebsiella pneumoniae,India,Western,,,,2023-07-02,human,amikacin,,,,reported AST,UNSPECIFIED_REPORTED,,R,measured_public,unknown,unknown,
SAMN48953070,PRJNA1273658,S data 1!row172;published_id=KPBN71,Klebsiella pneumoniae,India,Western,,,,2023-07-02,human,colistin,,,,reported AST,UNSPECIFIED_REPORTED,,R,measured_public,unknown,unknown,
SAMN48953071,PRJNA1273658,S data 1!row173;published_id=KPBN77,Klebsiella pneumoniae,India,Western,,,,2023-06-29,human,meropenem,,,,reported AST,UNSPECIFIED_REPORTED,,S,measured_public,unknown,unknown,
SAMN48953071,PRJNA1273658,S data 1!row173;published_id=KPBN77,Klebsiella pneumoniae,India,Western,,,,2023-06-29,human,imipenem,,,,reported AST,UNSPECIFIED_REPORTED,,S,measured_public,unknown,unknown,
SAMN48953071,PRJNA1273658,S data 1!row173;published_id=KPBN77,Klebsiella pneumoniae,India,Western,,,,2023-06-29,human,cefepime,,,,reported AST,UNSPECIFIED_REPORTED,,R,measured_public,unknown,unknown,
SAMN48953071,PRJNA1273658,S data 1!row173;published_id=KPBN77,Klebsiella pneumoniae,India,Western,,,,2023-06-29,human,ceftazidime,,,,reported AST,UNSPECIFIED_REPORTED,,R,measured_public,unknown,unknown,
SAMN48953071,PRJNA1273658,S data 1!row173;published_id=KPBN77,Klebsiella pneumoniae,India,Western,,,,2023-06-29,human,ciprofloxacin,,,,reported AST,UNSPECIFIED_REPORTED,,R,measured_public,unknown,unknown,
SAMN48953071,PRJNA1273658,S data 1!row173;published_id=KPBN77,Klebsiella pneumoniae,India,Western,,,,2023-06-29,human,gentamicin,,,,reported AST,UNSPECIFIED_REPORTED,,S,measured_public,unknown,unknown,
SAMN48953071,PRJNA1273658,S data 1!row173;published_id=KPBN77,Klebsiella pneumoniae,India,Western,,,,2023-06-29,human,amikacin,,,,reported AST,UNSPECIFIED_REPORTED,,S,measured_public,unknown,unknown,
SAMN48953071,PRJNA1273658,S data 1!row173;published_id=KPBN77,Klebsiella pneumoniae,India,Western,,,,2023-06-29,human,colistin,,,,reported AST,UNSPECIFIED_REPORTED,,S,measured_public,unknown,unknown,
SAMN48953072,PRJNA1273658,S data 1!row174;published_id=KPN24,Klebsiella pneumoniae,India,Western,,,,2022-08-18,human,meropenem,,,,reported AST,UNSPECIFIED_REPORTED,,R,measured_public,unknown,unknown,
SAMN48953072,PRJNA1273658,S data 1!row174;published_id=KPN24,Klebsiella pneumoniae,India,Western,,,,2022-08-18,human,imipenem,,,,reported AST,UNSPECIFIED_REPORTED,,R,measured_public,unknown,unknown,
SAMN48953072,PRJNA1273658,S data 1!row174;published_id=KPN24,Klebsiella pneumoniae,India,Western,,,,2022-08-18,human,cefepime,,,,reported AST,UNSPECIFIED_REPORTED,,R,measured_public,unknown,unknown,
SAMN48953072,PRJNA1273658,S data 1!row174;published_id=KPN24,Klebsiella pneumoniae,India,Western,,,,2022-08-18,human,ceftazidime,,,,reported AST,UNSPECIFIED_REPORTED,,R,measured_public,unknown,unknown,
SAMN48953072,PRJNA1273658,S data 1!row174;published_id=KPN24,Klebsiella pneumoniae,India,Western,,,,2022-08-18,human,ciprofloxacin,,,,reported AST,UNSPECIFIED_REPORTED,,R,measured_public,unknown,unknown,
SAMN48953072,PRJNA1273658,S data 1!row174;published_id=KPN24,Klebsiella pneumoniae,India,Western,,,,2022-08-18,human,gentamicin,,,,reported AST,UNSPECIFIED_REPORTED,,S,measured_public,unknown,unknown,
SAMN48953072,PRJNA1273658,S data 1!row174;published_id=KPN24,Klebsiella pneumoniae,India,Western,,,,2022-08-18,human,amikacin,,,,reported AST,UNSPECIFIED_REPORTED,,I,measured_public,unknown,unknown,
SAMN48953072,PRJNA1273658,S data 1!row174;published_id=KPN24,Klebsiella pneumoniae,India,Western,,,,2022-08-18,human,colistin,,,,reported AST,UNSPECIFIED_REPORTED,,R,measured_public,unknown,unknown,
SAMN48953073,PRJNA1273658,S data 1!row175;published_id=KPN27,Klebsiella pneumoniae,India,Western,,,,2022-08-19,human,meropenem,,,,reported AST,UNSPECIFIED_REPORTED,,R,measured_public,unknown,unknown,
SAMN48953073,PRJNA1273658,S data 1!row175;published_id=KPN27,Klebsiella pneumoniae,India,Western,,,,2022-08-19,human,imipenem,,,,reported AST,UNSPECIFIED_REPORTED,,R,measured_public,unknown,unknown,
SAMN48953073,PRJNA1273658,S data 1!row175;published_id=KPN27,Klebsiella pneumoniae,India,Western,,,,2022-08-19,human,cefepime,,,,reported AST,UNSPECIFIED_REPORTED,,R,measured_public,unknown,unknown,
SAMN48953073,PRJNA1273658,S data 1!row175;published_id=KPN27,Klebsiella pneumoniae,India,Western,,,,2022-08-19,human,ceftazidime,,,,reported AST,UNSPECIFIED_REPORTED,,R,measured_public,unknown,unknown,
SAMN48953073,PRJNA1273658,S data 1!row175;published_id=KPN27,Klebsiella pneumoniae,India,Western,,,,2022-08-19,human,ciprofloxacin,,,,reported AST,UNSPECIFIED_REPORTED,,R,measured_public,unknown,unknown,
SAMN48953073,PRJNA1273658,S data 1!row175;published_id=KPN27,Klebsiella pneumoniae,India,Western,,,,2022-08-19,human,gentamicin,,,,reported AST,UNSPECIFIED_REPORTED,,R,measured_public,unknown,unknown,
SAMN48953073,PRJNA1273658,S data 1!row175;published_id=KPN27,Klebsiella pneumoniae,India,Western,,,,2022-08-19,human,amikacin,,,,reported AST,UNSPECIFIED_REPORTED,,I,measured_public,unknown,unknown,
SAMN48953073,PRJNA1273658,S data 1!row175;published_id=KPN27,Klebsiella pneumoniae,India,Western,,,,2022-08-19,human,colistin,,,,reported AST,UNSPECIFIED_REPORTED,,R,measured_public,unknown,unknown,
SAMN48953074,PRJNA1273658,S data 1!row176;published_id=KPN34,Klebsiella pneumoniae,India,Western,,,,2022-08-29,human,meropenem,,,,reported AST,UNSPECIFIED_REPORTED,,R,measured_public,unknown,unknown,
SAMN48953074,PRJNA1273658,S data 1!row176;published_id=KPN34,Klebsiella pneumoniae,India,Western,,,,2022-08-29,human,imipenem,,,,reported AST,UNSPECIFIED_REPORTED,,R,measured_public,unknown,unknown,
SAMN48953074,PRJNA1273658,S data 1!row176;published_id=KPN34,Klebsiella pneumoniae,India,Western,,,,2022-08-29,human,cefepime,,,,reported AST,UNSPECIFIED_REPORTED,,R,measured_public,unknown,unknown,
SAMN48953074,PRJNA1273658,S data 1!row176;published_id=KPN34,Klebsiella pneumoniae,India,Western,,,,2022-08-29,human,ceftazidime,,,,reported AST,UNSPECIFIED_REPORTED,,R,measured_public,unknown,unknown,
SAMN48953074,PRJNA1273658,S data 1!row176;published_id=KPN34,Klebsiella pneumoniae,India,Western,,,,2022-08-29,human,ciprofloxacin,,,,reported AST,UNSPECIFIED_REPORTED,,R,measured_public,unknown,unknown,
SAMN48953074,PRJNA1273658,S data 1!row176;published_id=KPN34,Klebsiella pneumoniae,India,Western,,,,2022-08-29,human,gentamicin,,,,reported AST,UNSPECIFIED_REPORTED,,S,measured_public,unknown,unknown,
SAMN48953074,PRJNA1273658,S data 1!row176;published_id=KPN34,Klebsiella pneumoniae,India,Western,,,,2022-08-29,human,amikacin,,,,reported AST,UNSPECIFIED_REPORTED,,S,measured_public,unknown,unknown,
SAMN48953074,PRJNA1273658,S data 1!row176;published_id=KPN34,Klebsiella pneumoniae,India,Western,,,,2022-08-29,human,colistin,,,,reported AST,UNSPECIFIED_REPORTED,,R,measured_public,unknown,unknown,
SAMN48953075,PRJNA1273658,S data 1!row177;published_id=KPN9,Klebsiella pneumoniae,India,Western,,,,2022-08-06,human,meropenem,,,,reported AST,UNSPECIFIED_REPORTED,,R,measured_public,unknown,unknown,
SAMN48953075,PRJNA1273658,S data 1!row177;published_id=KPN9,Klebsiella pneumoniae,India,Western,,,,2022-08-06,human,imipenem,,,,reported AST,UNSPECIFIED_REPORTED,,R,measured_public,unknown,unknown,
SAMN48953075,PRJNA1273658,S data 1!row177;published_id=KPN9,Klebsiella pneumoniae,India,Western,,,,2022-08-06,human,cefepime,,,,reported AST,UNSPECIFIED_REPORTED,,R,measured_public,unknown,unknown,
SAMN48953075,PRJNA1273658,S data 1!row177;published_id=KPN9,Klebsiella pneumoniae,India,Western,,,,2022-08-06,human,ceftazidime,,,,reported AST,UNSPECIFIED_REPORTED,,R,measured_public,unknown,unknown,
SAMN48953075,PRJNA1273658,S data 1!row177;published_id=KPN9,Klebsiella pneumoniae,India,Western,,,,2022-08-06,human,ciprofloxacin,,,,reported AST,UNSPECIFIED_REPORTED,,R,measured_public,unknown,unknown,
SAMN48953075,PRJNA1273658,S data 1!row177;published_id=KPN9,Klebsiella pneumoniae,India,Western,,,,2022-08-06,human,gentamicin,,,,reported AST,UNSPECIFIED_REPORTED,,R,measured_public,unknown,unknown,
SAMN48953075,PRJNA1273658,S data 1!row177;published_id=KPN9,Klebsiella pneumoniae,India,Western,,,,2022-08-06,human,amikacin,,,,reported AST,UNSPECIFIED_REPORTED,,I,measured_public,unknown,unknown,
SAMN48953075,PRJNA1273658,S data 1!row177;published_id=KPN9,Klebsiella pneumoniae,India,Western,,,,2022-08-06,human,colistin,,,,reported AST,UNSPECIFIED_REPORTED,,R,measured_public,unknown,unknown,
SAMN48953076,PRJNA1273658,S data 1!row178;published_id=KPUN101,Klebsiella pneumoniae,India,Western,,,,2023-11-24,human,meropenem,,,,reported AST,UNSPECIFIED_REPORTED,,R,measured_public,unknown,unknown,
SAMN48953076,PRJNA1273658,S data 1!row178;published_id=KPUN101,Klebsiella pneumoniae,India,Western,,,,2023-11-24,human,imipenem,,,,reported AST,UNSPECIFIED_REPORTED,,R,measured_public,unknown,unknown,
SAMN48953076,PRJNA1273658,S data 1!row178;published_id=KPUN101,Klebsiella pneumoniae,India,Western,,,,2023-11-24,human,cefepime,,,,reported AST,UNSPECIFIED_REPORTED,,R,measured_public,unknown,unknown,
SAMN48953076,PRJNA1273658,S data 1!row178;published_id=KPUN101,Klebsiella pneumoniae,India,Western,,,,2023-11-24,human,ceftazidime,,,,reported AST,UNSPECIFIED_REPORTED,,R,measured_public,unknown,unknown,
SAMN48953076,PRJNA1273658,S data 1!row178;published_id=KPUN101,Klebsiella pneumoniae,India,Western,,,,2023-11-24,human,ciprofloxacin,,,,reported AST,UNSPECIFIED_REPORTED,,R,measured_public,unknown,unknown,
SAMN48953076,PRJNA1273658,S data 1!row178;published_id=KPUN101,Klebsiella pneumoniae,India,Western,,,,2023-11-24,human,gentamicin,,,,reported AST,UNSPECIFIED_REPORTED,,R,measured_public,unknown,unknown,
SAMN48953076,PRJNA1273658,S data 1!row178;published_id=KPUN101,Klebsiella pneumoniae,India,Western,,,,2023-11-24,human,amikacin,,,,reported AST,UNSPECIFIED_REPORTED,,R,measured_public,unknown,unknown,
SAMN48953076,PRJNA1273658,S data 1!row178;published_id=KPUN101,Klebsiella pneumoniae,India,Western,,,,2023-11-24,human,colistin,,,,reported AST,UNSPECIFIED_REPORTED,,S,measured_public,unknown,unknown,
SAMN48953077,PRJNA1273658,S data 1!row179;published_id=KPUN104,Klebsiella pneumoniae,India,Western,,,,2023-11-29,human,meropenem,,,,reported AST,UNSPECIFIED_REPORTED,,R,measured_public,unknown,unknown,
SAMN48953077,PRJNA1273658,S data 1!row179;published_id=KPUN104,Klebsiella pneumoniae,India,Western,,,,2023-11-29,human,imipenem,,,,reported AST,UNSPECIFIED_REPORTED,,R,measured_public,unknown,unknown,
SAMN48953077,PRJNA1273658,S data 1!row179;published_id=KPUN104,Klebsiella pneumoniae,India,Western,,,,2023-11-29,human,cefepime,,,,reported AST,UNSPECIFIED_REPORTED,,R,measured_public,unknown,unknown,
SAMN48953077,PRJNA1273658,S data 1!row179;published_id=KPUN104,Klebsiella pneumoniae,India,Western,,,,2023-11-29,human,ceftazidime,,,,reported AST,UNSPECIFIED_REPORTED,,R,measured_public,unknown,unknown,
SAMN48953077,PRJNA1273658,S data 1!row179;published_id=KPUN104,Klebsiella pneumoniae,India,Western,,,,2023-11-29,human,ciprofloxacin,,,,reported AST,UNSPECIFIED_REPORTED,,R,measured_public,unknown,unknown,
SAMN48953077,PRJNA1273658,S data 1!row179;published_id=KPUN104,Klebsiella pneumoniae,India,Western,,,,2023-11-29,human,gentamicin,,,,reported AST,UNSPECIFIED_REPORTED,,S,measured_public,unknown,unknown,
SAMN48953077,PRJNA1273658,S data 1!row179;published_id=KPUN104,Klebsiella pneumoniae,India,Western,,,,2023-11-29,human,amikacin,,,,reported AST,UNSPECIFIED_REPORTED,,R,measured_public,unknown,unknown,
SAMN48953077,PRJNA1273658,S data 1!row179;published_id=KPUN104,Klebsiella pneumoniae,India,Western,,,,2023-11-29,human,colistin,,,,reported AST,UNSPECIFIED_REPORTED,,S,measured_public,unknown,unknown,
SAMN48953078,PRJNA1273658,S data 1!row180;published_id=KPUN131,Klebsiella pneumoniae,India,Western,,,,2024-05-09,human,meropenem,,,,reported AST,UNSPECIFIED_REPORTED,,R,measured_public,unknown,unknown,
SAMN48953078,PRJNA1273658,S data 1!row180;published_id=KPUN131,Klebsiella pneumoniae,India,Western,,,,2024-05-09,human,imipenem,,,,reported AST,UNSPECIFIED_REPORTED,,R,measured_public,unknown,unknown,
SAMN48953078,PRJNA1273658,S data 1!row180;published_id=KPUN131,Klebsiella pneumoniae,India,Western,,,,2024-05-09,human,cefepime,,,,reported AST,UNSPECIFIED_REPORTED,,R,measured_public,unknown,unknown,
SAMN48953078,PRJNA1273658,S data 1!row180;published_id=KPUN131,Klebsiella pneumoniae,India,Western,,,,2024-05-09,human,ceftazidime,,,,reported AST,UNSPECIFIED_REPORTED,,R,measured_public,unknown,unknown,
SAMN48953078,PRJNA1273658,S data 1!row180;published_id=KPUN131,Klebsiella pneumoniae,India,Western,,,,2024-05-09,human,ciprofloxacin,,,,reported AST,UNSPECIFIED_REPORTED,,R,measured_public,unknown,unknown,
SAMN48953078,PRJNA1273658,S data 1!row180;published_id=KPUN131,Klebsiella pneumoniae,India,Western,,,,2024-05-09,human,gentamicin,,,,reported AST,UNSPECIFIED_REPORTED,,R,measured_public,unknown,unknown,
SAMN48953078,PRJNA1273658,S data 1!row180;published_id=KPUN131,Klebsiella pneumoniae,India,Western,,,,2024-05-09,human,amikacin,,,,reported AST,UNSPECIFIED_REPORTED,,R,measured_public,unknown,unknown,
SAMN48953078,PRJNA1273658,S data 1!row180;published_id=KPUN131,Klebsiella pneumoniae,India,Western,,,,2024-05-09,human,colistin,,,,reported AST,UNSPECIFIED_REPORTED,,S,measured_public,unknown,unknown,
SAMN48953079,PRJNA1273658,S data 1!row181;published_id=KPUN154,Klebsiella pneumoniae,India,Western,,,,2024-05-28,human,meropenem,,,,reported AST,UNSPECIFIED_REPORTED,,R,measured_public,unknown,unknown,
SAMN48953079,PRJNA1273658,S data 1!row181;published_id=KPUN154,Klebsiella pneumoniae,India,Western,,,,2024-05-28,human,imipenem,,,,reported AST,UNSPECIFIED_REPORTED,,R,measured_public,unknown,unknown,
SAMN48953079,PRJNA1273658,S data 1!row181;published_id=KPUN154,Klebsiella pneumoniae,India,Western,,,,2024-05-28,human,cefepime,,,,reported AST,UNSPECIFIED_REPORTED,,R,measured_public,unknown,unknown,
SAMN48953079,PRJNA1273658,S data 1!row181;published_id=KPUN154,Klebsiella pneumoniae,India,Western,,,,2024-05-28,human,ceftazidime,,,,reported AST,UNSPECIFIED_REPORTED,,R,measured_public,unknown,unknown,
SAMN48953079,PRJNA1273658,S data 1!row181;published_id=KPUN154,Klebsiella pneumoniae,India,Western,,,,2024-05-28,human,ciprofloxacin,,,,reported AST,UNSPECIFIED_REPORTED,,R,measured_public,unknown,unknown,
SAMN48953079,PRJNA1273658,S data 1!row181;published_id=KPUN154,Klebsiella pneumoniae,India,Western,,,,2024-05-28,human,gentamicin,,,,reported AST,UNSPECIFIED_REPORTED,,R,measured_public,unknown,unknown,
SAMN48953079,PRJNA1273658,S data 1!row181;published_id=KPUN154,Klebsiella pneumoniae,India,Western,,,,2024-05-28,human,amikacin,,,,reported AST,UNSPECIFIED_REPORTED,,R,measured_public,unknown,unknown,
SAMN48953079,PRJNA1273658,S data 1!row181;published_id=KPUN154,Klebsiella pneumoniae,India,Western,,,,2024-05-28,human,colistin,,,,reported AST,UNSPECIFIED_REPORTED,,S,measured_public,unknown,unknown,
SAMN48953080,PRJNA1273658,S data 1!row182;published_id=KPUN55,Klebsiella pneumoniae,India,Western,,,,2023-06-17,human,meropenem,,,,reported AST,UNSPECIFIED_REPORTED,,R,measured_public,unknown,unknown,
SAMN48953080,PRJNA1273658,S data 1!row182;published_id=KPUN55,Klebsiella pneumoniae,India,Western,,,,2023-06-17,human,imipenem,,,,reported AST,UNSPECIFIED_REPORTED,,R,measured_public,unknown,unknown,
SAMN48953080,PRJNA1273658,S data 1!row182;published_id=KPUN55,Klebsiella pneumoniae,India,Western,,,,2023-06-17,human,cefepime,,,,reported AST,UNSPECIFIED_REPORTED,,R,measured_public,unknown,unknown,
SAMN48953080,PRJNA1273658,S data 1!row182;published_id=KPUN55,Klebsiella pneumoniae,India,Western,,,,2023-06-17,human,ceftazidime,,,,reported AST,UNSPECIFIED_REPORTED,,R,measured_public,unknown,unknown,
SAMN48953080,PRJNA1273658,S data 1!row182;published_id=KPUN55,Klebsiella pneumoniae,India,Western,,,,2023-06-17,human,ciprofloxacin,,,,reported AST,UNSPECIFIED_REPORTED,,R,measured_public,unknown,unknown,
SAMN48953080,PRJNA1273658,S data 1!row182;published_id=KPUN55,Klebsiella pneumoniae,India,Western,,,,2023-06-17,human,gentamicin,,,,reported AST,UNSPECIFIED_REPORTED,,R,measured_public,unknown,unknown,
SAMN48953080,PRJNA1273658,S data 1!row182;published_id=KPUN55,Klebsiella pneumoniae,India,Western,,,,2023-06-17,human,amikacin,,,,reported AST,UNSPECIFIED_REPORTED,,S,measured_public,unknown,unknown,
SAMN48953080,PRJNA1273658,S data 1!row182;published_id=KPUN55,Klebsiella pneumoniae,India,Western,,,,2023-06-17,human,colistin,,,,reported AST,UNSPECIFIED_REPORTED,,S,measured_public,unknown,unknown,
SAMN48953081,PRJNA1273658,S data 1!row183;published_id=KPUN62,Klebsiella pneumoniae,India,Western,,,,2023-06-16,human,meropenem,,,,reported AST,UNSPECIFIED_REPORTED,,R,measured_public,unknown,unknown,
SAMN48953081,PRJNA1273658,S data 1!row183;published_id=KPUN62,Klebsiella pneumoniae,India,Western,,,,2023-06-16,human,imipenem,,,,reported AST,UNSPECIFIED_REPORTED,,R,measured_public,unknown,unknown,
SAMN48953081,PRJNA1273658,S data 1!row183;published_id=KPUN62,Klebsiella pneumoniae,India,Western,,,,2023-06-16,human,cefepime,,,,reported AST,UNSPECIFIED_REPORTED,,R,measured_public,unknown,unknown,
SAMN48953081,PRJNA1273658,S data 1!row183;published_id=KPUN62,Klebsiella pneumoniae,India,Western,,,,2023-06-16,human,ceftazidime,,,,reported AST,UNSPECIFIED_REPORTED,,R,measured_public,unknown,unknown,
SAMN48953081,PRJNA1273658,S data 1!row183;published_id=KPUN62,Klebsiella pneumoniae,India,Western,,,,2023-06-16,human,ciprofloxacin,,,,reported AST,UNSPECIFIED_REPORTED,,R,measured_public,unknown,unknown,
SAMN48953081,PRJNA1273658,S data 1!row183;published_id=KPUN62,Klebsiella pneumoniae,India,Western,,,,2023-06-16,human,gentamicin,,,,reported AST,UNSPECIFIED_REPORTED,,R,measured_public,unknown,unknown,
SAMN48953081,PRJNA1273658,S data 1!row183;published_id=KPUN62,Klebsiella pneumoniae,India,Western,,,,2023-06-16,human,amikacin,,,,reported AST,UNSPECIFIED_REPORTED,,R,measured_public,unknown,unknown,
SAMN48953081,PRJNA1273658,S data 1!row183;published_id=KPUN62,Klebsiella pneumoniae,India,Western,,,,2023-06-16,human,colistin,,,,reported AST,UNSPECIFIED_REPORTED,,S,measured_public,unknown,unknown,
SAMN48953082,PRJNA1273658,S data 1!row184;published_id=KPUN63,Klebsiella pneumoniae,India,Western,,,,2023-06-16,human,meropenem,,,,reported AST,UNSPECIFIED_REPORTED,,R,measured_public,unknown,unknown,
SAMN48953082,PRJNA1273658,S data 1!row184;published_id=KPUN63,Klebsiella pneumoniae,India,Western,,,,2023-06-16,human,imipenem,,,,reported AST,UNSPECIFIED_REPORTED,,R,measured_public,unknown,unknown,
SAMN48953082,PRJNA1273658,S data 1!row184;published_id=KPUN63,Klebsiella pneumoniae,India,Western,,,,2023-06-16,human,cefepime,,,,reported AST,UNSPECIFIED_REPORTED,,R,measured_public,unknown,unknown,
SAMN48953082,PRJNA1273658,S data 1!row184;published_id=KPUN63,Klebsiella pneumoniae,India,Western,,,,2023-06-16,human,ceftazidime,,,,reported AST,UNSPECIFIED_REPORTED,,R,measured_public,unknown,unknown,
SAMN48953082,PRJNA1273658,S data 1!row184;published_id=KPUN63,Klebsiella pneumoniae,India,Western,,,,2023-06-16,human,ciprofloxacin,,,,reported AST,UNSPECIFIED_REPORTED,,R,measured_public,unknown,unknown,
SAMN48953082,PRJNA1273658,S data 1!row184;published_id=KPUN63,Klebsiella pneumoniae,India,Western,,,,2023-06-16,human,gentamicin,,,,reported AST,UNSPECIFIED_REPORTED,,S,measured_public,unknown,unknown,
SAMN48953082,PRJNA1273658,S data 1!row184;published_id=KPUN63,Klebsiella pneumoniae,India,Western,,,,2023-06-16,human,amikacin,,,,reported AST,UNSPECIFIED_REPORTED,,R,measured_public,unknown,unknown,
SAMN48953082,PRJNA1273658,S data 1!row184;published_id=KPUN63,Klebsiella pneumoniae,India,Western,,,,2023-06-16,human,colistin,,,,reported AST,UNSPECIFIED_REPORTED,,S,measured_public,unknown,unknown,
SAMN48953083,PRJNA1273658,S data 1!row185;published_id=KPUN74,Klebsiella pneumoniae,India,Western,,,,2023-07-13,human,meropenem,,,,reported AST,UNSPECIFIED_REPORTED,,R,measured_public,unknown,unknown,
SAMN48953083,PRJNA1273658,S data 1!row185;published_id=KPUN74,Klebsiella pneumoniae,India,Western,,,,2023-07-13,human,imipenem,,,,reported AST,UNSPECIFIED_REPORTED,,R,measured_public,unknown,unknown,
SAMN48953083,PRJNA1273658,S data 1!row185;published_id=KPUN74,Klebsiella pneumoniae,India,Western,,,,2023-07-13,human,cefepime,,,,reported AST,UNSPECIFIED_REPORTED,,R,measured_public,unknown,unknown,
SAMN48953083,PRJNA1273658,S data 1!row185;published_id=KPUN74,Klebsiella pneumoniae,India,Western,,,,2023-07-13,human,ceftazidime,,,,reported AST,UNSPECIFIED_REPORTED,,R,measured_public,unknown,unknown,
SAMN48953083,PRJNA1273658,S data 1!row185;published_id=KPUN74,Klebsiella pneumoniae,India,Western,,,,2023-07-13,human,ciprofloxacin,,,,reported AST,UNSPECIFIED_REPORTED,,R,measured_public,unknown,unknown,
SAMN48953083,PRJNA1273658,S data 1!row185;published_id=KPUN74,Klebsiella pneumoniae,India,Western,,,,2023-07-13,human,gentamicin,,,,reported AST,UNSPECIFIED_REPORTED,,R,measured_public,unknown,unknown,
SAMN48953083,PRJNA1273658,S data 1!row185;published_id=KPUN74,Klebsiella pneumoniae,India,Western,,,,2023-07-13,human,amikacin,,,,reported AST,UNSPECIFIED_REPORTED,,R,measured_public,unknown,unknown,
SAMN48953083,PRJNA1273658,S data 1!row185;published_id=KPUN74,Klebsiella pneumoniae,India,Western,,,,2023-07-13,human,colistin,,,,reported AST,UNSPECIFIED_REPORTED,,S,measured_public,unknown,unknown,
SAMN48953084,PRJNA1273658,S data 1!row186;published_id=KPUN75,Klebsiella pneumoniae,India,Western,,,,2023-07-05,human,meropenem,,,,reported AST,UNSPECIFIED_REPORTED,,R,measured_public,unknown,unknown,
SAMN48953084,PRJNA1273658,S data 1!row186;published_id=KPUN75,Klebsiella pneumoniae,India,Western,,,,2023-07-05,human,imipenem,,,,reported AST,UNSPECIFIED_REPORTED,,R,measured_public,unknown,unknown,
SAMN48953084,PRJNA1273658,S data 1!row186;published_id=KPUN75,Klebsiella pneumoniae,India,Western,,,,2023-07-05,human,cefepime,,,,reported AST,UNSPECIFIED_REPORTED,,R,measured_public,unknown,unknown,
SAMN48953084,PRJNA1273658,S data 1!row186;published_id=KPUN75,Klebsiella pneumoniae,India,Western,,,,2023-07-05,human,ceftazidime,,,,reported AST,UNSPECIFIED_REPORTED,,R,measured_public,unknown,unknown,
SAMN48953084,PRJNA1273658,S data 1!row186;published_id=KPUN75,Klebsiella pneumoniae,India,Western,,,,2023-07-05,human,ciprofloxacin,,,,reported AST,UNSPECIFIED_REPORTED,,R,measured_public,unknown,unknown,
SAMN48953084,PRJNA1273658,S data 1!row186;published_id=KPUN75,Klebsiella pneumoniae,India,Western,,,,2023-07-05,human,gentamicin,,,,reported AST,UNSPECIFIED_REPORTED,,R,measured_public,unknown,unknown,
SAMN48953084,PRJNA1273658,S data 1!row186;published_id=KPUN75,Klebsiella pneumoniae,India,Western,,,,2023-07-05,human,amikacin,,,,reported AST,UNSPECIFIED_REPORTED,,R,measured_public,unknown,unknown,
SAMN48953084,PRJNA1273658,S data 1!row186;published_id=KPUN75,Klebsiella pneumoniae,India,Western,,,,2023-07-05,human,colistin,,,,reported AST,UNSPECIFIED_REPORTED,,S,measured_public,unknown,unknown,
SAMN48953085,PRJNA1273658,S data 1!row187;published_id=KPUN80,Klebsiella pneumoniae,India,Western,,,,2023-07-18,human,meropenem,,,,reported AST,UNSPECIFIED_REPORTED,,R,measured_public,unknown,unknown,
SAMN48953085,PRJNA1273658,S data 1!row187;published_id=KPUN80,Klebsiella pneumoniae,India,Western,,,,2023-07-18,human,imipenem,,,,reported AST,UNSPECIFIED_REPORTED,,R,measured_public,unknown,unknown,
SAMN48953085,PRJNA1273658,S data 1!row187;published_id=KPUN80,Klebsiella pneumoniae,India,Western,,,,2023-07-18,human,cefepime,,,,reported AST,UNSPECIFIED_REPORTED,,R,measured_public,unknown,unknown,
SAMN48953085,PRJNA1273658,S data 1!row187;published_id=KPUN80,Klebsiella pneumoniae,India,Western,,,,2023-07-18,human,ceftazidime,,,,reported AST,UNSPECIFIED_REPORTED,,R,measured_public,unknown,unknown,
SAMN48953085,PRJNA1273658,S data 1!row187;published_id=KPUN80,Klebsiella pneumoniae,India,Western,,,,2023-07-18,human,ciprofloxacin,,,,reported AST,UNSPECIFIED_REPORTED,,R,measured_public,unknown,unknown,
SAMN48953085,PRJNA1273658,S data 1!row187;published_id=KPUN80,Klebsiella pneumoniae,India,Western,,,,2023-07-18,human,gentamicin,,,,reported AST,UNSPECIFIED_REPORTED,,R,measured_public,unknown,unknown,
SAMN48953085,PRJNA1273658,S data 1!row187;published_id=KPUN80,Klebsiella pneumoniae,India,Western,,,,2023-07-18,human,amikacin,,,,reported AST,UNSPECIFIED_REPORTED,,R,measured_public,unknown,unknown,
SAMN48953085,PRJNA1273658,S data 1!row187;published_id=KPUN80,Klebsiella pneumoniae,India,Western,,,,2023-07-18,human,colistin,,,,reported AST,UNSPECIFIED_REPORTED,,S,measured_public,unknown,unknown,
SAMN48953086,PRJNA1273658,S data 1!row188;published_id=KPUN81,Klebsiella pneumoniae,India,Western,,,,2023-07-19,human,meropenem,,,,reported AST,UNSPECIFIED_REPORTED,,R,measured_public,unknown,unknown,
SAMN48953086,PRJNA1273658,S data 1!row188;published_id=KPUN81,Klebsiella pneumoniae,India,Western,,,,2023-07-19,human,imipenem,,,,reported AST,UNSPECIFIED_REPORTED,,R,measured_public,unknown,unknown,
SAMN48953086,PRJNA1273658,S data 1!row188;published_id=KPUN81,Klebsiella pneumoniae,India,Western,,,,2023-07-19,human,cefepime,,,,reported AST,UNSPECIFIED_REPORTED,,R,measured_public,unknown,unknown,
SAMN48953086,PRJNA1273658,S data 1!row188;published_id=KPUN81,Klebsiella pneumoniae,India,Western,,,,2023-07-19,human,ceftazidime,,,,reported AST,UNSPECIFIED_REPORTED,,R,measured_public,unknown,unknown,
SAMN48953086,PRJNA1273658,S data 1!row188;published_id=KPUN81,Klebsiella pneumoniae,India,Western,,,,2023-07-19,human,ciprofloxacin,,,,reported AST,UNSPECIFIED_REPORTED,,R,measured_public,unknown,unknown,
SAMN48953086,PRJNA1273658,S data 1!row188;published_id=KPUN81,Klebsiella pneumoniae,India,Western,,,,2023-07-19,human,gentamicin,,,,reported AST,UNSPECIFIED_REPORTED,,R,measured_public,unknown,unknown,
SAMN48953086,PRJNA1273658,S data 1!row188;published_id=KPUN81,Klebsiella pneumoniae,India,Western,,,,2023-07-19,human,amikacin,,,,reported AST,UNSPECIFIED_REPORTED,,R,measured_public,unknown,unknown,
SAMN48953086,PRJNA1273658,S data 1!row188;published_id=KPUN81,Klebsiella pneumoniae,India,Western,,,,2023-07-19,human,colistin,,,,reported AST,UNSPECIFIED_REPORTED,,S,measured_public,unknown,unknown,
SAMN48953087,PRJNA1273658,S data 1!row189;published_id=KPUN82,Klebsiella pneumoniae,India,Western,,,,2023-07-28,human,meropenem,,,,reported AST,UNSPECIFIED_REPORTED,,R,measured_public,unknown,unknown,
SAMN48953087,PRJNA1273658,S data 1!row189;published_id=KPUN82,Klebsiella pneumoniae,India,Western,,,,2023-07-28,human,imipenem,,,,reported AST,UNSPECIFIED_REPORTED,,R,measured_public,unknown,unknown,
SAMN48953087,PRJNA1273658,S data 1!row189;published_id=KPUN82,Klebsiella pneumoniae,India,Western,,,,2023-07-28,human,cefepime,,,,reported AST,UNSPECIFIED_REPORTED,,R,measured_public,unknown,unknown,
SAMN48953087,PRJNA1273658,S data 1!row189;published_id=KPUN82,Klebsiella pneumoniae,India,Western,,,,2023-07-28,human,ceftazidime,,,,reported AST,UNSPECIFIED_REPORTED,,R,measured_public,unknown,unknown,
SAMN48953087,PRJNA1273658,S data 1!row189;published_id=KPUN82,Klebsiella pneumoniae,India,Western,,,,2023-07-28,human,ciprofloxacin,,,,reported AST,UNSPECIFIED_REPORTED,,R,measured_public,unknown,unknown,
SAMN48953087,PRJNA1273658,S data 1!row189;published_id=KPUN82,Klebsiella pneumoniae,India,Western,,,,2023-07-28,human,gentamicin,,,,reported AST,UNSPECIFIED_REPORTED,,R,measured_public,unknown,unknown,
SAMN48953087,PRJNA1273658,S data 1!row189;published_id=KPUN82,Klebsiella pneumoniae,India,Western,,,,2023-07-28,human,amikacin,,,,reported AST,UNSPECIFIED_REPORTED,,R,measured_public,unknown,unknown,
SAMN48953087,PRJNA1273658,S data 1!row189;published_id=KPUN82,Klebsiella pneumoniae,India,Western,,,,2023-07-28,human,colistin,,,,reported AST,UNSPECIFIED_REPORTED,,S,measured_public,unknown,unknown,
SAMN48953088,PRJNA1273658,S data 1!row190;published_id=PA011,Pseudomonas aeruginosa,India,Northern,,,,2023-05-21,human,meropenem,,,,reported AST,UNSPECIFIED_REPORTED,,R,measured_public,unknown,unknown,
SAMN48953088,PRJNA1273658,S data 1!row190;published_id=PA011,Pseudomonas aeruginosa,India,Northern,,,,2023-05-21,human,imipenem,,,,reported AST,UNSPECIFIED_REPORTED,,R,measured_public,unknown,unknown,
SAMN48953088,PRJNA1273658,S data 1!row190;published_id=PA011,Pseudomonas aeruginosa,India,Northern,,,,2023-05-21,human,cefepime,,,,reported AST,UNSPECIFIED_REPORTED,,R,measured_public,unknown,unknown,
SAMN48953088,PRJNA1273658,S data 1!row190;published_id=PA011,Pseudomonas aeruginosa,India,Northern,,,,2023-05-21,human,ceftazidime,,,,reported AST,UNSPECIFIED_REPORTED,,R,measured_public,unknown,unknown,
SAMN48953088,PRJNA1273658,S data 1!row190;published_id=PA011,Pseudomonas aeruginosa,India,Northern,,,,2023-05-21,human,ciprofloxacin,,,,reported AST,UNSPECIFIED_REPORTED,,R,measured_public,unknown,unknown,
SAMN48953088,PRJNA1273658,S data 1!row190;published_id=PA011,Pseudomonas aeruginosa,India,Northern,,,,2023-05-21,human,gentamicin,,,,reported AST,UNSPECIFIED_REPORTED,,,measured_public,unknown,unknown,
SAMN48953088,PRJNA1273658,S data 1!row190;published_id=PA011,Pseudomonas aeruginosa,India,Northern,,,,2023-05-21,human,amikacin,,,,reported AST,UNSPECIFIED_REPORTED,,,measured_public,unknown,unknown,
SAMN48953088,PRJNA1273658,S data 1!row190;published_id=PA011,Pseudomonas aeruginosa,India,Northern,,,,2023-05-21,human,colistin,,,,reported AST,UNSPECIFIED_REPORTED,,I,measured_public,unknown,unknown,
SAMN48953089,PRJNA1273658,S data 1!row191;published_id=PA041,Pseudomonas aeruginosa,India,Northern,,,,2022-11-30,human,meropenem,,,,reported AST,UNSPECIFIED_REPORTED,,R,measured_public,unknown,unknown,
SAMN48953089,PRJNA1273658,S data 1!row191;published_id=PA041,Pseudomonas aeruginosa,India,Northern,,,,2022-11-30,human,imipenem,,,,reported AST,UNSPECIFIED_REPORTED,,R,measured_public,unknown,unknown,
SAMN48953089,PRJNA1273658,S data 1!row191;published_id=PA041,Pseudomonas aeruginosa,India,Northern,,,,2022-11-30,human,cefepime,,,,reported AST,UNSPECIFIED_REPORTED,,R,measured_public,unknown,unknown,
SAMN48953089,PRJNA1273658,S data 1!row191;published_id=PA041,Pseudomonas aeruginosa,India,Northern,,,,2022-11-30,human,ceftazidime,,,,reported AST,UNSPECIFIED_REPORTED,,R,measured_public,unknown,unknown,
SAMN48953089,PRJNA1273658,S data 1!row191;published_id=PA041,Pseudomonas aeruginosa,India,Northern,,,,2022-11-30,human,ciprofloxacin,,,,reported AST,UNSPECIFIED_REPORTED,,R,measured_public,unknown,unknown,
SAMN48953089,PRJNA1273658,S data 1!row191;published_id=PA041,Pseudomonas aeruginosa,India,Northern,,,,2022-11-30,human,gentamicin,,,,reported AST,UNSPECIFIED_REPORTED,,,measured_public,unknown,unknown,
SAMN48953089,PRJNA1273658,S data 1!row191;published_id=PA041,Pseudomonas aeruginosa,India,Northern,,,,2022-11-30,human,amikacin,,,,reported AST,UNSPECIFIED_REPORTED,,,measured_public,unknown,unknown,
SAMN48953089,PRJNA1273658,S data 1!row191;published_id=PA041,Pseudomonas aeruginosa,India,Northern,,,,2022-11-30,human,colistin,,,,reported AST,UNSPECIFIED_REPORTED,,I,measured_public,unknown,unknown,
SAMN48953090,PRJNA1273658,S data 1!row192;published_id=PA042,Pseudomonas aeruginosa,India,Northern,,,,2022-11-30,human,meropenem,,,,reported AST,UNSPECIFIED_REPORTED,,R,measured_public,unknown,unknown,
SAMN48953090,PRJNA1273658,S data 1!row192;published_id=PA042,Pseudomonas aeruginosa,India,Northern,,,,2022-11-30,human,imipenem,,,,reported AST,UNSPECIFIED_REPORTED,,R,measured_public,unknown,unknown,
SAMN48953090,PRJNA1273658,S data 1!row192;published_id=PA042,Pseudomonas aeruginosa,India,Northern,,,,2022-11-30,human,cefepime,,,,reported AST,UNSPECIFIED_REPORTED,,R,measured_public,unknown,unknown,
SAMN48953090,PRJNA1273658,S data 1!row192;published_id=PA042,Pseudomonas aeruginosa,India,Northern,,,,2022-11-30,human,ceftazidime,,,,reported AST,UNSPECIFIED_REPORTED,,R,measured_public,unknown,unknown,
SAMN48953090,PRJNA1273658,S data 1!row192;published_id=PA042,Pseudomonas aeruginosa,India,Northern,,,,2022-11-30,human,ciprofloxacin,,,,reported AST,UNSPECIFIED_REPORTED,,R,measured_public,unknown,unknown,
SAMN48953090,PRJNA1273658,S data 1!row192;published_id=PA042,Pseudomonas aeruginosa,India,Northern,,,,2022-11-30,human,gentamicin,,,,reported AST,UNSPECIFIED_REPORTED,,,measured_public,unknown,unknown,
SAMN48953090,PRJNA1273658,S data 1!row192;published_id=PA042,Pseudomonas aeruginosa,India,Northern,,,,2022-11-30,human,amikacin,,,,reported AST,UNSPECIFIED_REPORTED,,,measured_public,unknown,unknown,
SAMN48953090,PRJNA1273658,S data 1!row192;published_id=PA042,Pseudomonas aeruginosa,India,Northern,,,,2022-11-30,human,colistin,,,,reported AST,UNSPECIFIED_REPORTED,,I,measured_public,unknown,unknown,
SAMN48953091,PRJNA1273658,S data 1!row193;published_id=PA043,Pseudomonas aeruginosa,India,Northern,,,,2022-09-04,human,meropenem,,,,reported AST,UNSPECIFIED_REPORTED,,R,measured_public,unknown,unknown,
SAMN48953091,PRJNA1273658,S data 1!row193;published_id=PA043,Pseudomonas aeruginosa,India,Northern,,,,2022-09-04,human,imipenem,,,,reported AST,UNSPECIFIED_REPORTED,,R,measured_public,unknown,unknown,
SAMN48953091,PRJNA1273658,S data 1!row193;published_id=PA043,Pseudomonas aeruginosa,India,Northern,,,,2022-09-04,human,cefepime,,,,reported AST,UNSPECIFIED_REPORTED,,R,measured_public,unknown,unknown,
SAMN48953091,PRJNA1273658,S data 1!row193;published_id=PA043,Pseudomonas aeruginosa,India,Northern,,,,2022-09-04,human,ceftazidime,,,,reported AST,UNSPECIFIED_REPORTED,,R,measured_public,unknown,unknown,
SAMN48953091,PRJNA1273658,S data 1!row193;published_id=PA043,Pseudomonas aeruginosa,India,Northern,,,,2022-09-04,human,ciprofloxacin,,,,reported AST,UNSPECIFIED_REPORTED,,R,measured_public,unknown,unknown,
SAMN48953091,PRJNA1273658,S data 1!row193;published_id=PA043,Pseudomonas aeruginosa,India,Northern,,,,2022-09-04,human,gentamicin,,,,reported AST,UNSPECIFIED_REPORTED,,,measured_public,unknown,unknown,
SAMN48953091,PRJNA1273658,S data 1!row193;published_id=PA043,Pseudomonas aeruginosa,India,Northern,,,,2022-09-04,human,amikacin,,,,reported AST,UNSPECIFIED_REPORTED,,,measured_public,unknown,unknown,
SAMN48953091,PRJNA1273658,S data 1!row193;published_id=PA043,Pseudomonas aeruginosa,India,Northern,,,,2022-09-04,human,colistin,,,,reported AST,UNSPECIFIED_REPORTED,,I,measured_public,unknown,unknown,
SAMN48953092,PRJNA1273658,S data 1!row194;published_id=PA045,Pseudomonas aeruginosa,India,Northern,,,,2022-09-18,human,meropenem,,,,reported AST,UNSPECIFIED_REPORTED,,R,measured_public,unknown,unknown,
SAMN48953092,PRJNA1273658,S data 1!row194;published_id=PA045,Pseudomonas aeruginosa,India,Northern,,,,2022-09-18,human,imipenem,,,,reported AST,UNSPECIFIED_REPORTED,,R,measured_public,unknown,unknown,
SAMN48953092,PRJNA1273658,S data 1!row194;published_id=PA045,Pseudomonas aeruginosa,India,Northern,,,,2022-09-18,human,cefepime,,,,reported AST,UNSPECIFIED_REPORTED,,R,measured_public,unknown,unknown,
SAMN48953092,PRJNA1273658,S data 1!row194;published_id=PA045,Pseudomonas aeruginosa,India,Northern,,,,2022-09-18,human,ceftazidime,,,,reported AST,UNSPECIFIED_REPORTED,,R,measured_public,unknown,unknown,
SAMN48953092,PRJNA1273658,S data 1!row194;published_id=PA045,Pseudomonas aeruginosa,India,Northern,,,,2022-09-18,human,ciprofloxacin,,,,reported AST,UNSPECIFIED_REPORTED,,R,measured_public,unknown,unknown,
SAMN48953092,PRJNA1273658,S data 1!row194;published_id=PA045,Pseudomonas aeruginosa,India,Northern,,,,2022-09-18,human,gentamicin,,,,reported AST,UNSPECIFIED_REPORTED,,,measured_public,unknown,unknown,
SAMN48953092,PRJNA1273658,S data 1!row194;published_id=PA045,Pseudomonas aeruginosa,India,Northern,,,,2022-09-18,human,amikacin,,,,reported AST,UNSPECIFIED_REPORTED,,,measured_public,unknown,unknown,
SAMN48953092,PRJNA1273658,S data 1!row194;published_id=PA045,Pseudomonas aeruginosa,India,Northern,,,,2022-09-18,human,colistin,,,,reported AST,UNSPECIFIED_REPORTED,,I,measured_public,unknown,unknown,
SAMN48953093,PRJNA1273658,S data 1!row195;published_id=PA046,Pseudomonas aeruginosa,India,Northern,,,,2022-09-20,human,meropenem,,,,reported AST,UNSPECIFIED_REPORTED,,R,measured_public,unknown,unknown,
SAMN48953093,PRJNA1273658,S data 1!row195;published_id=PA046,Pseudomonas aeruginosa,India,Northern,,,,2022-09-20,human,imipenem,,,,reported AST,UNSPECIFIED_REPORTED,,R,measured_public,unknown,unknown,
SAMN48953093,PRJNA1273658,S data 1!row195;published_id=PA046,Pseudomonas aeruginosa,India,Northern,,,,2022-09-20,human,cefepime,,,,reported AST,UNSPECIFIED_REPORTED,,R,measured_public,unknown,unknown,
SAMN48953093,PRJNA1273658,S data 1!row195;published_id=PA046,Pseudomonas aeruginosa,India,Northern,,,,2022-09-20,human,ceftazidime,,,,reported AST,UNSPECIFIED_REPORTED,,R,measured_public,unknown,unknown,
SAMN48953093,PRJNA1273658,S data 1!row195;published_id=PA046,Pseudomonas aeruginosa,India,Northern,,,,2022-09-20,human,ciprofloxacin,,,,reported AST,UNSPECIFIED_REPORTED,,R,measured_public,unknown,unknown,
SAMN48953093,PRJNA1273658,S data 1!row195;published_id=PA046,Pseudomonas aeruginosa,India,Northern,,,,2022-09-20,human,gentamicin,,,,reported AST,UNSPECIFIED_REPORTED,,,measured_public,unknown,unknown,
SAMN48953093,PRJNA1273658,S data 1!row195;published_id=PA046,Pseudomonas aeruginosa,India,Northern,,,,2022-09-20,human,amikacin,,,,reported AST,UNSPECIFIED_REPORTED,,,measured_public,unknown,unknown,
SAMN48953093,PRJNA1273658,S data 1!row195;published_id=PA046,Pseudomonas aeruginosa,India,Northern,,,,2022-09-20,human,colistin,,,,reported AST,UNSPECIFIED_REPORTED,,I,measured_public,unknown,unknown,
SAMN48953094,PRJNA1273658,S data 1!row196;published_id=PA057,Pseudomonas aeruginosa,India,Northern,,,,2023-09-05,human,meropenem,,,,reported AST,UNSPECIFIED_REPORTED,,R,measured_public,unknown,unknown,
SAMN48953094,PRJNA1273658,S data 1!row196;published_id=PA057,Pseudomonas aeruginosa,India,Northern,,,,2023-09-05,human,imipenem,,,,reported AST,UNSPECIFIED_REPORTED,,R,measured_public,unknown,unknown,
SAMN48953094,PRJNA1273658,S data 1!row196;published_id=PA057,Pseudomonas aeruginosa,India,Northern,,,,2023-09-05,human,cefepime,,,,reported AST,UNSPECIFIED_REPORTED,,R,measured_public,unknown,unknown,
SAMN48953094,PRJNA1273658,S data 1!row196;published_id=PA057,Pseudomonas aeruginosa,India,Northern,,,,2023-09-05,human,ceftazidime,,,,reported AST,UNSPECIFIED_REPORTED,,R,measured_public,unknown,unknown,
SAMN48953094,PRJNA1273658,S data 1!row196;published_id=PA057,Pseudomonas aeruginosa,India,Northern,,,,2023-09-05,human,ciprofloxacin,,,,reported AST,UNSPECIFIED_REPORTED,,R,measured_public,unknown,unknown,
SAMN48953094,PRJNA1273658,S data 1!row196;published_id=PA057,Pseudomonas aeruginosa,India,Northern,,,,2023-09-05,human,gentamicin,,,,reported AST,UNSPECIFIED_REPORTED,,,measured_public,unknown,unknown,
SAMN48953094,PRJNA1273658,S data 1!row196;published_id=PA057,Pseudomonas aeruginosa,India,Northern,,,,2023-09-05,human,amikacin,,,,reported AST,UNSPECIFIED_REPORTED,,,measured_public,unknown,unknown,
SAMN48953094,PRJNA1273658,S data 1!row196;published_id=PA057,Pseudomonas aeruginosa,India,Northern,,,,2023-09-05,human,colistin,,,,reported AST,UNSPECIFIED_REPORTED,,I,measured_public,unknown,unknown,
SAMN48953095,PRJNA1273658,S data 1!row197;published_id=PA058,Pseudomonas aeruginosa,India,Northern,,,,2023-09-12,human,meropenem,,,,reported AST,UNSPECIFIED_REPORTED,,R,measured_public,unknown,unknown,
SAMN48953095,PRJNA1273658,S data 1!row197;published_id=PA058,Pseudomonas aeruginosa,India,Northern,,,,2023-09-12,human,imipenem,,,,reported AST,UNSPECIFIED_REPORTED,,R,measured_public,unknown,unknown,
SAMN48953095,PRJNA1273658,S data 1!row197;published_id=PA058,Pseudomonas aeruginosa,India,Northern,,,,2023-09-12,human,cefepime,,,,reported AST,UNSPECIFIED_REPORTED,,R,measured_public,unknown,unknown,
SAMN48953095,PRJNA1273658,S data 1!row197;published_id=PA058,Pseudomonas aeruginosa,India,Northern,,,,2023-09-12,human,ceftazidime,,,,reported AST,UNSPECIFIED_REPORTED,,R,measured_public,unknown,unknown,
SAMN48953095,PRJNA1273658,S data 1!row197;published_id=PA058,Pseudomonas aeruginosa,India,Northern,,,,2023-09-12,human,ciprofloxacin,,,,reported AST,UNSPECIFIED_REPORTED,,R,measured_public,unknown,unknown,
SAMN48953095,PRJNA1273658,S data 1!row197;published_id=PA058,Pseudomonas aeruginosa,India,Northern,,,,2023-09-12,human,gentamicin,,,,reported AST,UNSPECIFIED_REPORTED,,,measured_public,unknown,unknown,
SAMN48953095,PRJNA1273658,S data 1!row197;published_id=PA058,Pseudomonas aeruginosa,India,Northern,,,,2023-09-12,human,amikacin,,,,reported AST,UNSPECIFIED_REPORTED,,,measured_public,unknown,unknown,
SAMN48953095,PRJNA1273658,S data 1!row197;published_id=PA058,Pseudomonas aeruginosa,India,Northern,,,,2023-09-12,human,colistin,,,,reported AST,UNSPECIFIED_REPORTED,,I,measured_public,unknown,unknown,
SAMN48953096,PRJNA1273658,S data 1!row198;published_id=PA059,Pseudomonas aeruginosa,India,Northern,,,,2023-09-18,human,meropenem,,,,reported AST,UNSPECIFIED_REPORTED,,R,measured_public,unknown,unknown,
SAMN48953096,PRJNA1273658,S data 1!row198;published_id=PA059,Pseudomonas aeruginosa,India,Northern,,,,2023-09-18,human,imipenem,,,,reported AST,UNSPECIFIED_REPORTED,,R,measured_public,unknown,unknown,
SAMN48953096,PRJNA1273658,S data 1!row198;published_id=PA059,Pseudomonas aeruginosa,India,Northern,,,,2023-09-18,human,cefepime,,,,reported AST,UNSPECIFIED_REPORTED,,R,measured_public,unknown,unknown,
SAMN48953096,PRJNA1273658,S data 1!row198;published_id=PA059,Pseudomonas aeruginosa,India,Northern,,,,2023-09-18,human,ceftazidime,,,,reported AST,UNSPECIFIED_REPORTED,,R,measured_public,unknown,unknown,
SAMN48953096,PRJNA1273658,S data 1!row198;published_id=PA059,Pseudomonas aeruginosa,India,Northern,,,,2023-09-18,human,ciprofloxacin,,,,reported AST,UNSPECIFIED_REPORTED,,R,measured_public,unknown,unknown,
SAMN48953096,PRJNA1273658,S data 1!row198;published_id=PA059,Pseudomonas aeruginosa,India,Northern,,,,2023-09-18,human,gentamicin,,,,reported AST,UNSPECIFIED_REPORTED,,,measured_public,unknown,unknown,
SAMN48953096,PRJNA1273658,S data 1!row198;published_id=PA059,Pseudomonas aeruginosa,India,Northern,,,,2023-09-18,human,amikacin,,,,reported AST,UNSPECIFIED_REPORTED,,,measured_public,unknown,unknown,
SAMN48953096,PRJNA1273658,S data 1!row198;published_id=PA059,Pseudomonas aeruginosa,India,Northern,,,,2023-09-18,human,colistin,,,,reported AST,UNSPECIFIED_REPORTED,,I,measured_public,unknown,unknown,
SAMN48953097,PRJNA1273658,S data 1!row199;published_id=PA060,Pseudomonas aeruginosa,India,Northern,,,,2022-07-29,human,meropenem,,,,reported AST,UNSPECIFIED_REPORTED,,R,measured_public,unknown,unknown,
SAMN48953097,PRJNA1273658,S data 1!row199;published_id=PA060,Pseudomonas aeruginosa,India,Northern,,,,2022-07-29,human,imipenem,,,,reported AST,UNSPECIFIED_REPORTED,,R,measured_public,unknown,unknown,
SAMN48953097,PRJNA1273658,S data 1!row199;published_id=PA060,Pseudomonas aeruginosa,India,Northern,,,,2022-07-29,human,cefepime,,,,reported AST,UNSPECIFIED_REPORTED,,R,measured_public,unknown,unknown,
SAMN48953097,PRJNA1273658,S data 1!row199;published_id=PA060,Pseudomonas aeruginosa,India,Northern,,,,2022-07-29,human,ceftazidime,,,,reported AST,UNSPECIFIED_REPORTED,,R,measured_public,unknown,unknown,
SAMN48953097,PRJNA1273658,S data 1!row199;published_id=PA060,Pseudomonas aeruginosa,India,Northern,,,,2022-07-29,human,ciprofloxacin,,,,reported AST,UNSPECIFIED_REPORTED,,R,measured_public,unknown,unknown,
SAMN48953097,PRJNA1273658,S data 1!row199;published_id=PA060,Pseudomonas aeruginosa,India,Northern,,,,2022-07-29,human,gentamicin,,,,reported AST,UNSPECIFIED_REPORTED,,,measured_public,unknown,unknown,
SAMN48953097,PRJNA1273658,S data 1!row199;published_id=PA060,Pseudomonas aeruginosa,India,Northern,,,,2022-07-29,human,amikacin,,,,reported AST,UNSPECIFIED_REPORTED,,R,measured_public,unknown,unknown,
SAMN48953097,PRJNA1273658,S data 1!row199;published_id=PA060,Pseudomonas aeruginosa,India,Northern,,,,2022-07-29,human,colistin,,,,reported AST,UNSPECIFIED_REPORTED,,I,measured_public,unknown,unknown,
SAMN48953098,PRJNA1273658,S data 1!row200;published_id=PA077,Pseudomonas aeruginosa,India,Northern,,,,2023-10-06,human,meropenem,,,,reported AST,UNSPECIFIED_REPORTED,,R,measured_public,unknown,unknown,
SAMN48953098,PRJNA1273658,S data 1!row200;published_id=PA077,Pseudomonas aeruginosa,India,Northern,,,,2023-10-06,human,imipenem,,,,reported AST,UNSPECIFIED_REPORTED,,R,measured_public,unknown,unknown,
SAMN48953098,PRJNA1273658,S data 1!row200;published_id=PA077,Pseudomonas aeruginosa,India,Northern,,,,2023-10-06,human,cefepime,,,,reported AST,UNSPECIFIED_REPORTED,,R,measured_public,unknown,unknown,
SAMN48953098,PRJNA1273658,S data 1!row200;published_id=PA077,Pseudomonas aeruginosa,India,Northern,,,,2023-10-06,human,ceftazidime,,,,reported AST,UNSPECIFIED_REPORTED,,R,measured_public,unknown,unknown,
SAMN48953098,PRJNA1273658,S data 1!row200;published_id=PA077,Pseudomonas aeruginosa,India,Northern,,,,2023-10-06,human,ciprofloxacin,,,,reported AST,UNSPECIFIED_REPORTED,,R,measured_public,unknown,unknown,
SAMN48953098,PRJNA1273658,S data 1!row200;published_id=PA077,Pseudomonas aeruginosa,India,Northern,,,,2023-10-06,human,gentamicin,,,,reported AST,UNSPECIFIED_REPORTED,,,measured_public,unknown,unknown,
SAMN48953098,PRJNA1273658,S data 1!row200;published_id=PA077,Pseudomonas aeruginosa,India,Northern,,,,2023-10-06,human,amikacin,,,,reported AST,UNSPECIFIED_REPORTED,,,measured_public,unknown,unknown,
SAMN48953098,PRJNA1273658,S data 1!row200;published_id=PA077,Pseudomonas aeruginosa,India,Northern,,,,2023-10-06,human,colistin,,,,reported AST,UNSPECIFIED_REPORTED,,I,measured_public,unknown,unknown,
SAMN48953099,PRJNA1273658,S data 1!row201;published_id=PA082,Pseudomonas aeruginosa,India,Northern,,,,2023-10-22,human,meropenem,,,,reported AST,UNSPECIFIED_REPORTED,,R,measured_public,unknown,unknown,
SAMN48953099,PRJNA1273658,S data 1!row201;published_id=PA082,Pseudomonas aeruginosa,India,Northern,,,,2023-10-22,human,imipenem,,,,reported AST,UNSPECIFIED_REPORTED,,R,measured_public,unknown,unknown,
SAMN48953099,PRJNA1273658,S data 1!row201;published_id=PA082,Pseudomonas aeruginosa,India,Northern,,,,2023-10-22,human,cefepime,,,,reported AST,UNSPECIFIED_REPORTED,,R,measured_public,unknown,unknown,
SAMN48953099,PRJNA1273658,S data 1!row201;published_id=PA082,Pseudomonas aeruginosa,India,Northern,,,,2023-10-22,human,ceftazidime,,,,reported AST,UNSPECIFIED_REPORTED,,R,measured_public,unknown,unknown,
SAMN48953099,PRJNA1273658,S data 1!row201;published_id=PA082,Pseudomonas aeruginosa,India,Northern,,,,2023-10-22,human,ciprofloxacin,,,,reported AST,UNSPECIFIED_REPORTED,,R,measured_public,unknown,unknown,
SAMN48953099,PRJNA1273658,S data 1!row201;published_id=PA082,Pseudomonas aeruginosa,India,Northern,,,,2023-10-22,human,gentamicin,,,,reported AST,UNSPECIFIED_REPORTED,,,measured_public,unknown,unknown,
SAMN48953099,PRJNA1273658,S data 1!row201;published_id=PA082,Pseudomonas aeruginosa,India,Northern,,,,2023-10-22,human,amikacin,,,,reported AST,UNSPECIFIED_REPORTED,,,measured_public,unknown,unknown,
SAMN48953099,PRJNA1273658,S data 1!row201;published_id=PA082,Pseudomonas aeruginosa,India,Northern,,,,2023-10-22,human,colistin,,,,reported AST,UNSPECIFIED_REPORTED,,I,measured_public,unknown,unknown,
SAMN48953100,PRJNA1273658,S data 1!row202;published_id=PA083,Pseudomonas aeruginosa,India,Northern,,,,2023-10-22,human,meropenem,,,,reported AST,UNSPECIFIED_REPORTED,,R,measured_public,unknown,unknown,
SAMN48953100,PRJNA1273658,S data 1!row202;published_id=PA083,Pseudomonas aeruginosa,India,Northern,,,,2023-10-22,human,imipenem,,,,reported AST,UNSPECIFIED_REPORTED,,R,measured_public,unknown,unknown,
SAMN48953100,PRJNA1273658,S data 1!row202;published_id=PA083,Pseudomonas aeruginosa,India,Northern,,,,2023-10-22,human,cefepime,,,,reported AST,UNSPECIFIED_REPORTED,,R,measured_public,unknown,unknown,
SAMN48953100,PRJNA1273658,S data 1!row202;published_id=PA083,Pseudomonas aeruginosa,India,Northern,,,,2023-10-22,human,ceftazidime,,,,reported AST,UNSPECIFIED_REPORTED,,R,measured_public,unknown,unknown,
SAMN48953100,PRJNA1273658,S data 1!row202;published_id=PA083,Pseudomonas aeruginosa,India,Northern,,,,2023-10-22,human,ciprofloxacin,,,,reported AST,UNSPECIFIED_REPORTED,,R,measured_public,unknown,unknown,
SAMN48953100,PRJNA1273658,S data 1!row202;published_id=PA083,Pseudomonas aeruginosa,India,Northern,,,,2023-10-22,human,gentamicin,,,,reported AST,UNSPECIFIED_REPORTED,,,measured_public,unknown,unknown,
SAMN48953100,PRJNA1273658,S data 1!row202;published_id=PA083,Pseudomonas aeruginosa,India,Northern,,,,2023-10-22,human,amikacin,,,,reported AST,UNSPECIFIED_REPORTED,,,measured_public,unknown,unknown,
SAMN48953100,PRJNA1273658,S data 1!row202;published_id=PA083,Pseudomonas aeruginosa,India,Northern,,,,2023-10-22,human,colistin,,,,reported AST,UNSPECIFIED_REPORTED,,I,measured_public,unknown,unknown,
SAMN48953101,PRJNA1273658,S data 1!row203;published_id=PA096,Pseudomonas aeruginosa,India,Northern,,,,2022-12-02,human,meropenem,,,,reported AST,UNSPECIFIED_REPORTED,,R,measured_public,unknown,unknown,
SAMN48953101,PRJNA1273658,S data 1!row203;published_id=PA096,Pseudomonas aeruginosa,India,Northern,,,,2022-12-02,human,imipenem,,,,reported AST,UNSPECIFIED_REPORTED,,R,measured_public,unknown,unknown,
SAMN48953101,PRJNA1273658,S data 1!row203;published_id=PA096,Pseudomonas aeruginosa,India,Northern,,,,2022-12-02,human,cefepime,,,,reported AST,UNSPECIFIED_REPORTED,,R,measured_public,unknown,unknown,
SAMN48953101,PRJNA1273658,S data 1!row203;published_id=PA096,Pseudomonas aeruginosa,India,Northern,,,,2022-12-02,human,ceftazidime,,,,reported AST,UNSPECIFIED_REPORTED,,R,measured_public,unknown,unknown,
SAMN48953101,PRJNA1273658,S data 1!row203;published_id=PA096,Pseudomonas aeruginosa,India,Northern,,,,2022-12-02,human,ciprofloxacin,,,,reported AST,UNSPECIFIED_REPORTED,,R,measured_public,unknown,unknown,
SAMN48953101,PRJNA1273658,S data 1!row203;published_id=PA096,Pseudomonas aeruginosa,India,Northern,,,,2022-12-02,human,gentamicin,,,,reported AST,UNSPECIFIED_REPORTED,,,measured_public,unknown,unknown,
SAMN48953101,PRJNA1273658,S data 1!row203;published_id=PA096,Pseudomonas aeruginosa,India,Northern,,,,2022-12-02,human,amikacin,,,,reported AST,UNSPECIFIED_REPORTED,,R,measured_public,unknown,unknown,
SAMN48953101,PRJNA1273658,S data 1!row203;published_id=PA096,Pseudomonas aeruginosa,India,Northern,,,,2022-12-02,human,colistin,,,,reported AST,UNSPECIFIED_REPORTED,,I,measured_public,unknown,unknown,
SAMN48953102,PRJNA1273658,S data 1!row204;published_id=PA108,Pseudomonas aeruginosa,India,Northern,,,,2023-12-29,human,meropenem,,,,reported AST,UNSPECIFIED_REPORTED,,R,measured_public,unknown,unknown,
SAMN48953102,PRJNA1273658,S data 1!row204;published_id=PA108,Pseudomonas aeruginosa,India,Northern,,,,2023-12-29,human,imipenem,,,,reported AST,UNSPECIFIED_REPORTED,,,measured_public,unknown,unknown,
SAMN48953102,PRJNA1273658,S data 1!row204;published_id=PA108,Pseudomonas aeruginosa,India,Northern,,,,2023-12-29,human,cefepime,,,,reported AST,UNSPECIFIED_REPORTED,,R,measured_public,unknown,unknown,
SAMN48953102,PRJNA1273658,S data 1!row204;published_id=PA108,Pseudomonas aeruginosa,India,Northern,,,,2023-12-29,human,ceftazidime,,,,reported AST,UNSPECIFIED_REPORTED,,R,measured_public,unknown,unknown,
SAMN48953102,PRJNA1273658,S data 1!row204;published_id=PA108,Pseudomonas aeruginosa,India,Northern,,,,2023-12-29,human,ciprofloxacin,,,,reported AST,UNSPECIFIED_REPORTED,,R,measured_public,unknown,unknown,
SAMN48953102,PRJNA1273658,S data 1!row204;published_id=PA108,Pseudomonas aeruginosa,India,Northern,,,,2023-12-29,human,gentamicin,,,,reported AST,UNSPECIFIED_REPORTED,,,measured_public,unknown,unknown,
SAMN48953102,PRJNA1273658,S data 1!row204;published_id=PA108,Pseudomonas aeruginosa,India,Northern,,,,2023-12-29,human,amikacin,,,,reported AST,UNSPECIFIED_REPORTED,,,measured_public,unknown,unknown,
SAMN48953102,PRJNA1273658,S data 1!row204;published_id=PA108,Pseudomonas aeruginosa,India,Northern,,,,2023-12-29,human,colistin,,,,reported AST,UNSPECIFIED_REPORTED,,I,measured_public,unknown,unknown,
SAMN48953103,PRJNA1273658,S data 1!row205;published_id=PA109,Pseudomonas aeruginosa,India,Northern,,,,2023-01-02,human,meropenem,,,,reported AST,UNSPECIFIED_REPORTED,,R,measured_public,unknown,unknown,
SAMN48953103,PRJNA1273658,S data 1!row205;published_id=PA109,Pseudomonas aeruginosa,India,Northern,,,,2023-01-02,human,imipenem,,,,reported AST,UNSPECIFIED_REPORTED,,,measured_public,unknown,unknown,
SAMN48953103,PRJNA1273658,S data 1!row205;published_id=PA109,Pseudomonas aeruginosa,India,Northern,,,,2023-01-02,human,cefepime,,,,reported AST,UNSPECIFIED_REPORTED,,R,measured_public,unknown,unknown,
SAMN48953103,PRJNA1273658,S data 1!row205;published_id=PA109,Pseudomonas aeruginosa,India,Northern,,,,2023-01-02,human,ceftazidime,,,,reported AST,UNSPECIFIED_REPORTED,,R,measured_public,unknown,unknown,
SAMN48953103,PRJNA1273658,S data 1!row205;published_id=PA109,Pseudomonas aeruginosa,India,Northern,,,,2023-01-02,human,ciprofloxacin,,,,reported AST,UNSPECIFIED_REPORTED,,R,measured_public,unknown,unknown,
SAMN48953103,PRJNA1273658,S data 1!row205;published_id=PA109,Pseudomonas aeruginosa,India,Northern,,,,2023-01-02,human,gentamicin,,,,reported AST,UNSPECIFIED_REPORTED,,,measured_public,unknown,unknown,
SAMN48953103,PRJNA1273658,S data 1!row205;published_id=PA109,Pseudomonas aeruginosa,India,Northern,,,,2023-01-02,human,amikacin,,,,reported AST,UNSPECIFIED_REPORTED,,,measured_public,unknown,unknown,
SAMN48953103,PRJNA1273658,S data 1!row205;published_id=PA109,Pseudomonas aeruginosa,India,Northern,,,,2023-01-02,human,colistin,,,,reported AST,UNSPECIFIED_REPORTED,,I,measured_public,unknown,unknown,
SAMN48953104,PRJNA1273658,S data 1!row206;published_id=PA118,Pseudomonas aeruginosa,India,Northern,,,,2023-12-25,human,meropenem,,,,reported AST,UNSPECIFIED_REPORTED,,R,measured_public,unknown,unknown,
SAMN48953104,PRJNA1273658,S data 1!row206;published_id=PA118,Pseudomonas aeruginosa,India,Northern,,,,2023-12-25,human,imipenem,,,,reported AST,UNSPECIFIED_REPORTED,,,measured_public,unknown,unknown,
SAMN48953104,PRJNA1273658,S data 1!row206;published_id=PA118,Pseudomonas aeruginosa,India,Northern,,,,2023-12-25,human,cefepime,,,,reported AST,UNSPECIFIED_REPORTED,,R,measured_public,unknown,unknown,
SAMN48953104,PRJNA1273658,S data 1!row206;published_id=PA118,Pseudomonas aeruginosa,India,Northern,,,,2023-12-25,human,ceftazidime,,,,reported AST,UNSPECIFIED_REPORTED,,R,measured_public,unknown,unknown,
SAMN48953104,PRJNA1273658,S data 1!row206;published_id=PA118,Pseudomonas aeruginosa,India,Northern,,,,2023-12-25,human,ciprofloxacin,,,,reported AST,UNSPECIFIED_REPORTED,,R,measured_public,unknown,unknown,
SAMN48953104,PRJNA1273658,S data 1!row206;published_id=PA118,Pseudomonas aeruginosa,India,Northern,,,,2023-12-25,human,gentamicin,,,,reported AST,UNSPECIFIED_REPORTED,,,measured_public,unknown,unknown,
SAMN48953104,PRJNA1273658,S data 1!row206;published_id=PA118,Pseudomonas aeruginosa,India,Northern,,,,2023-12-25,human,amikacin,,,,reported AST,UNSPECIFIED_REPORTED,,,measured_public,unknown,unknown,
SAMN48953104,PRJNA1273658,S data 1!row206;published_id=PA118,Pseudomonas aeruginosa,India,Northern,,,,2023-12-25,human,colistin,,,,reported AST,UNSPECIFIED_REPORTED,,I,measured_public,unknown,unknown,
SAMN48953105,PRJNA1273658,S data 1!row207;published_id=PA120,Pseudomonas aeruginosa,India,Northern,,,,2024-01-02,human,meropenem,,,,reported AST,UNSPECIFIED_REPORTED,,R,measured_public,unknown,unknown,
SAMN48953105,PRJNA1273658,S data 1!row207;published_id=PA120,Pseudomonas aeruginosa,India,Northern,,,,2024-01-02,human,imipenem,,,,reported AST,UNSPECIFIED_REPORTED,,,measured_public,unknown,unknown,
SAMN48953105,PRJNA1273658,S data 1!row207;published_id=PA120,Pseudomonas aeruginosa,India,Northern,,,,2024-01-02,human,cefepime,,,,reported AST,UNSPECIFIED_REPORTED,,R,measured_public,unknown,unknown,
SAMN48953105,PRJNA1273658,S data 1!row207;published_id=PA120,Pseudomonas aeruginosa,India,Northern,,,,2024-01-02,human,ceftazidime,,,,reported AST,UNSPECIFIED_REPORTED,,R,measured_public,unknown,unknown,
SAMN48953105,PRJNA1273658,S data 1!row207;published_id=PA120,Pseudomonas aeruginosa,India,Northern,,,,2024-01-02,human,ciprofloxacin,,,,reported AST,UNSPECIFIED_REPORTED,,R,measured_public,unknown,unknown,
SAMN48953105,PRJNA1273658,S data 1!row207;published_id=PA120,Pseudomonas aeruginosa,India,Northern,,,,2024-01-02,human,gentamicin,,,,reported AST,UNSPECIFIED_REPORTED,,,measured_public,unknown,unknown,
SAMN48953105,PRJNA1273658,S data 1!row207;published_id=PA120,Pseudomonas aeruginosa,India,Northern,,,,2024-01-02,human,amikacin,,,,reported AST,UNSPECIFIED_REPORTED,,,measured_public,unknown,unknown,
SAMN48953105,PRJNA1273658,S data 1!row207;published_id=PA120,Pseudomonas aeruginosa,India,Northern,,,,2024-01-02,human,colistin,,,,reported AST,UNSPECIFIED_REPORTED,,I,measured_public,unknown,unknown,
SAMN48953106,PRJNA1273658,S data 1!row208;published_id=PA129,Pseudomonas aeruginosa,India,Northern,,,,2024-01-20,human,meropenem,,,,reported AST,UNSPECIFIED_REPORTED,,R,measured_public,unknown,unknown,
SAMN48953106,PRJNA1273658,S data 1!row208;published_id=PA129,Pseudomonas aeruginosa,India,Northern,,,,2024-01-20,human,imipenem,,,,reported AST,UNSPECIFIED_REPORTED,,,measured_public,unknown,unknown,
SAMN48953106,PRJNA1273658,S data 1!row208;published_id=PA129,Pseudomonas aeruginosa,India,Northern,,,,2024-01-20,human,cefepime,,,,reported AST,UNSPECIFIED_REPORTED,,R,measured_public,unknown,unknown,
SAMN48953106,PRJNA1273658,S data 1!row208;published_id=PA129,Pseudomonas aeruginosa,India,Northern,,,,2024-01-20,human,ceftazidime,,,,reported AST,UNSPECIFIED_REPORTED,,R,measured_public,unknown,unknown,
SAMN48953106,PRJNA1273658,S data 1!row208;published_id=PA129,Pseudomonas aeruginosa,India,Northern,,,,2024-01-20,human,ciprofloxacin,,,,reported AST,UNSPECIFIED_REPORTED,,R,measured_public,unknown,unknown,
SAMN48953106,PRJNA1273658,S data 1!row208;published_id=PA129,Pseudomonas aeruginosa,India,Northern,,,,2024-01-20,human,gentamicin,,,,reported AST,UNSPECIFIED_REPORTED,,,measured_public,unknown,unknown,
SAMN48953106,PRJNA1273658,S data 1!row208;published_id=PA129,Pseudomonas aeruginosa,India,Northern,,,,2024-01-20,human,amikacin,,,,reported AST,UNSPECIFIED_REPORTED,,,measured_public,unknown,unknown,
SAMN48953106,PRJNA1273658,S data 1!row208;published_id=PA129,Pseudomonas aeruginosa,India,Northern,,,,2024-01-20,human,colistin,,,,reported AST,UNSPECIFIED_REPORTED,,I,measured_public,unknown,unknown,
SAMN48953107,PRJNA1273658,S data 1!row209;published_id=PA133,Pseudomonas aeruginosa,India,Northern,,,,2024-01-19,human,meropenem,,,,reported AST,UNSPECIFIED_REPORTED,,R,measured_public,unknown,unknown,
SAMN48953107,PRJNA1273658,S data 1!row209;published_id=PA133,Pseudomonas aeruginosa,India,Northern,,,,2024-01-19,human,imipenem,,,,reported AST,UNSPECIFIED_REPORTED,,,measured_public,unknown,unknown,
SAMN48953107,PRJNA1273658,S data 1!row209;published_id=PA133,Pseudomonas aeruginosa,India,Northern,,,,2024-01-19,human,cefepime,,,,reported AST,UNSPECIFIED_REPORTED,,R,measured_public,unknown,unknown,
SAMN48953107,PRJNA1273658,S data 1!row209;published_id=PA133,Pseudomonas aeruginosa,India,Northern,,,,2024-01-19,human,ceftazidime,,,,reported AST,UNSPECIFIED_REPORTED,,R,measured_public,unknown,unknown,
SAMN48953107,PRJNA1273658,S data 1!row209;published_id=PA133,Pseudomonas aeruginosa,India,Northern,,,,2024-01-19,human,ciprofloxacin,,,,reported AST,UNSPECIFIED_REPORTED,,R,measured_public,unknown,unknown,
SAMN48953107,PRJNA1273658,S data 1!row209;published_id=PA133,Pseudomonas aeruginosa,India,Northern,,,,2024-01-19,human,gentamicin,,,,reported AST,UNSPECIFIED_REPORTED,,,measured_public,unknown,unknown,
SAMN48953107,PRJNA1273658,S data 1!row209;published_id=PA133,Pseudomonas aeruginosa,India,Northern,,,,2024-01-19,human,amikacin,,,,reported AST,UNSPECIFIED_REPORTED,,,measured_public,unknown,unknown,
SAMN48953107,PRJNA1273658,S data 1!row209;published_id=PA133,Pseudomonas aeruginosa,India,Northern,,,,2024-01-19,human,colistin,,,,reported AST,UNSPECIFIED_REPORTED,,I,measured_public,unknown,unknown,
SAMN48953108,PRJNA1273658,S data 1!row210;published_id=PA152,Pseudomonas aeruginosa,India,Northern,,,,2024-02-19,human,meropenem,,,,reported AST,UNSPECIFIED_REPORTED,,R,measured_public,unknown,unknown,
SAMN48953108,PRJNA1273658,S data 1!row210;published_id=PA152,Pseudomonas aeruginosa,India,Northern,,,,2024-02-19,human,imipenem,,,,reported AST,UNSPECIFIED_REPORTED,,R,measured_public,unknown,unknown,
SAMN48953108,PRJNA1273658,S data 1!row210;published_id=PA152,Pseudomonas aeruginosa,India,Northern,,,,2024-02-19,human,cefepime,,,,reported AST,UNSPECIFIED_REPORTED,,R,measured_public,unknown,unknown,
SAMN48953108,PRJNA1273658,S data 1!row210;published_id=PA152,Pseudomonas aeruginosa,India,Northern,,,,2024-02-19,human,ceftazidime,,,,reported AST,UNSPECIFIED_REPORTED,,,measured_public,unknown,unknown,
SAMN48953108,PRJNA1273658,S data 1!row210;published_id=PA152,Pseudomonas aeruginosa,India,Northern,,,,2024-02-19,human,ciprofloxacin,,,,reported AST,UNSPECIFIED_REPORTED,,R,measured_public,unknown,unknown,
SAMN48953108,PRJNA1273658,S data 1!row210;published_id=PA152,Pseudomonas aeruginosa,India,Northern,,,,2024-02-19,human,gentamicin,,,,reported AST,UNSPECIFIED_REPORTED,,,measured_public,unknown,unknown,
SAMN48953108,PRJNA1273658,S data 1!row210;published_id=PA152,Pseudomonas aeruginosa,India,Northern,,,,2024-02-19,human,amikacin,,,,reported AST,UNSPECIFIED_REPORTED,,,measured_public,unknown,unknown,
SAMN48953108,PRJNA1273658,S data 1!row210;published_id=PA152,Pseudomonas aeruginosa,India,Northern,,,,2024-02-19,human,colistin,,,,reported AST,UNSPECIFIED_REPORTED,,I,measured_public,unknown,unknown,
SAMN48953109,PRJNA1273658,S data 1!row211;published_id=PA170,Pseudomonas aeruginosa,India,Northern,,,,2024-04-23,human,meropenem,,,,reported AST,UNSPECIFIED_REPORTED,,R,measured_public,unknown,unknown,
SAMN48953109,PRJNA1273658,S data 1!row211;published_id=PA170,Pseudomonas aeruginosa,India,Northern,,,,2024-04-23,human,imipenem,,,,reported AST,UNSPECIFIED_REPORTED,,R,measured_public,unknown,unknown,
SAMN48953109,PRJNA1273658,S data 1!row211;published_id=PA170,Pseudomonas aeruginosa,India,Northern,,,,2024-04-23,human,cefepime,,,,reported AST,UNSPECIFIED_REPORTED,,R,measured_public,unknown,unknown,
SAMN48953109,PRJNA1273658,S data 1!row211;published_id=PA170,Pseudomonas aeruginosa,India,Northern,,,,2024-04-23,human,ceftazidime,,,,reported AST,UNSPECIFIED_REPORTED,,R,measured_public,unknown,unknown,
SAMN48953109,PRJNA1273658,S data 1!row211;published_id=PA170,Pseudomonas aeruginosa,India,Northern,,,,2024-04-23,human,ciprofloxacin,,,,reported AST,UNSPECIFIED_REPORTED,,R,measured_public,unknown,unknown,
SAMN48953109,PRJNA1273658,S data 1!row211;published_id=PA170,Pseudomonas aeruginosa,India,Northern,,,,2024-04-23,human,gentamicin,,,,reported AST,UNSPECIFIED_REPORTED,,,measured_public,unknown,unknown,
SAMN48953109,PRJNA1273658,S data 1!row211;published_id=PA170,Pseudomonas aeruginosa,India,Northern,,,,2024-04-23,human,amikacin,,,,reported AST,UNSPECIFIED_REPORTED,,,measured_public,unknown,unknown,
SAMN48953109,PRJNA1273658,S data 1!row211;published_id=PA170,Pseudomonas aeruginosa,India,Northern,,,,2024-04-23,human,colistin,,,,reported AST,UNSPECIFIED_REPORTED,,I,measured_public,unknown,unknown,
SAMN48953110,PRJNA1273658,S data 1!row212;published_id=PA171,Pseudomonas aeruginosa,India,Northern,,,,2024-04-23,human,meropenem,,,,reported AST,UNSPECIFIED_REPORTED,,R,measured_public,unknown,unknown,
SAMN48953110,PRJNA1273658,S data 1!row212;published_id=PA171,Pseudomonas aeruginosa,India,Northern,,,,2024-04-23,human,imipenem,,,,reported AST,UNSPECIFIED_REPORTED,,R,measured_public,unknown,unknown,
SAMN48953110,PRJNA1273658,S data 1!row212;published_id=PA171,Pseudomonas aeruginosa,India,Northern,,,,2024-04-23,human,cefepime,,,,reported AST,UNSPECIFIED_REPORTED,,I,measured_public,unknown,unknown,
SAMN48953110,PRJNA1273658,S data 1!row212;published_id=PA171,Pseudomonas aeruginosa,India,Northern,,,,2024-04-23,human,ceftazidime,,,,reported AST,UNSPECIFIED_REPORTED,,I,measured_public,unknown,unknown,
SAMN48953110,PRJNA1273658,S data 1!row212;published_id=PA171,Pseudomonas aeruginosa,India,Northern,,,,2024-04-23,human,ciprofloxacin,,,,reported AST,UNSPECIFIED_REPORTED,,R,measured_public,unknown,unknown,
SAMN48953110,PRJNA1273658,S data 1!row212;published_id=PA171,Pseudomonas aeruginosa,India,Northern,,,,2024-04-23,human,gentamicin,,,,reported AST,UNSPECIFIED_REPORTED,,,measured_public,unknown,unknown,
SAMN48953110,PRJNA1273658,S data 1!row212;published_id=PA171,Pseudomonas aeruginosa,India,Northern,,,,2024-04-23,human,amikacin,,,,reported AST,UNSPECIFIED_REPORTED,,,measured_public,unknown,unknown,
SAMN48953110,PRJNA1273658,S data 1!row212;published_id=PA171,Pseudomonas aeruginosa,India,Northern,,,,2024-04-23,human,colistin,,,,reported AST,UNSPECIFIED_REPORTED,,I,measured_public,unknown,unknown,
SAMN48953111,PRJNA1273658,S data 1!row213;published_id=PA172,Pseudomonas aeruginosa,India,Northern,,,,2024-04-23,human,meropenem,,,,reported AST,UNSPECIFIED_REPORTED,,R,measured_public,unknown,unknown,
SAMN48953111,PRJNA1273658,S data 1!row213;published_id=PA172,Pseudomonas aeruginosa,India,Northern,,,,2024-04-23,human,imipenem,,,,reported AST,UNSPECIFIED_REPORTED,,R,measured_public,unknown,unknown,
SAMN48953111,PRJNA1273658,S data 1!row213;published_id=PA172,Pseudomonas aeruginosa,India,Northern,,,,2024-04-23,human,cefepime,,,,reported AST,UNSPECIFIED_REPORTED,,R,measured_public,unknown,unknown,
SAMN48953111,PRJNA1273658,S data 1!row213;published_id=PA172,Pseudomonas aeruginosa,India,Northern,,,,2024-04-23,human,ceftazidime,,,,reported AST,UNSPECIFIED_REPORTED,,R,measured_public,unknown,unknown,
SAMN48953111,PRJNA1273658,S data 1!row213;published_id=PA172,Pseudomonas aeruginosa,India,Northern,,,,2024-04-23,human,ciprofloxacin,,,,reported AST,UNSPECIFIED_REPORTED,,R,measured_public,unknown,unknown,
SAMN48953111,PRJNA1273658,S data 1!row213;published_id=PA172,Pseudomonas aeruginosa,India,Northern,,,,2024-04-23,human,gentamicin,,,,reported AST,UNSPECIFIED_REPORTED,,,measured_public,unknown,unknown,
SAMN48953111,PRJNA1273658,S data 1!row213;published_id=PA172,Pseudomonas aeruginosa,India,Northern,,,,2024-04-23,human,amikacin,,,,reported AST,UNSPECIFIED_REPORTED,,,measured_public,unknown,unknown,
SAMN48953111,PRJNA1273658,S data 1!row213;published_id=PA172,Pseudomonas aeruginosa,India,Northern,,,,2024-04-23,human,colistin,,,,reported AST,UNSPECIFIED_REPORTED,,I,measured_public,unknown,unknown,
SAMN48953112,PRJNA1273658,S data 1!row214;published_id=PA188,Pseudomonas aeruginosa,India,Northern,,,,2024-05-12,human,meropenem,,,,reported AST,UNSPECIFIED_REPORTED,,R,measured_public,unknown,unknown,
SAMN48953112,PRJNA1273658,S data 1!row214;published_id=PA188,Pseudomonas aeruginosa,India,Northern,,,,2024-05-12,human,imipenem,,,,reported AST,UNSPECIFIED_REPORTED,,R,measured_public,unknown,unknown,
SAMN48953112,PRJNA1273658,S data 1!row214;published_id=PA188,Pseudomonas aeruginosa,India,Northern,,,,2024-05-12,human,cefepime,,,,reported AST,UNSPECIFIED_REPORTED,,R,measured_public,unknown,unknown,
SAMN48953112,PRJNA1273658,S data 1!row214;published_id=PA188,Pseudomonas aeruginosa,India,Northern,,,,2024-05-12,human,ceftazidime,,,,reported AST,UNSPECIFIED_REPORTED,,R,measured_public,unknown,unknown,
SAMN48953112,PRJNA1273658,S data 1!row214;published_id=PA188,Pseudomonas aeruginosa,India,Northern,,,,2024-05-12,human,ciprofloxacin,,,,reported AST,UNSPECIFIED_REPORTED,,R,measured_public,unknown,unknown,
SAMN48953112,PRJNA1273658,S data 1!row214;published_id=PA188,Pseudomonas aeruginosa,India,Northern,,,,2024-05-12,human,gentamicin,,,,reported AST,UNSPECIFIED_REPORTED,,,measured_public,unknown,unknown,
SAMN48953112,PRJNA1273658,S data 1!row214;published_id=PA188,Pseudomonas aeruginosa,India,Northern,,,,2024-05-12,human,amikacin,,,,reported AST,UNSPECIFIED_REPORTED,,R,measured_public,unknown,unknown,
SAMN48953112,PRJNA1273658,S data 1!row214;published_id=PA188,Pseudomonas aeruginosa,India,Northern,,,,2024-05-12,human,colistin,,,,reported AST,UNSPECIFIED_REPORTED,,I,measured_public,unknown,unknown,
SAMN48953113,PRJNA1273658,S data 1!row215;published_id=PA189,Pseudomonas aeruginosa,India,Northern,,,,2024-05-07,human,meropenem,,,,reported AST,UNSPECIFIED_REPORTED,,R,measured_public,unknown,unknown,
SAMN48953113,PRJNA1273658,S data 1!row215;published_id=PA189,Pseudomonas aeruginosa,India,Northern,,,,2024-05-07,human,imipenem,,,,reported AST,UNSPECIFIED_REPORTED,,R,measured_public,unknown,unknown,
SAMN48953113,PRJNA1273658,S data 1!row215;published_id=PA189,Pseudomonas aeruginosa,India,Northern,,,,2024-05-07,human,cefepime,,,,reported AST,UNSPECIFIED_REPORTED,,R,measured_public,unknown,unknown,
SAMN48953113,PRJNA1273658,S data 1!row215;published_id=PA189,Pseudomonas aeruginosa,India,Northern,,,,2024-05-07,human,ceftazidime,,,,reported AST,UNSPECIFIED_REPORTED,,R,measured_public,unknown,unknown,
SAMN48953113,PRJNA1273658,S data 1!row215;published_id=PA189,Pseudomonas aeruginosa,India,Northern,,,,2024-05-07,human,ciprofloxacin,,,,reported AST,UNSPECIFIED_REPORTED,,R,measured_public,unknown,unknown,
SAMN48953113,PRJNA1273658,S data 1!row215;published_id=PA189,Pseudomonas aeruginosa,India,Northern,,,,2024-05-07,human,gentamicin,,,,reported AST,UNSPECIFIED_REPORTED,,,measured_public,unknown,unknown,
SAMN48953113,PRJNA1273658,S data 1!row215;published_id=PA189,Pseudomonas aeruginosa,India,Northern,,,,2024-05-07,human,amikacin,,,,reported AST,UNSPECIFIED_REPORTED,,,measured_public,unknown,unknown,
SAMN48953113,PRJNA1273658,S data 1!row215;published_id=PA189,Pseudomonas aeruginosa,India,Northern,,,,2024-05-07,human,colistin,,,,reported AST,UNSPECIFIED_REPORTED,,I,measured_public,unknown,unknown,
SAMN48953114,PRJNA1273658,S data 1!row216;published_id=PA193,Pseudomonas aeruginosa,India,Northern,,,,2024-05-01,human,meropenem,,,,reported AST,UNSPECIFIED_REPORTED,,R,measured_public,unknown,unknown,
SAMN48953114,PRJNA1273658,S data 1!row216;published_id=PA193,Pseudomonas aeruginosa,India,Northern,,,,2024-05-01,human,imipenem,,,,reported AST,UNSPECIFIED_REPORTED,,R,measured_public,unknown,unknown,
SAMN48953114,PRJNA1273658,S data 1!row216;published_id=PA193,Pseudomonas aeruginosa,India,Northern,,,,2024-05-01,human,cefepime,,,,reported AST,UNSPECIFIED_REPORTED,,R,measured_public,unknown,unknown,
SAMN48953114,PRJNA1273658,S data 1!row216;published_id=PA193,Pseudomonas aeruginosa,India,Northern,,,,2024-05-01,human,ceftazidime,,,,reported AST,UNSPECIFIED_REPORTED,,R,measured_public,unknown,unknown,
SAMN48953114,PRJNA1273658,S data 1!row216;published_id=PA193,Pseudomonas aeruginosa,India,Northern,,,,2024-05-01,human,ciprofloxacin,,,,reported AST,UNSPECIFIED_REPORTED,,R,measured_public,unknown,unknown,
SAMN48953114,PRJNA1273658,S data 1!row216;published_id=PA193,Pseudomonas aeruginosa,India,Northern,,,,2024-05-01,human,gentamicin,,,,reported AST,UNSPECIFIED_REPORTED,,,measured_public,unknown,unknown,
SAMN48953114,PRJNA1273658,S data 1!row216;published_id=PA193,Pseudomonas aeruginosa,India,Northern,,,,2024-05-01,human,amikacin,,,,reported AST,UNSPECIFIED_REPORTED,,R,measured_public,unknown,unknown,
SAMN48953114,PRJNA1273658,S data 1!row216;published_id=PA193,Pseudomonas aeruginosa,India,Northern,,,,2024-05-01,human,colistin,,,,reported AST,UNSPECIFIED_REPORTED,,I,measured_public,unknown,unknown,
SAMN48953115,PRJNA1273658,S data 1!row217;published_id=PA194,Pseudomonas aeruginosa,India,Northern,,,,2024-04-29,human,meropenem,,,,reported AST,UNSPECIFIED_REPORTED,,R,measured_public,unknown,unknown,
SAMN48953115,PRJNA1273658,S data 1!row217;published_id=PA194,Pseudomonas aeruginosa,India,Northern,,,,2024-04-29,human,imipenem,,,,reported AST,UNSPECIFIED_REPORTED,,R,measured_public,unknown,unknown,
SAMN48953115,PRJNA1273658,S data 1!row217;published_id=PA194,Pseudomonas aeruginosa,India,Northern,,,,2024-04-29,human,cefepime,,,,reported AST,UNSPECIFIED_REPORTED,,R,measured_public,unknown,unknown,
SAMN48953115,PRJNA1273658,S data 1!row217;published_id=PA194,Pseudomonas aeruginosa,India,Northern,,,,2024-04-29,human,ceftazidime,,,,reported AST,UNSPECIFIED_REPORTED,,R,measured_public,unknown,unknown,
SAMN48953115,PRJNA1273658,S data 1!row217;published_id=PA194,Pseudomonas aeruginosa,India,Northern,,,,2024-04-29,human,ciprofloxacin,,,,reported AST,UNSPECIFIED_REPORTED,,R,measured_public,unknown,unknown,
SAMN48953115,PRJNA1273658,S data 1!row217;published_id=PA194,Pseudomonas aeruginosa,India,Northern,,,,2024-04-29,human,gentamicin,,,,reported AST,UNSPECIFIED_REPORTED,,,measured_public,unknown,unknown,
SAMN48953115,PRJNA1273658,S data 1!row217;published_id=PA194,Pseudomonas aeruginosa,India,Northern,,,,2024-04-29,human,amikacin,,,,reported AST,UNSPECIFIED_REPORTED,,R,measured_public,unknown,unknown,
SAMN48953115,PRJNA1273658,S data 1!row217;published_id=PA194,Pseudomonas aeruginosa,India,Northern,,,,2024-04-29,human,colistin,,,,reported AST,UNSPECIFIED_REPORTED,,I,measured_public,unknown,unknown,
SAMN48953116,PRJNA1273658,S data 1!row218;published_id=PA195,Pseudomonas aeruginosa,India,Northern,,,,2024-05-01,human,meropenem,,,,reported AST,UNSPECIFIED_REPORTED,,R,measured_public,unknown,unknown,
SAMN48953116,PRJNA1273658,S data 1!row218;published_id=PA195,Pseudomonas aeruginosa,India,Northern,,,,2024-05-01,human,imipenem,,,,reported AST,UNSPECIFIED_REPORTED,,R,measured_public,unknown,unknown,
SAMN48953116,PRJNA1273658,S data 1!row218;published_id=PA195,Pseudomonas aeruginosa,India,Northern,,,,2024-05-01,human,cefepime,,,,reported AST,UNSPECIFIED_REPORTED,,R,measured_public,unknown,unknown,
SAMN48953116,PRJNA1273658,S data 1!row218;published_id=PA195,Pseudomonas aeruginosa,India,Northern,,,,2024-05-01,human,ceftazidime,,,,reported AST,UNSPECIFIED_REPORTED,,R,measured_public,unknown,unknown,
SAMN48953116,PRJNA1273658,S data 1!row218;published_id=PA195,Pseudomonas aeruginosa,India,Northern,,,,2024-05-01,human,ciprofloxacin,,,,reported AST,UNSPECIFIED_REPORTED,,R,measured_public,unknown,unknown,
SAMN48953116,PRJNA1273658,S data 1!row218;published_id=PA195,Pseudomonas aeruginosa,India,Northern,,,,2024-05-01,human,gentamicin,,,,reported AST,UNSPECIFIED_REPORTED,,,measured_public,unknown,unknown,
SAMN48953116,PRJNA1273658,S data 1!row218;published_id=PA195,Pseudomonas aeruginosa,India,Northern,,,,2024-05-01,human,amikacin,,,,reported AST,UNSPECIFIED_REPORTED,,R,measured_public,unknown,unknown,
SAMN48953116,PRJNA1273658,S data 1!row218;published_id=PA195,Pseudomonas aeruginosa,India,Northern,,,,2024-05-01,human,colistin,,,,reported AST,UNSPECIFIED_REPORTED,,I,measured_public,unknown,unknown,
SAMN48953117,PRJNA1273658,S data 1!row219;published_id=PA204,Pseudomonas aeruginosa,India,Northern,,,,2024-05-31,human,meropenem,,,,reported AST,UNSPECIFIED_REPORTED,,R,measured_public,unknown,unknown,
SAMN48953117,PRJNA1273658,S data 1!row219;published_id=PA204,Pseudomonas aeruginosa,India,Northern,,,,2024-05-31,human,imipenem,,,,reported AST,UNSPECIFIED_REPORTED,,R,measured_public,unknown,unknown,
SAMN48953117,PRJNA1273658,S data 1!row219;published_id=PA204,Pseudomonas aeruginosa,India,Northern,,,,2024-05-31,human,cefepime,,,,reported AST,UNSPECIFIED_REPORTED,,R,measured_public,unknown,unknown,
SAMN48953117,PRJNA1273658,S data 1!row219;published_id=PA204,Pseudomonas aeruginosa,India,Northern,,,,2024-05-31,human,ceftazidime,,,,reported AST,UNSPECIFIED_REPORTED,,R,measured_public,unknown,unknown,
SAMN48953117,PRJNA1273658,S data 1!row219;published_id=PA204,Pseudomonas aeruginosa,India,Northern,,,,2024-05-31,human,ciprofloxacin,,,,reported AST,UNSPECIFIED_REPORTED,,R,measured_public,unknown,unknown,
SAMN48953117,PRJNA1273658,S data 1!row219;published_id=PA204,Pseudomonas aeruginosa,India,Northern,,,,2024-05-31,human,gentamicin,,,,reported AST,UNSPECIFIED_REPORTED,,,measured_public,unknown,unknown,
SAMN48953117,PRJNA1273658,S data 1!row219;published_id=PA204,Pseudomonas aeruginosa,India,Northern,,,,2024-05-31,human,amikacin,,,,reported AST,UNSPECIFIED_REPORTED,,,measured_public,unknown,unknown,
SAMN48953117,PRJNA1273658,S data 1!row219;published_id=PA204,Pseudomonas aeruginosa,India,Northern,,,,2024-05-31,human,colistin,,,,reported AST,UNSPECIFIED_REPORTED,,I,measured_public,unknown,unknown,
SAMN48953118,PRJNA1273658,S data 1!row220;published_id=PA207,Pseudomonas aeruginosa,India,Northern,,,,2024-07-05,human,meropenem,,,,reported AST,UNSPECIFIED_REPORTED,,R,measured_public,unknown,unknown,
SAMN48953118,PRJNA1273658,S data 1!row220;published_id=PA207,Pseudomonas aeruginosa,India,Northern,,,,2024-07-05,human,imipenem,,,,reported AST,UNSPECIFIED_REPORTED,,R,measured_public,unknown,unknown,
SAMN48953118,PRJNA1273658,S data 1!row220;published_id=PA207,Pseudomonas aeruginosa,India,Northern,,,,2024-07-05,human,cefepime,,,,reported AST,UNSPECIFIED_REPORTED,,R,measured_public,unknown,unknown,
SAMN48953118,PRJNA1273658,S data 1!row220;published_id=PA207,Pseudomonas aeruginosa,India,Northern,,,,2024-07-05,human,ceftazidime,,,,reported AST,UNSPECIFIED_REPORTED,,R,measured_public,unknown,unknown,
SAMN48953118,PRJNA1273658,S data 1!row220;published_id=PA207,Pseudomonas aeruginosa,India,Northern,,,,2024-07-05,human,ciprofloxacin,,,,reported AST,UNSPECIFIED_REPORTED,,R,measured_public,unknown,unknown,
SAMN48953118,PRJNA1273658,S data 1!row220;published_id=PA207,Pseudomonas aeruginosa,India,Northern,,,,2024-07-05,human,gentamicin,,,,reported AST,UNSPECIFIED_REPORTED,,,measured_public,unknown,unknown,
SAMN48953118,PRJNA1273658,S data 1!row220;published_id=PA207,Pseudomonas aeruginosa,India,Northern,,,,2024-07-05,human,amikacin,,,,reported AST,UNSPECIFIED_REPORTED,,,measured_public,unknown,unknown,
SAMN48953118,PRJNA1273658,S data 1!row220;published_id=PA207,Pseudomonas aeruginosa,India,Northern,,,,2024-07-05,human,colistin,,,,reported AST,UNSPECIFIED_REPORTED,,I,measured_public,unknown,unknown,
SAMN48953119,PRJNA1273658,S data 1!row221;published_id=PABN43,Pseudomonas aeruginosa,India,Western,,,,2023-05-24,human,meropenem,,,,reported AST,UNSPECIFIED_REPORTED,,R,measured_public,unknown,unknown,
SAMN48953119,PRJNA1273658,S data 1!row221;published_id=PABN43,Pseudomonas aeruginosa,India,Western,,,,2023-05-24,human,imipenem,,,,reported AST,UNSPECIFIED_REPORTED,,R,measured_public,unknown,unknown,
SAMN48953119,PRJNA1273658,S data 1!row221;published_id=PABN43,Pseudomonas aeruginosa,India,Western,,,,2023-05-24,human,cefepime,,,,reported AST,UNSPECIFIED_REPORTED,,R,measured_public,unknown,unknown,
SAMN48953119,PRJNA1273658,S data 1!row221;published_id=PABN43,Pseudomonas aeruginosa,India,Western,,,,2023-05-24,human,ceftazidime,,,,reported AST,UNSPECIFIED_REPORTED,,R,measured_public,unknown,unknown,
SAMN48953119,PRJNA1273658,S data 1!row221;published_id=PABN43,Pseudomonas aeruginosa,India,Western,,,,2023-05-24,human,ciprofloxacin,,,,reported AST,UNSPECIFIED_REPORTED,,R,measured_public,unknown,unknown,
SAMN48953119,PRJNA1273658,S data 1!row221;published_id=PABN43,Pseudomonas aeruginosa,India,Western,,,,2023-05-24,human,gentamicin,,,,reported AST,UNSPECIFIED_REPORTED,,,measured_public,unknown,unknown,
SAMN48953119,PRJNA1273658,S data 1!row221;published_id=PABN43,Pseudomonas aeruginosa,India,Western,,,,2023-05-24,human,amikacin,,,,reported AST,UNSPECIFIED_REPORTED,,,measured_public,unknown,unknown,
SAMN48953119,PRJNA1273658,S data 1!row221;published_id=PABN43,Pseudomonas aeruginosa,India,Western,,,,2023-05-24,human,colistin,,,,reported AST,UNSPECIFIED_REPORTED,,S,measured_public,unknown,unknown,
SAMN48953120,PRJNA1273658,S data 1!row222;published_id=PAN30,Pseudomonas aeruginosa,India,Western,,,,2022-08-18,human,meropenem,,,,reported AST,UNSPECIFIED_REPORTED,,R,measured_public,unknown,unknown,
SAMN48953120,PRJNA1273658,S data 1!row222;published_id=PAN30,Pseudomonas aeruginosa,India,Western,,,,2022-08-18,human,imipenem,,,,reported AST,UNSPECIFIED_REPORTED,,R,measured_public,unknown,unknown,
SAMN48953120,PRJNA1273658,S data 1!row222;published_id=PAN30,Pseudomonas aeruginosa,India,Western,,,,2022-08-18,human,cefepime,,,,reported AST,UNSPECIFIED_REPORTED,,R,measured_public,unknown,unknown,
SAMN48953120,PRJNA1273658,S data 1!row222;published_id=PAN30,Pseudomonas aeruginosa,India,Western,,,,2022-08-18,human,ceftazidime,,,,reported AST,UNSPECIFIED_REPORTED,,R,measured_public,unknown,unknown,
SAMN48953120,PRJNA1273658,S data 1!row222;published_id=PAN30,Pseudomonas aeruginosa,India,Western,,,,2022-08-18,human,ciprofloxacin,,,,reported AST,UNSPECIFIED_REPORTED,,R,measured_public,unknown,unknown,
SAMN48953120,PRJNA1273658,S data 1!row222;published_id=PAN30,Pseudomonas aeruginosa,India,Western,,,,2022-08-18,human,gentamicin,,,,reported AST,UNSPECIFIED_REPORTED,,,measured_public,unknown,unknown,
SAMN48953120,PRJNA1273658,S data 1!row222;published_id=PAN30,Pseudomonas aeruginosa,India,Western,,,,2022-08-18,human,amikacin,,,,reported AST,UNSPECIFIED_REPORTED,,R,measured_public,unknown,unknown,
SAMN48953120,PRJNA1273658,S data 1!row222;published_id=PAN30,Pseudomonas aeruginosa,India,Western,,,,2022-08-18,human,colistin,,,,reported AST,UNSPECIFIED_REPORTED,,S,measured_public,unknown,unknown,
SAMN48953121,PRJNA1273658,S data 1!row223;published_id=PAN35,Pseudomonas aeruginosa,India,Western,,,,2022-08-20,human,meropenem,,,,reported AST,UNSPECIFIED_REPORTED,,R,measured_public,unknown,unknown,
SAMN48953121,PRJNA1273658,S data 1!row223;published_id=PAN35,Pseudomonas aeruginosa,India,Western,,,,2022-08-20,human,imipenem,,,,reported AST,UNSPECIFIED_REPORTED,,R,measured_public,unknown,unknown,
SAMN48953121,PRJNA1273658,S data 1!row223;published_id=PAN35,Pseudomonas aeruginosa,India,Western,,,,2022-08-20,human,cefepime,,,,reported AST,UNSPECIFIED_REPORTED,,R,measured_public,unknown,unknown,
SAMN48953121,PRJNA1273658,S data 1!row223;published_id=PAN35,Pseudomonas aeruginosa,India,Western,,,,2022-08-20,human,ceftazidime,,,,reported AST,UNSPECIFIED_REPORTED,,R,measured_public,unknown,unknown,
SAMN48953121,PRJNA1273658,S data 1!row223;published_id=PAN35,Pseudomonas aeruginosa,India,Western,,,,2022-08-20,human,ciprofloxacin,,,,reported AST,UNSPECIFIED_REPORTED,,R,measured_public,unknown,unknown,
SAMN48953121,PRJNA1273658,S data 1!row223;published_id=PAN35,Pseudomonas aeruginosa,India,Western,,,,2022-08-20,human,gentamicin,,,,reported AST,UNSPECIFIED_REPORTED,,,measured_public,unknown,unknown,
SAMN48953121,PRJNA1273658,S data 1!row223;published_id=PAN35,Pseudomonas aeruginosa,India,Western,,,,2022-08-20,human,amikacin,,,,reported AST,UNSPECIFIED_REPORTED,,R,measured_public,unknown,unknown,
SAMN48953121,PRJNA1273658,S data 1!row223;published_id=PAN35,Pseudomonas aeruginosa,India,Western,,,,2022-08-20,human,colistin,,,,reported AST,UNSPECIFIED_REPORTED,,S,measured_public,unknown,unknown,
SAMN48953122,PRJNA1273658,S data 1!row224;published_id=PAN5,Pseudomonas aeruginosa,India,Western,,,,2022-07-30,human,meropenem,,,,reported AST,UNSPECIFIED_REPORTED,,R,measured_public,unknown,unknown,
SAMN48953122,PRJNA1273658,S data 1!row224;published_id=PAN5,Pseudomonas aeruginosa,India,Western,,,,2022-07-30,human,imipenem,,,,reported AST,UNSPECIFIED_REPORTED,,R,measured_public,unknown,unknown,
SAMN48953122,PRJNA1273658,S data 1!row224;published_id=PAN5,Pseudomonas aeruginosa,India,Western,,,,2022-07-30,human,cefepime,,,,reported AST,UNSPECIFIED_REPORTED,,R,measured_public,unknown,unknown,
SAMN48953122,PRJNA1273658,S data 1!row224;published_id=PAN5,Pseudomonas aeruginosa,India,Western,,,,2022-07-30,human,ceftazidime,,,,reported AST,UNSPECIFIED_REPORTED,,R,measured_public,unknown,unknown,
SAMN48953122,PRJNA1273658,S data 1!row224;published_id=PAN5,Pseudomonas aeruginosa,India,Western,,,,2022-07-30,human,ciprofloxacin,,,,reported AST,UNSPECIFIED_REPORTED,,R,measured_public,unknown,unknown,
SAMN48953122,PRJNA1273658,S data 1!row224;published_id=PAN5,Pseudomonas aeruginosa,India,Western,,,,2022-07-30,human,gentamicin,,,,reported AST,UNSPECIFIED_REPORTED,,,measured_public,unknown,unknown,
SAMN48953122,PRJNA1273658,S data 1!row224;published_id=PAN5,Pseudomonas aeruginosa,India,Western,,,,2022-07-30,human,amikacin,,,,reported AST,UNSPECIFIED_REPORTED,,R,measured_public,unknown,unknown,
SAMN48953122,PRJNA1273658,S data 1!row224;published_id=PAN5,Pseudomonas aeruginosa,India,Western,,,,2022-07-30,human,colistin,,,,reported AST,UNSPECIFIED_REPORTED,,S,measured_public,unknown,unknown,
SAMN48953123,PRJNA1273658,S data 1!row225;published_id=PAUN135,Pseudomonas aeruginosa,India,Western,,,,2024-05-18,human,meropenem,,,,reported AST,UNSPECIFIED_REPORTED,,R,measured_public,unknown,unknown,
SAMN48953123,PRJNA1273658,S data 1!row225;published_id=PAUN135,Pseudomonas aeruginosa,India,Western,,,,2024-05-18,human,imipenem,,,,reported AST,UNSPECIFIED_REPORTED,,R,measured_public,unknown,unknown,
SAMN48953123,PRJNA1273658,S data 1!row225;published_id=PAUN135,Pseudomonas aeruginosa,India,Western,,,,2024-05-18,human,cefepime,,,,reported AST,UNSPECIFIED_REPORTED,,R,measured_public,unknown,unknown,
SAMN48953123,PRJNA1273658,S data 1!row225;published_id=PAUN135,Pseudomonas aeruginosa,India,Western,,,,2024-05-18,human,ceftazidime,,,,reported AST,UNSPECIFIED_REPORTED,,R,measured_public,unknown,unknown,
SAMN48953123,PRJNA1273658,S data 1!row225;published_id=PAUN135,Pseudomonas aeruginosa,India,Western,,,,2024-05-18,human,ciprofloxacin,,,,reported AST,UNSPECIFIED_REPORTED,,R,measured_public,unknown,unknown,
SAMN48953123,PRJNA1273658,S data 1!row225;published_id=PAUN135,Pseudomonas aeruginosa,India,Western,,,,2024-05-18,human,gentamicin,,,,reported AST,UNSPECIFIED_REPORTED,,,measured_public,unknown,unknown,
SAMN48953123,PRJNA1273658,S data 1!row225;published_id=PAUN135,Pseudomonas aeruginosa,India,Western,,,,2024-05-18,human,amikacin,,,,reported AST,UNSPECIFIED_REPORTED,,R,measured_public,unknown,unknown,
SAMN48953123,PRJNA1273658,S data 1!row225;published_id=PAUN135,Pseudomonas aeruginosa,India,Western,,,,2024-05-18,human,colistin,,,,reported AST,UNSPECIFIED_REPORTED,,S,measured_public,unknown,unknown,
SAMN48953124,PRJNA1273658,S data 1!row226;published_id=PAUN165,Pseudomonas aeruginosa,India,Western,,,,2024-06-17,human,meropenem,,,,reported AST,UNSPECIFIED_REPORTED,,R,measured_public,unknown,unknown,
SAMN48953124,PRJNA1273658,S data 1!row226;published_id=PAUN165,Pseudomonas aeruginosa,India,Western,,,,2024-06-17,human,imipenem,,,,reported AST,UNSPECIFIED_REPORTED,,R,measured_public,unknown,unknown,
SAMN48953124,PRJNA1273658,S data 1!row226;published_id=PAUN165,Pseudomonas aeruginosa,India,Western,,,,2024-06-17,human,cefepime,,,,reported AST,UNSPECIFIED_REPORTED,,R,measured_public,unknown,unknown,
SAMN48953124,PRJNA1273658,S data 1!row226;published_id=PAUN165,Pseudomonas aeruginosa,India,Western,,,,2024-06-17,human,ceftazidime,,,,reported AST,UNSPECIFIED_REPORTED,,R,measured_public,unknown,unknown,
SAMN48953124,PRJNA1273658,S data 1!row226;published_id=PAUN165,Pseudomonas aeruginosa,India,Western,,,,2024-06-17,human,ciprofloxacin,,,,reported AST,UNSPECIFIED_REPORTED,,R,measured_public,unknown,unknown,
SAMN48953124,PRJNA1273658,S data 1!row226;published_id=PAUN165,Pseudomonas aeruginosa,India,Western,,,,2024-06-17,human,gentamicin,,,,reported AST,UNSPECIFIED_REPORTED,,,measured_public,unknown,unknown,
SAMN48953124,PRJNA1273658,S data 1!row226;published_id=PAUN165,Pseudomonas aeruginosa,India,Western,,,,2024-06-17,human,amikacin,,,,reported AST,UNSPECIFIED_REPORTED,,R,measured_public,unknown,unknown,
SAMN48953124,PRJNA1273658,S data 1!row226;published_id=PAUN165,Pseudomonas aeruginosa,India,Western,,,,2024-06-17,human,colistin,,,,reported AST,UNSPECIFIED_REPORTED,,S,measured_public,unknown,unknown,
SAMN48953125,PRJNA1273658,S data 1!row227;published_id=PAUN178,Pseudomonas aeruginosa,India,Western,,,,2024-06-22,human,meropenem,,,,reported AST,UNSPECIFIED_REPORTED,,R,measured_public,unknown,unknown,
SAMN48953125,PRJNA1273658,S data 1!row227;published_id=PAUN178,Pseudomonas aeruginosa,India,Western,,,,2024-06-22,human,imipenem,,,,reported AST,UNSPECIFIED_REPORTED,,R,measured_public,unknown,unknown,
SAMN48953125,PRJNA1273658,S data 1!row227;published_id=PAUN178,Pseudomonas aeruginosa,India,Western,,,,2024-06-22,human,cefepime,,,,reported AST,UNSPECIFIED_REPORTED,,R,measured_public,unknown,unknown,
SAMN48953125,PRJNA1273658,S data 1!row227;published_id=PAUN178,Pseudomonas aeruginosa,India,Western,,,,2024-06-22,human,ceftazidime,,,,reported AST,UNSPECIFIED_REPORTED,,R,measured_public,unknown,unknown,
SAMN48953125,PRJNA1273658,S data 1!row227;published_id=PAUN178,Pseudomonas aeruginosa,India,Western,,,,2024-06-22,human,ciprofloxacin,,,,reported AST,UNSPECIFIED_REPORTED,,R,measured_public,unknown,unknown,
SAMN48953125,PRJNA1273658,S data 1!row227;published_id=PAUN178,Pseudomonas aeruginosa,India,Western,,,,2024-06-22,human,gentamicin,,,,reported AST,UNSPECIFIED_REPORTED,,,measured_public,unknown,unknown,
SAMN48953125,PRJNA1273658,S data 1!row227;published_id=PAUN178,Pseudomonas aeruginosa,India,Western,,,,2024-06-22,human,amikacin,,,,reported AST,UNSPECIFIED_REPORTED,,R,measured_public,unknown,unknown,
SAMN48953125,PRJNA1273658,S data 1!row227;published_id=PAUN178,Pseudomonas aeruginosa,India,Western,,,,2024-06-22,human,colistin,,,,reported AST,UNSPECIFIED_REPORTED,,S,measured_public,unknown,unknown,
SAMN48953126,PRJNA1273658,S data 1!row228;published_id=PAUN179,Pseudomonas aeruginosa,India,Western,,,,2024-06-21,human,meropenem,,,,reported AST,UNSPECIFIED_REPORTED,,R,measured_public,unknown,unknown,
SAMN48953126,PRJNA1273658,S data 1!row228;published_id=PAUN179,Pseudomonas aeruginosa,India,Western,,,,2024-06-21,human,imipenem,,,,reported AST,UNSPECIFIED_REPORTED,,R,measured_public,unknown,unknown,
SAMN48953126,PRJNA1273658,S data 1!row228;published_id=PAUN179,Pseudomonas aeruginosa,India,Western,,,,2024-06-21,human,cefepime,,,,reported AST,UNSPECIFIED_REPORTED,,R,measured_public,unknown,unknown,
SAMN48953126,PRJNA1273658,S data 1!row228;published_id=PAUN179,Pseudomonas aeruginosa,India,Western,,,,2024-06-21,human,ceftazidime,,,,reported AST,UNSPECIFIED_REPORTED,,R,measured_public,unknown,unknown,
SAMN48953126,PRJNA1273658,S data 1!row228;published_id=PAUN179,Pseudomonas aeruginosa,India,Western,,,,2024-06-21,human,ciprofloxacin,,,,reported AST,UNSPECIFIED_REPORTED,,R,measured_public,unknown,unknown,
SAMN48953126,PRJNA1273658,S data 1!row228;published_id=PAUN179,Pseudomonas aeruginosa,India,Western,,,,2024-06-21,human,gentamicin,,,,reported AST,UNSPECIFIED_REPORTED,,,measured_public,unknown,unknown,
SAMN48953126,PRJNA1273658,S data 1!row228;published_id=PAUN179,Pseudomonas aeruginosa,India,Western,,,,2024-06-21,human,amikacin,,,,reported AST,UNSPECIFIED_REPORTED,,R,measured_public,unknown,unknown,
SAMN48953126,PRJNA1273658,S data 1!row228;published_id=PAUN179,Pseudomonas aeruginosa,India,Western,,,,2024-06-21,human,colistin,,,,reported AST,UNSPECIFIED_REPORTED,,S,measured_public,unknown,unknown,
SAMN48953127,PRJNA1273658,S data 1!row229;published_id=PAUN192,Pseudomonas aeruginosa,India,Western,,,,2024-07-16,human,meropenem,,,,reported AST,UNSPECIFIED_REPORTED,,R,measured_public,unknown,unknown,
SAMN48953127,PRJNA1273658,S data 1!row229;published_id=PAUN192,Pseudomonas aeruginosa,India,Western,,,,2024-07-16,human,imipenem,,,,reported AST,UNSPECIFIED_REPORTED,,R,measured_public,unknown,unknown,
SAMN48953127,PRJNA1273658,S data 1!row229;published_id=PAUN192,Pseudomonas aeruginosa,India,Western,,,,2024-07-16,human,cefepime,,,,reported AST,UNSPECIFIED_REPORTED,,R,measured_public,unknown,unknown,
SAMN48953127,PRJNA1273658,S data 1!row229;published_id=PAUN192,Pseudomonas aeruginosa,India,Western,,,,2024-07-16,human,ceftazidime,,,,reported AST,UNSPECIFIED_REPORTED,,R,measured_public,unknown,unknown,
SAMN48953127,PRJNA1273658,S data 1!row229;published_id=PAUN192,Pseudomonas aeruginosa,India,Western,,,,2024-07-16,human,ciprofloxacin,,,,reported AST,UNSPECIFIED_REPORTED,,R,measured_public,unknown,unknown,
SAMN48953127,PRJNA1273658,S data 1!row229;published_id=PAUN192,Pseudomonas aeruginosa,India,Western,,,,2024-07-16,human,gentamicin,,,,reported AST,UNSPECIFIED_REPORTED,,,measured_public,unknown,unknown,
SAMN48953127,PRJNA1273658,S data 1!row229;published_id=PAUN192,Pseudomonas aeruginosa,India,Western,,,,2024-07-16,human,amikacin,,,,reported AST,UNSPECIFIED_REPORTED,,R,measured_public,unknown,unknown,
SAMN48953127,PRJNA1273658,S data 1!row229;published_id=PAUN192,Pseudomonas aeruginosa,India,Western,,,,2024-07-16,human,colistin,,,,reported AST,UNSPECIFIED_REPORTED,,S,measured_public,unknown,unknown,
SAMN48953128,PRJNA1273658,S data 1!row230;published_id=PAUN193,Pseudomonas aeruginosa,India,Western,,,,2024-07-16,human,meropenem,,,,reported AST,UNSPECIFIED_REPORTED,,R,measured_public,unknown,unknown,
SAMN48953128,PRJNA1273658,S data 1!row230;published_id=PAUN193,Pseudomonas aeruginosa,India,Western,,,,2024-07-16,human,imipenem,,,,reported AST,UNSPECIFIED_REPORTED,,R,measured_public,unknown,unknown,
SAMN48953128,PRJNA1273658,S data 1!row230;published_id=PAUN193,Pseudomonas aeruginosa,India,Western,,,,2024-07-16,human,cefepime,,,,reported AST,UNSPECIFIED_REPORTED,,R,measured_public,unknown,unknown,
SAMN48953128,PRJNA1273658,S data 1!row230;published_id=PAUN193,Pseudomonas aeruginosa,India,Western,,,,2024-07-16,human,ceftazidime,,,,reported AST,UNSPECIFIED_REPORTED,,R,measured_public,unknown,unknown,
SAMN48953128,PRJNA1273658,S data 1!row230;published_id=PAUN193,Pseudomonas aeruginosa,India,Western,,,,2024-07-16,human,ciprofloxacin,,,,reported AST,UNSPECIFIED_REPORTED,,R,measured_public,unknown,unknown,
SAMN48953128,PRJNA1273658,S data 1!row230;published_id=PAUN193,Pseudomonas aeruginosa,India,Western,,,,2024-07-16,human,gentamicin,,,,reported AST,UNSPECIFIED_REPORTED,,,measured_public,unknown,unknown,
SAMN48953128,PRJNA1273658,S data 1!row230;published_id=PAUN193,Pseudomonas aeruginosa,India,Western,,,,2024-07-16,human,amikacin,,,,reported AST,UNSPECIFIED_REPORTED,,R,measured_public,unknown,unknown,
SAMN48953128,PRJNA1273658,S data 1!row230;published_id=PAUN193,Pseudomonas aeruginosa,India,Western,,,,2024-07-16,human,colistin,,,,reported AST,UNSPECIFIED_REPORTED,,S,measured_public,unknown,unknown,
SAMN48953129,PRJNA1273658,S data 1!row231;published_id=PM131,Proteus mirabilis,India,Northern,,,,2024-01-09,human,meropenem,,,,reported AST,UNSPECIFIED_REPORTED,,S,measured_public,unknown,unknown,
SAMN48953129,PRJNA1273658,S data 1!row231;published_id=PM131,Proteus mirabilis,India,Northern,,,,2024-01-09,human,imipenem,,,,reported AST,UNSPECIFIED_REPORTED,,,measured_public,unknown,unknown,
SAMN48953129,PRJNA1273658,S data 1!row231;published_id=PM131,Proteus mirabilis,India,Northern,,,,2024-01-09,human,cefepime,,,,reported AST,UNSPECIFIED_REPORTED,,SDD,measured_public,unknown,unknown,
SAMN48953129,PRJNA1273658,S data 1!row231;published_id=PM131,Proteus mirabilis,India,Northern,,,,2024-01-09,human,ceftazidime,,,,reported AST,UNSPECIFIED_REPORTED,,R,measured_public,unknown,unknown,
SAMN48953129,PRJNA1273658,S data 1!row231;published_id=PM131,Proteus mirabilis,India,Northern,,,,2024-01-09,human,ciprofloxacin,,,,reported AST,UNSPECIFIED_REPORTED,,R,measured_public,unknown,unknown,
SAMN48953129,PRJNA1273658,S data 1!row231;published_id=PM131,Proteus mirabilis,India,Northern,,,,2024-01-09,human,gentamicin,,,,reported AST,UNSPECIFIED_REPORTED,,R,measured_public,unknown,unknown,
SAMN48953129,PRJNA1273658,S data 1!row231;published_id=PM131,Proteus mirabilis,India,Northern,,,,2024-01-09,human,amikacin,,,,reported AST,UNSPECIFIED_REPORTED,,R,measured_public,unknown,unknown,
SAMN48953129,PRJNA1273658,S data 1!row231;published_id=PM131,Proteus mirabilis,India,Northern,,,,2024-01-09,human,colistin,,,,reported AST,UNSPECIFIED_REPORTED,,R,measured_public,unknown,unknown,
SAMN48953130,PRJNA1273658,S data 1!row232;published_id=PM141,Proteus mirabilis,India,Northern,,,,2024-02-19,human,meropenem,,,,reported AST,UNSPECIFIED_REPORTED,,S,measured_public,unknown,unknown,
SAMN48953130,PRJNA1273658,S data 1!row232;published_id=PM141,Proteus mirabilis,India,Northern,,,,2024-02-19,human,imipenem,,,,reported AST,UNSPECIFIED_REPORTED,,,measured_public,unknown,unknown,
SAMN48953130,PRJNA1273658,S data 1!row232;published_id=PM141,Proteus mirabilis,India,Northern,,,,2024-02-19,human,cefepime,,,,reported AST,UNSPECIFIED_REPORTED,,R,measured_public,unknown,unknown,
SAMN48953130,PRJNA1273658,S data 1!row232;published_id=PM141,Proteus mirabilis,India,Northern,,,,2024-02-19,human,ceftazidime,,,,reported AST,UNSPECIFIED_REPORTED,,R,measured_public,unknown,unknown,
SAMN48953130,PRJNA1273658,S data 1!row232;published_id=PM141,Proteus mirabilis,India,Northern,,,,2024-02-19,human,ciprofloxacin,,,,reported AST,UNSPECIFIED_REPORTED,,R,measured_public,unknown,unknown,
SAMN48953130,PRJNA1273658,S data 1!row232;published_id=PM141,Proteus mirabilis,India,Northern,,,,2024-02-19,human,gentamicin,,,,reported AST,UNSPECIFIED_REPORTED,,R,measured_public,unknown,unknown,
SAMN48953130,PRJNA1273658,S data 1!row232;published_id=PM141,Proteus mirabilis,India,Northern,,,,2024-02-19,human,amikacin,,,,reported AST,UNSPECIFIED_REPORTED,,R,measured_public,unknown,unknown,
SAMN48953130,PRJNA1273658,S data 1!row232;published_id=PM141,Proteus mirabilis,India,Northern,,,,2024-02-19,human,colistin,,,,reported AST,UNSPECIFIED_REPORTED,,R,measured_public,unknown,unknown,
SAMN48953131,PRJNA1273658,S data 1!row233;published_id=PM151,Proteus mirabilis,India,Northern,,,,2023-11-22,human,meropenem,,,,reported AST,UNSPECIFIED_REPORTED,,S,measured_public,unknown,unknown,
SAMN48953131,PRJNA1273658,S data 1!row233;published_id=PM151,Proteus mirabilis,India,Northern,,,,2023-11-22,human,imipenem,,,,reported AST,UNSPECIFIED_REPORTED,,S,measured_public,unknown,unknown,
SAMN48953131,PRJNA1273658,S data 1!row233;published_id=PM151,Proteus mirabilis,India,Northern,,,,2023-11-22,human,cefepime,,,,reported AST,UNSPECIFIED_REPORTED,,R,measured_public,unknown,unknown,
SAMN48953131,PRJNA1273658,S data 1!row233;published_id=PM151,Proteus mirabilis,India,Northern,,,,2023-11-22,human,ceftazidime,,,,reported AST,UNSPECIFIED_REPORTED,,R,measured_public,unknown,unknown,
SAMN48953131,PRJNA1273658,S data 1!row233;published_id=PM151,Proteus mirabilis,India,Northern,,,,2023-11-22,human,ciprofloxacin,,,,reported AST,UNSPECIFIED_REPORTED,,R,measured_public,unknown,unknown,
SAMN48953131,PRJNA1273658,S data 1!row233;published_id=PM151,Proteus mirabilis,India,Northern,,,,2023-11-22,human,gentamicin,,,,reported AST,UNSPECIFIED_REPORTED,,R,measured_public,unknown,unknown,
SAMN48953131,PRJNA1273658,S data 1!row233;published_id=PM151,Proteus mirabilis,India,Northern,,,,2023-11-22,human,amikacin,,,,reported AST,UNSPECIFIED_REPORTED,,R,measured_public,unknown,unknown,
SAMN48953131,PRJNA1273658,S data 1!row233;published_id=PM151,Proteus mirabilis,India,Northern,,,,2023-11-22,human,colistin,,,,reported AST,UNSPECIFIED_REPORTED,,R,measured_public,unknown,unknown,
SAMN48953132,PRJNA1273658,S data 1!row234;published_id=PM154,Proteus mirabilis,India,Northern,,,,2023-11-22,human,meropenem,,,,reported AST,UNSPECIFIED_REPORTED,,S,measured_public,unknown,unknown,
SAMN48953132,PRJNA1273658,S data 1!row234;published_id=PM154,Proteus mirabilis,India,Northern,,,,2023-11-22,human,imipenem,,,,reported AST,UNSPECIFIED_REPORTED,,R,measured_public,unknown,unknown,
SAMN48953132,PRJNA1273658,S data 1!row234;published_id=PM154,Proteus mirabilis,India,Northern,,,,2023-11-22,human,cefepime,,,,reported AST,UNSPECIFIED_REPORTED,,R,measured_public,unknown,unknown,
SAMN48953132,PRJNA1273658,S data 1!row234;published_id=PM154,Proteus mirabilis,India,Northern,,,,2023-11-22,human,ceftazidime,,,,reported AST,UNSPECIFIED_REPORTED,,R,measured_public,unknown,unknown,
SAMN48953132,PRJNA1273658,S data 1!row234;published_id=PM154,Proteus mirabilis,India,Northern,,,,2023-11-22,human,ciprofloxacin,,,,reported AST,UNSPECIFIED_REPORTED,,R,measured_public,unknown,unknown,
SAMN48953132,PRJNA1273658,S data 1!row234;published_id=PM154,Proteus mirabilis,India,Northern,,,,2023-11-22,human,gentamicin,,,,reported AST,UNSPECIFIED_REPORTED,,R,measured_public,unknown,unknown,
SAMN48953132,PRJNA1273658,S data 1!row234;published_id=PM154,Proteus mirabilis,India,Northern,,,,2023-11-22,human,amikacin,,,,reported AST,UNSPECIFIED_REPORTED,,R,measured_public,unknown,unknown,
SAMN48953132,PRJNA1273658,S data 1!row234;published_id=PM154,Proteus mirabilis,India,Northern,,,,2023-11-22,human,colistin,,,,reported AST,UNSPECIFIED_REPORTED,,R,measured_public,unknown,unknown,
SAMN48953133,PRJNA1273658,S data 1!row235;published_id=PM182,Proteus mirabilis,India,Northern,,,,2024-04-17,human,meropenem,,,,reported AST,UNSPECIFIED_REPORTED,,S,measured_public,unknown,unknown,
SAMN48953133,PRJNA1273658,S data 1!row235;published_id=PM182,Proteus mirabilis,India,Northern,,,,2024-04-17,human,imipenem,,,,reported AST,UNSPECIFIED_REPORTED,,R,measured_public,unknown,unknown,
SAMN48953133,PRJNA1273658,S data 1!row235;published_id=PM182,Proteus mirabilis,India,Northern,,,,2024-04-17,human,cefepime,,,,reported AST,UNSPECIFIED_REPORTED,,S,measured_public,unknown,unknown,
SAMN48953133,PRJNA1273658,S data 1!row235;published_id=PM182,Proteus mirabilis,India,Northern,,,,2024-04-17,human,ceftazidime,,,,reported AST,UNSPECIFIED_REPORTED,,S,measured_public,unknown,unknown,
SAMN48953133,PRJNA1273658,S data 1!row235;published_id=PM182,Proteus mirabilis,India,Northern,,,,2024-04-17,human,ciprofloxacin,,,,reported AST,UNSPECIFIED_REPORTED,,R,measured_public,unknown,unknown,
SAMN48953133,PRJNA1273658,S data 1!row235;published_id=PM182,Proteus mirabilis,India,Northern,,,,2024-04-17,human,gentamicin,,,,reported AST,UNSPECIFIED_REPORTED,,R,measured_public,unknown,unknown,
SAMN48953133,PRJNA1273658,S data 1!row235;published_id=PM182,Proteus mirabilis,India,Northern,,,,2024-04-17,human,amikacin,,,,reported AST,UNSPECIFIED_REPORTED,,R,measured_public,unknown,unknown,
SAMN48953133,PRJNA1273658,S data 1!row235;published_id=PM182,Proteus mirabilis,India,Northern,,,,2024-04-17,human,colistin,,,,reported AST,UNSPECIFIED_REPORTED,,R,measured_public,unknown,unknown,
SAMN48953134,PRJNA1273658,S data 1!row236;published_id=PM183,Proteus mirabilis,India,Northern,,,,2024-04-27,human,meropenem,,,,reported AST,UNSPECIFIED_REPORTED,,S,measured_public,unknown,unknown,
SAMN48953134,PRJNA1273658,S data 1!row236;published_id=PM183,Proteus mirabilis,India,Northern,,,,2024-04-27,human,imipenem,,,,reported AST,UNSPECIFIED_REPORTED,,R,measured_public,unknown,unknown,
SAMN48953134,PRJNA1273658,S data 1!row236;published_id=PM183,Proteus mirabilis,India,Northern,,,,2024-04-27,human,cefepime,,,,reported AST,UNSPECIFIED_REPORTED,,R,measured_public,unknown,unknown,
SAMN48953134,PRJNA1273658,S data 1!row236;published_id=PM183,Proteus mirabilis,India,Northern,,,,2024-04-27,human,ceftazidime,,,,reported AST,UNSPECIFIED_REPORTED,,R,measured_public,unknown,unknown,
SAMN48953134,PRJNA1273658,S data 1!row236;published_id=PM183,Proteus mirabilis,India,Northern,,,,2024-04-27,human,ciprofloxacin,,,,reported AST,UNSPECIFIED_REPORTED,,R,measured_public,unknown,unknown,
SAMN48953134,PRJNA1273658,S data 1!row236;published_id=PM183,Proteus mirabilis,India,Northern,,,,2024-04-27,human,gentamicin,,,,reported AST,UNSPECIFIED_REPORTED,,R,measured_public,unknown,unknown,
SAMN48953134,PRJNA1273658,S data 1!row236;published_id=PM183,Proteus mirabilis,India,Northern,,,,2024-04-27,human,amikacin,,,,reported AST,UNSPECIFIED_REPORTED,,R,measured_public,unknown,unknown,
SAMN48953134,PRJNA1273658,S data 1!row236;published_id=PM183,Proteus mirabilis,India,Northern,,,,2024-04-27,human,colistin,,,,reported AST,UNSPECIFIED_REPORTED,,R,measured_public,unknown,unknown,
SAMN48953135,PRJNA1273658,S data 1!row237;published_id=PM185,Proteus mirabilis,India,Northern,,,,2024-04-10,human,meropenem,,,,reported AST,UNSPECIFIED_REPORTED,,S,measured_public,unknown,unknown,
SAMN48953135,PRJNA1273658,S data 1!row237;published_id=PM185,Proteus mirabilis,India,Northern,,,,2024-04-10,human,imipenem,,,,reported AST,UNSPECIFIED_REPORTED,,S,measured_public,unknown,unknown,
SAMN48953135,PRJNA1273658,S data 1!row237;published_id=PM185,Proteus mirabilis,India,Northern,,,,2024-04-10,human,cefepime,,,,reported AST,UNSPECIFIED_REPORTED,,SDD,measured_public,unknown,unknown,
SAMN48953135,PRJNA1273658,S data 1!row237;published_id=PM185,Proteus mirabilis,India,Northern,,,,2024-04-10,human,ceftazidime,,,,reported AST,UNSPECIFIED_REPORTED,,R,measured_public,unknown,unknown,
SAMN48953135,PRJNA1273658,S data 1!row237;published_id=PM185,Proteus mirabilis,India,Northern,,,,2024-04-10,human,ciprofloxacin,,,,reported AST,UNSPECIFIED_REPORTED,,R,measured_public,unknown,unknown,
SAMN48953135,PRJNA1273658,S data 1!row237;published_id=PM185,Proteus mirabilis,India,Northern,,,,2024-04-10,human,gentamicin,,,,reported AST,UNSPECIFIED_REPORTED,,I,measured_public,unknown,unknown,
SAMN48953135,PRJNA1273658,S data 1!row237;published_id=PM185,Proteus mirabilis,India,Northern,,,,2024-04-10,human,amikacin,,,,reported AST,UNSPECIFIED_REPORTED,,R,measured_public,unknown,unknown,
SAMN48953135,PRJNA1273658,S data 1!row237;published_id=PM185,Proteus mirabilis,India,Northern,,,,2024-04-10,human,colistin,,,,reported AST,UNSPECIFIED_REPORTED,,R,measured_public,unknown,unknown,
SAMN48953136,PRJNA1273658,S data 1!row238;published_id=PR130,Providencia rettgeri,India,Northern,,,,2024-01-09,human,meropenem,,,,reported AST,UNSPECIFIED_REPORTED,,R,measured_public,unknown,unknown,
SAMN48953136,PRJNA1273658,S data 1!row238;published_id=PR130,Providencia rettgeri,India,Northern,,,,2024-01-09,human,imipenem,,,,reported AST,UNSPECIFIED_REPORTED,,,measured_public,unknown,unknown,
SAMN48953136,PRJNA1273658,S data 1!row238;published_id=PR130,Providencia rettgeri,India,Northern,,,,2024-01-09,human,cefepime,,,,reported AST,UNSPECIFIED_REPORTED,,R,measured_public,unknown,unknown,
SAMN48953136,PRJNA1273658,S data 1!row238;published_id=PR130,Providencia rettgeri,India,Northern,,,,2024-01-09,human,ceftazidime,,,,reported AST,UNSPECIFIED_REPORTED,,R,measured_public,unknown,unknown,
SAMN48953136,PRJNA1273658,S data 1!row238;published_id=PR130,Providencia rettgeri,India,Northern,,,,2024-01-09,human,ciprofloxacin,,,,reported AST,UNSPECIFIED_REPORTED,,R,measured_public,unknown,unknown,
SAMN48953136,PRJNA1273658,S data 1!row238;published_id=PR130,Providencia rettgeri,India,Northern,,,,2024-01-09,human,gentamicin,,,,reported AST,UNSPECIFIED_REPORTED,,R,measured_public,unknown,unknown,
SAMN48953136,PRJNA1273658,S data 1!row238;published_id=PR130,Providencia rettgeri,India,Northern,,,,2024-01-09,human,amikacin,,,,reported AST,UNSPECIFIED_REPORTED,,R,measured_public,unknown,unknown,
SAMN48953136,PRJNA1273658,S data 1!row238;published_id=PR130,Providencia rettgeri,India,Northern,,,,2024-01-09,human,colistin,,,,reported AST,UNSPECIFIED_REPORTED,,R,measured_public,unknown,unknown,
SAMN48953137,PRJNA1273658,S data 1!row239;published_id=PR184,Providencia rettgeri,India,Northern,,,,2024-04-16,human,meropenem,,,,reported AST,UNSPECIFIED_REPORTED,,R,measured_public,unknown,unknown,
SAMN48953137,PRJNA1273658,S data 1!row239;published_id=PR184,Providencia rettgeri,India,Northern,,,,2024-04-16,human,imipenem,,,,reported AST,UNSPECIFIED_REPORTED,,R,measured_public,unknown,unknown,
SAMN48953137,PRJNA1273658,S data 1!row239;published_id=PR184,Providencia rettgeri,India,Northern,,,,2024-04-16,human,cefepime,,,,reported AST,UNSPECIFIED_REPORTED,,R,measured_public,unknown,unknown,
SAMN48953137,PRJNA1273658,S data 1!row239;published_id=PR184,Providencia rettgeri,India,Northern,,,,2024-04-16,human,ceftazidime,,,,reported AST,UNSPECIFIED_REPORTED,,R,measured_public,unknown,unknown,
SAMN48953137,PRJNA1273658,S data 1!row239;published_id=PR184,Providencia rettgeri,India,Northern,,,,2024-04-16,human,ciprofloxacin,,,,reported AST,UNSPECIFIED_REPORTED,,R,measured_public,unknown,unknown,
SAMN48953137,PRJNA1273658,S data 1!row239;published_id=PR184,Providencia rettgeri,India,Northern,,,,2024-04-16,human,gentamicin,,,,reported AST,UNSPECIFIED_REPORTED,,R,measured_public,unknown,unknown,
SAMN48953137,PRJNA1273658,S data 1!row239;published_id=PR184,Providencia rettgeri,India,Northern,,,,2024-04-16,human,amikacin,,,,reported AST,UNSPECIFIED_REPORTED,,R,measured_public,unknown,unknown,
SAMN48953137,PRJNA1273658,S data 1!row239;published_id=PR184,Providencia rettgeri,India,Northern,,,,2024-04-16,human,colistin,,,,reported AST,UNSPECIFIED_REPORTED,,R,measured_public,unknown,unknown,
SAMN48953138,PRJNA1273658,S data 1!row240;published_id=PR186,Providencia rettgeri,India,Northern,,,,2024-04-27,human,meropenem,,,,reported AST,UNSPECIFIED_REPORTED,,R,measured_public,unknown,unknown,
SAMN48953138,PRJNA1273658,S data 1!row240;published_id=PR186,Providencia rettgeri,India,Northern,,,,2024-04-27,human,imipenem,,,,reported AST,UNSPECIFIED_REPORTED,,R,measured_public,unknown,unknown,
SAMN48953138,PRJNA1273658,S data 1!row240;published_id=PR186,Providencia rettgeri,India,Northern,,,,2024-04-27,human,cefepime,,,,reported AST,UNSPECIFIED_REPORTED,,R,measured_public,unknown,unknown,
SAMN48953138,PRJNA1273658,S data 1!row240;published_id=PR186,Providencia rettgeri,India,Northern,,,,2024-04-27,human,ceftazidime,,,,reported AST,UNSPECIFIED_REPORTED,,R,measured_public,unknown,unknown,
SAMN48953138,PRJNA1273658,S data 1!row240;published_id=PR186,Providencia rettgeri,India,Northern,,,,2024-04-27,human,ciprofloxacin,,,,reported AST,UNSPECIFIED_REPORTED,,R,measured_public,unknown,unknown,
SAMN48953138,PRJNA1273658,S data 1!row240;published_id=PR186,Providencia rettgeri,India,Northern,,,,2024-04-27,human,gentamicin,,,,reported AST,UNSPECIFIED_REPORTED,,R,measured_public,unknown,unknown,
SAMN48953138,PRJNA1273658,S data 1!row240;published_id=PR186,Providencia rettgeri,India,Northern,,,,2024-04-27,human,amikacin,,,,reported AST,UNSPECIFIED_REPORTED,,R,measured_public,unknown,unknown,
SAMN48953138,PRJNA1273658,S data 1!row240;published_id=PR186,Providencia rettgeri,India,Northern,,,,2024-04-27,human,colistin,,,,reported AST,UNSPECIFIED_REPORTED,,R,measured_public,unknown,unknown,
SAMN48953139,PRJNA1273658,S data 1!row241;published_id=SA064,Staphylococcus aureus,India,Northern,,,,2023-08-29,human,meropenem,,,,reported AST,UNSPECIFIED_REPORTED,,,measured_public,unknown,unknown,
SAMN48953139,PRJNA1273658,S data 1!row241;published_id=SA064,Staphylococcus aureus,India,Northern,,,,2023-08-29,human,imipenem,,,,reported AST,UNSPECIFIED_REPORTED,,,measured_public,unknown,unknown,
SAMN48953139,PRJNA1273658,S data 1!row241;published_id=SA064,Staphylococcus aureus,India,Northern,,,,2023-08-29,human,cefepime,,,,reported AST,UNSPECIFIED_REPORTED,,,measured_public,unknown,unknown,
SAMN48953139,PRJNA1273658,S data 1!row241;published_id=SA064,Staphylococcus aureus,India,Northern,,,,2023-08-29,human,ceftazidime,,,,reported AST,UNSPECIFIED_REPORTED,,,measured_public,unknown,unknown,
SAMN48953139,PRJNA1273658,S data 1!row241;published_id=SA064,Staphylococcus aureus,India,Northern,,,,2023-08-29,human,ciprofloxacin,,,,reported AST,UNSPECIFIED_REPORTED,,R,measured_public,unknown,unknown,
SAMN48953139,PRJNA1273658,S data 1!row241;published_id=SA064,Staphylococcus aureus,India,Northern,,,,2023-08-29,human,gentamicin,,,,reported AST,UNSPECIFIED_REPORTED,,R,measured_public,unknown,unknown,
SAMN48953139,PRJNA1273658,S data 1!row241;published_id=SA064,Staphylococcus aureus,India,Northern,,,,2023-08-29,human,amikacin,,,,reported AST,UNSPECIFIED_REPORTED,,,measured_public,unknown,unknown,
SAMN48953139,PRJNA1273658,S data 1!row241;published_id=SA064,Staphylococcus aureus,India,Northern,,,,2023-08-29,human,colistin,,,,reported AST,UNSPECIFIED_REPORTED,,,measured_public,unknown,unknown,
SAMN48953140,PRJNA1273658,S data 1!row242;published_id=SA067,Staphylococcus aureus,India,Northern,,,,2023-09-18,human,meropenem,,,,reported AST,UNSPECIFIED_REPORTED,,,measured_public,unknown,unknown,
SAMN48953140,PRJNA1273658,S data 1!row242;published_id=SA067,Staphylococcus aureus,India,Northern,,,,2023-09-18,human,imipenem,,,,reported AST,UNSPECIFIED_REPORTED,,,measured_public,unknown,unknown,
SAMN48953140,PRJNA1273658,S data 1!row242;published_id=SA067,Staphylococcus aureus,India,Northern,,,,2023-09-18,human,cefepime,,,,reported AST,UNSPECIFIED_REPORTED,,,measured_public,unknown,unknown,
SAMN48953140,PRJNA1273658,S data 1!row242;published_id=SA067,Staphylococcus aureus,India,Northern,,,,2023-09-18,human,ceftazidime,,,,reported AST,UNSPECIFIED_REPORTED,,,measured_public,unknown,unknown,
SAMN48953140,PRJNA1273658,S data 1!row242;published_id=SA067,Staphylococcus aureus,India,Northern,,,,2023-09-18,human,ciprofloxacin,,,,reported AST,UNSPECIFIED_REPORTED,,R,measured_public,unknown,unknown,
SAMN48953140,PRJNA1273658,S data 1!row242;published_id=SA067,Staphylococcus aureus,India,Northern,,,,2023-09-18,human,gentamicin,,,,reported AST,UNSPECIFIED_REPORTED,,I,measured_public,unknown,unknown,
SAMN48953140,PRJNA1273658,S data 1!row242;published_id=SA067,Staphylococcus aureus,India,Northern,,,,2023-09-18,human,amikacin,,,,reported AST,UNSPECIFIED_REPORTED,,,measured_public,unknown,unknown,
SAMN48953140,PRJNA1273658,S data 1!row242;published_id=SA067,Staphylococcus aureus,India,Northern,,,,2023-09-18,human,colistin,,,,reported AST,UNSPECIFIED_REPORTED,,,measured_public,unknown,unknown,
SAMN48953141,PRJNA1273658,S data 1!row243;published_id=SA068,Staphylococcus aureus,India,Northern,,,,2023-10-06,human,meropenem,,,,reported AST,UNSPECIFIED_REPORTED,,,measured_public,unknown,unknown,
SAMN48953141,PRJNA1273658,S data 1!row243;published_id=SA068,Staphylococcus aureus,India,Northern,,,,2023-10-06,human,imipenem,,,,reported AST,UNSPECIFIED_REPORTED,,,measured_public,unknown,unknown,
SAMN48953141,PRJNA1273658,S data 1!row243;published_id=SA068,Staphylococcus aureus,India,Northern,,,,2023-10-06,human,cefepime,,,,reported AST,UNSPECIFIED_REPORTED,,,measured_public,unknown,unknown,
SAMN48953141,PRJNA1273658,S data 1!row243;published_id=SA068,Staphylococcus aureus,India,Northern,,,,2023-10-06,human,ceftazidime,,,,reported AST,UNSPECIFIED_REPORTED,,,measured_public,unknown,unknown,
SAMN48953141,PRJNA1273658,S data 1!row243;published_id=SA068,Staphylococcus aureus,India,Northern,,,,2023-10-06,human,ciprofloxacin,,,,reported AST,UNSPECIFIED_REPORTED,,R,measured_public,unknown,unknown,
SAMN48953141,PRJNA1273658,S data 1!row243;published_id=SA068,Staphylococcus aureus,India,Northern,,,,2023-10-06,human,gentamicin,,,,reported AST,UNSPECIFIED_REPORTED,,R,measured_public,unknown,unknown,
SAMN48953141,PRJNA1273658,S data 1!row243;published_id=SA068,Staphylococcus aureus,India,Northern,,,,2023-10-06,human,amikacin,,,,reported AST,UNSPECIFIED_REPORTED,,,measured_public,unknown,unknown,
SAMN48953141,PRJNA1273658,S data 1!row243;published_id=SA068,Staphylococcus aureus,India,Northern,,,,2023-10-06,human,colistin,,,,reported AST,UNSPECIFIED_REPORTED,,,measured_public,unknown,unknown,
SAMN48953142,PRJNA1273658,S data 1!row244;published_id=SA102,Staphylococcus aureus,India,Northern,,,,2023-11-28,human,meropenem,,,,reported AST,UNSPECIFIED_REPORTED,,,measured_public,unknown,unknown,
SAMN48953142,PRJNA1273658,S data 1!row244;published_id=SA102,Staphylococcus aureus,India,Northern,,,,2023-11-28,human,imipenem,,,,reported AST,UNSPECIFIED_REPORTED,,,measured_public,unknown,unknown,
SAMN48953142,PRJNA1273658,S data 1!row244;published_id=SA102,Staphylococcus aureus,India,Northern,,,,2023-11-28,human,cefepime,,,,reported AST,UNSPECIFIED_REPORTED,,,measured_public,unknown,unknown,
SAMN48953142,PRJNA1273658,S data 1!row244;published_id=SA102,Staphylococcus aureus,India,Northern,,,,2023-11-28,human,ceftazidime,,,,reported AST,UNSPECIFIED_REPORTED,,,measured_public,unknown,unknown,
SAMN48953142,PRJNA1273658,S data 1!row244;published_id=SA102,Staphylococcus aureus,India,Northern,,,,2023-11-28,human,ciprofloxacin,,,,reported AST,UNSPECIFIED_REPORTED,,R,measured_public,unknown,unknown,
SAMN48953142,PRJNA1273658,S data 1!row244;published_id=SA102,Staphylococcus aureus,India,Northern,,,,2023-11-28,human,gentamicin,,,,reported AST,UNSPECIFIED_REPORTED,,S,measured_public,unknown,unknown,
SAMN48953142,PRJNA1273658,S data 1!row244;published_id=SA102,Staphylococcus aureus,India,Northern,,,,2023-11-28,human,amikacin,,,,reported AST,UNSPECIFIED_REPORTED,,,measured_public,unknown,unknown,
SAMN48953142,PRJNA1273658,S data 1!row244;published_id=SA102,Staphylococcus aureus,India,Northern,,,,2023-11-28,human,colistin,,,,reported AST,UNSPECIFIED_REPORTED,,,measured_public,unknown,unknown,
SAMN48953143,PRJNA1273658,S data 1!row245;published_id=SA103,Staphylococcus aureus,India,Northern,,,,2023-11-23,human,meropenem,,,,reported AST,UNSPECIFIED_REPORTED,,,measured_public,unknown,unknown,
SAMN48953143,PRJNA1273658,S data 1!row245;published_id=SA103,Staphylococcus aureus,India,Northern,,,,2023-11-23,human,imipenem,,,,reported AST,UNSPECIFIED_REPORTED,,,measured_public,unknown,unknown,
SAMN48953143,PRJNA1273658,S data 1!row245;published_id=SA103,Staphylococcus aureus,India,Northern,,,,2023-11-23,human,cefepime,,,,reported AST,UNSPECIFIED_REPORTED,,,measured_public,unknown,unknown,
SAMN48953143,PRJNA1273658,S data 1!row245;published_id=SA103,Staphylococcus aureus,India,Northern,,,,2023-11-23,human,ceftazidime,,,,reported AST,UNSPECIFIED_REPORTED,,,measured_public,unknown,unknown,
SAMN48953143,PRJNA1273658,S data 1!row245;published_id=SA103,Staphylococcus aureus,India,Northern,,,,2023-11-23,human,ciprofloxacin,,,,reported AST,UNSPECIFIED_REPORTED,,R,measured_public,unknown,unknown,
SAMN48953143,PRJNA1273658,S data 1!row245;published_id=SA103,Staphylococcus aureus,India,Northern,,,,2023-11-23,human,gentamicin,,,,reported AST,UNSPECIFIED_REPORTED,,R,measured_public,unknown,unknown,
SAMN48953143,PRJNA1273658,S data 1!row245;published_id=SA103,Staphylococcus aureus,India,Northern,,,,2023-11-23,human,amikacin,,,,reported AST,UNSPECIFIED_REPORTED,,,measured_public,unknown,unknown,
SAMN48953143,PRJNA1273658,S data 1!row245;published_id=SA103,Staphylococcus aureus,India,Northern,,,,2023-11-23,human,colistin,,,,reported AST,UNSPECIFIED_REPORTED,,,measured_public,unknown,unknown,
SAMN48953144,PRJNA1273658,S data 1!row246;published_id=SA105,Staphylococcus aureus,India,Northern,,,,2023-12-07,human,meropenem,,,,reported AST,UNSPECIFIED_REPORTED,,,measured_public,unknown,unknown,
SAMN48953144,PRJNA1273658,S data 1!row246;published_id=SA105,Staphylococcus aureus,India,Northern,,,,2023-12-07,human,imipenem,,,,reported AST,UNSPECIFIED_REPORTED,,,measured_public,unknown,unknown,
SAMN48953144,PRJNA1273658,S data 1!row246;published_id=SA105,Staphylococcus aureus,India,Northern,,,,2023-12-07,human,cefepime,,,,reported AST,UNSPECIFIED_REPORTED,,,measured_public,unknown,unknown,
SAMN48953144,PRJNA1273658,S data 1!row246;published_id=SA105,Staphylococcus aureus,India,Northern,,,,2023-12-07,human,ceftazidime,,,,reported AST,UNSPECIFIED_REPORTED,,,measured_public,unknown,unknown,
SAMN48953144,PRJNA1273658,S data 1!row246;published_id=SA105,Staphylococcus aureus,India,Northern,,,,2023-12-07,human,ciprofloxacin,,,,reported AST,UNSPECIFIED_REPORTED,,R,measured_public,unknown,unknown,
SAMN48953144,PRJNA1273658,S data 1!row246;published_id=SA105,Staphylococcus aureus,India,Northern,,,,2023-12-07,human,gentamicin,,,,reported AST,UNSPECIFIED_REPORTED,,S,measured_public,unknown,unknown,
SAMN48953144,PRJNA1273658,S data 1!row246;published_id=SA105,Staphylococcus aureus,India,Northern,,,,2023-12-07,human,amikacin,,,,reported AST,UNSPECIFIED_REPORTED,,,measured_public,unknown,unknown,
SAMN48953144,PRJNA1273658,S data 1!row246;published_id=SA105,Staphylococcus aureus,India,Northern,,,,2023-12-07,human,colistin,,,,reported AST,UNSPECIFIED_REPORTED,,,measured_public,unknown,unknown,
SAMN48953145,PRJNA1273658,S data 1!row247;published_id=SA106,Staphylococcus aureus,India,Northern,,,,2023-11-30,human,meropenem,,,,reported AST,UNSPECIFIED_REPORTED,,,measured_public,unknown,unknown,
SAMN48953145,PRJNA1273658,S data 1!row247;published_id=SA106,Staphylococcus aureus,India,Northern,,,,2023-11-30,human,imipenem,,,,reported AST,UNSPECIFIED_REPORTED,,,measured_public,unknown,unknown,
SAMN48953145,PRJNA1273658,S data 1!row247;published_id=SA106,Staphylococcus aureus,India,Northern,,,,2023-11-30,human,cefepime,,,,reported AST,UNSPECIFIED_REPORTED,,,measured_public,unknown,unknown,
SAMN48953145,PRJNA1273658,S data 1!row247;published_id=SA106,Staphylococcus aureus,India,Northern,,,,2023-11-30,human,ceftazidime,,,,reported AST,UNSPECIFIED_REPORTED,,,measured_public,unknown,unknown,
SAMN48953145,PRJNA1273658,S data 1!row247;published_id=SA106,Staphylococcus aureus,India,Northern,,,,2023-11-30,human,ciprofloxacin,,,,reported AST,UNSPECIFIED_REPORTED,,R,measured_public,unknown,unknown,
SAMN48953145,PRJNA1273658,S data 1!row247;published_id=SA106,Staphylococcus aureus,India,Northern,,,,2023-11-30,human,gentamicin,,,,reported AST,UNSPECIFIED_REPORTED,,S,measured_public,unknown,unknown,
SAMN48953145,PRJNA1273658,S data 1!row247;published_id=SA106,Staphylococcus aureus,India,Northern,,,,2023-11-30,human,amikacin,,,,reported AST,UNSPECIFIED_REPORTED,,,measured_public,unknown,unknown,
SAMN48953145,PRJNA1273658,S data 1!row247;published_id=SA106,Staphylococcus aureus,India,Northern,,,,2023-11-30,human,colistin,,,,reported AST,UNSPECIFIED_REPORTED,,,measured_public,unknown,unknown,
SAMN48953146,PRJNA1273658,S data 1!row248;published_id=SA107,Staphylococcus aureus,India,Northern,,,,2023-12-02,human,meropenem,,,,reported AST,UNSPECIFIED_REPORTED,,,measured_public,unknown,unknown,
SAMN48953146,PRJNA1273658,S data 1!row248;published_id=SA107,Staphylococcus aureus,India,Northern,,,,2023-12-02,human,imipenem,,,,reported AST,UNSPECIFIED_REPORTED,,,measured_public,unknown,unknown,
SAMN48953146,PRJNA1273658,S data 1!row248;published_id=SA107,Staphylococcus aureus,India,Northern,,,,2023-12-02,human,cefepime,,,,reported AST,UNSPECIFIED_REPORTED,,,measured_public,unknown,unknown,
SAMN48953146,PRJNA1273658,S data 1!row248;published_id=SA107,Staphylococcus aureus,India,Northern,,,,2023-12-02,human,ceftazidime,,,,reported AST,UNSPECIFIED_REPORTED,,,measured_public,unknown,unknown,
SAMN48953146,PRJNA1273658,S data 1!row248;published_id=SA107,Staphylococcus aureus,India,Northern,,,,2023-12-02,human,ciprofloxacin,,,,reported AST,UNSPECIFIED_REPORTED,,R,measured_public,unknown,unknown,
SAMN48953146,PRJNA1273658,S data 1!row248;published_id=SA107,Staphylococcus aureus,India,Northern,,,,2023-12-02,human,gentamicin,,,,reported AST,UNSPECIFIED_REPORTED,,I,measured_public,unknown,unknown,
SAMN48953146,PRJNA1273658,S data 1!row248;published_id=SA107,Staphylococcus aureus,India,Northern,,,,2023-12-02,human,amikacin,,,,reported AST,UNSPECIFIED_REPORTED,,,measured_public,unknown,unknown,
SAMN48953146,PRJNA1273658,S data 1!row248;published_id=SA107,Staphylococcus aureus,India,Northern,,,,2023-12-02,human,colistin,,,,reported AST,UNSPECIFIED_REPORTED,,,measured_public,unknown,unknown,
SAMN48953147,PRJNA1273658,S data 1!row249;published_id=SA121,Staphylococcus aureus,India,Northern,,,,2024-01-09,human,meropenem,,,,reported AST,UNSPECIFIED_REPORTED,,,measured_public,unknown,unknown,
SAMN48953147,PRJNA1273658,S data 1!row249;published_id=SA121,Staphylococcus aureus,India,Northern,,,,2024-01-09,human,imipenem,,,,reported AST,UNSPECIFIED_REPORTED,,,measured_public,unknown,unknown,
SAMN48953147,PRJNA1273658,S data 1!row249;published_id=SA121,Staphylococcus aureus,India,Northern,,,,2024-01-09,human,cefepime,,,,reported AST,UNSPECIFIED_REPORTED,,,measured_public,unknown,unknown,
SAMN48953147,PRJNA1273658,S data 1!row249;published_id=SA121,Staphylococcus aureus,India,Northern,,,,2024-01-09,human,ceftazidime,,,,reported AST,UNSPECIFIED_REPORTED,,,measured_public,unknown,unknown,
SAMN48953147,PRJNA1273658,S data 1!row249;published_id=SA121,Staphylococcus aureus,India,Northern,,,,2024-01-09,human,ciprofloxacin,,,,reported AST,UNSPECIFIED_REPORTED,,R,measured_public,unknown,unknown,
SAMN48953147,PRJNA1273658,S data 1!row249;published_id=SA121,Staphylococcus aureus,India,Northern,,,,2024-01-09,human,gentamicin,,,,reported AST,UNSPECIFIED_REPORTED,,I,measured_public,unknown,unknown,
SAMN48953147,PRJNA1273658,S data 1!row249;published_id=SA121,Staphylococcus aureus,India,Northern,,,,2024-01-09,human,amikacin,,,,reported AST,UNSPECIFIED_REPORTED,,,measured_public,unknown,unknown,
SAMN48953147,PRJNA1273658,S data 1!row249;published_id=SA121,Staphylococcus aureus,India,Northern,,,,2024-01-09,human,colistin,,,,reported AST,UNSPECIFIED_REPORTED,,,measured_public,unknown,unknown,
SAMN48953148,PRJNA1273658,S data 1!row250;published_id=SA122,Staphylococcus aureus,India,Northern,,,,2024-01-19,human,meropenem,,,,reported AST,UNSPECIFIED_REPORTED,,,measured_public,unknown,unknown,
SAMN48953148,PRJNA1273658,S data 1!row250;published_id=SA122,Staphylococcus aureus,India,Northern,,,,2024-01-19,human,imipenem,,,,reported AST,UNSPECIFIED_REPORTED,,,measured_public,unknown,unknown,
SAMN48953148,PRJNA1273658,S data 1!row250;published_id=SA122,Staphylococcus aureus,India,Northern,,,,2024-01-19,human,cefepime,,,,reported AST,UNSPECIFIED_REPORTED,,,measured_public,unknown,unknown,
SAMN48953148,PRJNA1273658,S data 1!row250;published_id=SA122,Staphylococcus aureus,India,Northern,,,,2024-01-19,human,ceftazidime,,,,reported AST,UNSPECIFIED_REPORTED,,,measured_public,unknown,unknown,
SAMN48953148,PRJNA1273658,S data 1!row250;published_id=SA122,Staphylococcus aureus,India,Northern,,,,2024-01-19,human,ciprofloxacin,,,,reported AST,UNSPECIFIED_REPORTED,,R,measured_public,unknown,unknown,
SAMN48953148,PRJNA1273658,S data 1!row250;published_id=SA122,Staphylococcus aureus,India,Northern,,,,2024-01-19,human,gentamicin,,,,reported AST,UNSPECIFIED_REPORTED,,I,measured_public,unknown,unknown,
SAMN48953148,PRJNA1273658,S data 1!row250;published_id=SA122,Staphylococcus aureus,India,Northern,,,,2024-01-19,human,amikacin,,,,reported AST,UNSPECIFIED_REPORTED,,,measured_public,unknown,unknown,
SAMN48953148,PRJNA1273658,S data 1!row250;published_id=SA122,Staphylococcus aureus,India,Northern,,,,2024-01-19,human,colistin,,,,reported AST,UNSPECIFIED_REPORTED,,,measured_public,unknown,unknown,
SAMN48953149,PRJNA1273658,S data 1!row251;published_id=SA123,Staphylococcus aureus,India,Northern,,,,2023-12-18,human,meropenem,,,,reported AST,UNSPECIFIED_REPORTED,,,measured_public,unknown,unknown,
SAMN48953149,PRJNA1273658,S data 1!row251;published_id=SA123,Staphylococcus aureus,India,Northern,,,,2023-12-18,human,imipenem,,,,reported AST,UNSPECIFIED_REPORTED,,,measured_public,unknown,unknown,
SAMN48953149,PRJNA1273658,S data 1!row251;published_id=SA123,Staphylococcus aureus,India,Northern,,,,2023-12-18,human,cefepime,,,,reported AST,UNSPECIFIED_REPORTED,,,measured_public,unknown,unknown,
SAMN48953149,PRJNA1273658,S data 1!row251;published_id=SA123,Staphylococcus aureus,India,Northern,,,,2023-12-18,human,ceftazidime,,,,reported AST,UNSPECIFIED_REPORTED,,,measured_public,unknown,unknown,
SAMN48953149,PRJNA1273658,S data 1!row251;published_id=SA123,Staphylococcus aureus,India,Northern,,,,2023-12-18,human,ciprofloxacin,,,,reported AST,UNSPECIFIED_REPORTED,,R,measured_public,unknown,unknown,
SAMN48953149,PRJNA1273658,S data 1!row251;published_id=SA123,Staphylococcus aureus,India,Northern,,,,2023-12-18,human,gentamicin,,,,reported AST,UNSPECIFIED_REPORTED,,R,measured_public,unknown,unknown,
SAMN48953149,PRJNA1273658,S data 1!row251;published_id=SA123,Staphylococcus aureus,India,Northern,,,,2023-12-18,human,amikacin,,,,reported AST,UNSPECIFIED_REPORTED,,,measured_public,unknown,unknown,
SAMN48953149,PRJNA1273658,S data 1!row251;published_id=SA123,Staphylococcus aureus,India,Northern,,,,2023-12-18,human,colistin,,,,reported AST,UNSPECIFIED_REPORTED,,,measured_public,unknown,unknown,
SAMN48953150,PRJNA1273658,S data 1!row252;published_id=SA124,Staphylococcus aureus,India,Northern,,,,2023-12-29,human,meropenem,,,,reported AST,UNSPECIFIED_REPORTED,,,measured_public,unknown,unknown,
SAMN48953150,PRJNA1273658,S data 1!row252;published_id=SA124,Staphylococcus aureus,India,Northern,,,,2023-12-29,human,imipenem,,,,reported AST,UNSPECIFIED_REPORTED,,,measured_public,unknown,unknown,
SAMN48953150,PRJNA1273658,S data 1!row252;published_id=SA124,Staphylococcus aureus,India,Northern,,,,2023-12-29,human,cefepime,,,,reported AST,UNSPECIFIED_REPORTED,,,measured_public,unknown,unknown,
SAMN48953150,PRJNA1273658,S data 1!row252;published_id=SA124,Staphylococcus aureus,India,Northern,,,,2023-12-29,human,ceftazidime,,,,reported AST,UNSPECIFIED_REPORTED,,,measured_public,unknown,unknown,
SAMN48953150,PRJNA1273658,S data 1!row252;published_id=SA124,Staphylococcus aureus,India,Northern,,,,2023-12-29,human,ciprofloxacin,,,,reported AST,UNSPECIFIED_REPORTED,,R,measured_public,unknown,unknown,
SAMN48953150,PRJNA1273658,S data 1!row252;published_id=SA124,Staphylococcus aureus,India,Northern,,,,2023-12-29,human,gentamicin,,,,reported AST,UNSPECIFIED_REPORTED,,S,measured_public,unknown,unknown,
SAMN48953150,PRJNA1273658,S data 1!row252;published_id=SA124,Staphylococcus aureus,India,Northern,,,,2023-12-29,human,amikacin,,,,reported AST,UNSPECIFIED_REPORTED,,,measured_public,unknown,unknown,
SAMN48953150,PRJNA1273658,S data 1!row252;published_id=SA124,Staphylococcus aureus,India,Northern,,,,2023-12-29,human,colistin,,,,reported AST,UNSPECIFIED_REPORTED,,,measured_public,unknown,unknown,
SAMN48953151,PRJNA1273658,S data 1!row253;published_id=SA127,Staphylococcus aureus,India,Northern,,,,2024-02-02,human,meropenem,,,,reported AST,UNSPECIFIED_REPORTED,,,measured_public,unknown,unknown,
SAMN48953151,PRJNA1273658,S data 1!row253;published_id=SA127,Staphylococcus aureus,India,Northern,,,,2024-02-02,human,imipenem,,,,reported AST,UNSPECIFIED_REPORTED,,,measured_public,unknown,unknown,
SAMN48953151,PRJNA1273658,S data 1!row253;published_id=SA127,Staphylococcus aureus,India,Northern,,,,2024-02-02,human,cefepime,,,,reported AST,UNSPECIFIED_REPORTED,,,measured_public,unknown,unknown,
SAMN48953151,PRJNA1273658,S data 1!row253;published_id=SA127,Staphylococcus aureus,India,Northern,,,,2024-02-02,human,ceftazidime,,,,reported AST,UNSPECIFIED_REPORTED,,,measured_public,unknown,unknown,
SAMN48953151,PRJNA1273658,S data 1!row253;published_id=SA127,Staphylococcus aureus,India,Northern,,,,2024-02-02,human,ciprofloxacin,,,,reported AST,UNSPECIFIED_REPORTED,,R,measured_public,unknown,unknown,
SAMN48953151,PRJNA1273658,S data 1!row253;published_id=SA127,Staphylococcus aureus,India,Northern,,,,2024-02-02,human,gentamicin,,,,reported AST,UNSPECIFIED_REPORTED,,R,measured_public,unknown,unknown,
SAMN48953151,PRJNA1273658,S data 1!row253;published_id=SA127,Staphylococcus aureus,India,Northern,,,,2024-02-02,human,amikacin,,,,reported AST,UNSPECIFIED_REPORTED,,,measured_public,unknown,unknown,
SAMN48953151,PRJNA1273658,S data 1!row253;published_id=SA127,Staphylococcus aureus,India,Northern,,,,2024-02-02,human,colistin,,,,reported AST,UNSPECIFIED_REPORTED,,,measured_public,unknown,unknown,
SAMN48953152,PRJNA1273658,S data 1!row254;published_id=SA158,Staphylococcus aureus,India,Northern,,,,2024-02-12,human,meropenem,,,,reported AST,UNSPECIFIED_REPORTED,,,measured_public,unknown,unknown,
SAMN48953152,PRJNA1273658,S data 1!row254;published_id=SA158,Staphylococcus aureus,India,Northern,,,,2024-02-12,human,imipenem,,,,reported AST,UNSPECIFIED_REPORTED,,,measured_public,unknown,unknown,
SAMN48953152,PRJNA1273658,S data 1!row254;published_id=SA158,Staphylococcus aureus,India,Northern,,,,2024-02-12,human,cefepime,,,,reported AST,UNSPECIFIED_REPORTED,,,measured_public,unknown,unknown,
SAMN48953152,PRJNA1273658,S data 1!row254;published_id=SA158,Staphylococcus aureus,India,Northern,,,,2024-02-12,human,ceftazidime,,,,reported AST,UNSPECIFIED_REPORTED,,,measured_public,unknown,unknown,
SAMN48953152,PRJNA1273658,S data 1!row254;published_id=SA158,Staphylococcus aureus,India,Northern,,,,2024-02-12,human,ciprofloxacin,,,,reported AST,UNSPECIFIED_REPORTED,,R,measured_public,unknown,unknown,
SAMN48953152,PRJNA1273658,S data 1!row254;published_id=SA158,Staphylococcus aureus,India,Northern,,,,2024-02-12,human,gentamicin,,,,reported AST,UNSPECIFIED_REPORTED,,S,measured_public,unknown,unknown,
SAMN48953152,PRJNA1273658,S data 1!row254;published_id=SA158,Staphylococcus aureus,India,Northern,,,,2024-02-12,human,amikacin,,,,reported AST,UNSPECIFIED_REPORTED,,,measured_public,unknown,unknown,
SAMN48953152,PRJNA1273658,S data 1!row254;published_id=SA158,Staphylococcus aureus,India,Northern,,,,2024-02-12,human,colistin,,,,reported AST,UNSPECIFIED_REPORTED,,,measured_public,unknown,unknown,
SAMN48953153,PRJNA1273658,S data 1!row255;published_id=SA160,Staphylococcus aureus,India,Northern,,,,2024-03-12,human,meropenem,,,,reported AST,UNSPECIFIED_REPORTED,,,measured_public,unknown,unknown,
SAMN48953153,PRJNA1273658,S data 1!row255;published_id=SA160,Staphylococcus aureus,India,Northern,,,,2024-03-12,human,imipenem,,,,reported AST,UNSPECIFIED_REPORTED,,,measured_public,unknown,unknown,
SAMN48953153,PRJNA1273658,S data 1!row255;published_id=SA160,Staphylococcus aureus,India,Northern,,,,2024-03-12,human,cefepime,,,,reported AST,UNSPECIFIED_REPORTED,,,measured_public,unknown,unknown,
SAMN48953153,PRJNA1273658,S data 1!row255;published_id=SA160,Staphylococcus aureus,India,Northern,,,,2024-03-12,human,ceftazidime,,,,reported AST,UNSPECIFIED_REPORTED,,,measured_public,unknown,unknown,
SAMN48953153,PRJNA1273658,S data 1!row255;published_id=SA160,Staphylococcus aureus,India,Northern,,,,2024-03-12,human,ciprofloxacin,,,,reported AST,UNSPECIFIED_REPORTED,,R,measured_public,unknown,unknown,
SAMN48953153,PRJNA1273658,S data 1!row255;published_id=SA160,Staphylococcus aureus,India,Northern,,,,2024-03-12,human,gentamicin,,,,reported AST,UNSPECIFIED_REPORTED,,R,measured_public,unknown,unknown,
SAMN48953153,PRJNA1273658,S data 1!row255;published_id=SA160,Staphylococcus aureus,India,Northern,,,,2024-03-12,human,amikacin,,,,reported AST,UNSPECIFIED_REPORTED,,,measured_public,unknown,unknown,
SAMN48953153,PRJNA1273658,S data 1!row255;published_id=SA160,Staphylococcus aureus,India,Northern,,,,2024-03-12,human,colistin,,,,reported AST,UNSPECIFIED_REPORTED,,,measured_public,unknown,unknown,
SAMN48953154,PRJNA1273658,S data 1!row256;published_id=SA161,Staphylococcus aureus,India,Northern,,,,2024-03-11,human,meropenem,,,,reported AST,UNSPECIFIED_REPORTED,,,measured_public,unknown,unknown,
SAMN48953154,PRJNA1273658,S data 1!row256;published_id=SA161,Staphylococcus aureus,India,Northern,,,,2024-03-11,human,imipenem,,,,reported AST,UNSPECIFIED_REPORTED,,,measured_public,unknown,unknown,
SAMN48953154,PRJNA1273658,S data 1!row256;published_id=SA161,Staphylococcus aureus,India,Northern,,,,2024-03-11,human,cefepime,,,,reported AST,UNSPECIFIED_REPORTED,,,measured_public,unknown,unknown,
SAMN48953154,PRJNA1273658,S data 1!row256;published_id=SA161,Staphylococcus aureus,India,Northern,,,,2024-03-11,human,ceftazidime,,,,reported AST,UNSPECIFIED_REPORTED,,,measured_public,unknown,unknown,
SAMN48953154,PRJNA1273658,S data 1!row256;published_id=SA161,Staphylococcus aureus,India,Northern,,,,2024-03-11,human,ciprofloxacin,,,,reported AST,UNSPECIFIED_REPORTED,,R,measured_public,unknown,unknown,
SAMN48953154,PRJNA1273658,S data 1!row256;published_id=SA161,Staphylococcus aureus,India,Northern,,,,2024-03-11,human,gentamicin,,,,reported AST,UNSPECIFIED_REPORTED,,I,measured_public,unknown,unknown,
SAMN48953154,PRJNA1273658,S data 1!row256;published_id=SA161,Staphylococcus aureus,India,Northern,,,,2024-03-11,human,amikacin,,,,reported AST,UNSPECIFIED_REPORTED,,,measured_public,unknown,unknown,
SAMN48953154,PRJNA1273658,S data 1!row256;published_id=SA161,Staphylococcus aureus,India,Northern,,,,2024-03-11,human,colistin,,,,reported AST,UNSPECIFIED_REPORTED,,,measured_public,unknown,unknown,
SAMN48953155,PRJNA1273658,S data 1!row257;published_id=SA175,Staphylococcus aureus,India,Northern,,,,2024-04-27,human,meropenem,,,,reported AST,UNSPECIFIED_REPORTED,,,measured_public,unknown,unknown,
SAMN48953155,PRJNA1273658,S data 1!row257;published_id=SA175,Staphylococcus aureus,India,Northern,,,,2024-04-27,human,imipenem,,,,reported AST,UNSPECIFIED_REPORTED,,,measured_public,unknown,unknown,
SAMN48953155,PRJNA1273658,S data 1!row257;published_id=SA175,Staphylococcus aureus,India,Northern,,,,2024-04-27,human,cefepime,,,,reported AST,UNSPECIFIED_REPORTED,,,measured_public,unknown,unknown,
SAMN48953155,PRJNA1273658,S data 1!row257;published_id=SA175,Staphylococcus aureus,India,Northern,,,,2024-04-27,human,ceftazidime,,,,reported AST,UNSPECIFIED_REPORTED,,,measured_public,unknown,unknown,
SAMN48953155,PRJNA1273658,S data 1!row257;published_id=SA175,Staphylococcus aureus,India,Northern,,,,2024-04-27,human,ciprofloxacin,,,,reported AST,UNSPECIFIED_REPORTED,,R,measured_public,unknown,unknown,
SAMN48953155,PRJNA1273658,S data 1!row257;published_id=SA175,Staphylococcus aureus,India,Northern,,,,2024-04-27,human,gentamicin,,,,reported AST,UNSPECIFIED_REPORTED,,S,measured_public,unknown,unknown,
SAMN48953155,PRJNA1273658,S data 1!row257;published_id=SA175,Staphylococcus aureus,India,Northern,,,,2024-04-27,human,amikacin,,,,reported AST,UNSPECIFIED_REPORTED,,,measured_public,unknown,unknown,
SAMN48953155,PRJNA1273658,S data 1!row257;published_id=SA175,Staphylococcus aureus,India,Northern,,,,2024-04-27,human,colistin,,,,reported AST,UNSPECIFIED_REPORTED,,,measured_public,unknown,unknown,
SAMN48953156,PRJNA1273658,S data 1!row258;published_id=SA196,Staphylococcus aureus,India,Northern,,,,2024-04-30,human,meropenem,,,,reported AST,UNSPECIFIED_REPORTED,,,measured_public,unknown,unknown,
SAMN48953156,PRJNA1273658,S data 1!row258;published_id=SA196,Staphylococcus aureus,India,Northern,,,,2024-04-30,human,imipenem,,,,reported AST,UNSPECIFIED_REPORTED,,,measured_public,unknown,unknown,
SAMN48953156,PRJNA1273658,S data 1!row258;published_id=SA196,Staphylococcus aureus,India,Northern,,,,2024-04-30,human,cefepime,,,,reported AST,UNSPECIFIED_REPORTED,,,measured_public,unknown,unknown,
SAMN48953156,PRJNA1273658,S data 1!row258;published_id=SA196,Staphylococcus aureus,India,Northern,,,,2024-04-30,human,ceftazidime,,,,reported AST,UNSPECIFIED_REPORTED,,,measured_public,unknown,unknown,
SAMN48953156,PRJNA1273658,S data 1!row258;published_id=SA196,Staphylococcus aureus,India,Northern,,,,2024-04-30,human,ciprofloxacin,,,,reported AST,UNSPECIFIED_REPORTED,,R,measured_public,unknown,unknown,
SAMN48953156,PRJNA1273658,S data 1!row258;published_id=SA196,Staphylococcus aureus,India,Northern,,,,2024-04-30,human,gentamicin,,,,reported AST,UNSPECIFIED_REPORTED,,I,measured_public,unknown,unknown,
SAMN48953156,PRJNA1273658,S data 1!row258;published_id=SA196,Staphylococcus aureus,India,Northern,,,,2024-04-30,human,amikacin,,,,reported AST,UNSPECIFIED_REPORTED,,,measured_public,unknown,unknown,
SAMN48953156,PRJNA1273658,S data 1!row258;published_id=SA196,Staphylococcus aureus,India,Northern,,,,2024-04-30,human,colistin,,,,reported AST,UNSPECIFIED_REPORTED,,,measured_public,unknown,unknown,
SAMN48953157,PRJNA1273658,S data 1!row259;published_id=SA197,Staphylococcus aureus,India,Northern,,,,2024-04-30,human,meropenem,,,,reported AST,UNSPECIFIED_REPORTED,,,measured_public,unknown,unknown,
SAMN48953157,PRJNA1273658,S data 1!row259;published_id=SA197,Staphylococcus aureus,India,Northern,,,,2024-04-30,human,imipenem,,,,reported AST,UNSPECIFIED_REPORTED,,,measured_public,unknown,unknown,
SAMN48953157,PRJNA1273658,S data 1!row259;published_id=SA197,Staphylococcus aureus,India,Northern,,,,2024-04-30,human,cefepime,,,,reported AST,UNSPECIFIED_REPORTED,,,measured_public,unknown,unknown,
SAMN48953157,PRJNA1273658,S data 1!row259;published_id=SA197,Staphylococcus aureus,India,Northern,,,,2024-04-30,human,ceftazidime,,,,reported AST,UNSPECIFIED_REPORTED,,,measured_public,unknown,unknown,
SAMN48953157,PRJNA1273658,S data 1!row259;published_id=SA197,Staphylococcus aureus,India,Northern,,,,2024-04-30,human,ciprofloxacin,,,,reported AST,UNSPECIFIED_REPORTED,,R,measured_public,unknown,unknown,
SAMN48953157,PRJNA1273658,S data 1!row259;published_id=SA197,Staphylococcus aureus,India,Northern,,,,2024-04-30,human,gentamicin,,,,reported AST,UNSPECIFIED_REPORTED,,S,measured_public,unknown,unknown,
SAMN48953157,PRJNA1273658,S data 1!row259;published_id=SA197,Staphylococcus aureus,India,Northern,,,,2024-04-30,human,amikacin,,,,reported AST,UNSPECIFIED_REPORTED,,,measured_public,unknown,unknown,
SAMN48953157,PRJNA1273658,S data 1!row259;published_id=SA197,Staphylococcus aureus,India,Northern,,,,2024-04-30,human,colistin,,,,reported AST,UNSPECIFIED_REPORTED,,,measured_public,unknown,unknown,
SAMN48953158,PRJNA1273658,S data 1!row260;published_id=SABP186,Staphylococcus aureus,India,Western,,,,2024-05-18,human,meropenem,,,,reported AST,UNSPECIFIED_REPORTED,,,measured_public,unknown,unknown,
SAMN48953158,PRJNA1273658,S data 1!row260;published_id=SABP186,Staphylococcus aureus,India,Western,,,,2024-05-18,human,imipenem,,,,reported AST,UNSPECIFIED_REPORTED,,,measured_public,unknown,unknown,
SAMN48953158,PRJNA1273658,S data 1!row260;published_id=SABP186,Staphylococcus aureus,India,Western,,,,2024-05-18,human,cefepime,,,,reported AST,UNSPECIFIED_REPORTED,,,measured_public,unknown,unknown,
SAMN48953158,PRJNA1273658,S data 1!row260;published_id=SABP186,Staphylococcus aureus,India,Western,,,,2024-05-18,human,ceftazidime,,,,reported AST,UNSPECIFIED_REPORTED,,,measured_public,unknown,unknown,
SAMN48953158,PRJNA1273658,S data 1!row260;published_id=SABP186,Staphylococcus aureus,India,Western,,,,2024-05-18,human,ciprofloxacin,,,,reported AST,UNSPECIFIED_REPORTED,,R,measured_public,unknown,unknown,
SAMN48953158,PRJNA1273658,S data 1!row260;published_id=SABP186,Staphylococcus aureus,India,Western,,,,2024-05-18,human,gentamicin,,,,reported AST,UNSPECIFIED_REPORTED,,S,measured_public,unknown,unknown,
SAMN48953158,PRJNA1273658,S data 1!row260;published_id=SABP186,Staphylococcus aureus,India,Western,,,,2024-05-18,human,amikacin,,,,reported AST,UNSPECIFIED_REPORTED,,,measured_public,unknown,unknown,
SAMN48953158,PRJNA1273658,S data 1!row260;published_id=SABP186,Staphylococcus aureus,India,Western,,,,2024-05-18,human,colistin,,,,reported AST,UNSPECIFIED_REPORTED,,,measured_public,unknown,unknown,
SAMN48953159,PRJNA1273658,S data 1!row261;published_id=SAPP121,Staphylococcus aureus,India,Western,,,,2024-01-29,human,meropenem,,,,reported AST,UNSPECIFIED_REPORTED,,,measured_public,unknown,unknown,
SAMN48953159,PRJNA1273658,S data 1!row261;published_id=SAPP121,Staphylococcus aureus,India,Western,,,,2024-01-29,human,imipenem,,,,reported AST,UNSPECIFIED_REPORTED,,,measured_public,unknown,unknown,
SAMN48953159,PRJNA1273658,S data 1!row261;published_id=SAPP121,Staphylococcus aureus,India,Western,,,,2024-01-29,human,cefepime,,,,reported AST,UNSPECIFIED_REPORTED,,,measured_public,unknown,unknown,
SAMN48953159,PRJNA1273658,S data 1!row261;published_id=SAPP121,Staphylococcus aureus,India,Western,,,,2024-01-29,human,ceftazidime,,,,reported AST,UNSPECIFIED_REPORTED,,,measured_public,unknown,unknown,
SAMN48953159,PRJNA1273658,S data 1!row261;published_id=SAPP121,Staphylococcus aureus,India,Western,,,,2024-01-29,human,ciprofloxacin,,,,reported AST,UNSPECIFIED_REPORTED,,R,measured_public,unknown,unknown,
SAMN48953159,PRJNA1273658,S data 1!row261;published_id=SAPP121,Staphylococcus aureus,India,Western,,,,2024-01-29,human,gentamicin,,,,reported AST,UNSPECIFIED_REPORTED,,I,measured_public,unknown,unknown,
SAMN48953159,PRJNA1273658,S data 1!row261;published_id=SAPP121,Staphylococcus aureus,India,Western,,,,2024-01-29,human,amikacin,,,,reported AST,UNSPECIFIED_REPORTED,,,measured_public,unknown,unknown,
SAMN48953159,PRJNA1273658,S data 1!row261;published_id=SAPP121,Staphylococcus aureus,India,Western,,,,2024-01-29,human,colistin,,,,reported AST,UNSPECIFIED_REPORTED,,,measured_public,unknown,unknown,
SAMN48953160,PRJNA1273658,S data 1!row262;published_id=SAPP138,Staphylococcus aureus,India,Western,,,,2024-05-19,human,meropenem,,,,reported AST,UNSPECIFIED_REPORTED,,,measured_public,unknown,unknown,
SAMN48953160,PRJNA1273658,S data 1!row262;published_id=SAPP138,Staphylococcus aureus,India,Western,,,,2024-05-19,human,imipenem,,,,reported AST,UNSPECIFIED_REPORTED,,,measured_public,unknown,unknown,
SAMN48953160,PRJNA1273658,S data 1!row262;published_id=SAPP138,Staphylococcus aureus,India,Western,,,,2024-05-19,human,cefepime,,,,reported AST,UNSPECIFIED_REPORTED,,,measured_public,unknown,unknown,
SAMN48953160,PRJNA1273658,S data 1!row262;published_id=SAPP138,Staphylococcus aureus,India,Western,,,,2024-05-19,human,ceftazidime,,,,reported AST,UNSPECIFIED_REPORTED,,,measured_public,unknown,unknown,
SAMN48953160,PRJNA1273658,S data 1!row262;published_id=SAPP138,Staphylococcus aureus,India,Western,,,,2024-05-19,human,ciprofloxacin,,,,reported AST,UNSPECIFIED_REPORTED,,R,measured_public,unknown,unknown,
SAMN48953160,PRJNA1273658,S data 1!row262;published_id=SAPP138,Staphylococcus aureus,India,Western,,,,2024-05-19,human,gentamicin,,,,reported AST,UNSPECIFIED_REPORTED,,S,measured_public,unknown,unknown,
SAMN48953160,PRJNA1273658,S data 1!row262;published_id=SAPP138,Staphylococcus aureus,India,Western,,,,2024-05-19,human,amikacin,,,,reported AST,UNSPECIFIED_REPORTED,,,measured_public,unknown,unknown,
SAMN48953160,PRJNA1273658,S data 1!row262;published_id=SAPP138,Staphylococcus aureus,India,Western,,,,2024-05-19,human,colistin,,,,reported AST,UNSPECIFIED_REPORTED,,,measured_public,unknown,unknown,
SAMN48953161,PRJNA1273658,S data 1!row263;published_id=SAPP139,Staphylococcus aureus,India,Western,,,,2024-05-18,human,meropenem,,,,reported AST,UNSPECIFIED_REPORTED,,,measured_public,unknown,unknown,
SAMN48953161,PRJNA1273658,S data 1!row263;published_id=SAPP139,Staphylococcus aureus,India,Western,,,,2024-05-18,human,imipenem,,,,reported AST,UNSPECIFIED_REPORTED,,,measured_public,unknown,unknown,
SAMN48953161,PRJNA1273658,S data 1!row263;published_id=SAPP139,Staphylococcus aureus,India,Western,,,,2024-05-18,human,cefepime,,,,reported AST,UNSPECIFIED_REPORTED,,,measured_public,unknown,unknown,
SAMN48953161,PRJNA1273658,S data 1!row263;published_id=SAPP139,Staphylococcus aureus,India,Western,,,,2024-05-18,human,ceftazidime,,,,reported AST,UNSPECIFIED_REPORTED,,,measured_public,unknown,unknown,
SAMN48953161,PRJNA1273658,S data 1!row263;published_id=SAPP139,Staphylococcus aureus,India,Western,,,,2024-05-18,human,ciprofloxacin,,,,reported AST,UNSPECIFIED_REPORTED,,R,measured_public,unknown,unknown,
SAMN48953161,PRJNA1273658,S data 1!row263;published_id=SAPP139,Staphylococcus aureus,India,Western,,,,2024-05-18,human,gentamicin,,,,reported AST,UNSPECIFIED_REPORTED,,S,measured_public,unknown,unknown,
SAMN48953161,PRJNA1273658,S data 1!row263;published_id=SAPP139,Staphylococcus aureus,India,Western,,,,2024-05-18,human,amikacin,,,,reported AST,UNSPECIFIED_REPORTED,,,measured_public,unknown,unknown,
SAMN48953161,PRJNA1273658,S data 1!row263;published_id=SAPP139,Staphylococcus aureus,India,Western,,,,2024-05-18,human,colistin,,,,reported AST,UNSPECIFIED_REPORTED,,,measured_public,unknown,unknown,
SAMN48953162,PRJNA1273658,S data 1!row264;published_id=SAPP140,Staphylococcus aureus,India,Western,,,,2024-05-18,human,meropenem,,,,reported AST,UNSPECIFIED_REPORTED,,,measured_public,unknown,unknown,
SAMN48953162,PRJNA1273658,S data 1!row264;published_id=SAPP140,Staphylococcus aureus,India,Western,,,,2024-05-18,human,imipenem,,,,reported AST,UNSPECIFIED_REPORTED,,,measured_public,unknown,unknown,
SAMN48953162,PRJNA1273658,S data 1!row264;published_id=SAPP140,Staphylococcus aureus,India,Western,,,,2024-05-18,human,cefepime,,,,reported AST,UNSPECIFIED_REPORTED,,,measured_public,unknown,unknown,
SAMN48953162,PRJNA1273658,S data 1!row264;published_id=SAPP140,Staphylococcus aureus,India,Western,,,,2024-05-18,human,ceftazidime,,,,reported AST,UNSPECIFIED_REPORTED,,,measured_public,unknown,unknown,
SAMN48953162,PRJNA1273658,S data 1!row264;published_id=SAPP140,Staphylococcus aureus,India,Western,,,,2024-05-18,human,ciprofloxacin,,,,reported AST,UNSPECIFIED_REPORTED,,R,measured_public,unknown,unknown,
SAMN48953162,PRJNA1273658,S data 1!row264;published_id=SAPP140,Staphylococcus aureus,India,Western,,,,2024-05-18,human,gentamicin,,,,reported AST,UNSPECIFIED_REPORTED,,R,measured_public,unknown,unknown,
SAMN48953162,PRJNA1273658,S data 1!row264;published_id=SAPP140,Staphylococcus aureus,India,Western,,,,2024-05-18,human,amikacin,,,,reported AST,UNSPECIFIED_REPORTED,,,measured_public,unknown,unknown,
SAMN48953162,PRJNA1273658,S data 1!row264;published_id=SAPP140,Staphylococcus aureus,India,Western,,,,2024-05-18,human,colistin,,,,reported AST,UNSPECIFIED_REPORTED,,,measured_public,unknown,unknown,
SAMN48953163,PRJNA1273658,S data 1!row265;published_id=SAPP171,Staphylococcus aureus,India,Western,,,,2024-06-10,human,meropenem,,,,reported AST,UNSPECIFIED_REPORTED,,,measured_public,unknown,unknown,
SAMN48953163,PRJNA1273658,S data 1!row265;published_id=SAPP171,Staphylococcus aureus,India,Western,,,,2024-06-10,human,imipenem,,,,reported AST,UNSPECIFIED_REPORTED,,,measured_public,unknown,unknown,
SAMN48953163,PRJNA1273658,S data 1!row265;published_id=SAPP171,Staphylococcus aureus,India,Western,,,,2024-06-10,human,cefepime,,,,reported AST,UNSPECIFIED_REPORTED,,,measured_public,unknown,unknown,
SAMN48953163,PRJNA1273658,S data 1!row265;published_id=SAPP171,Staphylococcus aureus,India,Western,,,,2024-06-10,human,ceftazidime,,,,reported AST,UNSPECIFIED_REPORTED,,,measured_public,unknown,unknown,
SAMN48953163,PRJNA1273658,S data 1!row265;published_id=SAPP171,Staphylococcus aureus,India,Western,,,,2024-06-10,human,ciprofloxacin,,,,reported AST,UNSPECIFIED_REPORTED,,R,measured_public,unknown,unknown,
SAMN48953163,PRJNA1273658,S data 1!row265;published_id=SAPP171,Staphylococcus aureus,India,Western,,,,2024-06-10,human,gentamicin,,,,reported AST,UNSPECIFIED_REPORTED,,S,measured_public,unknown,unknown,
SAMN48953163,PRJNA1273658,S data 1!row265;published_id=SAPP171,Staphylococcus aureus,India,Western,,,,2024-06-10,human,amikacin,,,,reported AST,UNSPECIFIED_REPORTED,,,measured_public,unknown,unknown,
SAMN48953163,PRJNA1273658,S data 1!row265;published_id=SAPP171,Staphylococcus aureus,India,Western,,,,2024-06-10,human,colistin,,,,reported AST,UNSPECIFIED_REPORTED,,,measured_public,unknown,unknown,
SAMN48953164,PRJNA1273658,S data 1!row266;published_id=SAPP172,Staphylococcus aureus,India,Western,,,,2024-06-18,human,meropenem,,,,reported AST,UNSPECIFIED_REPORTED,,,measured_public,unknown,unknown,
SAMN48953164,PRJNA1273658,S data 1!row266;published_id=SAPP172,Staphylococcus aureus,India,Western,,,,2024-06-18,human,imipenem,,,,reported AST,UNSPECIFIED_REPORTED,,,measured_public,unknown,unknown,
SAMN48953164,PRJNA1273658,S data 1!row266;published_id=SAPP172,Staphylococcus aureus,India,Western,,,,2024-06-18,human,cefepime,,,,reported AST,UNSPECIFIED_REPORTED,,,measured_public,unknown,unknown,
SAMN48953164,PRJNA1273658,S data 1!row266;published_id=SAPP172,Staphylococcus aureus,India,Western,,,,2024-06-18,human,ceftazidime,,,,reported AST,UNSPECIFIED_REPORTED,,,measured_public,unknown,unknown,
SAMN48953164,PRJNA1273658,S data 1!row266;published_id=SAPP172,Staphylococcus aureus,India,Western,,,,2024-06-18,human,ciprofloxacin,,,,reported AST,UNSPECIFIED_REPORTED,,R,measured_public,unknown,unknown,
SAMN48953164,PRJNA1273658,S data 1!row266;published_id=SAPP172,Staphylococcus aureus,India,Western,,,,2024-06-18,human,gentamicin,,,,reported AST,UNSPECIFIED_REPORTED,,R,measured_public,unknown,unknown,
SAMN48953164,PRJNA1273658,S data 1!row266;published_id=SAPP172,Staphylococcus aureus,India,Western,,,,2024-06-18,human,amikacin,,,,reported AST,UNSPECIFIED_REPORTED,,,measured_public,unknown,unknown,
SAMN48953164,PRJNA1273658,S data 1!row266;published_id=SAPP172,Staphylococcus aureus,India,Western,,,,2024-06-18,human,colistin,,,,reported AST,UNSPECIFIED_REPORTED,,,measured_public,unknown,unknown,
SAMN48953165,PRJNA1273658,S data 1!row267;published_id=SAPP174,Staphylococcus aureus,India,Western,,,,2024-06-20,human,meropenem,,,,reported AST,UNSPECIFIED_REPORTED,,,measured_public,unknown,unknown,
SAMN48953165,PRJNA1273658,S data 1!row267;published_id=SAPP174,Staphylococcus aureus,India,Western,,,,2024-06-20,human,imipenem,,,,reported AST,UNSPECIFIED_REPORTED,,,measured_public,unknown,unknown,
SAMN48953165,PRJNA1273658,S data 1!row267;published_id=SAPP174,Staphylococcus aureus,India,Western,,,,2024-06-20,human,cefepime,,,,reported AST,UNSPECIFIED_REPORTED,,,measured_public,unknown,unknown,
SAMN48953165,PRJNA1273658,S data 1!row267;published_id=SAPP174,Staphylococcus aureus,India,Western,,,,2024-06-20,human,ceftazidime,,,,reported AST,UNSPECIFIED_REPORTED,,,measured_public,unknown,unknown,
SAMN48953165,PRJNA1273658,S data 1!row267;published_id=SAPP174,Staphylococcus aureus,India,Western,,,,2024-06-20,human,ciprofloxacin,,,,reported AST,UNSPECIFIED_REPORTED,,R,measured_public,unknown,unknown,
SAMN48953165,PRJNA1273658,S data 1!row267;published_id=SAPP174,Staphylococcus aureus,India,Western,,,,2024-06-20,human,gentamicin,,,,reported AST,UNSPECIFIED_REPORTED,,R,measured_public,unknown,unknown,
SAMN48953165,PRJNA1273658,S data 1!row267;published_id=SAPP174,Staphylococcus aureus,India,Western,,,,2024-06-20,human,amikacin,,,,reported AST,UNSPECIFIED_REPORTED,,,measured_public,unknown,unknown,
SAMN48953165,PRJNA1273658,S data 1!row267;published_id=SAPP174,Staphylococcus aureus,India,Western,,,,2024-06-20,human,colistin,,,,reported AST,UNSPECIFIED_REPORTED,,,measured_public,unknown,unknown,
SAMN48953166,PRJNA1273658,S data 1!row268;published_id=SAUP169,Staphylococcus aureus,India,Western,,,,2024-06-12,human,meropenem,,,,reported AST,UNSPECIFIED_REPORTED,,,measured_public,unknown,unknown,
SAMN48953166,PRJNA1273658,S data 1!row268;published_id=SAUP169,Staphylococcus aureus,India,Western,,,,2024-06-12,human,imipenem,,,,reported AST,UNSPECIFIED_REPORTED,,,measured_public,unknown,unknown,
SAMN48953166,PRJNA1273658,S data 1!row268;published_id=SAUP169,Staphylococcus aureus,India,Western,,,,2024-06-12,human,cefepime,,,,reported AST,UNSPECIFIED_REPORTED,,,measured_public,unknown,unknown,
SAMN48953166,PRJNA1273658,S data 1!row268;published_id=SAUP169,Staphylococcus aureus,India,Western,,,,2024-06-12,human,ceftazidime,,,,reported AST,UNSPECIFIED_REPORTED,,,measured_public,unknown,unknown,
SAMN48953166,PRJNA1273658,S data 1!row268;published_id=SAUP169,Staphylococcus aureus,India,Western,,,,2024-06-12,human,ciprofloxacin,,,,reported AST,UNSPECIFIED_REPORTED,,R,measured_public,unknown,unknown,
SAMN48953166,PRJNA1273658,S data 1!row268;published_id=SAUP169,Staphylococcus aureus,India,Western,,,,2024-06-12,human,gentamicin,,,,reported AST,UNSPECIFIED_REPORTED,,I,measured_public,unknown,unknown,
SAMN48953166,PRJNA1273658,S data 1!row268;published_id=SAUP169,Staphylococcus aureus,India,Western,,,,2024-06-12,human,amikacin,,,,reported AST,UNSPECIFIED_REPORTED,,,measured_public,unknown,unknown,
SAMN48953166,PRJNA1273658,S data 1!row268;published_id=SAUP169,Staphylococcus aureus,India,Western,,,,2024-06-12,human,colistin,,,,reported AST,UNSPECIFIED_REPORTED,,,measured_public,unknown,unknown,
SAMN48953167,PRJNA1273658,S data 1!row269;published_id=SP128,Streptococcus pneumoniae,India,Northern,,,,2024-01-22,human,meropenem,,,,reported AST,UNSPECIFIED_REPORTED,,,measured_public,unknown,unknown,
SAMN48953167,PRJNA1273658,S data 1!row269;published_id=SP128,Streptococcus pneumoniae,India,Northern,,,,2024-01-22,human,imipenem,,,,reported AST,UNSPECIFIED_REPORTED,,,measured_public,unknown,unknown,
SAMN48953167,PRJNA1273658,S data 1!row269;published_id=SP128,Streptococcus pneumoniae,India,Northern,,,,2024-01-22,human,cefepime,,,,reported AST,UNSPECIFIED_REPORTED,,,measured_public,unknown,unknown,
SAMN48953167,PRJNA1273658,S data 1!row269;published_id=SP128,Streptococcus pneumoniae,India,Northern,,,,2024-01-22,human,ceftazidime,,,,reported AST,UNSPECIFIED_REPORTED,,,measured_public,unknown,unknown,
SAMN48953167,PRJNA1273658,S data 1!row269;published_id=SP128,Streptococcus pneumoniae,India,Northern,,,,2024-01-22,human,ciprofloxacin,,,,reported AST,UNSPECIFIED_REPORTED,,,measured_public,unknown,unknown,
SAMN48953167,PRJNA1273658,S data 1!row269;published_id=SP128,Streptococcus pneumoniae,India,Northern,,,,2024-01-22,human,gentamicin,,,,reported AST,UNSPECIFIED_REPORTED,,,measured_public,unknown,unknown,
SAMN48953167,PRJNA1273658,S data 1!row269;published_id=SP128,Streptococcus pneumoniae,India,Northern,,,,2024-01-22,human,amikacin,,,,reported AST,UNSPECIFIED_REPORTED,,,measured_public,unknown,unknown,
SAMN48953167,PRJNA1273658,S data 1!row269;published_id=SP128,Streptococcus pneumoniae,India,Northern,,,,2024-01-22,human,colistin,,,,reported AST,UNSPECIFIED_REPORTED,,,measured_public,unknown,unknown,
